url_length,domain_length,path_length,query_length,num_dots,num_hyphens,num_underscores,num_at_signs,num_slashes,num_equals,num_ampersands,num_percent,num_question,digit_ratio,letter_ratio,url_entropy,domain_entropy,num_subdomains,has_https,has_ip,has_port,has_at_sign,has_double_slash,domain_has_digit,too_many_subdomains,suspicious_tld,n_suspicious_keywords,has_suspicious_keyword,has_brand_in_domain,brand_impersonation,domain_age_days
28,13,2,0,3,0,0,0,3,0,0,0,0,0.5357,0.1786,3.744,2.5074,0,0,1,1,0,0,1,0,0,0,0,0,0,-1
44,8,24,0,1,2,0,0,4,0,0,0,0,0.0909,0.7273,4.1873,2.75,0,1,0,0,0,0,0,0,0,0,0,0,0,-1
34,14,7,0,4,0,0,0,3,0,0,0,0,0.4706,0.2647,4.0575,2.9852,0,0,1,1,0,0,1,0,0,0,0,0,0,-1
37,8,17,0,1,0,0,0,4,0,0,0,0,0.0,0.8378,4.0335,2.75,0,1,0,0,0,0,0,0,0,0,0,0,0,-1
32,15,5,0,3,0,0,0,3,0,0,0,0,0.5,0.25,3.7806,2.7899,0,0,1,1,0,0,1,0,0,0,0,0,0,-1
27,11,4,0,1,0,0,0,3,0,0,0,0,0.0,0.8148,4.0603,3.0958,0,1,0,0,0,0,0,0,0,0,0,0,0,-1
42,7,12,0,3,0,0,0,3,0,0,0,0,0.1667,0.6429,4.3797,2.5216,1,0,0,1,0,0,0,0,0,0,0,0,0,-1
36,14,10,0,1,0,0,0,3,0,0,0,0,0.0,0.8611,4.0169,3.3249,0,1,0,0,0,0,0,0,0,0,0,0,0,-1
29,14,2,0,3,0,0,0,3,0,0,0,0,0.5517,0.1724,3.483,2.6456,0,0,1,1,0,0,1,0,0,0,0,0,0,-1
27,15,5,0,3,0,0,0,3,0,0,0,0,0.5185,0.2222,3.6764,2.5493,0,0,1,0,0,0,1,0,0,0,0,0,0,-1
41,5,16,0,4,0,0,0,4,0,0,0,0,0.0732,0.7073,4.3755,2.3219,2,0,0,0,0,0,0,0,0,0,0,0,0,-1
35,13,15,0,4,0,0,0,3,0,0,0,0,0.2857,0.4857,4.1719,2.8151,0,0,1,0,0,0,1,0,0,0,0,0,0,-1
31,11,7,0,4,0,0,0,3,0,0,0,0,0.4194,0.2903,3.8976,2.4817,0,0,1,1,0,0,1,0,0,0,0,0,0,-1
26,13,6,0,3,0,0,0,4,0,0,0,0,0.4231,0.2692,3.7962,2.8151,0,0,1,0,0,1,1,0,0,0,0,0,0,-1
68,13,48,0,4,1,1,0,5,0,0,0,0,0.3824,0.4412,4.3997,2.5654,0,0,1,0,0,0,1,0,0,0,0,0,0,-1
25,6,0,6,1,0,0,0,2,1,0,0,1,0.04,0.72,4.1639,2.585,0,1,0,0,0,0,0,0,0,0,0,0,0,-1
30,14,9,0,4,0,0,0,3,0,0,0,0,0.4333,0.3,3.8477,2.6456,0,0,1,0,0,0,1,0,0,0,0,0,0,-1
38,10,16,0,1,0,0,0,4,0,0,0,0,0.0,0.8421,4.0831,3.1219,0,1,0,0,0,0,0,0,0,0,0,0,0,-1
28,13,2,0,3,0,0,0,3,0,0,0,0,0.5357,0.1786,3.8424,2.5074,0,0,1,1,0,0,1,0,0,0,0,0,0,-1
42,9,9,0,2,0,0,0,4,0,0,0,0,0.2143,0.619,4.2704,2.7255,1,0,0,0,0,0,0,0,0,0,0,0,0,-1
44,12,20,0,1,0,0,0,5,0,0,0,0,0.0,0.8409,4.1813,3.085,0,1,0,0,0,0,0,0,0,1,1,0,0,-1
91,31,47,0,2,8,0,0,4,0,0,0,0,0.2088,0.6264,4.7698,3.5876,0,1,0,0,0,0,0,0,0,1,1,0,0,-1
27,3,12,0,1,0,0,0,4,0,0,0,0,0.1481,0.6296,4.0882,1.585,0,1,0,0,0,0,0,0,0,0,0,0,0,-1
27,6,9,0,1,0,0,0,3,0,0,0,0,0.0,0.8148,3.9303,2.585,0,1,0,0,0,0,0,0,0,0,0,0,0,-1
28,13,2,0,3,0,0,0,3,0,0,0,0,0.5357,0.1786,3.6106,2.6032,0,0,1,1,0,0,1,0,0,0,0,0,0,-1
32,13,0,6,1,0,0,0,2,1,0,0,1,0.0625,0.75,4.3042,3.3927,0,1,0,0,0,0,1,0,0,0,0,0,0,-1
29,14,2,0,3,0,0,0,3,0,0,0,0,0.5517,0.1724,3.6504,2.7885,0,0,1,1,0,0,1,0,0,0,0,0,0,-1
27,12,2,0,3,0,0,0,3,0,0,0,0,0.5185,0.1852,3.4579,2.4591,0,0,1,1,0,0,1,0,0,0,0,0,0,-1
45,11,0,21,1,0,0,0,2,2,1,0,1,0.0,0.8222,4.3055,2.914,0,1,0,0,0,0,0,0,0,0,0,0,0,-1
34,13,14,0,4,0,0,0,4,0,0,0,0,0.3235,0.4118,4.1607,2.6612,0,0,1,0,0,0,1,0,0,0,0,0,0,-1
41,5,7,16,1,0,0,0,3,1,0,0,1,0.0,0.8049,4.1411,2.3219,0,1,0,0,0,0,0,0,0,0,0,0,0,-1
24,3,9,0,1,0,0,0,3,0,0,0,0,0.0,0.7917,3.9387,1.585,0,1,0,0,0,0,0,0,0,0,0,0,0,-1
26,7,7,0,1,0,0,0,3,0,0,0,0,0.0,0.8077,3.7962,2.5216,0,1,0,0,0,0,0,0,0,0,0,0,0,-1
22,3,7,0,1,0,0,0,3,0,0,0,0,0.0,0.7727,3.7888,1.585,0,1,0,0,0,0,0,0,0,1,1,0,0,-1
36,16,8,0,1,0,0,0,3,0,0,0,0,0.0,0.8611,3.8747,3.125,0,1,0,0,0,0,0,0,0,0,0,0,0,-1
31,11,7,0,4,0,0,0,3,0,0,0,0,0.4194,0.2903,3.8087,2.2999,0,0,1,1,0,0,1,0,0,0,0,0,0,-1
22,0,9,0,1,0,0,0,3,0,0,0,0,0.0,0.7727,3.6635,0.0,0,1,0,0,0,0,0,0,0,0,0,0,0,-1
24,3,9,0,1,0,0,0,3,0,0,0,0,0.0,0.7917,3.7406,1.585,0,1,0,0,0,0,0,0,0,0,0,0,0,-1
32,14,6,0,1,0,0,0,3,0,0,0,0,0.0,0.8438,3.9139,3.182,0,1,0,0,0,0,0,0,0,0,0,0,0,-1
28,13,2,0,3,0,0,0,3,0,0,0,0,0.5357,0.1786,3.7979,2.6032,0,0,1,1,0,0,1,0,0,0,0,0,0,-1
30,15,2,0,3,0,0,0,3,0,0,0,0,0.5667,0.1667,3.3811,2.3899,0,0,1,1,0,0,1,0,0,0,0,0,0,-1
37,16,9,0,1,0,0,0,3,0,0,0,0,0.0,0.8649,4.0335,3.3278,0,1,0,0,0,0,0,0,0,0,0,0,0,-1
34,6,16,0,1,0,0,0,4,0,0,0,0,0.0,0.8235,3.8222,1.9183,0,1,0,0,0,0,0,0,0,0,0,0,0,-1
52,15,14,10,1,0,2,0,4,1,0,0,1,0.1731,0.6346,4.7817,3.5069,0,1,0,0,0,0,1,0,0,0,0,0,0,-1
98,38,47,0,2,8,0,0,4,0,0,0,0,0.1939,0.6531,4.761,3.8,0,1,0,0,0,0,0,0,0,1,1,0,0,-1
42,13,22,0,4,0,0,0,5,0,0,0,0,0.2619,0.5,4.2048,2.8151,0,0,1,0,0,0,1,0,0,0,0,0,0,-1
34,14,7,0,4,0,0,0,3,0,0,0,0,0.4706,0.2647,3.9842,2.9852,0,0,1,1,0,0,1,0,0,0,0,0,0,-1
27,7,8,0,1,0,0,0,3,0,0,0,0,0.0,0.8148,4.0603,2.5216,0,1,0,0,0,0,0,0,0,0,0,0,0,-1
47,11,7,16,1,0,0,0,3,1,0,0,1,0.0,0.8085,4.1495,2.914,0,1,0,0,0,0,0,0,0,0,0,0,0,-1
33,13,7,0,4,0,0,0,3,0,0,0,0,0.4545,0.2727,4.0061,2.4493,0,0,1,1,0,0,1,0,0,0,0,0,0,-1
87,15,48,0,3,4,0,0,4,0,0,0,0,0.2644,0.5977,4.6952,3.3232,1,1,0,0,0,0,0,0,0,0,0,0,0,-1
26,5,0,6,2,0,0,0,2,1,0,0,1,0.0385,0.6923,4.1329,1.9219,0,1,0,0,0,0,0,0,0,0,0,0,0,-1
27,7,8,0,1,0,0,0,3,0,0,0,0,0.0,0.8148,3.9862,2.8074,0,1,0,0,0,0,0,0,0,0,0,0,0,-1
25,3,11,0,1,0,0,0,4,0,0,0,0,0.0,0.76,3.7639,1.585,0,1,0,0,0,0,0,0,0,0,0,0,0,-1
28,9,5,0,1,0,0,0,3,0,0,0,0,0.0,0.8214,3.7979,2.7255,0,1,0,0,0,0,0,0,0,0,0,0,0,-1
32,12,7,0,4,0,0,0,3,0,0,0,0,0.4375,0.2812,4.0778,2.6258,0,0,1,1,0,0,1,0,0,0,0,0,0,-1
29,14,2,0,3,0,0,0,3,0,0,0,0,0.5517,0.1724,3.7714,2.5567,0,0,1,1,0,0,1,0,0,0,0,0,0,-1
50,14,7,16,1,0,0,0,3,1,0,0,1,0.0,0.84,4.184,3.3788,0,1,0,0,0,0,0,0,0,0,0,0,0,-1
32,3,7,10,1,0,0,0,3,1,0,0,1,0.0,0.7812,4.0542,1.585,0,1,0,0,0,0,0,0,0,0,0,0,0,-1
41,7,22,0,1,1,0,0,5,0,0,0,0,0.1463,0.6585,4.2571,2.5216,0,1,0,0,0,0,0,0,0,0,0,0,0,-1
22,4,7,0,1,0,0,0,3,0,0,0,0,0.0,0.7727,3.5949,2.0,0,1,0,0,0,0,0,0,0,0,0,0,0,-1
80,6,3,52,2,0,1,0,3,2,1,0,1,0.075,0.7875,5.2809,1.9183,1,1,0,0,0,0,0,0,0,1,1,1,0,-1
27,12,2,0,3,0,0,0,3,0,0,0,0,0.5185,0.1852,3.708,2.2296,0,0,1,1,0,0,1,0,0,0,0,0,0,-1
82,20,47,0,2,5,0,0,4,0,0,0,0,0.2805,0.5732,4.6864,3.6842,0,1,0,0,0,0,0,0,0,1,1,0,0,-1
28,7,9,0,1,0,0,0,4,0,0,0,0,0.0,0.7857,3.8518,2.8074,0,1,0,0,0,0,0,0,0,0,0,0,0,-1
28,14,7,0,4,0,0,0,3,0,0,0,0,0.3929,0.3214,3.8693,2.7885,0,0,1,0,0,0,1,0,0,0,0,0,0,-1
27,10,5,0,1,0,0,0,3,0,0,0,0,0.0,0.8148,4.1064,3.1219,0,1,0,0,0,0,0,0,0,0,0,0,0,-1
27,12,2,0,3,0,0,0,3,0,0,0,0,0.5185,0.1852,3.8101,2.6258,0,0,1,1,0,0,1,0,0,0,0,0,0,-1
80,6,3,52,2,0,0,0,3,2,1,0,1,0.0875,0.7875,5.1608,1.9183,1,1,0,0,0,0,0,0,0,1,1,1,0,-1
23,6,6,0,1,0,0,0,3,0,0,0,0,0.0,0.7826,3.7951,2.585,0,1,0,0,0,0,0,0,0,0,0,0,0,-1
43,13,23,0,4,0,0,0,4,0,0,0,0,0.2558,0.5349,4.1994,2.6612,0,0,1,0,0,0,1,0,0,0,0,0,0,-1
23,6,5,0,1,0,0,0,3,0,0,0,0,0.0,0.7826,3.5014,2.2516,0,1,0,0,0,0,0,0,0,0,0,0,0,-1
36,14,11,0,1,1,0,0,4,0,0,0,0,0.0,0.8056,4.2601,3.3788,0,1,0,0,0,0,0,0,0,0,0,0,0,-1
28,13,2,0,3,0,0,0,3,0,0,0,0,0.5357,0.1786,3.6726,2.4493,0,0,1,1,0,0,1,0,0,0,0,0,0,-1
27,13,7,0,4,0,0,0,3,0,0,0,0,0.3704,0.3333,3.8101,2.6612,0,0,1,0,0,0,1,0,0,0,0,0,0,-1
25,13,5,0,4,0,0,0,3,0,0,0,0,0.44,0.24,3.7035,3.027,0,0,1,0,0,0,1,0,0,0,0,0,0,-1
42,6,24,0,1,2,0,0,4,0,0,0,0,0.0952,0.7143,3.976,1.9183,0,1,0,0,0,0,0,0,0,0,0,0,0,-1
27,10,5,0,1,1,0,0,3,0,0,0,0,0.0,0.7778,3.7542,2.9219,0,1,0,0,0,0,0,0,0,0,0,0,0,-1
28,13,2,0,3,0,0,0,3,0,0,0,0,0.5357,0.1786,3.8154,3.027,0,0,1,1,0,0,1,0,0,0,0,0,0,-1
32,12,7,0,4,0,0,0,3,0,0,0,0,0.4375,0.2812,3.9917,2.8554,0,0,1,1,0,0,1,0,0,0,0,0,0,-1
30,13,10,0,3,0,0,0,4,0,0,0,0,0.3667,0.3667,4.0817,2.8151,0,0,1,0,0,0,1,0,0,0,0,0,0,-1
30,15,2,0,3,0,0,0,3,0,0,0,0,0.5667,0.1667,3.7111,2.7899,0,0,1,1,0,0,1,0,0,0,0,0,0,-1
36,6,7,10,1,0,0,0,3,1,0,0,1,0.0,0.8056,4.1835,2.2516,0,1,0,0,0,0,0,0,0,0,0,0,0,-1
31,11,7,0,4,0,0,0,3,0,0,0,0,0.4194,0.2903,3.8732,2.4131,0,0,1,1,0,0,1,0,0,0,0,0,0,-1
21,2,5,0,2,0,0,0,3,0,0,0,0,0.0,0.7143,3.6538,1.0,0,1,0,0,0,0,0,0,0,0,0,0,0,-1
34,8,14,0,1,0,0,0,4,0,0,0,0,0.0,0.8235,3.8781,2.5,0,1,0,0,0,0,0,0,0,0,0,0,0,-1
28,3,0,12,1,0,0,0,2,1,0,0,1,0.0,0.7857,4.0661,1.585,0,1,0,0,0,0,0,0,0,0,0,0,0,-1
34,14,7,0,4,0,0,0,3,0,0,0,0,0.4706,0.2647,3.962,2.6456,0,0,1,1,0,0,1,0,0,0,0,0,0,-1
42,11,19,0,1,1,0,0,5,0,0,0,0,0.0,0.8095,4.2165,2.914,0,1,0,0,0,0,0,0,0,0,0,0,0,-1
29,14,2,0,3,0,0,0,3,0,0,0,0,0.5517,0.1724,3.7194,2.4138,0,0,1,1,0,0,1,0,0,0,0,0,0,-1
84,22,47,0,2,6,0,0,4,0,0,0,0,0.2381,0.6071,4.6485,3.8797,0,1,0,0,0,0,0,0,0,1,1,0,0,-1
29,11,6,0,1,0,0,0,3,0,0,0,0,0.0,0.8276,3.7883,2.8454,0,1,0,0,0,0,0,0,0,0,0,0,0,-1
29,3,14,0,1,0,0,0,4,0,0,0,0,0.1724,0.6207,4.2802,1.585,0,1,0,0,0,0,0,0,0,0,0,0,0,-1
31,11,5,0,1,0,0,0,3,0,0,0,0,0.0,0.8387,4.1715,3.0272,0,1,0,0,0,0,0,0,0,0,0,0,0,-1
47,9,26,0,1,1,0,0,6,0,0,0,0,0.0,0.8085,4.275,2.281,0,1,0,0,0,0,0,0,0,0,0,0,0,-1
42,7,12,0,2,0,0,0,4,0,0,0,0,0.0,0.8333,4.1276,2.1281,1,0,0,0,0,0,0,0,0,0,0,0,0,-1
30,5,13,0,1,0,0,0,4,0,0,0,0,0.0,0.8,3.9899,1.9219,0,1,0,0,0,0,0,0,0,0,0,0,0,-1
27,7,8,0,1,0,0,0,3,0,0,0,0,0.0,0.8148,4.0043,2.8074,0,1,0,0,0,0,0,0,0,1,1,0,0,-1
20,3,6,0,1,0,0,0,3,0,0,0,0,0.0,0.75,3.6464,1.585,0,1,0,0,0,0,0,0,0,1,1,0,0,-1
37,15,15,0,4,0,0,0,4,0,0,0,0,0.3514,0.4054,3.99,2.5493,0,0,1,0,0,0,1,0,0,0,0,0,0,-1
19,3,4,0,1,0,0,0,3,0,0,0,0,0.0,0.7368,3.6819,1.585,0,1,0,0,0,0,0,0,0,0,0,0,0,-1
29,5,9,0,2,0,0,0,4,0,0,0,0,0.0,0.7586,3.9094,1.371,0,1,0,0,0,0,0,0,0,0,0,0,0,-1
41,9,20,0,1,0,0,0,4,0,0,0,0,0.0,0.8537,3.946,2.7255,0,1,0,0,0,0,0,0,0,0,0,0,0,-1
29,13,9,0,3,0,0,0,4,0,0,0,0,0.3793,0.3448,3.9783,2.8151,0,0,1,0,0,0,1,0,0,0,0,0,0,-1
79,20,45,0,2,4,0,0,4,0,0,0,0,0.3038,0.557,4.7515,3.3842,0,1,0,0,0,0,0,0,0,0,0,0,0,-1
27,13,7,0,3,0,0,0,3,0,0,0,0,0.3704,0.3704,4.0784,2.8151,0,0,1,0,0,0,1,0,0,0,0,0,0,-1
27,13,2,0,3,0,0,0,3,0,0,0,0,0.5185,0.1852,3.8282,3.027,0,0,1,1,0,0,1,0,0,0,0,0,0,-1
44,6,26,0,1,1,0,0,6,0,0,0,0,0.0227,0.7727,4.3454,2.585,0,1,0,0,0,0,1,0,0,0,0,0,0,-1
39,16,11,0,1,0,0,0,4,0,0,0,0,0.0,0.8462,4.2723,3.625,0,1,0,0,0,0,0,0,0,0,0,0,0,-1
92,32,47,0,2,8,0,0,4,0,0,0,0,0.1957,0.6413,4.6435,3.6289,0,1,0,0,0,0,0,0,0,1,1,0,0,-1
34,10,9,0,2,0,0,0,4,0,0,0,0,0.0,0.7941,4.1385,2.6464,0,1,0,0,0,0,0,0,0,0,0,0,0,-1
30,10,7,0,4,0,0,0,3,0,0,0,0,0.4,0.3,4.0817,2.6464,0,0,1,1,0,0,1,0,0,0,0,0,0,-1
33,13,7,0,4,0,0,0,3,0,0,0,0,0.4545,0.2727,4.0061,2.8151,0,0,1,1,0,0,1,0,0,0,0,0,0,-1
44,13,19,0,4,0,0,0,4,0,0,0,0,0.3182,0.4545,4.1352,2.5074,0,0,1,1,0,0,1,0,0,0,0,0,0,-1
34,6,17,0,1,0,0,0,4,0,0,0,0,0.0,0.8235,4.1163,1.7925,0,1,0,0,0,0,0,0,0,0,0,0,0,-1
25,13,5,0,3,0,0,0,3,0,0,0,0,0.44,0.28,3.8635,2.8731,0,0,1,0,0,0,1,0,0,0,0,0,0,-1
31,14,10,0,4,0,0,0,3,0,0,0,0,0.3871,0.3548,3.8087,2.4138,0,0,1,0,0,0,1,0,0,0,0,0,0,-1
25,13,5,0,3,0,0,0,3,0,0,0,0,0.4,0.32,3.9435,2.8731,0,0,1,0,0,0,1,0,0,0,0,0,0,-1
39,13,19,0,4,0,0,0,4,0,0,0,0,0.2564,0.5128,4.1504,2.6032,0,0,1,0,0,0,1,0,0,0,0,0,0,-1
35,15,7,0,4,0,0,0,3,0,0,0,0,0.4857,0.2571,3.9002,2.3219,0,0,1,1,0,0,1,0,0,0,0,0,0,-1
35,15,7,0,4,0,0,0,3,0,0,0,0,0.4857,0.2571,3.8646,2.5559,0,0,1,1,0,0,1,0,0,0,0,0,0,-1
32,6,14,0,1,0,0,0,4,0,0,0,0,0.125,0.6875,4.4139,2.2516,0,1,0,0,0,0,0,0,0,0,0,0,0,-1
39,12,13,0,2,0,0,0,4,0,0,0,0,0.0,0.8205,3.904,3.085,1,1,0,0,0,0,0,0,0,0,0,0,0,-1
44,8,7,16,1,0,0,0,3,1,0,0,1,0.0,0.8182,4.2999,3.0,0,1,0,0,0,0,0,0,0,0,0,0,0,-1
46,6,28,0,1,1,0,0,4,0,0,0,0,0.0,0.8478,4.1164,2.2516,0,1,0,0,0,0,0,0,0,0,0,0,0,-1
27,12,2,0,3,0,0,0,3,0,0,0,0,0.5185,0.1852,3.6521,2.6258,0,0,1,1,0,0,1,0,0,0,0,0,0,-1
30,13,10,0,3,0,0,0,4,0,0,0,0,0.4333,0.3,3.9484,2.7193,0,0,1,0,0,0,1,0,0,0,0,0,0,-1
33,13,7,0,4,0,0,0,3,0,0,0,0,0.4545,0.2727,4.0896,2.6612,0,0,1,1,0,0,1,0,0,0,0,0,0,-1
36,15,9,0,1,0,0,0,3,0,0,0,0,0.0,0.8611,3.9302,3.4566,0,1,0,0,0,0,0,0,0,0,0,0,0,-1
41,14,20,0,4,0,0,0,4,0,0,0,0,0.3415,0.439,4.3635,2.6995,0,0,1,0,0,0,1,0,0,0,0,0,0,-1
27,12,8,0,4,0,0,0,3,0,0,0,0,0.3704,0.3333,3.9121,2.6887,0,0,1,0,0,0,1,0,0,0,0,0,0,-1
25,8,5,0,1,0,0,0,3,0,0,0,0,0.0,0.8,3.9737,2.75,0,1,0,0,0,0,0,0,0,0,0,0,0,-1
27,10,5,0,1,0,0,0,3,0,0,0,0,0.0,0.8148,3.8744,2.8464,0,1,0,0,0,0,0,0,0,0,0,0,0,-1
28,13,2,0,3,0,0,0,3,0,0,0,0,0.5357,0.1786,3.7709,2.6612,0,0,1,1,0,0,1,0,0,0,0,0,0,-1
33,13,13,0,3,0,1,0,3,0,0,0,0,0.303,0.4545,4.2027,2.8151,0,0,1,0,0,0,1,0,0,0,0,0,0,-1
33,13,7,0,4,0,0,0,3,0,0,0,0,0.4545,0.2727,3.9306,2.6032,0,0,1,1,0,0,1,0,0,0,0,0,0,-1
54,14,33,0,3,0,0,0,4,0,0,0,0,0.2407,0.6111,3.8284,2.6106,0,0,1,0,0,0,1,0,0,0,0,0,0,-1
29,12,5,0,1,0,0,0,3,0,0,0,0,0.0,0.8276,4.0642,3.085,0,1,0,0,0,0,0,0,0,0,0,0,0,-1
30,15,2,0,3,0,0,0,3,0,0,0,0,0.5667,0.1667,3.6729,2.6566,0,0,1,1,0,0,1,0,0,0,0,0,0,-1
34,6,7,8,1,0,0,0,3,1,0,0,1,0.0294,0.7647,4.2339,2.585,0,1,0,0,0,0,1,0,0,0,0,0,0,-1
65,11,37,0,2,4,0,0,3,0,0,0,0,0.2769,0.5692,4.7955,3.2776,1,1,0,0,0,0,0,0,0,0,0,0,0,-1
33,13,7,0,4,0,0,0,3,0,0,0,0,0.4545,0.2727,3.9912,2.8731,0,0,1,1,0,0,1,0,0,0,0,0,0,-1
32,12,7,0,4,0,0,0,3,0,0,0,0,0.4375,0.2812,3.8636,2.3554,0,0,1,1,0,0,1,0,0,0,0,0,0,-1
21,4,5,0,1,0,0,0,3,0,0,0,0,0.0,0.7619,3.6538,2.0,0,1,0,0,0,0,0,0,0,0,0,0,0,-1
31,6,0,12,1,0,0,0,2,1,0,0,1,0.0,0.8065,4.2445,2.585,0,1,0,0,0,0,0,0,0,0,0,0,0,-1
35,15,7,0,4,0,0,0,3,0,0,0,0,0.4857,0.2571,4.036,2.7396,0,0,1,1,0,0,1,0,0,0,0,0,0,-1
39,13,19,0,4,0,0,0,4,0,0,0,0,0.3077,0.4615,4.0285,2.2878,0,0,1,0,0,0,1,0,0,0,0,0,0,-1
24,3,9,0,1,1,0,0,3,0,0,0,0,0.0,0.75,3.7406,1.585,0,1,0,0,0,0,0,0,0,0,0,0,0,-1
41,17,6,0,1,0,0,0,3,0,0,0,0,0.0,0.878,3.8604,3.1307,0,1,0,0,0,0,0,0,0,0,0,0,0,-1
35,3,21,0,1,0,0,0,5,0,0,0,0,0.1429,0.6571,4.0472,1.585,0,1,0,0,0,0,0,0,0,0,0,0,0,-1
42,9,5,0,2,0,0,0,3,0,0,0,0,0.0238,0.8333,3.9571,2.9477,1,0,0,0,0,0,0,0,0,0,0,0,0,-1
31,8,11,0,1,1,0,0,4,0,0,0,0,0.0,0.7742,3.7442,2.1556,0,1,0,0,0,0,0,0,0,0,0,0,0,-1
47,8,27,0,1,2,0,0,5,0,0,0,0,0.1277,0.6809,4.3901,2.4056,0,1,0,0,0,0,0,0,0,0,0,0,0,-1
53,13,33,0,4,0,1,0,4,0,0,0,0,0.3774,0.434,4.4473,2.6032,0,0,1,0,0,0,1,0,0,0,0,0,0,-1
45,11,22,0,1,1,0,0,5,0,0,0,0,0.1333,0.6889,4.17,3.0272,0,1,0,0,0,0,0,0,0,0,0,0,0,-1
24,3,10,0,1,0,0,0,3,0,0,0,0,0.0,0.7917,3.8239,1.585,0,1,0,0,0,0,0,0,0,0,0,0,0,-1
29,8,9,0,1,1,0,0,4,0,0,0,0,0.0,0.7586,3.9489,2.0,0,1,0,0,0,0,0,0,0,0,0,0,0,-1
29,15,7,0,3,0,0,0,3,0,0,0,0,0.4483,0.3103,4.0473,2.7899,0,0,1,0,0,0,1,0,0,0,0,0,0,-1
28,13,2,0,3,0,0,0,3,0,0,0,0,0.5357,0.1786,3.7674,2.4416,0,0,1,1,0,0,1,0,0,0,0,0,0,-1
38,4,20,0,2,0,0,0,4,0,0,0,0,0.0,0.8158,4.0606,2.0,0,1,0,0,0,0,0,0,0,0,0,0,0,-1
32,15,5,0,1,0,0,0,3,0,0,0,0,0.0,0.8438,3.8667,3.1396,0,1,0,0,0,0,0,0,0,0,0,0,0,-1
40,12,16,0,1,0,0,0,4,0,0,0,0,0.0,0.85,4.1153,3.4183,0,1,0,0,0,0,0,0,0,0,0,0,0,-1
80,6,3,52,2,1,0,0,3,2,1,0,1,0.0625,0.8,5.1824,1.9183,1,1,0,0,0,0,0,0,0,1,1,1,0,-1
25,3,8,0,2,0,0,0,3,0,0,0,0,0.0,0.76,3.7835,1.585,0,1,0,0,0,0,0,0,0,0,0,0,0,-1
26,4,11,0,1,0,0,0,4,0,0,0,0,0.0,0.7692,3.5654,2.0,0,1,0,0,0,0,0,0,0,0,0,0,0,-1
95,6,77,0,4,2,2,0,8,0,0,0,0,0.0316,0.7895,4.5278,2.585,0,1,0,0,0,0,0,0,0,0,0,0,0,-1
27,12,2,0,3,0,0,0,3,0,0,0,0,0.5185,0.1852,3.8282,2.7925,0,0,1,1,0,0,1,0,0,0,0,0,0,-1
29,14,2,0,3,0,0,0,3,0,0,0,0,0.5517,0.1724,3.7159,2.6106,0,0,1,1,0,0,1,0,0,0,0,0,0,-1
48,20,15,0,2,0,0,0,4,0,0,0,0,0.0208,0.8333,4.1217,3.2037,0,0,0,0,0,0,0,0,0,0,0,0,0,-1
34,14,7,0,4,0,0,0,3,0,0,0,0,0.4706,0.2647,4.0653,3.0391,0,0,1,1,0,0,1,0,0,0,0,0,0,-1
60,16,33,0,1,5,0,0,5,0,0,0,0,0.0833,0.7167,4.47,3.5,0,1,0,0,0,0,0,0,0,0,0,0,0,-1
35,15,7,0,4,0,0,0,3,0,0,0,0,0.4857,0.2571,3.9544,2.6062,0,0,1,1,0,0,1,0,0,0,0,0,0,-1
47,5,27,0,2,2,0,0,5,0,0,0,0,0.1277,0.6596,4.3923,2.3219,0,1,0,0,0,0,0,0,0,0,0,0,0,-1
25,14,4,0,3,0,0,0,3,0,0,0,0,0.44,0.28,3.8333,2.8424,0,0,1,0,0,0,1,0,0,0,0,0,0,-1
25,11,7,0,3,0,0,0,3,0,0,0,0,0.44,0.28,3.9133,2.5949,0,0,1,0,0,0,1,0,0,0,0,0,0,-1
34,13,9,0,1,0,0,0,3,0,0,0,0,0.0,0.8529,3.9032,2.9312,0,1,0,0,0,0,0,0,0,0,0,0,0,-1
35,14,14,0,4,0,0,0,4,0,0,0,0,0.3714,0.3714,4.0004,2.4138,0,0,1,0,0,0,1,0,0,0,0,0,0,-1
27,12,2,0,3,0,0,0,3,0,0,0,0,0.5185,0.1852,3.7542,2.5221,0,0,1,1,0,0,1,0,0,0,0,0,0,-1
34,14,7,0,4,0,0,0,3,0,0,0,0,0.4706,0.2647,3.9476,2.182,0,0,1,1,0,0,1,0,0,0,0,0,0,-1
44,14,23,0,4,0,0,0,4,0,0,0,0,0.2727,0.5227,4.2888,2.8424,0,0,1,0,0,0,1,0,0,0,0,0,0,-1
33,13,7,0,4,0,0,0,3,0,0,0,0,0.4545,0.2727,4.0289,2.6612,0,0,1,1,0,0,1,0,0,0,0,0,0,-1
36,7,15,0,2,0,1,0,3,0,0,0,0,0.1667,0.6389,4.5515,2.8074,0,1,0,0,0,0,0,0,0,0,0,0,0,-1
41,14,20,0,4,0,0,0,4,0,0,0,0,0.3171,0.4634,4.2844,2.6106,0,0,1,0,0,0,1,0,0,0,0,0,0,-1
32,7,13,0,1,0,0,0,4,0,0,0,0,0.0,0.8125,3.9056,2.8074,0,1,0,0,0,0,0,0,0,0,0,0,0,-1
43,10,21,0,1,1,0,0,4,0,0,0,0,0.0,0.8372,4.1467,2.9219,0,1,0,0,0,0,0,0,0,0,0,0,0,-1
82,13,48,0,3,4,0,0,4,0,0,0,0,0.2195,0.6341,4.5936,3.3927,1,1,0,0,0,0,0,0,0,1,1,0,0,-1
45,7,26,0,1,1,0,0,6,0,0,0,0,0.0,0.8,4.1613,2.8074,0,1,0,0,0,0,0,0,0,0,0,0,0,-1
39,13,14,0,4,0,1,0,3,0,0,0,0,0.359,0.3846,4.0772,2.7193,0,0,1,1,0,0,1,0,0,0,0,0,0,-1
24,3,9,0,1,0,0,0,3,0,0,0,0,0.0,0.7917,3.6887,1.585,0,1,0,0,0,0,0,0,0,0,0,0,0,-1
34,14,7,0,4,0,0,0,3,0,0,0,0,0.4706,0.2647,3.9398,2.8424,0,0,1,1,0,0,1,0,0,0,0,0,0,-1
29,14,2,0,3,0,0,0,3,0,0,0,0,0.5517,0.1724,3.7714,2.6106,0,0,1,1,0,0,1,0,0,0,0,0,0,-1
45,5,28,0,1,1,0,0,4,0,0,0,0,0.0,0.8444,4.2692,2.3219,0,1,0,0,0,0,0,0,0,0,0,0,0,-1
25,3,10,0,1,0,0,0,3,0,0,0,0,0.0,0.8,3.8635,1.585,0,1,0,0,0,0,0,0,0,0,0,0,0,-1
69,15,37,0,2,4,0,0,3,0,0,0,0,0.2899,0.5652,4.7209,3.2402,1,1,0,0,0,0,0,0,0,0,0,0,0,-1
29,15,7,0,3,0,0,0,3,0,0,0,0,0.4483,0.3103,3.9263,2.8226,0,0,1,0,0,0,1,0,0,0,0,0,0,-1
34,14,7,0,4,0,0,0,3,0,0,0,0,0.4706,0.2647,3.8888,2.8963,0,0,1,1,0,0,1,0,0,0,0,0,0,-1
28,11,10,0,3,0,0,0,4,0,0,0,0,0.3214,0.3929,4.209,2.8454,0,0,1,0,0,0,1,0,0,0,0,0,0,-1
50,4,34,0,1,1,0,0,5,0,0,0,0,0.0,0.84,4.1893,2.0,0,1,0,0,0,0,0,0,0,0,0,0,0,-1
34,14,7,0,4,0,0,0,3,0,0,0,0,0.4706,0.2647,4.0431,2.8424,0,0,1,1,0,0,1,0,0,0,0,0,0,-1
35,15,7,0,4,0,0,0,3,0,0,0,0,0.4857,0.2571,3.8973,2.6826,0,0,1,1,0,0,1,0,0,0,0,0,0,-1
33,13,7,0,4,0,0,0,3,0,0,0,0,0.4545,0.2727,4.0289,2.8151,0,0,1,1,0,0,1,0,0,0,0,0,0,-1
39,7,13,0,3,0,1,0,4,0,0,0,0,0.1282,0.641,4.4262,2.5216,1,0,0,0,0,0,0,0,0,0,0,0,0,-1
25,14,4,0,3,0,0,0,3,0,0,0,0,0.44,0.28,3.8635,3.0391,0,0,1,0,0,0,1,0,0,0,0,0,0,-1
33,10,11,0,1,0,0,0,4,0,0,0,0,0.0,0.8182,3.8967,3.1219,0,1,0,0,0,0,0,0,0,0,0,0,0,-1
30,10,9,0,1,0,0,0,3,0,0,0,0,0.0,0.8333,3.8696,2.9219,0,1,0,0,0,0,0,0,0,0,0,0,0,-1
95,32,47,0,2,7,0,0,4,0,0,0,0,0.2632,0.5895,4.7796,3.9056,0,1,0,0,0,0,0,0,0,1,1,0,0,-1
42,12,23,0,4,0,0,0,4,0,0,0,0,0.2381,0.5476,4.2611,2.8554,0,0,1,0,0,0,1,0,0,0,0,0,0,-1
28,13,2,0,3,0,0,0,3,0,0,0,0,0.5357,0.1786,3.5567,2.2878,0,0,1,1,0,0,1,0,0,0,0,0,0,-1
30,13,10,0,4,0,0,0,4,0,0,0,0,0.3667,0.3333,3.9484,2.8151,0,0,1,0,0,0,1,0,0,0,0,0,0,-1
33,13,7,0,4,0,0,0,3,0,0,0,0,0.4545,0.2727,3.9226,2.6612,0,0,1,1,0,0,1,0,0,0,0,0,0,-1
28,13,2,0,3,0,0,0,3,0,0,0,0,0.5357,0.1786,3.655,2.8151,0,0,1,1,0,0,1,0,0,0,0,0,0,-1
28,11,5,0,3,0,0,0,3,0,0,0,0,0.4286,0.2857,3.7979,2.4131,0,0,1,1,0,0,1,0,0,0,0,0,0,-1
29,14,8,0,4,0,0,0,3,0,0,0,0,0.3793,0.3448,3.9523,2.8424,0,0,1,0,0,0,1,0,0,0,0,0,0,-1
20,4,4,0,1,0,0,0,3,0,0,0,0,0.0,0.75,3.7842,2.0,0,1,0,0,0,0,0,0,0,0,0,0,0,-1
36,16,8,0,1,0,0,0,3,0,0,0,0,0.0,0.8611,3.8774,3.2028,0,1,0,0,0,0,0,0,0,0,0,0,0,-1
32,11,9,0,1,0,0,0,4,0,0,0,0,0.0,0.8125,3.9056,2.8454,0,1,0,0,0,0,0,0,0,0,0,0,0,-1
33,13,7,0,4,0,0,0,3,0,0,0,0,0.4545,0.2727,3.9455,2.3535,0,0,1,1,0,0,1,0,0,0,0,0,0,-1
35,15,7,0,4,0,0,0,3,0,0,0,0,0.4857,0.2571,3.9789,2.5056,0,0,1,1,0,0,1,0,0,0,0,0,0,-1
32,7,13,0,1,0,0,0,4,0,0,0,0,0.0,0.8125,4.1014,2.5216,0,1,0,0,0,0,0,0,0,0,0,0,0,-1
28,13,2,0,3,0,0,0,3,0,0,0,0,0.5357,0.1786,3.8424,2.6612,0,0,1,1,0,0,1,0,0,0,0,0,0,-1
29,14,8,0,4,0,0,0,3,0,0,0,0,0.3793,0.3448,4.0044,3.0391,0,0,1,0,0,0,1,0,0,0,0,0,0,-1
30,13,5,0,1,0,0,0,3,0,0,0,0,0.0,0.8333,3.9811,3.1808,0,1,0,0,0,0,0,0,0,0,0,0,0,-1
47,11,24,0,1,2,0,0,4,0,0,0,0,0.0851,0.7447,4.1774,3.0958,0,1,0,0,0,0,0,0,0,0,0,0,0,-1
40,6,0,21,1,0,0,0,2,2,1,0,1,0.0,0.8,4.2251,2.585,0,1,0,0,0,0,0,0,0,0,0,0,0,-1
21,5,5,0,1,0,0,0,3,0,0,0,0,0.0,0.7619,3.6538,2.3219,0,1,0,0,0,0,0,0,0,0,0,0,0,-1
33,3,7,10,1,0,0,0,3,1,0,0,1,0.0,0.7879,4.2108,1.585,0,1,0,0,0,0,0,0,0,0,0,0,0,-1
44,14,23,0,3,0,2,0,3,0,0,0,0,0.25,0.5455,4.5383,2.6456,0,0,1,0,0,0,1,0,0,0,0,0,0,-1
32,7,13,0,1,0,0,0,4,0,0,0,0,0.0,0.8125,4.0511,2.5216,0,1,0,0,0,0,0,0,0,0,0,0,0,-1
35,15,7,0,4,0,0,0,3,0,0,0,0,0.4857,0.2571,4.0332,2.6826,0,0,1,1,0,0,1,0,0,0,0,0,0,-1
23,3,8,0,1,0,0,0,3,0,0,0,0,0.0,0.7826,3.7951,1.585,0,1,0,0,0,0,0,0,0,0,0,0,0,-1
27,11,4,0,1,0,0,0,3,0,0,0,0,0.0,0.8148,3.8842,3.0958,0,1,0,0,0,0,0,0,0,0,0,0,0,-1
30,7,8,0,2,0,0,0,3,0,0,0,0,0.0,0.8,3.8314,2.5216,0,1,0,0,0,0,0,0,0,0,0,0,0,-1
27,9,6,0,1,1,0,0,3,0,0,0,0,0.0,0.7778,3.8842,2.5033,0,1,0,0,0,0,0,0,0,0,0,0,0,-1
23,0,8,0,1,0,0,0,3,0,0,0,0,0.0,0.7826,3.5555,0.0,0,1,0,0,0,0,0,0,0,0,0,0,0,-1
25,6,8,0,1,0,0,0,3,0,0,0,0,0.0,0.8,3.8137,1.9183,0,1,0,0,0,0,0,0,0,1,1,1,1,-1
28,13,2,0,3,0,0,0,3,0,0,0,0,0.5357,0.1786,3.744,2.8151,0,0,1,1,0,0,1,0,0,0,0,0,0,-1
25,14,4,0,3,0,0,0,3,0,0,0,0,0.44,0.28,3.4529,2.306,0,0,1,0,0,0,1,0,0,0,0,0,0,-1
35,15,7,0,4,0,0,0,3,0,0,0,0,0.4857,0.2571,3.8757,2.4989,0,0,1,1,0,0,1,0,0,0,0,0,0,-1
26,11,2,0,3,0,0,0,3,0,0,0,0,0.5,0.1923,3.6612,2.4817,0,0,1,1,0,0,1,0,0,0,0,0,0,-1
28,7,9,0,1,0,0,0,3,0,0,0,0,0.0,0.8214,3.8249,2.5216,0,1,0,0,0,0,0,0,0,0,0,0,0,-1
28,13,2,0,3,0,0,0,3,0,0,0,0,0.5357,0.1786,3.8693,2.8151,0,0,1,1,0,0,1,0,0,0,0,0,0,-1
69,13,49,0,4,1,1,0,6,0,0,0,0,0.4348,0.3768,4.2411,2.5654,0,0,1,0,0,0,1,0,0,0,0,0,0,-1
32,11,9,0,1,0,0,0,3,0,0,0,0,0.0,0.8438,3.9056,2.8454,0,1,0,0,0,0,0,0,0,0,0,0,0,-1
28,8,9,0,1,0,0,0,3,0,0,0,0,0.0,0.8214,3.7265,3.0,0,1,0,0,0,0,0,0,0,0,0,0,0,-1
61,29,20,0,2,0,0,0,5,0,0,0,0,0.0164,0.8525,4.2584,3.5125,0,1,0,0,0,0,0,0,0,1,1,0,0,-1
32,8,0,12,1,0,0,0,2,1,0,0,1,0.0,0.8125,4.0275,2.75,0,1,0,0,0,0,0,0,0,0,0,0,0,-1
28,6,10,0,1,0,0,0,3,0,0,0,0,0.0,0.8214,3.9852,2.585,0,1,0,0,0,0,0,0,0,0,0,0,0,-1
40,10,17,0,1,0,0,0,4,0,0,0,0,0.0,0.85,4.1153,3.1219,0,1,0,0,0,0,0,0,0,0,0,0,0,-1
28,13,2,0,3,0,0,0,3,0,0,0,0,0.5357,0.1786,3.6726,2.5074,0,0,1,1,0,0,1,0,0,0,0,0,0,-1
68,11,37,0,2,4,0,0,3,0,0,0,0,0.3676,0.4853,4.6091,2.914,1,1,0,0,0,0,0,0,0,0,0,0,0,-1
25,14,4,0,3,0,0,0,3,0,0,0,0,0.48,0.24,3.4031,2.306,0,0,1,0,0,0,1,0,0,0,0,0,0,-1
33,13,7,0,4,0,0,0,3,0,0,0,0,0.4545,0.2727,3.9226,2.6612,0,0,1,1,0,0,1,0,0,0,0,0,0,-1
28,14,7,0,3,0,0,0,3,0,0,0,0,0.3929,0.3571,3.8424,2.5027,0,0,1,0,0,0,1,0,0,0,0,0,0,-1
34,14,7,0,4,0,0,0,3,0,0,0,0,0.4706,0.2647,3.9032,2.4956,0,0,1,1,0,0,1,0,0,0,0,0,0,-1
78,9,48,0,3,4,0,0,4,0,0,0,0,0.2692,0.5769,4.6782,2.9477,1,1,0,0,0,0,0,0,0,0,0,0,0,-1
25,13,5,0,3,0,0,0,3,0,0,0,0,0.4,0.32,3.8635,2.8731,0,0,1,0,0,0,1,0,0,0,0,0,0,-1
33,13,7,0,4,0,0,0,3,0,0,0,0,0.4545,0.2727,3.9077,2.6032,0,0,1,1,0,0,1,0,0,0,0,0,0,-1
34,14,7,0,4,0,0,0,3,0,0,0,0,0.4706,0.2647,3.8444,2.3527,0,0,1,1,0,0,1,0,0,0,0,0,0,-1
27,12,2,0,3,0,0,0,3,0,0,0,0,0.5185,0.1852,3.5599,2.6258,0,0,1,1,0,0,1,0,0,0,0,0,0,-1
61,6,20,0,3,0,0,0,4,0,0,0,0,0.0,0.8689,4.085,2.2516,1,0,0,0,0,0,0,0,1,0,0,0,0,-1
44,7,14,10,1,0,2,0,4,1,0,0,1,0.1591,0.6136,4.7605,2.2359,0,1,0,0,0,0,0,0,0,0,0,0,0,-1
39,5,0,21,1,0,0,0,2,2,1,0,1,0.0,0.7949,4.2085,1.9219,0,1,0,0,0,0,0,0,0,0,0,0,0,-1
25,13,5,0,3,0,0,0,3,0,0,0,0,0.44,0.28,3.8333,2.8731,0,0,1,0,0,0,1,0,0,0,0,0,0,-1
68,13,48,0,4,1,1,0,5,0,0,0,0,0.4265,0.3971,4.4262,2.5654,0,0,1,0,0,0,1,0,0,0,0,0,0,-1
25,12,6,0,3,0,0,0,3,0,0,0,0,0.36,0.36,3.8635,2.6887,0,0,1,0,0,0,1,0,0,0,0,0,0,-1
30,10,9,0,1,0,0,0,3,0,0,0,0,0.0,0.8333,3.5908,2.6464,0,1,0,0,0,0,0,0,0,0,0,0,0,-1
46,12,22,0,1,0,1,0,4,0,0,0,0,0.0,0.8478,4.1785,3.085,0,1,0,0,0,0,0,0,0,0,0,0,0,-1
28,2,14,0,1,0,0,0,4,0,0,0,0,0.1786,0.6071,4.3074,1.0,0,1,0,0,0,0,0,0,0,0,0,0,0,-1
33,13,7,0,4,0,0,0,3,0,0,0,0,0.4545,0.2727,3.9455,2.6612,0,0,1,1,0,0,1,0,0,0,0,0,0,-1
22,2,9,0,1,0,0,0,3,0,0,0,0,0.0,0.7727,3.4817,1.0,0,1,0,0,0,0,0,0,0,0,0,0,0,-1
32,10,10,0,1,0,0,0,3,0,0,0,0,0.0,0.8438,3.9261,2.7219,0,1,0,0,0,0,0,0,0,0,0,0,0,-1
33,13,7,0,4,0,0,0,3,0,0,0,0,0.4545,0.2727,3.9683,2.5074,0,0,1,1,0,0,1,0,0,0,0,0,0,-1
25,11,7,0,3,0,0,0,3,0,0,0,0,0.56,0.16,3.6733,2.5949,0,0,1,0,0,0,1,0,0,0,0,0,0,-1
33,13,7,0,4,0,0,0,3,0,0,0,0,0.4545,0.2727,4.0289,2.8731,0,0,1,1,0,0,1,0,0,0,0,0,0,-1
27,14,6,0,3,0,0,0,3,0,0,0,0,0.4815,0.2593,3.7542,2.5027,0,0,1,0,0,0,1,0,0,0,0,0,0,-1
29,14,2,0,3,0,0,0,3,0,0,0,0,0.5517,0.1724,3.5814,2.5567,0,0,1,1,0,0,1,0,0,0,0,0,0,-1
35,15,7,0,4,0,0,0,3,0,0,0,0,0.4857,0.2571,3.9433,2.9559,0,0,1,1,0,0,1,0,0,0,0,0,0,-1
48,16,20,0,1,0,0,0,5,0,0,0,0,0.0,0.8542,4.3635,3.3278,0,1,0,0,0,0,0,0,0,1,1,0,0,-1
31,2,17,0,1,1,0,0,4,0,0,0,0,0.0,0.7742,3.6955,1.0,0,1,0,0,0,0,0,0,0,0,0,0,0,-1
23,12,4,0,3,0,0,0,3,0,0,0,0,0.3913,0.3043,3.6097,2.6258,0,0,1,0,0,0,1,0,0,0,0,0,0,-1
87,15,48,0,3,4,0,0,4,0,0,0,0,0.2069,0.6552,4.7781,3.5069,1,1,0,0,0,0,0,0,0,1,1,0,0,-1
47,15,25,0,4,0,0,0,4,0,0,0,0,0.4468,0.3617,4.2221,2.6892,0,0,1,0,0,0,1,0,0,0,0,0,0,-1
34,13,9,0,1,0,0,0,3,0,0,0,0,0.0,0.8529,3.9398,3.3927,0,1,0,0,0,0,0,0,0,0,0,0,0,-1
24,3,6,0,2,0,0,0,3,0,0,0,0,0.0,0.75,3.5739,0.9183,0,1,0,0,0,0,0,0,0,0,0,0,0,-1
78,11,48,0,3,4,0,0,4,0,0,0,0,0.2692,0.5769,4.7884,3.0958,1,1,0,0,0,0,0,0,0,0,0,0,0,-1
30,9,9,0,1,0,0,0,3,0,0,0,0,0.0,0.8333,4.0566,3.1699,0,1,0,0,0,0,0,0,0,0,0,0,0,-1
29,8,9,0,1,1,0,0,3,0,0,0,0,0.0,0.7931,3.8833,2.5,0,1,0,0,0,0,0,0,0,0,0,0,0,-1
33,13,7,0,4,0,0,0,3,0,0,0,0,0.4545,0.2727,4.0896,3.027,0,0,1,1,0,0,1,0,0,0,0,0,0,-1
27,13,7,0,3,0,0,0,3,0,0,0,0,0.3704,0.3704,4.0043,2.8151,0,0,1,0,0,0,1,0,0,0,0,0,0,-1
29,13,4,0,1,0,0,0,3,0,0,0,0,0.0,0.8276,4.2113,3.3927,0,1,0,0,0,0,0,0,0,0,0,0,0,-1
47,12,20,0,2,0,0,0,5,0,0,0,0,0.0,0.8298,4.2569,3.085,0,1,0,0,0,0,0,0,0,1,1,0,0,-1
49,10,27,0,1,2,0,0,5,0,0,0,0,0.1224,0.6939,4.2937,2.6464,0,1,0,0,0,0,0,0,0,0,0,0,0,-1
60,22,26,0,1,2,0,0,6,0,0,0,0,0.0,0.8333,4.1444,3.3342,0,1,0,0,0,0,0,0,0,0,0,0,0,-1
33,5,16,0,1,0,0,0,4,0,0,0,0,0.0,0.8182,4.0896,2.3219,0,1,0,0,0,0,0,0,0,0,0,0,0,-1
28,13,2,0,3,0,0,0,3,0,0,0,0,0.5357,0.1786,3.655,2.6612,0,0,1,1,0,0,1,0,0,0,0,0,0,-1
33,9,10,0,1,0,1,0,3,0,0,0,0,0.0303,0.7879,4.0061,2.7255,0,0,0,0,0,0,0,0,1,0,0,0,0,-1
61,6,37,0,2,5,0,0,3,0,0,0,0,0.377,0.4426,4.453,2.2516,1,1,0,0,0,0,0,0,0,0,0,0,0,-1
34,14,7,0,4,0,0,0,3,0,0,0,0,0.4706,0.2647,3.9032,2.6456,0,0,1,1,0,0,1,0,0,0,0,0,0,-1
36,3,21,0,1,1,0,0,4,0,0,0,0,0.0,0.8056,4.1416,1.585,0,1,0,0,0,0,0,0,0,0,0,0,0,-1
28,14,7,0,3,0,0,0,3,0,0,0,0,0.3929,0.3571,3.9852,2.7885,0,0,1,0,0,0,1,0,0,0,0,0,0,-1
78,13,13,0,3,3,0,0,3,0,0,0,0,0.0385,0.8333,4.6152,3.3927,1,0,0,0,0,0,0,0,0,0,0,0,0,-1
30,14,9,0,3,0,0,0,4,0,0,0,0,0.4,0.3333,3.8981,2.8424,0,0,1,0,0,0,1,0,0,0,0,0,0,-1
87,28,47,0,2,8,0,0,4,0,0,0,0,0.2069,0.6207,4.6122,3.7804,0,0,0,0,0,0,0,0,0,1,1,0,0,-1
35,11,17,0,4,0,0,0,4,0,0,0,0,0.2571,0.4857,4.0791,2.6635,0,0,1,0,0,0,1,0,0,0,0,0,0,-1
46,18,17,0,1,2,0,0,4,0,0,0,0,0.0,0.8261,4.0773,3.4613,0,1,0,0,0,0,0,0,0,0,0,0,0,-1
34,14,7,0,4,0,0,0,3,0,0,0,0,0.4706,0.2647,3.8222,2.4138,0,0,1,1,0,0,1,0,0,0,0,0,0,-1
28,12,9,0,4,0,0,0,3,0,0,0,0,0.3571,0.3571,4.1375,3.0221,0,0,1,0,0,0,1,0,0,0,0,0,0,-1
29,9,9,0,1,0,0,0,3,0,0,0,0,0.0,0.8276,3.7454,2.4194,0,1,0,0,0,0,0,0,0,0,0,0,0,-1
35,14,9,0,1,0,0,0,3,0,0,0,0,0.0,0.8571,3.9713,3.5216,0,1,0,0,0,0,0,0,0,0,0,0,0,-1
29,14,2,0,3,0,0,0,3,0,0,0,0,0.5517,0.1724,3.8144,2.5567,0,0,1,1,0,0,1,0,0,0,0,0,0,-1
34,13,14,0,4,0,0,0,3,0,0,0,0,0.3235,0.4412,4.1163,2.8151,0,0,1,0,0,0,1,0,0,0,0,0,0,-1
31,14,5,0,3,0,0,0,3,0,0,0,0,0.4839,0.2581,4.0023,2.9852,0,0,1,1,0,0,1,0,0,0,0,0,0,-1
39,7,9,0,2,0,0,0,4,0,0,0,0,0.0256,0.7949,4.1285,2.1281,1,0,0,0,0,0,0,0,0,0,0,0,0,-1
32,14,11,0,3,0,1,0,3,0,0,0,0,0.375,0.375,4.1792,2.6456,0,0,1,0,0,0,1,0,0,0,0,0,0,-1
25,11,7,0,3,0,0,0,3,0,0,0,0,0.44,0.28,3.7533,2.5949,0,0,1,0,0,0,1,0,0,0,0,0,0,-1
33,13,13,0,3,0,0,0,4,0,0,0,0,0.3333,0.4242,3.9912,2.7193,0,0,1,0,0,0,1,0,0,0,0,0,0,-1
25,8,5,0,1,0,0,0,3,0,0,0,0,0.0,0.8,3.7035,3.0,0,1,0,0,0,0,0,0,0,0,0,0,0,-1
29,4,14,0,1,0,0,0,4,0,0,0,0,0.0,0.7931,3.9094,2.0,0,1,0,0,0,0,0,0,0,0,0,0,0,-1
32,5,15,0,1,0,0,0,4,0,0,0,0,0.0625,0.75,3.5664,2.3219,0,1,0,0,0,0,1,0,0,0,0,0,0,-1
22,4,6,0,1,0,0,0,3,0,0,0,0,0.0,0.7727,3.7201,2.0,0,1,0,0,0,0,0,0,0,0,0,0,0,-1
38,6,21,0,1,1,0,0,4,0,0,0,0,0.0,0.8158,4.1029,2.585,0,1,0,0,0,0,0,0,0,0,0,0,0,-1
29,11,6,0,1,0,0,0,3,0,0,0,0,0.0,0.8276,3.9783,2.914,0,1,0,0,0,0,0,0,0,1,1,0,0,-1
34,13,10,0,1,0,0,0,3,0,0,0,0,0.0,0.8529,3.962,3.1808,0,1,0,0,0,0,0,0,0,0,0,0,0,-1
25,13,5,0,3,0,0,0,3,0,0,0,0,0.4,0.32,3.8635,2.8731,0,0,1,0,0,0,1,0,0,0,0,0,0,-1
23,6,6,0,1,0,0,0,3,0,0,0,0,0.0,0.7826,3.6753,1.9183,0,1,0,0,0,0,0,0,0,1,1,1,1,-1
30,11,7,0,1,0,0,0,3,0,0,0,0,0.0,0.8333,3.9899,3.0958,0,1,0,0,0,0,0,0,0,0,0,0,0,-1
37,4,21,0,1,0,0,0,5,0,0,0,0,0.1351,0.6757,4.1087,1.5,0,1,0,0,0,0,0,0,0,0,0,0,0,-1
29,11,7,0,1,0,0,0,3,0,0,0,0,0.0,0.8276,4.0213,2.7322,0,1,0,0,0,0,0,0,0,0,0,0,0,-1
36,10,14,0,1,0,0,0,4,0,0,0,0,0.0556,0.7778,3.9931,2.9219,0,1,0,0,0,0,1,0,0,0,0,0,0,-1
83,21,47,0,2,6,0,0,4,0,0,0,0,0.2169,0.6265,4.6668,3.6538,0,1,0,0,0,0,0,0,0,1,1,0,0,-1
41,14,15,0,1,0,0,0,4,0,0,0,0,0.0,0.8537,4.162,3.0931,0,1,0,0,0,0,0,0,0,0,0,0,0,-1
24,7,6,0,1,0,0,0,3,0,0,0,0,0.0,0.7917,3.8554,2.8074,0,1,0,0,0,0,0,0,0,0,0,0,0,-1
38,7,11,0,3,0,0,0,4,0,0,0,0,0.0263,0.7632,4.2012,2.5216,1,0,0,0,0,0,0,0,0,0,0,0,0,-1
48,4,33,0,1,3,0,0,5,0,0,0,0,0.1042,0.6875,4.4133,2.0,0,1,0,0,0,0,0,0,0,0,0,0,0,-1
37,13,17,0,4,0,0,0,3,0,0,0,0,0.2703,0.5135,4.2089,2.6612,0,0,1,0,0,0,1,0,0,0,0,0,0,-1
35,15,7,0,4,0,0,0,3,0,0,0,0,0.4857,0.2571,3.9789,2.6566,0,0,1,1,0,0,1,0,0,0,0,0,0,-1
29,4,0,12,1,0,0,0,2,1,0,0,1,0.0,0.7931,3.9614,2.0,0,1,0,0,0,0,0,0,0,0,0,0,0,-1
27,8,7,0,1,0,0,0,3,0,0,0,0,0.0,0.8148,3.8282,2.5,0,1,0,0,0,0,0,0,0,0,0,0,0,-1
49,13,29,0,4,0,0,0,5,0,0,0,0,0.4286,0.3673,4.4744,2.4493,0,0,1,0,0,0,1,0,0,0,0,0,0,-1
28,13,2,0,3,0,0,0,3,0,0,0,0,0.5357,0.1786,3.6726,2.4493,0,0,1,1,0,0,1,0,0,0,0,0,0,-1
78,18,47,0,2,5,0,0,4,0,0,0,0,0.2949,0.5513,4.7737,3.3083,0,1,0,0,0,0,0,0,0,1,1,0,0,-1
30,15,2,0,3,0,0,0,3,0,0,0,0,0.5667,0.1667,3.4696,2.3656,0,0,1,1,0,0,1,0,0,0,0,0,0,-1
34,15,12,0,3,0,0,0,4,0,0,0,0,0.3824,0.3824,4.3372,3.0062,0,0,1,0,0,0,1,0,0,0,0,0,0,-1
80,12,1,42,3,4,0,0,3,1,0,0,1,0.2875,0.55,4.72,3.085,1,1,0,0,0,0,0,0,0,0,0,0,0,-1
63,17,34,0,1,1,0,0,5,0,0,0,0,0.0476,0.8254,4.2398,3.2484,0,1,0,0,0,0,1,0,0,0,0,0,0,-1
30,15,2,0,3,0,0,0,3,0,0,0,0,0.5667,0.1667,3.6981,2.4226,0,0,1,1,0,0,1,0,0,0,0,0,0,-1
35,13,15,0,3,0,0,0,4,0,0,0,0,0.4286,0.3429,4.229,2.8731,0,0,1,0,0,0,1,0,0,0,0,0,0,-1
29,13,9,0,3,0,0,0,3,0,0,0,0,0.3448,0.4138,4.0902,2.8151,0,0,1,0,0,0,1,0,0,0,0,0,0,-1
32,5,15,0,1,0,0,0,4,0,0,0,0,0.0,0.8125,3.8042,1.9219,0,1,0,0,0,0,0,0,0,0,0,0,0,-1
28,13,2,0,3,0,0,0,3,0,0,0,0,0.5357,0.1786,3.8693,2.6612,0,0,1,1,0,0,1,0,0,0,0,0,0,-1
37,13,12,0,4,0,0,0,3,0,0,0,0,0.3784,0.3784,4.2293,2.8731,0,0,1,1,0,0,1,0,0,0,0,0,0,-1
30,14,9,0,3,0,0,0,4,0,0,0,0,0.3667,0.3667,4.1899,2.9852,0,0,1,0,0,0,1,0,0,0,0,0,0,-1
29,5,9,0,2,0,0,0,3,0,0,0,0,0.0,0.7931,3.7714,1.9219,0,1,0,0,0,0,0,0,0,0,0,0,0,-1
34,14,7,0,4,0,0,0,3,0,0,0,0,0.4706,0.2647,3.8222,2.217,0,0,1,1,0,0,1,0,0,0,0,0,0,-1
34,14,7,0,4,0,0,0,3,0,0,0,0,0.4706,0.2647,3.9987,3.0391,0,0,1,1,0,0,1,0,0,0,0,0,0,-1
68,13,48,0,4,1,1,0,5,0,0,0,0,0.4559,0.3676,4.4537,2.5654,0,0,1,0,0,0,1,0,0,0,0,0,0,-1
30,15,2,0,3,0,0,0,3,0,0,0,0,0.5667,0.1667,3.6729,2.5559,0,0,1,1,0,0,1,0,0,0,0,0,0,-1
35,9,14,0,1,0,0,0,4,0,0,0,0,0.1429,0.6857,4.5579,2.7255,0,1,0,0,0,0,0,0,0,0,0,0,0,-1
30,7,4,0,2,0,0,0,3,0,0,0,0,0.0,0.8,3.7647,2.1281,1,0,0,0,0,0,0,0,0,0,0,0,0,-1
25,14,4,0,3,0,0,0,3,0,0,0,0,0.52,0.2,3.7231,2.8424,0,0,1,0,0,0,1,0,0,0,0,0,0,-1
41,13,12,0,1,0,1,0,3,0,0,0,0,0.122,0.7073,4.3387,2.8731,0,0,0,1,0,0,0,0,0,0,0,0,0,-1
19,3,4,0,1,0,0,0,3,0,0,0,0,0.0,0.7368,3.6819,1.585,0,1,0,0,0,0,0,0,0,0,0,0,0,-1
87,25,47,0,2,4,0,0,4,0,0,0,0,0.2759,0.5977,4.8664,3.6235,0,1,0,0,0,0,0,0,0,1,1,0,0,-1
28,13,2,0,3,0,0,0,3,0,0,0,0,0.5357,0.1786,3.6995,2.5074,0,0,1,1,0,0,1,0,0,0,0,0,0,-1
33,8,13,0,1,0,0,0,4,0,0,0,0,0.0,0.8182,3.9455,3.0,0,1,0,0,0,0,0,0,0,0,0,0,0,-1
35,15,7,0,4,0,0,0,3,0,0,0,0,0.4857,0.2571,3.976,2.5493,0,0,1,1,0,0,1,0,0,0,0,0,0,-1
31,12,0,6,1,0,0,0,2,1,0,0,1,0.0323,0.7742,4.1155,2.7516,0,1,0,0,0,0,0,0,0,0,0,0,0,-1
26,5,9,0,1,0,0,0,4,0,0,0,0,0.0,0.7692,3.9022,2.3219,0,1,0,0,0,0,0,0,0,0,0,0,0,-1
57,13,37,0,3,0,0,0,4,0,0,0,0,0.2105,0.6491,3.9644,2.8731,0,0,1,0,0,0,1,0,0,0,0,0,0,-1
40,5,7,16,1,0,0,0,3,1,0,0,1,0.0,0.8,4.2062,2.3219,0,1,0,0,0,0,0,0,0,0,0,0,0,-1
48,7,28,0,1,1,0,0,4,0,0,0,0,0.0,0.8542,4.0561,2.5216,0,1,0,0,0,0,0,0,1,0,0,0,0,-1
27,6,10,0,1,0,0,0,3,0,0,0,0,0.0,0.8148,3.9303,2.585,0,1,0,0,0,0,0,0,0,0,0,0,0,-1
34,14,7,0,4,0,0,0,3,0,0,0,0,0.4706,0.2647,3.6794,2.5567,0,0,1,1,0,0,1,0,0,0,0,0,0,-1
64,10,37,0,2,4,0,0,3,0,0,0,0,0.375,0.4688,4.5607,2.6464,1,1,0,0,0,0,0,0,0,0,0,0,0,-1
25,10,2,0,3,0,0,0,3,0,0,0,0,0.48,0.2,3.5435,2.171,0,0,1,1,0,0,1,0,0,0,0,0,0,-1
31,6,14,0,1,0,0,0,3,0,0,0,0,0.0,0.8387,3.9134,2.2516,0,1,0,0,0,0,0,0,0,0,0,0,0,-1
26,13,6,0,3,0,0,0,3,0,0,0,0,0.3846,0.3462,3.921,2.8151,0,0,1,0,0,0,1,0,0,0,0,0,0,-1
35,10,0,12,1,0,0,0,2,1,0,0,1,0.0,0.8286,4.2046,2.9219,0,1,0,0,0,0,0,0,0,0,0,0,0,-1
38,11,15,0,1,0,0,0,4,0,0,0,0,0.0,0.8421,4.1658,2.8454,0,1,0,0,0,0,0,0,0,0,0,0,0,-1
25,13,5,0,3,0,0,0,3,0,0,0,0,0.48,0.24,3.7035,2.8151,0,0,1,0,0,0,1,0,0,0,0,0,0,-1
46,8,26,0,1,1,0,0,6,0,0,0,0,0.0,0.8043,4.2676,2.5,0,1,0,0,0,0,0,0,0,0,0,0,0,-1
35,15,7,0,4,0,0,0,3,0,0,0,0,0.4857,0.2571,4.0791,2.6566,0,0,1,1,0,0,1,0,0,0,0,0,0,-1
28,13,8,0,4,0,0,0,3,0,0,0,0,0.3571,0.3571,4.0391,3.1808,0,0,1,0,0,0,1,0,0,0,0,0,0,-1
25,13,5,0,3,0,0,0,3,0,0,0,0,0.44,0.28,3.9435,2.8731,0,0,1,0,0,0,1,0,0,0,0,0,0,-1
28,6,8,0,1,0,0,0,3,0,0,0,0,0.0,0.8214,4.1106,2.585,0,1,0,0,0,0,0,0,0,0,0,0,0,-1
41,9,17,0,2,1,0,0,4,0,0,0,0,0.0,0.8049,4.0524,2.9477,0,1,0,0,0,0,0,0,0,0,0,0,0,-1
28,13,2,0,3,0,0,0,3,0,0,0,0,0.5357,0.1786,3.8424,2.6612,0,0,1,1,0,0,1,0,0,0,0,0,0,-1
28,13,2,0,3,0,0,0,3,0,0,0,0,0.5357,0.1786,3.7979,2.7193,0,0,1,1,0,0,1,0,0,0,0,0,0,-1
33,4,17,0,1,0,0,0,4,0,0,0,0,0.0,0.8182,4.0667,2.0,0,1,0,0,0,0,0,0,0,0,0,0,0,-1
25,13,5,0,3,0,0,0,3,0,0,0,0,0.4,0.32,3.9435,2.8731,0,0,1,0,0,0,1,0,0,0,0,0,0,-1
30,15,4,0,1,0,0,0,3,0,0,0,0,0.0,0.8333,3.8314,3.1899,0,0,0,0,0,0,0,0,0,0,0,0,0,-1
32,12,7,0,4,0,0,0,3,0,0,0,0,0.4375,0.2812,3.8514,2.6258,0,0,1,1,0,0,1,0,0,0,0,0,0,-1
29,14,2,0,3,0,0,0,3,0,0,0,0,0.5517,0.1724,3.6899,2.2988,0,0,1,1,0,0,1,0,0,0,0,0,0,-1
27,4,11,0,1,0,0,0,4,0,0,0,0,0.0,0.7778,3.7179,1.5,0,1,0,0,0,0,0,0,0,0,0,0,0,-1
23,6,6,0,1,0,0,0,3,0,0,0,0,0.0,0.7826,3.5555,1.9183,0,1,0,0,0,0,0,0,0,1,1,1,1,-1
36,10,14,0,1,0,0,0,4,0,0,0,0,0.0,0.8333,4.0277,2.8464,0,1,0,0,0,0,0,0,0,0,0,0,0,-1
34,14,7,0,4,0,0,0,3,0,0,0,0,0.4706,0.2647,3.8414,2.6106,0,0,1,1,0,0,1,0,0,0,0,0,0,-1
34,7,4,0,2,0,0,0,3,0,0,0,0,0.0294,0.7941,4.1019,2.1281,1,0,0,0,0,0,0,0,0,0,0,0,0,-1
28,13,8,0,4,0,0,0,3,0,0,0,0,0.3571,0.3571,3.8963,2.8731,0,0,1,0,0,0,1,0,0,0,0,0,0,-1
29,14,2,0,3,0,0,0,3,0,0,0,0,0.5517,0.1724,3.7194,2.7534,0,0,1,1,0,0,1,0,0,0,0,0,0,-1
24,5,0,6,1,0,0,0,2,1,0,0,1,0.0417,0.7083,4.0016,1.9219,0,1,0,0,0,0,0,0,0,0,0,0,0,-1
47,14,21,0,1,1,0,0,4,0,0,0,0,0.0,0.8511,4.2137,3.3249,0,1,0,0,0,0,0,0,0,0,0,0,0,-1
27,5,10,0,1,0,0,0,3,0,0,0,0,0.0,0.8148,3.9303,2.3219,0,1,0,0,0,0,0,0,0,0,0,0,0,-1
34,8,14,0,1,0,0,0,4,0,0,0,0,0.0,0.8235,3.9118,3.0,0,1,0,0,0,0,0,0,0,0,0,0,0,-1
24,13,4,0,3,0,0,0,3,0,0,0,0,0.5,0.2083,3.6887,2.8731,0,0,1,0,0,0,1,0,0,0,0,0,0,-1
26,10,4,0,1,0,0,0,3,0,0,0,0,0.0,0.8077,3.9501,2.9219,0,1,0,0,0,0,0,0,0,0,0,0,0,-1
32,14,6,0,1,0,0,0,3,0,0,0,0,0.0,0.8438,3.8431,3.2359,0,1,0,0,0,0,0,0,0,0,0,0,0,-1
25,14,4,0,3,0,0,0,3,0,0,0,0,0.44,0.28,3.7231,2.6456,0,0,1,0,0,0,1,0,0,0,0,0,0,-1
68,11,37,0,2,4,0,0,3,0,0,0,0,0.2794,0.5735,4.7619,3.0958,1,1,0,0,0,0,0,0,0,0,0,0,0,-1
85,22,47,0,2,7,0,0,4,0,0,0,0,0.2235,0.6118,4.6307,3.4085,0,1,0,0,0,0,0,0,0,1,1,0,0,-1
97,37,47,0,2,8,0,0,4,0,0,0,0,0.1856,0.6598,4.7475,4.0539,0,1,0,0,0,0,0,0,0,1,1,0,0,-1
28,13,2,0,3,0,0,0,3,0,0,0,0,0.5357,0.1786,3.7265,2.5654,0,0,1,1,0,0,1,0,0,0,0,0,0,-1
36,6,15,0,2,0,0,0,4,0,0,0,0,0.0,0.8056,4.0934,2.2516,0,1,0,0,0,0,0,0,0,0,0,0,0,-1
29,5,8,0,3,0,0,0,3,0,0,0,0,0.0,0.7586,3.7883,1.9219,1,0,0,0,0,0,0,0,0,0,0,0,0,-1
32,12,7,0,4,0,0,0,3,0,0,0,0,0.4375,0.2812,3.84,2.4591,0,0,1,1,0,0,1,0,0,0,0,0,0,-1
36,14,15,0,5,2,0,0,3,0,0,0,0,0.3333,0.3611,4.0833,2.6106,0,0,1,0,0,0,1,0,0,0,0,0,0,-1
68,13,48,0,4,1,1,0,5,0,0,0,0,0.4412,0.3824,4.2499,2.5654,0,0,1,0,0,0,1,0,0,0,0,0,0,-1
29,13,4,0,3,0,0,0,3,0,0,0,0,0.4828,0.2414,3.552,2.7193,0,0,1,1,0,0,1,0,0,0,0,0,0,-1
28,13,2,0,3,0,0,0,3,0,0,0,0,0.5357,0.1786,3.7979,2.8731,0,0,1,1,0,0,1,0,0,0,0,0,0,-1
27,13,2,0,3,0,0,0,3,0,0,0,0,0.5185,0.1852,3.5282,2.7193,0,0,1,1,0,0,1,0,0,0,0,0,0,-1
32,9,11,0,1,0,0,0,4,0,0,0,0,0.0,0.8125,3.9764,2.9477,0,1,0,0,0,0,0,0,0,0,0,0,0,-1
24,13,4,0,3,0,0,0,3,0,0,0,0,0.5,0.2083,3.7721,2.8731,0,0,1,0,0,0,1,0,0,0,0,0,0,-1
28,5,11,0,1,0,0,0,4,0,0,0,0,0.0,0.7857,3.655,1.9219,0,1,0,0,0,0,0,0,0,0,0,0,0,-1
30,13,10,0,3,0,0,0,4,0,0,0,0,0.3333,0.4,3.9899,2.6612,0,0,1,0,0,0,1,0,0,0,0,0,0,-1
38,6,21,0,1,1,0,0,4,0,0,0,0,0.0,0.8158,3.9907,2.585,0,1,0,0,0,0,0,0,0,0,0,0,0,-1
31,7,10,0,2,0,0,0,3,0,0,0,0,0.0,0.8065,3.889,2.5216,0,1,0,0,0,0,0,0,0,0,0,0,0,-1
48,25,11,0,1,0,0,0,4,0,0,0,0,0.0,0.875,3.7781,3.4333,0,1,0,0,0,0,0,0,0,0,0,0,0,-1
46,5,26,0,1,1,0,0,6,0,0,0,0,0.0,0.8043,4.2077,2.3219,0,1,0,0,0,0,0,0,0,0,0,0,0,-1
32,3,14,0,2,0,0,0,4,0,0,0,0,0.0,0.7812,4.1403,1.585,0,1,0,0,0,0,0,0,0,0,0,0,0,-1
42,14,21,0,4,0,0,0,4,0,0,0,0,0.2857,0.5,3.9871,2.5027,0,0,1,0,0,0,1,0,0,0,0,0,0,-1
29,14,8,0,4,0,0,0,3,0,0,0,0,0.3793,0.3448,4.0473,2.8424,0,0,1,0,0,0,1,0,0,0,0,0,0,-1
25,14,4,0,3,0,0,0,3,0,0,0,0,0.48,0.24,3.6431,2.6456,0,0,1,0,0,0,1,0,0,0,0,0,0,-1
47,20,15,0,1,0,0,0,4,0,0,0,0,0.0,0.8723,4.0441,3.3842,0,1,0,0,0,0,0,0,0,0,0,0,0,-1
31,9,10,0,1,1,0,0,3,0,0,0,0,0.0,0.8065,3.889,2.9477,0,1,0,0,0,0,0,0,0,0,0,0,0,-1
45,9,24,0,1,2,0,0,4,0,0,0,0,0.0889,0.7333,4.1023,2.5033,0,1,0,0,0,0,0,0,0,0,0,0,0,-1
24,7,5,0,1,0,0,0,3,0,0,0,0,0.0,0.7917,3.9702,2.8074,0,1,0,0,0,0,0,0,0,0,0,0,0,-1
26,11,2,0,3,0,0,0,3,0,0,0,0,0.5,0.1923,3.7381,2.6635,0,0,1,1,0,0,1,0,0,0,0,0,0,-1
24,13,4,0,3,0,0,0,3,0,0,0,0,0.4583,0.25,3.8554,2.8731,0,0,1,0,0,0,1,0,0,0,0,0,0,-1
29,13,9,0,4,0,0,0,3,0,0,0,0,0.4138,0.3103,3.9354,2.9689,0,0,1,0,0,0,1,0,0,0,0,0,0,-1
27,10,5,0,1,0,0,0,3,0,0,0,0,0.0,0.8148,3.7821,2.9219,0,1,0,0,0,0,0,0,0,0,0,0,0,-1
28,13,2,0,3,0,0,0,3,0,0,0,0,0.5357,0.1786,3.5976,2.3535,0,0,1,1,0,0,1,0,0,0,0,0,0,-1
37,12,13,0,1,0,0,0,4,0,0,0,0,0.0,0.8378,4.1212,3.0221,0,1,0,0,0,0,0,0,0,0,0,0,0,-1
25,13,5,0,3,0,0,0,3,0,0,0,0,0.44,0.28,3.8635,2.8731,0,0,1,0,0,0,1,0,0,0,0,0,0,-1
38,10,2,13,1,0,0,0,3,1,0,0,1,0.0,0.7895,4.1556,2.9219,0,1,0,0,0,0,0,0,0,0,0,0,0,-1
25,9,4,0,1,0,0,0,3,0,0,0,0,0.0,0.8,4.0537,3.1699,0,1,0,0,0,0,0,0,0,0,0,0,0,-1
29,14,2,0,3,0,0,0,3,0,0,0,0,0.5517,0.1724,3.7883,2.6456,0,0,1,1,0,0,1,0,0,0,0,0,0,-1
28,13,2,0,3,0,0,0,3,0,0,0,0,0.5357,0.1786,3.5567,2.5654,0,0,1,1,0,0,1,0,0,0,0,0,0,-1
33,13,13,0,3,0,0,0,4,0,0,0,0,0.3636,0.3939,4.0667,2.6612,0,0,1,0,0,0,1,0,0,0,0,0,0,-1
84,12,50,0,3,5,0,0,4,0,0,0,0,0.2024,0.6429,4.8672,3.0221,1,1,0,0,0,0,0,0,0,1,1,0,0,-1
27,10,5,0,1,0,0,0,3,0,0,0,0,0.0,0.8148,3.6764,2.6464,0,1,0,0,0,0,0,0,0,0,0,0,0,-1
23,3,8,0,1,0,0,0,3,0,0,0,0,0.0,0.7826,3.7623,1.585,0,1,0,0,0,0,0,0,0,0,0,0,0,-1
35,9,14,0,1,0,0,0,4,0,0,0,0,0.0,0.8286,3.8046,2.7255,0,1,0,0,0,0,0,0,0,0,0,0,0,-1
23,3,9,0,1,0,0,0,3,0,0,0,0,0.0,0.7826,3.7294,1.585,0,1,0,0,0,0,0,0,0,0,0,0,0,-1
30,15,2,0,3,0,0,0,3,0,0,0,0,0.5667,0.1667,3.7396,2.2892,0,0,1,1,0,0,1,0,0,0,0,0,0,-1
33,13,7,0,4,0,0,0,3,0,0,0,0,0.4545,0.2727,4.0896,2.7193,0,0,1,1,0,0,1,0,0,0,0,0,0,-1
28,13,2,0,3,0,0,0,3,0,0,0,0,0.5357,0.1786,3.655,2.6612,0,0,1,1,0,0,1,0,0,0,0,0,0,-1
29,9,8,0,1,0,0,0,3,0,0,0,0,0.0,0.8276,3.8404,2.5033,0,1,0,0,0,0,0,0,0,0,0,0,0,-1
24,3,9,0,1,0,0,0,3,0,0,0,0,0.0,0.7917,3.6054,1.585,0,1,0,0,0,0,0,0,0,0,0,0,0,-1
40,3,14,10,1,0,2,0,4,1,0,0,1,0.25,0.5,4.7219,1.585,0,1,0,0,0,0,1,0,0,0,0,0,0,-1
32,12,7,0,4,0,0,0,3,0,0,0,0,0.4375,0.2812,3.9917,2.8554,0,0,1,1,0,0,1,0,0,0,0,0,0,-1
25,14,4,0,3,0,0,0,3,0,0,0,0,0.52,0.2,3.7231,2.8424,0,0,1,0,0,0,1,0,0,0,0,0,0,-1
45,12,21,0,1,2,0,0,4,0,0,0,0,0.0,0.8222,3.9835,3.0221,0,1,0,0,0,0,0,0,0,0,0,0,0,-1
28,13,2,0,3,0,0,0,3,0,0,0,0,0.5357,0.1786,3.8693,3.027,0,0,1,1,0,0,1,0,0,0,0,0,0,-1
41,15,14,0,1,0,0,0,4,0,0,0,0,0.0,0.8537,4.0524,3.5069,0,1,0,0,0,0,0,0,0,0,0,0,0,-1
26,15,4,0,3,0,0,0,3,0,0,0,0,0.5,0.2308,3.5035,2.5493,0,0,1,0,0,0,1,0,0,0,0,0,0,-1
29,14,8,0,4,0,0,0,3,0,0,0,0,0.3793,0.3448,3.9783,3.0391,0,0,1,0,0,0,1,0,0,0,0,0,0,-1
28,13,2,0,3,0,0,0,3,0,0,0,0,0.5357,0.1786,3.6959,2.4416,0,0,1,1,0,0,1,0,0,0,0,0,0,-1
28,2,14,0,1,0,0,0,3,0,0,0,0,0.0,0.8214,3.8249,1.0,0,1,0,0,0,0,0,0,0,0,0,0,0,-1
79,6,61,0,2,2,0,0,9,0,0,0,0,0.0253,0.7975,4.3822,2.585,0,1,0,0,0,0,0,0,0,1,1,0,0,-1
59,15,32,0,3,0,0,0,5,0,0,0,0,0.3559,0.4746,4.5749,2.7396,0,0,1,1,0,0,1,0,0,0,0,0,0,-1
30,14,9,0,3,0,0,0,4,0,0,0,0,0.4,0.3333,3.8981,2.6456,0,0,1,0,0,0,1,0,0,0,0,0,0,-1
45,13,25,0,4,0,1,0,4,0,0,0,0,0.3111,0.4667,4.2583,2.5654,0,0,1,0,0,0,1,0,0,0,0,0,0,-1
46,13,26,0,4,0,0,0,4,0,0,0,0,0.5435,0.2609,3.6531,2.5074,0,0,1,0,0,0,1,0,0,0,0,0,0,-1
28,4,12,0,1,0,0,0,3,0,0,0,0,0.0,0.8214,3.8518,1.5,0,1,0,0,0,0,0,0,0,0,0,0,0,-1
33,8,14,0,1,0,0,0,4,0,0,0,0,0.1212,0.697,4.332,2.75,0,1,0,0,0,0,0,0,0,0,0,0,0,-1
28,13,2,0,3,0,0,0,3,0,0,0,0,0.5357,0.1786,3.4547,2.2878,0,0,1,1,0,0,1,0,0,0,0,0,0,-1
85,20,1,42,2,4,0,0,3,1,0,0,1,0.2471,0.6118,4.9163,3.5842,1,1,0,0,0,0,0,0,0,0,0,0,0,-1
26,9,5,0,1,0,0,0,3,0,0,0,0,0.0,0.8077,3.7962,2.9477,0,1,0,0,0,0,0,0,0,0,0,0,0,-1
30,11,7,0,1,0,0,0,3,0,0,0,0,0.0,0.8333,4.0314,3.2776,0,1,0,0,0,0,0,0,0,0,0,0,0,-1
42,14,16,0,1,0,0,0,4,0,0,0,0,0.0714,0.7857,4.0323,2.9852,0,1,0,0,0,0,1,0,0,0,0,0,0,-1
36,13,16,0,3,0,1,0,4,0,0,0,0,0.3333,0.4167,4.2737,3.027,0,0,1,0,0,0,1,0,0,0,0,0,0,-1
54,13,34,0,5,0,0,0,4,0,0,0,0,0.1852,0.6296,4.2876,2.8151,0,0,1,0,0,0,1,0,0,0,0,0,0,-1
35,7,16,0,1,1,0,0,4,0,0,0,0,0.0,0.8,3.8973,1.8424,0,1,0,0,0,0,0,0,0,0,0,0,0,-1
26,4,10,0,1,0,0,0,3,0,0,0,0,0.0,0.8077,3.7381,1.5,0,1,0,0,0,0,0,0,0,0,0,0,0,-1
38,10,7,8,1,0,0,0,3,1,0,0,1,0.0,0.8158,4.146,2.6464,0,1,0,0,0,0,0,0,0,0,0,0,0,-1
34,7,7,8,1,0,0,0,3,1,0,0,1,0.0,0.7941,4.1163,2.8074,0,1,0,0,0,0,0,0,0,0,0,0,0,-1
45,9,7,16,1,0,0,0,3,1,0,0,1,0.0,0.8222,4.1613,2.5033,0,1,0,0,0,0,0,0,0,0,0,0,0,-1
30,15,2,0,3,0,0,0,3,0,0,0,0,0.5667,0.1667,3.7396,2.8729,0,0,1,1,0,0,1,0,0,0,0,0,0,-1
32,12,7,0,4,0,0,0,3,0,0,0,0,0.4375,0.2812,3.9917,2.6887,0,0,1,1,0,0,1,0,0,0,0,0,0,-1
41,5,24,0,1,0,0,0,5,0,0,0,0,0.0,0.8293,4.0411,2.3219,0,1,0,0,0,0,0,0,0,0,0,0,0,-1
45,13,25,0,4,0,0,0,4,0,0,0,0,0.2222,0.5778,4.6583,2.6032,0,0,1,0,0,0,1,0,0,0,0,0,0,-1
29,7,0,6,2,0,0,0,2,1,0,0,1,0.0345,0.7241,4.0902,2.8074,0,1,0,0,0,0,0,0,0,0,0,0,0,-1
35,13,10,0,1,0,0,0,3,0,0,0,0,0.0,0.8571,3.7287,2.9312,0,1,0,0,0,0,0,0,0,0,0,0,0,-1
29,11,6,0,1,0,0,0,3,0,0,0,0,0.0,0.8276,3.7849,2.914,0,1,0,0,0,0,0,0,0,0,0,0,0,-1
53,8,33,0,1,3,0,0,5,0,0,0,0,0.0943,0.717,4.5159,2.4056,0,1,0,0,0,0,0,0,0,0,0,0,0,-1
41,16,0,12,1,1,0,0,2,1,0,0,1,0.0,0.8293,4.1875,3.2028,0,1,0,0,0,0,0,0,0,0,0,0,0,-1
26,14,5,0,3,0,0,0,3,0,0,0,0,0.4615,0.2692,3.5074,2.306,0,0,1,0,0,0,1,0,0,0,0,0,0,-1
33,13,7,0,4,0,0,0,3,0,0,0,0,0.4545,0.2727,3.8243,2.4116,0,0,1,1,0,0,1,0,0,0,0,0,0,-1
30,4,11,0,2,0,0,0,4,0,0,0,0,0.0,0.7667,3.8151,2.0,0,1,0,0,0,0,0,0,0,0,0,0,0,-1
80,6,47,14,2,1,1,0,9,1,0,0,1,0.0,0.8,4.7258,2.585,0,1,0,0,0,0,0,0,0,0,0,0,0,-1
32,12,7,0,4,0,0,0,3,0,0,0,0,0.4375,0.2812,3.9292,2.8554,0,0,1,1,0,0,1,0,0,0,0,0,0,-1
34,14,7,0,4,0,0,0,3,0,0,0,0,0.4706,0.2647,3.9369,2.7534,0,0,1,1,0,0,1,0,0,0,0,0,0,-1
34,6,7,8,1,0,0,0,3,1,0,0,1,0.0,0.7941,4.0497,2.2516,0,1,0,0,0,0,0,0,0,0,0,0,0,-1
48,15,21,0,1,1,0,0,4,0,0,0,0,0.0,0.8542,4.1471,3.2729,0,1,0,0,0,0,0,0,0,0,0,0,0,-1
37,9,16,0,1,0,0,0,4,0,0,0,0,0.0,0.8378,4.0131,3.1699,0,1,0,0,0,0,0,0,0,0,0,0,0,-1
31,13,11,0,4,0,0,0,4,0,0,0,0,0.3548,0.3548,4.051,3.027,0,0,1,0,0,0,1,0,0,0,0,0,0,-1
33,13,7,0,4,0,0,0,3,0,0,0,0,0.4545,0.2727,3.9455,2.5074,0,0,1,1,0,0,1,0,0,0,0,0,0,-1
43,4,7,16,2,0,0,0,3,1,0,0,1,0.0,0.7907,4.3679,2.0,0,1,0,0,0,0,0,0,0,0,0,0,0,-1
100,6,68,0,3,7,0,0,6,0,0,0,0,0.21,0.62,4.7303,2.585,1,1,0,0,0,0,0,0,0,0,0,0,0,-1
23,6,5,0,1,0,0,0,3,0,0,0,0,0.0,0.7826,3.7623,2.2516,0,1,0,0,0,0,0,0,0,0,0,0,0,-1
29,5,12,0,1,0,0,0,4,0,0,0,0,0.1379,0.6552,4.0994,2.3219,0,1,0,0,0,0,0,0,0,0,0,0,0,-1
34,10,12,0,1,0,0,0,4,0,0,0,0,0.1176,0.7059,4.1722,3.1219,0,1,0,0,0,0,0,0,0,0,0,0,0,-1
33,13,7,0,4,0,0,0,3,0,0,0,0,0.4545,0.2727,3.9683,2.5654,0,0,1,1,0,0,1,0,0,0,0,0,0,-1
45,14,13,0,3,1,0,0,3,0,0,0,0,0.0,0.8222,4.2356,3.182,1,1,0,0,0,0,0,0,0,0,0,0,0,-1
30,15,2,0,3,0,0,0,3,0,0,0,0,0.5667,0.1667,3.8314,2.7899,0,0,1,1,0,0,1,0,0,0,0,0,0,-1
32,13,12,0,4,0,0,0,3,0,0,0,0,0.3125,0.4375,4.1639,2.7193,0,0,1,0,0,0,1,0,0,0,0,0,0,-1
32,13,0,6,1,0,0,0,2,1,0,0,1,0.0312,0.7812,4.1403,3.0851,0,1,0,0,0,0,0,0,0,0,0,0,0,-1
49,7,30,0,1,2,0,0,5,0,0,0,0,0.102,0.7143,4.467,2.5216,0,1,0,0,0,0,0,0,0,0,0,0,0,-1
36,8,16,0,1,0,0,0,4,0,0,0,0,0.0,0.8333,3.9376,2.75,0,1,0,0,0,0,0,0,0,0,0,0,0,-1
40,15,14,0,1,0,0,0,3,0,0,0,0,0.0,0.875,4.0251,3.0566,0,1,0,0,0,0,0,0,0,0,0,0,0,-1
22,2,8,0,1,0,0,0,3,0,0,0,0,0.0,0.7727,3.8797,1.0,0,1,0,0,0,0,0,0,0,0,0,0,0,-1
33,13,13,0,3,2,0,0,3,0,0,0,0,0.303,0.4242,4.0289,2.5654,0,0,1,0,0,0,1,0,0,0,0,0,0,-1
32,12,7,0,4,0,0,0,3,0,0,0,0,0.4375,0.2812,4.0153,2.6887,0,0,1,1,0,0,1,0,0,0,0,0,0,-1
25,14,4,0,3,0,0,0,3,0,0,0,0,0.44,0.28,3.5329,2.306,0,0,1,0,0,0,1,0,0,0,0,0,0,-1
37,3,19,0,2,0,0,0,4,0,0,0,0,0.0,0.8108,4.2089,1.585,0,1,0,0,0,0,0,0,0,0,0,0,0,-1
34,4,15,0,2,0,0,0,4,0,0,0,0,0.0,0.7941,3.7634,2.0,0,1,0,0,0,0,0,0,0,0,0,0,0,-1
23,3,8,0,1,0,0,0,3,0,0,0,0,0.0,0.7826,3.5014,1.585,0,1,0,0,0,0,0,0,0,0,0,0,0,-1
28,13,2,0,3,0,0,0,3,0,0,0,0,0.5357,0.1786,3.5976,2.6612,0,0,1,1,0,0,1,0,0,0,0,0,0,-1
96,36,47,0,2,8,0,0,4,0,0,0,0,0.1875,0.6562,4.611,3.7181,0,1,0,0,0,0,0,0,0,1,1,0,0,-1
29,6,11,0,1,0,0,0,4,0,0,0,0,0.0,0.7931,3.8664,2.585,0,1,0,0,0,0,0,0,0,0,0,0,0,-1
89,20,1,42,2,5,0,0,3,1,0,0,1,0.2921,0.5618,4.9393,3.6842,1,1,0,0,0,0,0,0,0,0,0,0,0,-1
30,13,10,0,3,0,0,0,4,0,0,0,0,0.4333,0.3,3.8981,2.6612,0,0,1,0,0,0,1,0,0,0,0,0,0,-1
43,13,23,0,4,0,0,0,4,0,0,0,0,0.2326,0.5581,4.4609,2.6612,0,0,1,0,0,0,1,0,0,0,0,0,0,-1
32,5,7,0,4,0,0,0,3,0,0,0,0,0.0,0.75,4.0778,2.3219,2,0,0,0,0,0,0,0,0,0,0,0,0,-1
32,7,13,0,1,1,0,0,4,0,0,0,0,0.0,0.7812,3.9681,2.8074,0,1,0,0,0,0,0,0,0,0,0,0,0,-1
32,1,20,0,1,0,0,0,5,0,0,0,0,0.0,0.7812,3.9886,0.0,0,1,0,0,0,0,0,0,0,1,1,0,0,-1
23,6,5,0,1,0,0,0,3,0,0,0,0,0.0,0.7826,3.5014,2.2516,0,1,0,0,0,0,0,0,0,0,0,0,0,-1
35,14,14,0,4,0,0,0,4,0,0,0,0,0.3143,0.4286,4.1503,2.7885,0,0,1,0,0,0,1,0,0,0,0,0,0,-1
29,14,2,0,3,0,0,0,3,0,0,0,0,0.5517,0.1724,3.6899,2.2988,0,0,1,1,0,0,1,0,0,0,0,0,0,-1
82,20,47,0,2,6,0,0,4,0,0,0,0,0.2927,0.5488,4.6319,3.3087,0,1,0,0,0,0,0,0,0,1,1,0,0,-1
37,3,22,0,1,0,1,0,4,0,0,0,0,0.0,0.8108,4.2497,1.585,0,1,0,0,0,0,0,0,0,0,0,0,0,-1
26,11,2,0,3,0,0,0,3,0,0,0,0,0.5,0.1923,3.6133,2.4131,0,0,1,1,0,0,1,0,0,0,0,0,0,-1
48,3,34,0,1,1,0,0,5,0,0,0,0,0.0,0.8333,4.1038,1.585,0,1,0,0,0,0,0,0,0,0,0,0,0,-1
39,13,19,0,4,0,0,0,4,0,0,0,0,0.2821,0.4872,4.4262,2.6612,0,0,1,0,0,0,1,0,0,1,1,0,0,-1
23,5,6,0,1,0,0,0,3,0,0,0,0,0.0,0.7826,3.6753,2.3219,0,1,0,0,0,0,0,0,0,0,0,0,0,-1
43,10,21,0,4,0,0,0,4,0,0,0,0,0.2791,0.4884,4.3565,2.4464,0,0,1,1,0,0,1,0,0,0,0,0,0,-1
40,13,2,13,1,0,0,0,3,1,0,0,1,0.0,0.8,4.0439,3.027,0,1,0,0,0,0,0,0,0,0,0,0,0,-1
33,13,7,0,4,0,0,0,3,0,0,0,0,0.4545,0.2727,3.9196,2.4416,0,0,1,1,0,0,1,0,0,0,0,0,0,-1
44,4,26,0,2,1,0,0,6,0,0,0,0,0.0,0.7727,4.2007,2.0,0,1,0,0,0,0,0,0,0,0,0,0,0,-1
24,7,5,0,1,0,0,0,3,0,0,0,0,0.0,0.7917,3.6368,2.8074,0,1,0,0,0,0,0,0,0,0,0,0,0,-1
36,10,14,0,1,0,0,0,4,0,0,0,0,0.0,0.8333,3.9166,2.9219,0,1,0,0,0,0,0,0,0,0,0,0,0,-1
33,6,10,0,2,0,0,0,3,0,0,0,0,0.0,0.8182,4.0896,1.9183,1,1,0,0,0,0,0,0,0,1,1,1,0,-1
29,14,8,0,4,0,0,0,3,0,0,0,0,0.3793,0.3448,4.0473,2.8424,0,0,1,0,0,0,1,0,0,0,0,0,0,-1
26,15,4,0,3,0,0,0,3,0,0,0,0,0.4615,0.2692,3.6903,2.6062,0,0,1,0,0,0,1,0,0,0,0,0,0,-1
85,23,47,0,2,6,0,0,4,0,0,0,0,0.2471,0.6,4.6371,3.2405,0,1,0,0,0,0,0,0,0,1,1,0,0,-1
34,14,7,0,4,0,0,0,3,0,0,0,0,0.4706,0.2647,3.9842,2.4138,0,0,1,1,0,0,1,0,0,0,0,0,0,-1
43,13,23,0,4,0,1,0,4,0,0,0,0,0.2791,0.4884,4.432,2.6612,0,0,1,0,0,0,1,0,0,0,0,0,0,-1
26,11,2,0,3,0,0,0,3,0,0,0,0,0.5,0.1923,3.6424,2.4131,0,0,1,1,0,0,1,0,0,0,0,0,0,-1
49,13,29,0,3,0,0,0,4,0,0,0,0,0.2245,0.6122,3.5987,2.8731,0,0,1,0,0,0,1,0,0,0,0,0,0,-1
36,10,9,0,2,0,0,0,3,0,0,0,0,0.0,0.8333,4.1416,3.1219,1,1,0,0,0,0,0,0,0,0,0,0,0,-1
24,4,6,0,2,0,0,0,3,0,0,0,0,0.0,0.75,3.6258,2.0,0,1,0,0,0,0,0,0,0,0,0,0,0,-1
43,14,17,0,1,0,0,0,4,0,0,0,0,0.0,0.8605,3.9209,3.182,0,1,0,0,0,0,0,0,0,0,0,0,0,-1
28,6,10,0,1,0,0,0,3,0,0,0,0,0.0,0.8214,3.8424,2.585,0,1,0,0,0,0,0,0,0,0,0,0,0,-1
38,14,17,0,4,0,1,0,4,0,0,0,0,0.3947,0.3421,4.2608,2.8424,0,0,1,0,0,0,1,0,0,0,0,0,0,-1
29,14,2,0,3,0,0,0,3,0,0,0,0,0.5517,0.1724,3.7194,2.6995,0,0,1,1,0,0,1,0,0,0,0,0,0,-1
32,15,5,0,1,0,0,0,3,0,0,0,0,0.0,0.8438,4.0153,3.5069,0,1,0,0,0,0,0,0,0,0,0,0,0,-1
47,12,24,0,1,0,0,0,5,0,0,0,0,0.0,0.8511,3.9164,2.7516,0,1,0,0,0,0,0,0,0,1,1,0,0,-1
24,5,7,0,1,0,0,0,3,0,0,0,0,0.0,0.7917,3.9702,2.3219,0,1,0,0,0,0,0,0,0,0,0,0,0,-1
72,7,1,42,2,4,0,0,3,1,0,0,1,0.2778,0.5556,4.774,2.8074,1,1,0,0,0,0,1,0,0,0,0,0,0,-1
65,8,37,0,2,4,0,0,3,0,0,0,0,0.3538,0.4923,4.6341,2.75,1,1,0,0,0,0,1,0,0,0,0,0,0,-1
31,6,13,0,1,0,0,0,4,0,0,0,0,0.0,0.8065,4.1155,2.2516,0,1,0,0,0,0,0,0,0,0,0,0,0,-1
26,11,2,0,3,0,0,0,3,0,0,0,0,0.5,0.1923,3.8441,2.5949,0,0,1,1,0,0,1,0,0,0,0,0,0,-1
27,12,2,0,3,0,0,0,3,0,0,0,0,0.5185,0.1852,3.8101,2.6258,0,0,1,1,0,0,1,0,0,0,0,0,0,-1
28,13,2,0,3,0,0,0,3,0,0,0,0,0.5357,0.1786,3.7709,2.4493,0,0,1,1,0,0,1,0,0,0,0,0,0,-1
28,13,2,0,3,0,0,0,3,0,0,0,0,0.5357,0.1786,3.5567,2.4116,0,0,1,1,0,0,1,0,0,0,0,0,0,-1
24,7,5,0,1,0,0,0,3,0,0,0,0,0.0,0.7917,3.8868,2.5216,0,1,0,0,0,0,0,0,0,0,0,0,0,-1
42,8,0,21,1,0,0,0,2,2,1,0,1,0.0,0.8095,4.386,2.75,0,1,0,0,0,0,0,0,0,0,0,0,0,-1
27,7,8,0,1,0,0,0,3,0,0,0,0,0.0,0.8148,3.9582,2.5216,0,1,0,0,0,0,0,0,0,0,0,0,0,-1
36,7,6,0,2,0,0,0,3,0,0,0,0,0.2222,0.5833,4.5378,2.5216,1,0,0,1,0,0,0,0,0,0,0,0,0,-1
22,4,6,0,1,0,0,0,3,0,0,0,0,0.0,0.7727,3.7544,2.0,0,1,0,0,0,0,0,0,0,0,0,0,0,-1
31,11,7,0,4,0,0,0,3,0,0,0,0,0.4194,0.2903,4.0668,2.8454,0,0,1,1,0,0,1,0,0,0,0,0,0,-1
60,3,37,0,2,4,0,0,3,0,0,0,0,0.3333,0.5,4.5318,1.585,1,1,0,0,0,0,1,0,0,0,0,0,0,-1
27,10,5,0,1,0,0,0,3,0,0,0,0,0.0,0.8148,3.5417,2.6464,0,1,0,0,0,0,0,0,0,0,0,0,0,-1
56,12,37,0,3,0,0,0,4,0,0,0,0,0.1964,0.6607,3.9325,2.7925,0,0,1,0,0,0,1,0,0,0,0,0,0,-1
25,11,7,0,3,0,0,0,3,0,0,0,0,0.52,0.2,3.6235,2.5949,0,0,1,0,0,0,1,0,0,0,0,0,0,-1
34,8,14,0,1,0,0,0,3,0,0,0,0,0.0,0.8529,3.8954,2.75,0,1,0,0,0,0,0,0,0,0,0,0,0,-1
48,8,28,0,1,1,0,0,4,0,0,0,0,0.0,0.8542,4.0719,2.5,0,1,0,0,0,0,0,0,0,0,0,0,0,-1
28,13,2,0,3,0,0,0,3,0,0,0,0,0.5357,0.1786,3.6726,2.6032,0,0,1,1,0,0,1,0,0,0,0,0,0,-1
43,10,21,0,1,1,0,0,4,0,0,0,0,0.0,0.8372,4.1558,2.9219,0,1,0,0,0,0,0,0,0,0,0,0,0,-1
68,13,48,0,4,1,1,0,5,0,0,0,0,0.3529,0.4706,4.4066,2.5654,0,0,1,0,0,0,1,0,0,0,0,0,0,-1
34,9,0,12,1,0,0,0,2,1,0,0,1,0.0294,0.7941,4.2195,2.7255,0,1,0,0,0,0,1,0,0,0,0,0,0,-1
24,13,4,0,3,0,0,0,3,0,0,0,0,0.4167,0.2917,3.8554,2.8731,0,0,1,0,0,0,1,0,0,0,0,0,0,-1
26,3,0,7,2,0,0,0,2,1,0,0,1,0.0,0.7308,4.2389,0.9183,0,1,0,0,0,0,0,0,0,0,0,0,0,-1
27,12,2,0,3,0,0,0,3,0,0,0,0,0.5185,0.1852,3.9582,2.8554,0,0,1,1,0,0,1,0,0,0,0,0,0,-1
43,17,14,0,1,0,0,0,4,0,0,0,0,0.1163,0.7442,4.7865,3.7345,0,1,0,0,0,0,0,0,0,0,0,0,0,-1
22,2,7,0,1,0,0,0,3,0,0,0,0,0.0,0.7727,3.7544,1.0,0,1,0,0,0,0,0,0,0,0,0,0,0,-1
42,6,7,16,1,0,0,0,3,1,0,0,1,0.0,0.7857,4.4157,2.585,0,1,0,0,0,0,0,0,0,0,0,0,0,-1
68,13,48,0,4,1,1,0,5,0,0,0,0,0.3676,0.4559,4.3799,2.5654,0,0,1,0,0,0,1,0,0,0,0,0,0,-1
30,15,2,0,3,0,0,0,3,0,0,0,0,0.5667,0.1667,3.7777,2.7899,0,0,1,1,0,0,1,0,0,0,0,0,0,-1
27,9,0,6,1,0,0,0,2,1,0,0,1,0.037,0.7407,4.1343,2.5033,0,1,0,0,0,0,0,0,0,0,0,0,0,-1
22,2,9,0,1,1,0,0,3,0,0,0,0,0.0,0.7273,3.7544,1.0,0,1,0,0,0,0,0,0,0,0,0,0,0,-1
31,5,14,0,1,0,0,0,3,0,0,0,0,0.0,0.8387,3.7726,2.3219,0,1,0,0,0,0,0,0,0,0,0,0,0,-1
34,16,6,0,1,3,0,0,3,0,0,0,0,0.0,0.7647,4.2784,3.2806,0,1,0,0,0,0,0,0,0,0,0,0,0,-1
34,6,16,0,1,0,0,0,4,0,0,0,0,0.0,0.8235,3.9957,2.2516,0,1,0,0,0,0,0,0,0,0,0,0,0,-1
27,12,2,0,3,0,0,0,3,0,0,0,0,0.5185,0.1852,3.6801,2.2925,0,0,1,1,0,0,1,0,0,0,0,0,0,-1
29,14,2,0,3,0,0,0,3,0,0,0,0,0.5517,0.1724,3.8573,2.8424,0,0,1,1,0,0,1,0,0,0,0,0,0,-1
26,12,7,0,4,0,0,0,3,0,0,0,0,0.3462,0.3462,3.9022,2.8554,0,0,1,0,0,0,1,0,0,0,0,0,0,-1
22,5,5,0,1,0,0,0,3,0,0,0,0,0.1364,0.6364,3.7201,2.3219,0,1,0,0,0,0,1,0,0,0,0,0,0,-1
55,12,31,0,4,0,3,0,4,0,0,0,0,0.3636,0.4,4.561,2.6887,0,0,1,1,0,0,1,0,0,0,0,0,0,-1
35,9,14,0,1,0,0,0,4,0,0,0,0,0.1143,0.7143,4.3789,2.7255,0,1,0,0,0,0,0,0,0,0,0,0,0,-1
30,4,14,0,1,0,0,0,3,0,0,0,0,0.0,0.8333,4.0566,2.0,0,1,0,0,0,0,0,0,0,0,0,0,0,-1
29,9,8,0,1,0,0,0,3,0,0,0,0,0.0,0.8276,3.5915,2.9477,0,1,0,0,0,0,0,0,0,0,0,0,0,-1
27,12,2,0,3,0,0,0,3,0,0,0,0,0.5185,0.1852,3.6801,2.6258,0,0,1,1,0,0,1,0,0,0,0,0,0,-1
26,8,6,0,1,0,0,0,3,0,0,0,0,0.0,0.8077,3.9022,2.5,0,1,0,0,0,0,0,0,0,0,0,0,0,-1
30,15,2,0,3,0,0,0,3,0,0,0,0,0.5667,0.1667,3.6566,2.4729,0,0,1,1,0,0,1,0,0,0,0,0,0,-1
25,4,10,0,1,0,0,0,3,0,0,0,0,0.0,0.8,3.6733,1.5,0,1,0,0,0,0,0,0,0,0,0,0,0,-1
25,11,7,0,3,0,0,0,3,0,0,0,0,0.48,0.24,3.9133,2.5949,0,0,1,0,0,0,1,0,0,0,0,0,0,-1
39,7,9,0,2,0,0,0,4,0,0,0,0,0.0,0.8205,4.2143,2.5216,1,0,0,0,0,0,0,0,0,0,0,0,0,-1
34,14,7,0,4,0,0,0,3,0,0,0,0,0.4706,0.2647,3.8666,2.6456,0,0,1,1,0,0,1,0,0,0,0,0,0,-1
22,6,4,0,1,0,0,0,3,0,0,0,0,0.0,0.7727,4.0615,2.585,0,1,0,0,0,0,0,0,0,0,0,0,0,-1
25,8,5,0,1,0,0,0,3,0,0,0,0,0.0,0.8,3.7533,2.1556,0,1,0,0,0,0,0,0,0,0,0,0,0,-1
32,14,6,0,1,0,0,0,3,0,0,0,0,0.0,0.8438,4.132,3.3788,0,1,0,0,0,0,0,0,0,1,1,0,0,-1
37,5,20,0,2,0,0,0,5,0,0,0,0,0.027,0.7568,3.8615,2.3219,0,1,0,0,0,0,0,0,0,1,1,0,0,-1
31,13,11,0,4,0,0,0,3,0,0,0,0,0.3548,0.3871,4.0826,2.8151,0,0,1,0,0,0,1,0,0,0,0,0,0,-1
25,6,7,0,1,0,0,0,3,0,0,0,0,0.0,0.8,3.8333,2.2516,0,1,0,0,0,0,0,0,0,0,0,0,0,-1
25,13,5,0,3,0,0,0,3,0,0,0,0,0.4,0.32,3.9435,2.8731,0,0,1,0,0,0,1,0,0,0,0,0,0,-1
29,13,9,0,4,0,0,0,3,0,0,0,0,0.3448,0.3793,4.0044,2.8731,0,0,1,0,0,0,1,0,0,0,0,0,0,-1
24,7,5,0,1,0,0,0,3,0,0,0,0,0.0,0.7917,3.9387,2.5216,0,1,0,0,0,0,0,0,0,0,0,0,0,-1
25,13,5,0,3,0,0,0,3,0,0,0,0,0.44,0.28,3.8333,2.8731,0,0,1,0,0,0,1,0,0,0,0,0,0,-1
42,6,24,0,1,0,0,0,5,0,0,0,0,0.0,0.8333,4.026,2.585,0,1,0,0,0,0,0,0,0,0,0,0,0,-1
40,3,14,10,1,0,2,0,4,1,0,0,1,0.175,0.575,4.6531,1.585,0,1,0,0,0,0,0,0,0,0,0,0,0,-1
85,6,67,0,4,1,0,0,9,0,0,0,0,0.0353,0.7882,4.4218,2.585,0,1,0,0,0,0,0,0,0,0,0,0,0,-1
60,6,37,0,2,4,0,0,3,0,0,0,0,0.2833,0.55,4.5461,2.585,1,1,0,0,0,0,0,0,0,0,0,0,0,-1
70,13,45,0,2,4,0,0,4,0,0,0,0,0.3714,0.4714,4.7367,3.027,0,1,0,0,0,0,0,0,0,0,0,0,0,-1
38,7,20,0,2,0,0,0,5,0,0,0,0,0.0263,0.7632,4.0079,2.2359,0,1,0,0,0,0,0,0,0,1,1,0,0,-1
40,15,13,0,1,0,0,0,4,0,0,0,0,0.0,0.85,4.0939,3.3736,0,1,0,0,0,0,0,0,0,0,0,0,0,-1
27,6,9,0,1,0,0,0,3,0,0,0,0,0.0,0.8148,3.8101,2.585,0,1,0,0,0,0,0,0,0,0,0,0,0,-1
87,15,48,0,3,4,0,0,4,0,0,0,0,0.2644,0.5977,4.7958,3.5069,1,1,0,0,0,0,0,0,0,0,0,0,0,-1
25,6,7,0,1,0,0,0,3,0,0,0,0,0.0,0.8,3.6235,2.2516,0,1,0,0,0,0,0,0,0,1,1,0,0,-1
38,11,17,0,2,0,0,0,5,0,0,0,0,0.0789,0.7105,4.146,3.0958,0,0,0,0,0,0,1,0,0,0,0,0,0,-1
86,17,53,0,3,1,1,0,8,0,0,0,0,0.0233,0.814,4.2919,3.4548,1,1,0,0,0,0,0,0,0,1,1,0,0,-1
89,29,47,0,2,7,0,0,4,0,0,0,0,0.2472,0.5955,4.7524,3.6933,0,1,0,0,0,0,0,0,0,1,1,0,0,-1
68,13,48,0,4,1,1,0,5,0,0,0,0,0.4265,0.3971,4.3556,2.5654,0,0,1,0,0,0,1,0,0,0,0,0,0,-1
28,4,13,0,1,0,0,0,4,0,0,0,0,0.0,0.7857,3.8249,2.0,0,1,0,0,0,0,0,0,0,0,0,0,0,-1
26,14,5,0,3,0,0,0,3,0,0,0,0,0.4615,0.2692,3.9501,3.0391,0,0,1,0,0,0,1,0,0,0,0,0,0,-1
68,13,37,0,2,4,0,0,3,0,0,0,0,0.3088,0.5441,4.6664,3.3927,1,1,0,0,0,0,1,0,0,0,0,0,0,-1
30,11,4,0,2,0,0,0,3,0,0,0,0,0.0,0.8,4.0314,3.0958,0,1,0,0,0,0,0,0,0,0,0,0,0,-1
64,8,37,0,2,4,0,0,3,0,0,0,0,0.375,0.4688,4.5269,3.0,1,1,0,0,0,0,1,0,0,0,0,0,0,-1
26,4,10,0,1,0,0,0,3,0,0,0,0,0.0,0.8077,4.027,2.0,0,1,0,0,0,0,0,0,0,0,0,0,0,-1
25,3,11,0,1,0,0,0,4,0,0,0,0,0.0,0.76,3.6039,1.585,0,1,0,0,0,0,0,0,0,0,0,0,0,-1
35,15,7,0,4,0,0,0,3,0,0,0,0,0.4857,0.2571,4.0931,2.8226,0,0,1,1,0,0,1,0,0,0,0,0,0,-1
32,12,7,0,4,0,0,0,3,0,0,0,0,0.4375,0.2812,3.8903,2.4591,0,0,1,1,0,0,1,0,0,0,0,0,0,-1
33,13,7,0,4,0,0,0,3,0,0,0,0,0.4545,0.2727,3.8014,2.2878,0,0,1,1,0,0,1,0,0,0,0,0,0,-1
26,14,5,0,3,0,0,0,3,0,0,0,0,0.4615,0.2692,3.8151,2.7885,0,0,1,0,0,0,1,0,0,0,0,0,0,-1
38,5,21,0,1,0,0,0,5,0,0,0,0,0.1316,0.6842,4.196,2.3219,0,1,0,0,0,0,0,0,0,0,0,0,0,-1
31,10,9,0,1,0,0,0,3,0,0,0,0,0.0,0.8387,3.8213,2.8464,0,1,0,0,0,0,0,0,0,0,0,0,0,-1
36,14,15,0,4,0,1,0,3,0,0,0,0,0.4722,0.2778,3.9959,2.6995,0,0,1,0,0,0,1,0,0,0,0,0,0,-1
28,3,13,0,1,0,0,0,4,0,0,0,0,0.0,0.7857,3.9502,1.585,0,1,0,0,0,0,0,0,0,0,0,0,0,-1
29,14,8,0,4,0,0,0,3,0,0,0,0,0.3793,0.3448,4.0473,2.9852,0,0,1,0,0,0,1,0,0,0,0,0,0,-1
25,2,10,0,1,0,0,0,3,0,0,0,0,0.0,0.8,3.7533,1.0,0,1,0,0,0,0,0,0,0,0,0,0,0,-1
30,13,10,0,3,0,0,0,4,0,0,0,0,0.4,0.3333,4.0151,2.7193,0,0,1,0,0,0,1,0,0,0,0,0,0,-1
29,10,7,0,1,0,0,0,3,0,0,0,0,0.0,0.8276,3.8573,3.3219,0,1,0,0,0,0,0,0,0,1,1,0,0,-1
83,6,65,0,2,0,1,0,9,0,0,0,0,0.0723,0.7711,4.6933,2.585,0,1,0,0,0,0,0,0,0,1,1,0,0,-1
26,6,8,0,1,0,0,0,3,0,0,0,0,0.0,0.8077,3.7672,2.2516,0,1,0,0,0,0,0,0,0,1,1,0,0,-1
51,6,27,0,2,2,0,0,4,0,0,0,0,0.0588,0.7647,4.3904,1.9183,1,1,0,0,0,0,0,0,0,1,1,1,0,-1
24,5,0,6,1,0,0,0,2,1,0,0,1,0.0417,0.7083,4.0535,2.3219,0,1,0,0,0,0,0,0,0,0,0,0,0,-1
31,2,14,0,2,0,0,0,4,0,0,0,0,0.0,0.7742,3.7166,1.0,0,1,0,0,0,0,0,0,0,0,0,0,0,-1
32,12,7,0,4,0,0,0,3,0,0,0,0,0.4375,0.2812,4.0778,2.8554,0,0,1,1,0,0,1,0,0,0,0,0,0,-1
28,13,2,0,3,0,0,0,3,0,0,0,0,0.5357,0.1786,3.744,2.6612,0,0,1,1,0,0,1,0,0,0,0,0,0,-1
33,13,9,0,1,1,0,0,3,0,0,0,0,0.0,0.8182,3.9226,3.027,0,1,0,0,0,0,0,0,0,0,0,0,0,-1
33,13,7,0,4,0,0,0,3,0,0,0,0,0.4545,0.2727,4.0896,2.8151,0,0,1,1,0,0,1,0,0,0,0,0,0,-1
28,7,9,0,1,0,0,0,3,0,0,0,0,0.0,0.8214,4.0122,2.8074,0,1,0,0,0,0,0,0,0,0,0,0,0,-1
27,6,9,0,1,0,0,0,3,0,0,0,0,0.0,0.8148,3.8101,2.2516,0,1,0,0,0,0,0,0,0,0,0,0,0,-1
30,15,2,0,3,0,0,0,3,0,0,0,0,0.5667,0.1667,3.7144,2.6892,0,0,1,1,0,0,1,0,0,0,0,0,0,-1
31,5,0,12,1,0,0,0,2,1,0,0,1,0.0,0.8065,4.1557,2.3219,0,1,0,0,0,0,0,0,0,0,0,0,0,-1
28,13,2,0,3,0,0,0,3,0,0,0,0,0.5357,0.1786,3.682,2.5654,0,0,1,1,0,0,1,0,0,0,0,0,0,-1
32,12,7,0,4,0,0,0,3,0,0,0,0,0.4375,0.2812,3.9261,2.5221,0,0,1,1,0,0,1,0,0,0,0,0,0,-1
33,13,7,0,4,0,0,0,3,0,0,0,0,0.4545,0.2727,3.9802,2.2878,0,0,1,1,0,0,1,0,0,0,0,0,0,-1
40,13,20,0,3,0,0,0,4,0,0,0,0,0.25,0.55,4.4842,3.027,0,0,1,0,0,0,1,0,0,0,0,0,0,-1
25,4,9,0,1,0,0,0,3,0,0,0,0,0.0,0.8,3.9435,2.0,0,1,0,0,0,0,0,0,0,0,0,0,0,-1
33,13,7,0,4,0,0,0,3,0,0,0,0,0.4545,0.2727,4.1273,2.8151,0,0,1,1,0,0,1,0,0,0,0,0,0,-1
31,5,14,0,1,0,0,0,3,0,0,0,0,0.0,0.8387,4.0023,2.3219,0,1,0,0,0,0,0,0,0,0,0,0,0,-1
29,14,2,0,3,0,0,0,3,0,0,0,0,0.5517,0.1724,3.6504,2.6456,0,0,1,1,0,0,1,0,0,0,0,0,0,-1
28,16,0,0,1,0,0,0,2,0,0,0,0,0.0,0.8571,3.9408,3.4528,0,1,0,0,0,0,0,0,0,0,0,0,0,-1
25,4,9,0,1,0,0,0,3,0,0,0,0,0.0,0.8,3.7231,2.0,0,1,0,0,0,0,0,0,0,0,0,0,0,-1
29,6,12,0,1,0,0,0,3,0,0,0,0,0.0,0.8276,3.5949,2.585,0,1,0,0,0,0,0,0,0,0,0,0,0,-1
26,11,2,0,3,0,0,0,3,0,0,0,0,0.5,0.1923,3.6133,2.4131,0,0,1,1,0,0,1,0,0,0,0,0,0,-1
29,4,13,0,1,0,0,0,4,0,0,0,0,0.0,0.7931,3.9094,1.5,0,1,0,0,0,0,0,0,0,0,0,0,0,-1
36,16,0,7,1,0,0,0,2,1,0,0,1,0.0,0.8333,4.3848,3.75,0,1,0,0,0,0,0,0,0,0,0,0,0,-1
27,4,11,0,1,0,0,0,4,0,0,0,0,0.0,0.7778,3.5562,2.0,0,1,0,0,0,0,0,0,0,0,0,0,0,-1
24,6,0,6,1,0,0,0,2,1,0,0,1,0.0417,0.7083,3.8554,2.2516,0,1,0,0,0,0,0,0,0,0,0,0,0,-1
36,5,11,0,4,0,0,0,3,0,0,0,0,0.0,0.7778,4.1626,2.3219,2,0,0,0,0,0,0,0,0,0,0,0,0,-1
25,11,7,0,3,0,0,0,3,0,0,0,0,0.48,0.24,3.7035,2.5949,0,0,1,0,0,0,1,0,0,0,0,0,0,-1
31,11,7,0,4,0,0,0,3,0,0,0,0,0.4194,0.2903,3.9621,2.6635,0,0,1,1,0,0,1,0,0,0,0,0,0,-1
31,12,7,0,1,0,0,0,3,0,0,0,0,0.0,0.8387,4.1471,3.4183,0,1,0,0,0,0,0,0,0,0,0,0,0,-1
33,13,7,0,4,0,0,0,3,0,0,0,0,0.4545,0.2727,4.0061,2.6032,0,0,1,1,0,0,1,0,0,0,0,0,0,-1
37,11,12,0,2,1,0,0,3,0,0,0,0,0.0,0.8108,4.1212,2.8454,0,1,0,0,0,0,0,0,0,0,0,0,0,-1
30,15,2,0,3,0,0,0,3,0,0,0,0,0.5667,0.1667,3.8729,3.1899,0,0,1,1,0,0,1,0,0,0,0,0,0,-1
22,5,5,0,1,0,0,0,3,0,0,0,0,0.0,0.7727,3.6635,2.3219,0,1,0,0,0,0,0,0,0,0,0,0,0,-1
25,6,8,0,1,0,0,0,3,0,0,0,0,0.0,0.8,3.8635,2.2516,0,1,0,0,0,0,0,0,0,0,0,0,0,-1
41,14,15,0,1,0,0,0,4,0,0,0,0,0.0,0.8537,4.1203,2.8074,0,1,0,0,0,0,0,0,0,0,0,0,0,-1
30,6,12,0,1,0,0,0,4,0,0,0,0,0.0,0.8,3.8981,2.2516,0,1,0,0,0,0,0,0,0,0,0,0,0,-1
34,10,12,0,1,0,0,0,4,0,0,0,0,0.0,0.8235,3.8954,2.9219,0,1,0,0,0,0,0,0,0,0,0,0,0,-1
25,6,7,0,1,0,0,0,3,0,0,0,0,0.0,0.8,3.7533,2.585,0,1,0,0,0,0,0,0,0,1,1,0,0,-1
30,15,2,0,3,0,0,0,3,0,0,0,0,0.5667,0.1667,3.6477,2.6389,0,0,1,1,0,0,1,0,0,0,0,0,0,-1
80,6,3,52,2,0,0,0,3,2,1,0,1,0.1125,0.7625,5.1602,1.9183,1,1,0,0,0,0,0,0,0,1,1,1,0,-1
35,15,7,0,4,0,0,0,3,0,0,0,0,0.4857,0.2571,4.0576,2.7899,0,0,1,1,0,0,1,0,0,0,0,0,0,-1
33,13,7,0,4,0,0,0,3,0,0,0,0,0.4545,0.2727,3.9832,2.6612,0,0,1,1,0,0,1,0,0,0,0,0,0,-1
36,13,11,0,4,0,0,0,3,0,0,0,0,0.3889,0.3611,4.1972,2.8151,0,0,1,1,0,0,1,0,0,0,0,0,0,-1
31,12,12,0,4,0,0,0,3,0,0,0,0,0.3226,0.4194,4.0911,2.6887,0,0,1,0,0,0,1,0,0,0,0,0,0,-1
45,9,24,0,1,0,0,0,5,0,0,0,0,0.0,0.8444,4.0702,2.4194,0,1,0,0,0,0,0,0,0,1,1,0,0,-1
27,12,2,0,3,0,0,0,3,0,0,0,0,0.5185,0.1852,3.6023,2.3554,0,0,1,1,0,0,1,0,0,0,0,0,0,-1
33,13,7,0,4,0,0,0,3,0,0,0,0,0.4545,0.2727,4.0061,2.5074,0,0,1,1,0,0,1,0,0,0,0,0,0,-1
39,7,21,0,1,1,0,0,4,0,0,0,0,0.0,0.8205,4.2017,2.5216,0,1,0,0,0,0,0,0,0,0,0,0,0,-1
34,14,7,0,4,0,0,0,3,0,0,0,0,0.4706,0.2647,3.9369,2.2988,0,0,1,1,0,0,1,0,0,0,0,0,0,-1
29,14,8,0,4,0,0,0,3,0,0,0,0,0.4483,0.2759,3.7883,2.8424,0,0,1,0,0,0,1,0,0,0,0,0,0,-1
33,13,7,0,4,0,0,0,3,0,0,0,0,0.4545,0.2727,4.0518,2.6612,0,0,1,1,0,0,1,0,0,0,0,0,0,-1
38,14,12,0,1,0,0,0,4,0,0,0,0,0.1053,0.7368,4.1158,3.5216,0,1,0,0,0,0,0,0,0,0,0,0,0,-1
84,21,47,0,2,5,0,0,4,0,0,0,0,0.2381,0.619,4.7029,3.6538,0,1,0,0,0,0,0,0,0,1,1,0,0,-1
51,13,26,0,1,1,0,0,6,0,0,0,0,0.0,0.8235,4.1775,3.1808,0,1,0,0,0,0,0,0,0,0,0,0,0,-1
30,5,11,0,2,0,0,0,4,0,0,0,0,0.0,0.7667,4.1484,2.3219,0,1,0,0,0,0,0,0,0,0,0,0,0,-1
31,11,7,0,4,0,0,0,3,0,0,0,0,0.4194,0.2903,3.9378,2.6635,0,0,1,1,0,0,1,0,0,0,0,0,0,-1
28,3,14,0,1,0,0,0,4,0,0,0,0,0.25,0.5357,4.2359,1.585,0,1,0,0,0,0,1,0,0,0,0,0,0,-1
32,12,7,0,4,0,0,0,3,0,0,0,0,0.4375,0.2812,3.9292,2.6887,0,0,1,1,0,0,1,0,0,0,0,0,0,-1
29,14,2,0,3,0,0,0,3,0,0,0,0,0.5517,0.1724,3.8573,2.8424,0,0,1,1,0,0,1,0,0,0,0,0,0,-1
35,5,10,0,4,0,0,0,3,0,0,0,0,0.0,0.7714,4.1363,2.3219,2,0,0,0,0,0,0,0,0,0,0,0,0,-1
36,4,20,0,1,0,0,0,5,0,0,0,0,0.0,0.8056,4.1388,2.0,0,1,0,0,0,0,0,0,0,1,1,0,0,-1
24,13,4,0,3,0,0,0,3,0,0,0,0,0.4583,0.25,3.6573,2.8731,0,0,1,0,0,0,1,0,0,0,0,0,0,-1
27,6,9,0,1,0,0,0,4,0,0,0,0,0.0,0.7778,3.8842,2.585,0,1,0,0,0,0,0,0,0,0,0,0,0,-1
35,10,13,0,1,0,0,0,4,0,0,0,0,0.0,0.8286,3.8757,3.1219,0,1,0,0,0,0,0,0,0,0,0,0,0,-1
54,20,22,0,1,0,1,0,4,0,0,0,0,0.0,0.8704,4.0789,3.0087,0,1,0,0,0,0,0,0,0,0,0,0,0,-1
29,12,5,0,1,0,0,0,3,0,0,0,0,0.0,0.8276,3.6764,3.085,0,1,0,0,0,0,0,0,0,0,0,0,0,-1
34,14,7,0,4,0,0,0,3,0,0,0,0,0.4706,0.2647,3.9032,2.5027,0,0,1,1,0,0,1,0,0,0,0,0,0,-1
40,6,22,0,1,0,1,0,4,0,0,0,0,0.0,0.825,4.2031,2.2516,0,1,0,0,0,0,0,0,0,0,0,0,0,-1
23,6,5,0,1,0,0,0,3,0,0,0,0,0.0,0.7826,3.7623,2.2516,0,1,0,0,0,0,0,0,0,0,0,0,0,-1
29,14,2,0,3,0,0,0,3,0,0,0,0,0.5517,0.1724,3.7849,2.6385,0,0,1,1,0,0,1,0,0,0,0,0,0,-1
36,16,8,0,1,0,0,0,3,0,0,0,0,0.0,0.8611,4.0833,3.625,0,1,0,0,0,0,0,0,0,0,0,0,0,-1
26,12,2,0,3,0,0,0,3,0,0,0,0,0.5,0.1923,3.5805,2.8554,0,0,1,1,0,0,1,0,0,0,0,0,0,-1
30,12,6,0,1,0,0,0,3,0,0,0,0,0.0,0.8333,3.7111,2.8554,0,1,0,0,0,0,0,0,0,0,0,0,0,-1
28,13,2,0,3,0,0,0,3,0,0,0,0,0.5357,0.1786,3.7709,2.7193,0,0,1,1,0,0,1,0,0,0,0,0,0,-1
24,13,4,0,3,0,0,0,3,0,0,0,0,0.4167,0.2917,3.7721,2.8731,0,0,1,0,0,0,1,0,0,0,0,0,0,-1
28,13,2,0,3,0,0,0,3,0,0,0,0,0.5357,0.1786,3.7979,2.8151,0,0,1,1,0,0,1,0,0,0,0,0,0,-1
32,12,7,0,4,0,0,0,3,0,0,0,0,0.4375,0.2812,4.0778,2.7925,0,0,1,1,0,0,1,0,0,0,0,0,0,-1
29,8,9,0,1,0,0,0,3,0,0,0,0,0.0,0.8276,3.7025,2.5,0,1,0,0,0,0,0,0,0,0,0,0,0,-1
36,12,9,0,2,0,0,0,4,0,0,0,0,0.0,0.8056,4.1416,3.2516,0,1,0,0,0,0,0,0,0,0,0,0,0,-1
33,12,9,0,1,0,0,0,3,0,0,0,0,0.0606,0.7879,4.0896,3.4183,0,1,0,0,0,0,1,0,0,0,0,0,0,-1
44,8,7,16,1,0,0,0,3,1,0,0,1,0.0,0.7955,4.311,2.75,0,1,0,0,0,0,0,0,0,0,0,0,0,-1
30,15,2,0,3,0,0,0,3,0,0,0,0,0.5667,0.1667,3.5777,2.3899,0,0,1,1,0,0,1,0,0,0,0,0,0,-1
84,15,1,42,2,5,0,0,3,1,0,0,1,0.25,0.5952,4.7163,3.0566,1,1,0,0,0,0,0,0,0,0,0,0,0,-1
48,15,21,0,1,1,0,0,4,0,0,0,0,0.0,0.8542,4.1196,2.7899,0,1,0,0,0,0,0,0,0,0,0,0,0,-1
41,9,20,0,3,0,0,0,5,0,0,0,0,0.0732,0.7073,4.0411,2.7255,0,1,0,0,0,0,0,0,0,0,0,0,0,-1
35,15,7,0,4,0,0,0,3,0,0,0,0,0.4857,0.2571,3.9002,2.6062,0,0,1,1,0,0,1,0,0,0,0,0,0,-1
45,5,14,10,2,0,2,0,4,1,0,0,1,0.1556,0.6,4.7195,2.3219,0,1,0,0,0,0,0,0,0,0,0,0,0,-1
34,9,14,0,1,0,0,0,4,0,0,0,0,0.1471,0.6765,4.5358,2.7255,0,1,0,0,0,0,0,0,0,0,0,0,0,-1
85,14,48,0,3,4,0,0,4,0,0,0,0,0.2706,0.5882,4.784,3.3788,1,0,0,0,0,0,0,0,0,0,0,0,0,-1
71,11,47,0,2,4,0,0,4,0,0,0,0,0.2394,0.6056,4.7726,3.0958,0,1,0,0,0,0,0,0,0,1,1,0,0,-1
36,11,0,12,1,0,0,0,2,1,0,0,1,0.0,0.8333,4.2737,3.0272,0,1,0,0,0,0,0,0,0,0,0,0,0,-1
33,8,0,12,1,0,0,0,2,1,0,0,1,0.0,0.8182,4.173,3.0,0,1,0,0,0,0,0,0,0,0,0,0,0,-1
34,14,7,0,4,0,0,0,3,0,0,0,0,0.4706,0.2647,3.9842,2.6106,0,0,1,1,0,0,1,0,0,0,0,0,0,-1
29,9,8,0,1,0,0,0,3,0,0,0,0,0.0,0.8276,3.4275,2.1133,0,1,0,0,0,0,0,0,0,0,0,0,0,-1
45,13,25,0,4,0,0,0,4,0,0,0,0,0.2889,0.5111,4.5526,2.6032,0,0,1,0,0,0,1,0,0,0,0,0,0,-1
34,7,15,0,1,0,0,0,4,0,0,0,0,0.0,0.8235,3.6679,2.5216,0,1,0,0,0,0,0,0,0,0,0,0,0,-1
44,10,0,21,1,0,0,0,2,2,1,0,1,0.0,0.8182,4.3514,2.9219,0,1,0,0,0,0,0,0,0,0,0,0,0,-1
40,9,20,0,2,0,0,0,5,0,0,0,0,0.025,0.775,3.9562,3.1699,0,1,0,0,0,0,0,0,0,1,1,0,0,-1
30,15,2,0,3,0,0,0,3,0,0,0,0,0.5667,0.1667,3.8029,2.6826,0,0,1,1,0,0,1,0,0,0,0,0,0,-1
47,11,7,16,1,0,0,0,3,1,0,0,1,0.0,0.8298,4.305,3.2776,0,1,0,0,0,0,0,0,0,0,0,0,0,-1
29,8,9,0,1,0,0,0,3,0,0,0,0,0.0,0.8276,3.9094,2.75,0,1,0,0,0,0,0,0,0,0,0,0,0,-1
32,12,7,0,4,0,0,0,3,0,0,0,0,0.4375,0.2812,4.0153,2.5221,0,0,1,1,0,0,1,0,0,0,0,0,0,-1
29,12,5,0,1,0,0,0,3,0,0,0,0,0.069,0.7586,4.0642,3.2516,0,1,0,0,0,0,1,0,0,0,0,0,0,-1
42,9,21,0,1,0,0,0,5,0,0,0,0,0.119,0.7143,4.1509,2.7255,0,1,0,0,0,0,0,0,0,0,0,0,0,-1
34,8,14,0,1,0,0,0,4,0,0,0,0,0.0,0.8235,3.7856,3.0,0,1,0,0,0,0,0,0,0,0,0,0,0,-1
33,12,5,0,1,0,0,0,3,0,0,0,0,0.0,0.8485,3.7984,2.9183,0,1,0,0,0,0,0,0,0,0,0,0,0,-1
33,0,20,0,3,0,0,0,5,0,0,0,0,0.0909,0.6364,3.9344,0.0,0,1,0,0,0,0,0,0,0,0,0,0,0,-1
36,6,19,0,1,0,0,0,4,0,0,0,0,0.0,0.8333,4.1762,2.585,0,1,0,0,0,0,0,0,0,0,0,0,0,-1
34,14,7,0,4,0,0,0,3,0,0,0,0,0.4706,0.2647,3.9369,2.7534,0,0,1,1,0,0,1,0,0,0,0,0,0,-1
25,13,5,0,3,0,0,0,3,0,0,0,0,0.4,0.32,3.9435,2.8731,0,0,1,0,0,0,1,0,0,0,0,0,0,-1
26,10,4,0,1,0,0,0,3,0,0,0,0,0.0,0.8077,4.027,3.1219,0,1,0,0,0,0,0,0,0,0,0,0,0,-1
35,11,12,0,1,0,0,0,4,0,0,0,0,0.0,0.8286,4.1503,3.2776,0,1,0,0,0,0,0,0,0,0,0,0,0,-1
28,13,2,0,3,0,0,0,3,0,0,0,0,0.5357,0.1786,3.8693,2.9689,0,0,1,1,0,0,1,0,0,0,0,0,0,-1
69,15,37,0,2,4,0,0,3,0,0,0,0,0.2754,0.5797,4.757,3.2402,1,1,0,0,0,0,0,0,0,0,0,0,0,-1
50,14,7,16,1,0,0,0,3,1,0,0,1,0.0,0.82,4.346,3.2359,0,1,0,0,0,0,0,0,0,0,0,0,0,-1
29,14,2,0,3,0,0,0,3,0,0,0,0,0.5517,0.1724,3.6673,2.5027,0,0,1,1,0,0,1,0,0,0,0,0,0,-1
34,14,7,0,4,0,0,0,3,0,0,0,0,0.4706,0.2647,3.7412,2.217,0,0,1,1,0,0,1,0,0,0,0,0,0,-1
32,7,0,12,1,0,0,0,2,1,0,0,1,0.0,0.8125,4.0153,2.8074,0,1,0,0,0,0,0,0,0,0,0,0,0,-1
25,11,7,0,3,0,0,0,3,0,0,0,0,0.52,0.2,3.6431,2.5949,0,0,1,0,0,0,1,0,0,0,0,0,0,-1
38,6,21,0,1,1,0,0,4,0,0,0,0,0.0,0.8158,3.9579,1.9183,0,1,0,0,0,0,0,0,0,1,1,1,1,-1
27,12,2,0,3,0,0,0,3,0,0,0,0,0.5185,0.1852,3.7542,2.6887,0,0,1,1,0,0,1,0,0,0,0,0,0,-1
34,14,7,0,4,0,0,0,3,0,0,0,0,0.4706,0.2647,3.9032,2.6106,0,0,1,1,0,0,1,0,0,0,0,0,0,-1
22,3,7,0,1,0,0,0,3,0,0,0,0,0.0,0.7727,3.7544,1.585,0,1,0,0,0,0,0,0,0,0,0,0,0,-1
32,6,5,0,2,0,0,0,3,0,0,0,0,0.0,0.8125,3.7539,1.9183,1,1,0,0,0,0,0,0,0,1,1,1,0,-1
25,6,0,6,1,0,0,0,2,1,0,0,1,0.04,0.72,4.1337,2.585,0,1,0,0,0,0,0,0,0,0,0,0,0,-1
32,12,7,0,4,0,0,0,3,0,0,0,0,0.4375,0.2812,3.9139,2.1258,0,0,1,1,0,0,1,0,0,0,0,0,0,-1
29,14,2,0,3,0,0,0,3,0,0,0,0,0.5517,0.1724,3.8144,2.7885,0,0,1,1,0,0,1,0,0,0,0,0,0,-1
35,15,7,0,4,0,0,0,3,0,0,0,0,0.4857,0.2571,3.843,2.2389,0,0,1,1,0,0,1,0,0,0,0,0,0,-1
35,15,7,0,4,0,0,0,3,0,0,0,0,0.4857,0.2571,3.8214,2.2892,0,0,1,1,0,0,1,0,0,0,0,0,0,-1
64,9,37,0,2,4,0,0,3,0,0,0,0,0.2344,0.6094,4.6228,2.7255,1,1,0,0,0,0,0,0,0,0,0,0,0,-1
42,4,27,0,1,2,0,0,5,0,0,0,0,0.1429,0.6429,4.3157,1.5,0,1,0,0,0,0,0,0,0,0,0,0,0,-1
31,13,11,0,4,0,0,0,3,0,0,0,0,0.3548,0.3871,4.1958,2.8151,0,0,1,0,0,0,1,0,0,0,0,0,0,-1
29,13,9,0,3,0,0,0,4,0,0,0,0,0.3793,0.3448,4.1163,2.8151,0,0,1,0,0,0,1,0,0,0,0,0,0,-1
25,11,7,0,3,0,0,0,3,0,0,0,0,0.44,0.28,3.8333,2.5949,0,0,1,0,0,0,1,0,0,0,0,0,0,-1
25,11,7,0,3,0,0,0,3,0,0,0,0,0.44,0.28,3.8333,2.5949,0,0,1,0,0,0,1,0,0,0,0,0,0,-1
28,13,2,0,3,0,0,0,3,0,0,0,0,0.5357,0.1786,3.7709,2.6612,0,0,1,1,0,0,1,0,0,0,0,0,0,-1
45,14,23,0,5,0,0,0,4,0,0,0,0,0.2444,0.5333,4.3559,2.8963,0,1,1,0,0,0,1,0,0,0,0,0,0,-1
34,7,7,8,1,0,0,0,3,1,0,0,1,0.0,0.7941,4.2117,2.5216,0,1,0,0,0,0,0,0,0,0,0,0,0,-1
27,12,2,0,3,0,0,0,3,0,0,0,0,0.5185,0.1852,3.7821,2.8554,0,0,1,1,0,0,1,0,0,0,0,0,0,-1
28,11,10,0,3,0,0,0,4,0,0,0,0,0.2857,0.4286,4.0661,2.8454,0,0,1,0,0,0,1,0,0,0,0,0,0,-1
30,12,6,0,1,0,0,0,3,0,0,0,0,0.0,0.8333,3.9647,3.2516,0,1,0,0,0,0,0,0,0,1,1,0,0,-1
29,14,2,0,3,0,0,0,3,0,0,0,0,0.5517,0.1724,3.578,2.4138,0,0,1,1,0,0,1,0,0,0,0,0,0,-1
24,4,0,7,1,0,0,0,2,1,0,0,1,0.0,0.75,4.0016,2.0,0,1,0,0,0,0,0,0,0,0,0,0,0,-1
36,11,13,0,1,0,0,0,4,0,0,0,0,0.0,0.8333,4.0067,2.8454,0,1,0,0,0,0,0,0,0,0,0,0,0,-1
27,9,6,0,1,0,0,0,3,0,0,0,0,0.0,0.8148,3.736,2.7255,0,1,0,0,0,0,0,0,0,0,0,0,0,-1
44,8,24,0,1,0,0,0,5,0,0,0,0,0.0,0.8409,4.1813,2.75,0,1,0,0,0,0,0,0,0,0,0,0,0,-1
29,14,2,0,3,0,0,0,3,0,0,0,0,0.5517,0.1724,3.7194,2.7534,0,0,1,1,0,0,1,0,0,0,0,0,0,-1
81,21,47,0,2,7,0,0,4,0,0,0,0,0.2222,0.6049,4.7038,3.2728,0,1,0,0,0,0,0,0,0,1,1,0,0,-1
30,9,10,0,1,0,0,0,3,0,0,0,0,0.0,0.8333,4.1396,2.6416,0,1,0,0,0,0,0,0,0,0,0,0,0,-1
27,7,9,0,1,1,0,0,3,0,0,0,0,0.0,0.7778,3.5599,2.5216,0,1,0,0,0,0,0,0,0,0,0,0,0,-1
42,8,0,21,1,0,0,0,2,2,1,0,1,0.0,0.8095,4.3024,2.5,0,1,0,0,0,0,0,0,0,0,0,0,0,-1
37,14,11,0,1,0,0,0,4,0,0,0,0,0.0,0.8378,3.8305,3.3788,0,1,0,0,0,0,0,0,0,0,0,0,0,-1
33,13,7,0,4,0,0,0,3,0,0,0,0,0.4545,0.2727,3.9424,2.5654,0,0,1,1,0,0,1,0,0,0,0,0,0,-1
25,5,5,0,2,0,0,0,3,0,0,0,0,0.0,0.76,3.7835,1.9219,0,1,0,0,0,0,0,0,0,0,0,0,0,-1
33,9,12,0,1,0,0,0,3,0,0,0,0,0.0,0.8485,3.8361,2.7255,0,1,0,0,0,0,0,0,0,0,0,0,0,-1
39,13,14,0,1,0,0,0,4,0,0,0,0,0.0,0.8462,4.2017,3.2389,0,1,0,0,0,0,0,0,0,0,0,0,0,-1
46,20,14,0,1,0,0,0,3,0,0,0,0,0.0,0.8913,3.9452,3.4842,0,1,0,0,0,0,0,0,0,0,0,0,0,-1
33,9,12,0,1,0,0,0,4,0,0,0,0,0.0909,0.7273,4.3549,2.7255,0,1,0,0,0,0,0,0,0,0,0,0,0,-1
27,8,0,6,1,0,0,0,2,1,0,0,1,0.037,0.7407,4.2825,2.75,0,1,0,0,0,0,0,0,0,0,0,0,0,-1
25,5,8,0,1,0,0,0,3,0,0,0,0,0.0,0.8,3.9737,2.3219,0,1,0,0,0,0,0,0,0,0,0,0,0,-1
34,14,7,0,4,0,0,0,3,0,0,0,0,0.4706,0.2647,3.9254,2.6456,0,0,1,1,0,0,1,0,0,0,0,0,0,-1
23,7,5,0,1,0,0,0,3,0,0,0,0,0.0,0.7826,3.7294,2.5216,0,1,0,0,0,0,0,0,0,0,0,0,0,-1
28,9,8,0,1,0,0,0,3,0,0,0,0,0.0,0.8214,3.7534,2.9477,0,1,0,0,0,0,0,0,0,1,1,0,0,-1
30,3,15,0,1,0,0,0,4,0,0,0,0,0.0,0.8,3.7647,1.585,0,1,0,0,0,0,0,0,0,0,0,0,0,-1
30,10,8,0,1,0,0,0,3,0,0,0,0,0.0333,0.8,4.2817,3.1219,0,1,0,0,0,0,1,0,0,0,0,0,0,-1
30,13,10,0,4,0,0,0,3,0,0,0,0,0.3333,0.4,4.1232,2.8151,0,0,1,0,0,0,1,0,0,0,0,0,0,-1
31,12,7,0,1,0,0,0,3,0,0,0,0,0.0,0.8387,4.1958,3.4183,0,1,0,0,0,0,0,0,0,0,0,0,0,-1
64,10,37,0,2,4,0,0,3,0,0,0,0,0.3594,0.4844,4.6796,2.5219,1,1,0,0,0,0,0,0,0,0,0,0,0,-1
40,7,7,10,2,0,0,0,3,1,0,0,1,0.0,0.8,4.1964,2.1281,0,1,0,0,0,0,0,0,0,0,0,0,0,-1
29,14,2,0,3,0,0,0,3,0,0,0,0,0.5517,0.1724,3.8833,2.8424,0,0,1,1,0,0,1,0,0,0,0,0,0,-1
35,15,7,0,4,0,0,0,3,0,0,0,0,0.4857,0.2571,3.8214,2.4989,0,0,1,1,0,0,1,0,0,0,0,0,0,-1
74,14,42,0,2,5,0,0,4,0,0,0,0,0.3243,0.5135,4.7095,3.182,0,1,0,0,0,0,0,0,0,0,0,0,0,-1
21,3,6,0,1,0,0,0,3,0,0,0,0,0.0,0.7619,3.5585,1.585,0,1,0,0,0,0,0,0,0,0,0,0,0,-1
75,12,47,0,2,4,0,0,4,0,0,0,0,0.3333,0.52,4.839,3.4183,0,1,0,0,0,0,0,0,0,1,1,0,0,-1
28,13,2,0,3,0,0,0,3,0,0,0,0,0.5357,0.1786,3.7979,2.6612,0,0,1,1,0,0,1,0,0,0,0,0,0,-1
29,10,0,6,1,1,0,0,2,1,0,0,1,0.0345,0.7241,4.2113,2.7219,0,1,0,0,0,0,0,0,0,0,0,0,0,-1
19,7,0,0,1,0,0,0,2,0,0,0,0,0.0,0.7895,3.9321,2.8074,0,1,0,0,0,0,0,0,0,0,0,0,0,-1
25,10,2,0,3,0,0,0,3,0,0,0,0,0.48,0.2,3.5591,2.0464,0,0,1,1,0,0,1,0,0,0,0,0,0,-1
40,6,19,0,2,1,0,0,5,0,0,0,0,0.0,0.775,4.1062,1.9183,0,1,0,0,0,0,0,0,0,1,1,1,1,-1
27,7,8,0,1,0,0,0,3,0,0,0,0,0.0,0.8148,4.1064,2.5216,0,1,0,0,0,0,0,0,0,0,0,0,0,-1
32,12,7,0,4,0,0,0,3,0,0,0,0,0.4375,0.2812,3.8278,2.1887,0,0,1,1,0,0,1,0,0,0,0,0,0,-1
24,7,5,0,1,0,0,0,3,0,0,0,0,0.0417,0.75,3.4073,2.5216,0,0,0,0,0,0,1,0,0,0,0,0,0,-1
21,4,6,0,1,0,0,0,3,0,0,0,0,0.0,0.7619,3.6178,2.0,0,1,0,0,0,0,0,0,0,0,0,0,0,-1
23,2,10,0,1,0,0,0,3,0,0,0,0,0.0,0.7826,3.6425,1.0,0,1,0,0,0,0,0,0,0,0,0,0,0,-1
34,14,7,0,4,0,0,0,3,0,0,0,0,0.4706,0.2647,4.0653,2.7534,0,0,1,1,0,0,1,0,0,0,0,0,0,-1
31,11,7,0,4,0,0,0,3,0,0,0,0,0.4194,0.2903,3.8489,2.4817,0,0,1,1,0,0,1,0,0,0,0,0,0,-1
45,15,23,0,3,0,2,0,3,0,0,0,0,0.2667,0.5333,4.6524,3.0062,0,0,1,0,0,0,1,0,0,0,0,0,0,-1
32,12,7,0,4,0,0,0,3,0,0,0,0,0.4375,0.2812,3.9139,2.1887,0,0,1,1,0,0,1,0,0,0,0,0,0,-1
34,14,7,0,4,0,0,0,3,0,0,0,0,0.4706,0.2647,3.9987,2.6456,0,0,1,1,0,0,1,0,0,0,0,0,0,-1
30,14,9,0,4,0,0,0,3,0,0,0,0,0.3667,0.3667,4.0151,2.7534,0,0,1,0,0,0,1,0,0,0,0,0,0,-1
23,7,5,0,1,0,0,0,3,0,0,0,0,0.0,0.7826,3.7623,2.5216,0,1,0,0,0,0,0,0,0,0,0,0,0,-1
19,0,5,0,1,0,0,0,3,0,0,0,0,0.0,0.7368,3.5369,0.0,0,1,0,0,0,0,0,0,0,0,0,0,0,-1
43,13,23,0,4,0,0,0,3,0,0,0,0,0.3023,0.5116,4.5165,2.6612,0,0,1,0,0,0,1,0,0,0,0,0,0,-1
23,2,9,0,1,0,0,0,4,0,0,0,0,0.0,0.7391,3.7951,1.0,0,1,0,0,0,0,0,0,0,0,0,0,0,-1
27,12,2,0,3,0,0,0,3,0,0,0,0,0.5185,0.1852,3.6521,2.6258,0,0,1,1,0,0,1,0,0,0,0,0,0,-1
20,3,6,0,1,0,0,0,3,0,0,0,0,0.0,0.75,3.6842,1.585,0,1,0,0,0,0,0,0,0,0,0,0,0,-1
26,4,11,0,1,0,0,0,4,0,0,0,0,0.0,0.7692,3.7774,2.0,0,1,0,0,0,0,0,0,0,0,0,0,0,-1
25,11,7,0,3,0,0,0,3,0,0,0,0,0.44,0.28,3.7533,2.5949,0,0,1,0,0,0,1,0,0,0,0,0,0,-1
23,6,5,0,1,0,0,0,3,0,0,0,0,0.0,0.7826,3.969,2.2516,0,1,0,0,0,0,0,0,0,0,0,0,0,-1
44,5,14,10,2,0,2,0,4,1,0,0,1,0.1591,0.5909,4.7605,1.9219,0,1,0,0,0,0,0,0,0,0,0,0,0,-1
30,10,8,0,1,0,0,0,3,0,0,0,0,0.0,0.8333,4.0566,3.1219,0,1,0,0,0,0,0,0,0,0,0,1,0,-1
24,6,6,0,1,0,0,0,3,0,0,0,0,0.0,0.7917,3.6573,2.2516,0,1,0,0,0,0,0,0,0,0,0,0,0,-1
51,5,34,0,1,1,0,0,5,0,0,0,0,0.0,0.8431,4.1383,2.3219,0,1,0,0,0,0,0,0,0,0,0,0,0,-1
28,6,5,0,2,0,0,0,3,0,0,0,0,0.0,0.7857,3.9677,1.9183,1,1,0,0,0,0,0,0,0,1,1,1,0,-1
30,15,2,0,3,0,0,0,3,0,0,0,0,0.5667,0.1667,3.326,2.4729,0,0,1,1,0,0,1,0,0,0,0,0,0,-1
29,13,9,0,4,0,0,0,3,0,0,0,0,0.3793,0.3448,4.0044,2.8731,0,0,1,0,0,0,1,0,0,0,0,0,0,-1
26,3,12,0,1,0,0,0,4,0,0,0,0,0.1538,0.6154,4.0081,1.585,0,1,0,0,0,0,0,0,0,0,0,0,0,-1
25,7,6,0,1,0,0,0,3,0,0,0,0,0.0,0.8,3.7035,2.1281,0,1,0,0,0,0,0,0,0,0,0,0,0,-1
37,3,22,0,1,0,1,0,4,0,0,0,0,0.0,0.8108,4.1416,1.585,0,1,0,0,0,0,0,0,0,0,0,0,0,-1
26,9,5,0,1,0,0,0,3,0,0,0,0,0.0,0.8077,3.6574,2.7255,0,1,0,0,0,0,0,0,0,0,0,0,0,-1
33,13,7,0,4,0,0,0,3,0,0,0,0,0.4545,0.2727,3.7408,1.9878,0,0,1,1,0,0,1,0,0,0,0,0,0,-1
25,11,7,0,3,0,0,0,3,0,0,0,0,0.52,0.2,3.6431,2.5949,0,0,1,0,0,0,1,0,0,0,0,0,0,-1
29,14,2,0,3,0,0,0,3,0,0,0,0,0.5517,0.1724,3.578,2.6106,0,0,1,1,0,0,1,0,0,0,0,0,0,-1
30,4,14,0,1,0,0,0,4,0,0,0,0,0.1333,0.6667,4.2402,2.0,0,1,0,0,0,0,0,0,0,0,0,0,0,-1
29,14,2,0,3,0,0,0,3,0,0,0,0,0.5517,0.1724,3.7714,2.5567,0,0,1,1,0,0,1,0,0,0,0,0,0,-1
29,13,9,0,4,0,0,0,3,0,0,0,0,0.4138,0.3103,4.0044,2.7193,0,0,1,0,0,0,1,0,0,0,0,0,0,-1
33,13,7,0,4,0,0,0,3,0,0,0,0,0.4545,0.2727,3.8849,2.5654,0,0,1,1,0,0,1,0,0,0,0,0,0,-1
27,12,2,0,3,0,0,0,3,0,0,0,0,0.5185,0.1852,3.6619,2.6258,0,0,1,1,0,0,1,0,0,0,0,0,0,-1
24,6,6,0,1,0,0,0,3,0,0,0,0,0.0,0.7917,3.6054,1.7925,0,1,0,0,0,0,0,0,0,0,0,0,0,-1
24,13,4,0,3,0,0,0,3,0,0,0,0,0.4583,0.25,3.7721,2.8731,0,0,1,0,0,0,1,0,0,0,0,0,0,-1
38,10,16,0,2,0,0,0,3,0,0,0,0,0.0,0.8421,4.1357,3.3219,0,0,0,0,0,0,0,0,0,0,0,0,0,-1
30,15,2,0,3,0,0,0,3,0,0,0,0,0.5667,0.1667,3.8729,2.6062,0,0,1,1,0,0,1,0,0,0,0,0,0,-1
29,14,2,0,3,0,0,0,3,0,0,0,0,0.5517,0.1724,3.6504,2.3527,0,0,1,1,0,0,1,0,0,0,0,0,0,-1
108,14,87,0,4,0,0,0,4,0,0,0,0,0.5741,0.3426,3.769,2.6456,0,0,1,0,0,0,1,0,0,0,0,0,0,-1
28,13,2,0,3,0,0,0,3,0,0,0,0,0.5357,0.1786,3.7265,2.8731,0,0,1,1,0,0,1,0,0,0,0,0,0,-1
27,3,7,0,2,0,0,0,3,0,0,0,0,0.0,0.7778,3.9121,1.585,1,1,0,0,0,0,0,0,0,0,0,0,0,-1
32,7,13,0,1,0,0,0,4,0,0,0,0,0.0,0.8125,3.9917,2.8074,0,1,0,0,0,0,0,0,0,0,0,0,0,-1
27,3,9,0,2,0,0,0,3,0,0,0,0,0.0,0.7778,3.8282,1.585,0,1,0,0,0,0,0,0,0,0,0,0,0,-1
21,4,5,0,1,0,0,0,3,0,0,0,0,0.0,0.7619,3.4992,2.0,0,1,0,0,0,0,0,0,0,0,0,0,0,-1
30,13,10,0,4,0,0,0,4,0,0,0,0,0.4,0.3,3.9069,3.027,0,0,1,0,0,0,1,0,0,0,0,0,0,-1
72,8,1,42,2,4,0,0,3,1,0,0,1,0.3194,0.5139,4.7391,2.75,1,1,0,0,0,0,0,0,0,0,0,0,0,-1
32,10,10,0,1,0,0,0,3,0,0,0,0,0.0,0.8438,4.1556,3.3219,0,1,0,0,0,0,0,0,0,0,0,0,0,-1
30,15,2,0,3,0,0,0,3,0,0,0,0,0.5667,0.1667,3.7396,2.4226,0,0,1,1,0,0,1,0,0,0,0,0,0,-1
24,4,8,0,1,0,0,0,3,0,0,0,0,0.0,0.7917,3.6054,2.0,0,1,0,0,0,0,0,0,0,0,0,0,0,-1
43,13,23,0,4,0,1,0,4,0,0,0,0,0.3023,0.4651,4.3855,2.6612,0,0,1,0,0,0,1,0,0,0,0,0,0,-1
35,15,7,0,4,0,0,0,3,0,0,0,0,0.4857,0.2571,4.1719,2.6062,0,0,1,1,0,0,1,0,0,0,0,0,0,-1
29,14,2,0,3,0,0,0,3,0,0,0,0,0.5517,0.1724,3.6075,2.4138,0,0,1,1,0,0,1,0,0,0,0,0,0,-1
28,7,9,0,1,1,0,0,3,0,0,0,0,0.0,0.7857,4.0122,2.5216,0,1,0,0,0,0,0,0,0,0,0,0,0,-1
35,14,9,0,1,0,0,0,3,0,0,0,0,0.0,0.8571,3.6687,2.6645,0,1,0,0,0,0,0,0,0,0,0,0,0,-1
27,2,0,12,1,0,0,0,2,1,0,0,1,0.0,0.7778,4.1343,1.0,0,1,0,0,0,0,0,0,0,0,0,0,0,-1
26,14,5,0,3,0,0,0,3,0,0,0,0,0.5,0.2308,3.5074,2.306,0,0,1,0,0,0,1,0,0,0,0,0,0,-1
20,3,6,0,1,0,0,0,3,0,0,0,0,0.0,0.75,3.6842,1.585,0,1,0,0,0,0,0,0,0,1,1,0,0,-1
27,8,8,0,1,0,0,0,3,0,0,0,0,0.0,0.8148,3.4858,2.75,0,1,0,0,0,0,0,0,0,0,0,0,0,-1
23,7,5,0,1,0,0,0,3,0,0,0,0,0.0,0.7826,3.8492,2.5216,0,1,0,0,0,0,0,0,0,0,0,0,0,-1
26,6,8,0,1,0,0,0,3,0,0,0,0,0.0,0.8077,3.8441,2.2516,0,1,0,0,0,0,0,0,0,0,0,0,0,-1
40,16,13,0,1,1,0,0,4,0,0,0,0,0.0,0.825,4.1653,3.5,0,1,0,0,0,0,0,0,0,0,0,0,0,-1
27,12,2,0,3,0,0,0,3,0,0,0,0,0.5185,0.1852,3.6521,2.6258,0,0,1,1,0,0,1,0,0,0,0,0,0,-1
27,10,5,0,1,0,0,0,3,0,0,0,0,0.0,0.8148,4.1343,3.1219,0,1,0,0,0,0,0,0,0,0,0,0,0,-1
25,13,5,0,3,0,0,0,3,0,0,0,0,0.4,0.32,3.9435,2.8731,0,0,1,0,0,0,1,0,0,0,0,0,0,-1
52,16,24,0,1,0,0,0,5,0,0,0,0,0.0,0.8654,4.1245,3.25,0,1,0,0,0,0,0,0,0,1,1,0,0,-1
24,13,4,0,3,0,0,0,3,0,0,0,0,0.4167,0.2917,3.8554,2.8731,0,0,1,0,0,0,1,0,0,0,0,0,0,-1
33,13,7,0,4,0,0,0,3,0,0,0,0,0.4545,0.2727,3.8997,2.4493,0,0,1,1,0,0,1,0,0,0,0,0,0,-1
39,13,14,0,3,0,2,0,3,0,0,0,0,0.359,0.3846,4.4387,2.8151,0,0,1,1,0,0,1,0,0,0,0,0,0,-1
42,7,24,0,1,2,0,0,4,0,0,0,0,0.0952,0.7143,4.08,2.5216,0,1,0,0,0,0,0,0,0,0,0,0,0,-1
23,5,6,0,1,0,0,0,3,0,0,0,0,0.0,0.7826,3.5512,2.3219,0,1,0,0,0,0,0,0,0,0,0,0,0,-1
37,9,16,0,1,0,0,0,4,0,0,0,0,0.0,0.8378,4.0468,2.9477,0,1,0,0,0,0,0,0,0,0,0,0,0,-1
34,7,15,0,1,0,0,0,4,0,0,0,0,0.0,0.8235,3.584,2.8074,0,1,0,0,0,0,0,0,0,0,0,0,0,-1
32,15,5,0,1,0,0,0,3,0,0,0,0,0.0,0.8438,3.9056,3.3736,0,1,0,0,0,0,0,0,0,0,0,0,0,-1
26,14,5,0,3,0,0,0,3,0,0,0,0,0.5,0.2308,3.6322,2.306,0,0,1,0,0,0,1,0,0,0,0,0,0,-1
34,14,7,0,4,0,0,0,3,0,0,0,0,0.4706,0.2647,3.8414,2.2709,0,0,1,1,0,0,1,0,0,0,0,0,0,-1
28,13,2,0,3,0,0,0,3,0,0,0,0,0.5357,0.1786,3.655,2.6612,0,0,1,1,0,0,1,0,0,0,0,0,0,-1
50,16,0,21,1,0,0,0,2,2,1,0,1,0.0,0.84,4.264,3.3278,0,1,0,0,0,0,0,0,0,0,0,0,0,-1
91,29,47,0,2,6,0,0,4,0,0,0,0,0.2198,0.6374,4.6635,4.0213,0,1,0,0,0,0,0,0,0,1,1,0,0,-1
33,13,7,0,4,0,0,0,3,0,0,0,0,0.4545,0.2727,3.7408,2.4416,0,0,1,1,0,0,1,0,0,0,0,0,0,-1
33,13,7,0,4,0,0,0,3,0,0,0,0,0.4545,0.2727,4.0061,2.8731,0,0,1,1,0,0,1,0,0,0,0,0,0,-1
80,11,1,42,2,5,0,0,3,1,0,0,1,0.3,0.5375,4.9169,3.0958,1,1,0,0,0,0,0,0,0,0,0,0,0,-1
96,25,47,0,3,4,0,0,4,0,0,0,0,0.1771,0.6979,4.8132,3.7533,1,1,0,0,0,0,0,0,0,1,1,0,0,-1
40,11,17,0,1,0,0,0,4,0,0,0,0,0.0,0.85,3.9439,3.0958,0,1,0,0,0,0,0,0,0,0,0,0,0,-1
82,10,50,0,3,4,0,0,4,0,0,0,0,0.1951,0.6585,4.7502,2.9219,1,1,0,0,0,0,0,0,0,1,1,0,0,-1
34,9,0,12,1,0,0,0,2,1,0,0,1,0.0,0.8235,4.2784,2.7255,0,1,0,0,0,0,0,0,0,0,0,0,0,-1
30,2,2,13,1,0,0,0,3,1,0,0,1,0.0,0.7333,3.8729,1.0,0,1,0,0,0,0,0,0,0,0,0,0,0,-1
30,10,0,7,1,0,0,0,2,1,0,0,1,0.0,0.8,4.1484,2.8464,0,1,0,0,0,0,0,0,0,0,0,0,0,-1
32,10,8,0,1,0,0,0,3,0,0,0,0,0.0,0.8438,3.9681,2.9219,0,1,0,0,0,0,0,0,0,0,0,0,0,-1
42,13,22,0,4,0,1,0,4,0,0,0,0,0.2857,0.4762,4.404,2.6612,0,0,1,0,0,0,1,0,0,0,0,0,0,-1
33,15,11,0,4,0,0,0,3,0,0,0,0,0.3636,0.3939,4.2108,3.0062,0,0,1,0,0,0,1,0,0,0,0,0,0,-1
27,10,5,0,1,0,0,0,3,0,0,0,0,0.0,0.8148,3.9582,2.9219,0,1,0,0,0,0,0,0,0,0,0,0,0,-1
31,13,11,0,4,0,0,0,3,0,0,0,0,0.3548,0.3871,3.8489,2.6612,0,0,1,0,0,0,1,0,0,0,0,0,0,-1
45,20,0,12,1,0,0,0,2,1,0,0,1,0.0,0.8667,4.3559,3.8219,0,1,0,0,0,0,0,0,0,0,0,0,0,-1
34,14,7,0,4,0,0,0,3,0,0,0,0,0.4706,0.2647,3.8888,2.4138,0,0,1,1,0,0,1,0,0,0,0,0,0,-1
32,9,11,0,2,0,0,0,3,0,0,0,0,0.0,0.8125,4.0931,2.9477,0,1,0,0,0,0,0,0,0,0,0,0,0,-1
33,10,11,0,2,0,0,0,3,0,0,0,0,0.0,0.8182,3.9455,2.6464,0,1,0,0,0,0,0,0,0,0,0,0,0,-1
33,3,7,10,1,0,0,0,3,1,0,0,1,0.0,0.7879,4.1502,1.585,0,1,0,0,0,0,0,0,0,0,0,0,0,-1
29,10,7,0,1,0,0,0,3,0,0,0,0,0.0,0.8276,3.8833,2.9219,0,1,0,0,0,0,0,0,0,0,0,0,0,-1
32,14,11,0,4,0,0,0,3,0,0,0,0,0.3438,0.4062,4.0389,2.8963,0,0,1,0,0,0,1,0,0,0,0,0,0,-1
89,13,48,0,3,4,0,0,4,0,0,0,0,0.2022,0.6629,4.6648,3.3927,1,1,0,0,0,0,0,0,0,1,1,0,0,-1
20,4,5,0,1,0,0,0,3,0,0,0,0,0.0,0.75,3.4087,2.0,0,1,0,0,0,0,0,0,0,0,0,0,0,-1
34,9,13,0,1,0,0,0,4,0,0,0,0,0.0,0.8235,3.9147,2.7255,0,1,0,0,0,0,0,0,0,0,0,0,0,-1
42,6,24,0,1,0,0,0,5,0,0,0,0,0.0,0.8333,4.0237,2.585,0,1,0,0,0,0,0,0,0,0,0,0,0,-1
39,3,24,0,1,0,0,0,5,0,0,0,0,0.0,0.8205,4.0166,1.585,0,1,0,0,0,0,0,0,0,1,1,0,0,-1
34,14,7,0,4,0,0,0,3,0,0,0,0,0.4706,0.2647,4.0209,2.7885,0,0,1,1,0,0,1,0,0,0,0,0,0,-1
39,13,14,0,1,0,0,0,3,0,0,0,0,0.0,0.8718,4.0991,3.027,0,1,0,0,0,0,0,0,0,0,0,0,0,-1
29,4,0,12,1,0,0,0,2,1,0,0,1,0.0,0.7931,4.0044,2.0,0,1,0,0,0,0,0,0,0,0,0,0,0,-1
26,4,11,0,2,0,0,0,3,0,0,0,0,0.0,0.7692,3.8731,2.0,0,1,0,0,0,0,0,0,0,0,0,0,0,-1
34,8,14,0,1,0,0,0,4,0,0,0,0,0.0,0.8235,4.0064,3.0,0,1,0,0,0,0,0,0,0,0,0,0,0,-1
29,14,2,0,3,0,0,0,3,0,0,0,0,0.5517,0.1724,3.7883,2.7534,0,0,1,1,0,0,1,0,0,0,0,0,0,-1
28,3,14,0,1,0,0,0,4,0,0,0,0,0.0,0.7857,3.9677,1.585,0,1,0,0,0,0,0,0,0,0,0,0,0,-1
18,2,5,0,1,0,0,0,3,0,0,0,0,0.0,0.7222,3.3083,1.0,0,1,0,0,0,0,0,0,0,0,0,0,0,-1
26,10,4,0,1,0,0,0,3,0,0,0,0,0.0,0.8077,4.1039,3.1219,0,1,0,0,0,0,0,0,0,0,0,0,0,-1
32,6,14,0,1,0,0,0,4,0,0,0,0,0.0,0.8125,4.0778,2.585,0,1,0,0,0,0,0,0,0,0,0,0,0,-1
32,12,7,0,4,0,0,0,3,0,0,0,0,0.4375,0.2812,3.9917,2.6887,0,0,1,1,0,0,1,0,0,0,0,0,0,-1
28,13,2,0,3,0,0,0,3,0,0,0,0,0.5357,0.1786,3.8249,2.5654,0,0,1,1,0,0,1,0,0,0,0,0,0,-1
41,20,9,0,1,3,0,0,3,0,0,0,0,0.0,0.8049,4.2107,3.5219,0,1,0,0,0,0,0,0,0,0,0,0,0,-1
34,16,0,6,1,0,0,0,2,1,0,0,1,0.0294,0.7941,4.0545,3.0,0,1,0,0,0,0,0,0,0,0,0,0,0,-1
34,12,10,0,1,0,0,0,3,0,0,0,0,0.0882,0.7647,3.9513,2.7925,0,1,0,0,0,0,1,0,0,0,0,0,0,-1
34,14,7,0,4,0,0,0,3,0,0,0,0,0.4706,0.2647,3.962,2.8424,0,0,1,1,0,0,1,0,0,0,0,0,0,-1
35,15,7,0,4,0,0,0,3,0,0,0,0,0.4857,0.2571,3.8186,2.6892,0,0,1,1,0,0,1,0,0,0,0,0,0,-1
33,13,7,0,4,0,0,0,3,0,0,0,0,0.4545,0.2727,3.9077,2.6032,0,0,1,1,0,0,1,0,0,0,0,0,0,-1
39,21,6,0,1,0,0,0,3,0,0,0,0,0.0,0.8718,3.8014,3.4273,0,1,0,0,0,0,0,0,0,0,0,0,0,-1
32,12,8,0,1,0,0,0,3,0,0,0,0,0.0,0.8438,3.8042,3.085,0,1,0,0,0,0,0,0,0,0,0,0,0,-1
26,6,8,0,1,0,0,0,3,0,0,0,0,0.0,0.8077,3.7672,2.2516,0,1,0,0,0,0,0,0,0,1,1,0,0,-1
26,5,9,0,1,0,0,0,3,0,0,0,0,0.0,0.8077,3.8441,2.3219,0,1,0,0,0,0,0,0,0,0,0,0,0,-1
25,14,4,0,3,0,0,0,3,0,0,0,0,0.44,0.28,3.5329,2.306,0,0,1,0,0,0,1,0,0,0,0,0,0,-1
35,4,7,8,2,0,0,0,3,1,0,0,1,0.0,0.7714,4.0256,1.5,0,1,0,0,0,0,0,0,0,0,0,0,0,-1
31,14,10,0,3,0,1,0,3,0,0,0,0,0.4194,0.3226,3.9779,2.6456,0,0,1,0,0,0,1,0,0,0,0,0,0,-1
69,15,37,0,2,4,0,0,3,0,0,0,0,0.3333,0.5217,4.7095,3.2402,1,1,0,0,0,0,0,0,0,0,0,0,0,-1
21,4,5,0,1,0,0,0,3,0,0,0,0,0.0,0.7619,3.7849,2.0,0,1,0,0,0,0,0,0,0,0,0,0,0,-1
90,7,35,0,4,5,1,0,4,0,0,0,0,0.1111,0.7222,5.099,2.5216,2,1,0,0,0,0,0,0,0,0,0,0,0,-1
28,7,9,0,1,0,0,0,3,0,0,0,0,0.0,0.8214,3.7804,2.5216,0,1,0,0,0,0,0,0,0,0,0,0,0,-1
30,15,7,0,4,0,0,0,3,0,0,0,0,0.4,0.3333,3.7899,2.6062,0,1,1,0,0,0,1,0,0,0,0,0,0,-1
31,6,13,0,1,0,0,0,4,0,0,0,0,0.0,0.8065,4.2445,2.2516,0,1,0,0,0,0,0,0,0,0,0,0,0,-1
35,11,17,0,4,0,0,0,4,0,0,0,0,0.2571,0.4857,4.0004,2.6635,0,0,1,0,0,0,1,0,0,0,0,0,0,-1
49,13,29,0,4,0,0,0,5,0,0,0,0,0.4286,0.3673,4.3753,2.4493,0,0,1,0,0,0,1,0,0,0,0,0,0,-1
42,14,21,0,4,0,0,0,4,0,0,0,0,0.3095,0.4762,3.9098,2.5027,0,0,1,0,0,0,1,0,0,0,0,0,0,-1
29,5,9,0,2,0,0,0,3,0,0,0,0,0.0,0.7931,3.7975,1.9219,0,1,0,0,0,0,0,0,0,0,0,0,0,-1
25,5,8,0,1,0,0,0,3,0,0,0,0,0.0,0.8,3.7035,2.3219,0,1,0,0,0,0,0,0,0,0,0,0,0,-1
35,4,7,8,2,0,0,0,3,1,0,0,1,0.0,0.7714,4.2214,1.5,0,1,0,0,0,0,0,0,0,0,0,0,0,-1
33,8,13,0,1,0,0,0,4,0,0,0,0,0.0,0.8182,3.9683,2.25,0,1,0,0,0,0,0,0,0,0,0,0,0,-1
38,17,9,0,1,0,0,0,3,0,0,0,0,0.0,0.8684,3.8854,3.4548,0,1,0,0,0,0,0,0,0,0,0,0,0,-1
32,14,11,0,4,0,0,0,3,0,0,0,0,0.3438,0.4062,4.2028,2.8424,0,0,1,0,0,0,1,0,0,0,0,0,0,-1
30,15,2,0,3,0,0,0,3,0,0,0,0,0.5667,0.1667,3.6892,2.6892,0,0,1,1,0,0,1,0,0,0,0,0,0,-1
37,6,19,0,1,1,0,0,5,0,0,0,0,0.0,0.7838,3.8482,2.2516,0,1,0,0,0,0,0,0,0,0,0,0,0,-1
41,8,17,0,2,0,0,0,4,0,0,0,0,0.0976,0.7073,4.2291,2.75,0,0,0,1,0,0,0,0,0,0,0,0,0,-1
84,24,47,0,2,6,0,0,4,0,0,0,0,0.25,0.5952,4.7867,3.8035,0,1,0,0,0,0,0,0,0,1,1,0,0,-1
80,20,47,0,2,7,0,0,4,0,0,0,0,0.275,0.55,4.8102,3.5842,0,1,0,0,0,0,0,0,0,1,1,0,0,-1
31,14,10,0,3,0,0,0,4,0,0,0,0,0.3871,0.3548,4.0023,2.6106,0,0,1,0,0,0,1,0,0,0,0,0,0,-1
38,11,15,0,1,0,0,0,4,0,0,0,0,0.0,0.8421,4.1357,2.914,0,1,0,0,0,0,0,0,0,0,0,0,0,-1
43,6,14,10,1,0,2,0,4,1,0,0,1,0.1628,0.6047,4.8041,2.2516,0,1,0,0,0,0,0,0,0,0,0,0,0,-1
24,13,4,0,3,0,0,0,3,0,0,0,0,0.4167,0.2917,3.8554,2.8731,0,0,1,0,0,0,1,0,0,0,0,0,0,-1
36,14,15,0,4,0,0,0,4,0,0,0,0,0.3056,0.4444,4.0169,2.4138,0,0,1,0,0,0,1,0,0,0,0,0,0,-1
33,11,15,0,4,0,0,0,4,0,0,0,0,0.2727,0.4545,4.3777,3.0272,0,0,1,0,0,0,1,0,0,0,0,0,0,-1
28,13,2,0,3,0,0,0,3,0,0,0,0,0.5357,0.1786,3.7979,2.8151,0,0,1,1,0,0,1,0,0,0,0,0,0,-1
21,9,0,0,1,0,0,0,2,0,0,0,0,0.0,0.8095,3.5945,2.7255,0,1,0,0,0,0,0,0,0,0,0,0,0,-1
28,14,7,0,4,0,0,0,3,0,0,0,0,0.3929,0.3214,3.8249,2.6995,0,0,1,0,0,0,1,0,0,0,0,0,0,-1
20,5,4,0,1,0,0,0,3,0,0,0,0,0.0,0.75,3.6464,1.9219,0,1,0,0,0,0,0,0,0,1,1,1,1,-1
24,13,4,0,3,0,0,0,3,0,0,0,0,0.4583,0.25,3.8554,2.8731,0,0,1,0,0,0,1,0,0,0,0,0,0,-1
44,10,22,0,1,0,1,0,4,0,0,0,0,0.0,0.8409,4.1724,2.9219,0,1,0,0,0,0,0,0,0,0,0,0,0,-1
93,18,48,0,3,4,0,0,4,0,0,0,0,0.1935,0.6774,4.7539,3.4194,1,1,0,0,0,0,0,0,0,1,1,0,0,-1
34,14,7,0,4,0,0,0,3,0,0,0,0,0.4706,0.2647,3.9369,2.7534,0,0,1,1,0,0,1,0,0,0,0,0,0,-1
28,13,2,0,3,0,0,0,3,0,0,0,0,0.5357,0.1786,3.8154,2.8731,0,0,1,1,0,0,1,0,0,0,0,0,0,-1
34,14,7,0,4,0,0,0,3,0,0,0,0,0.4706,0.2647,4.1019,2.7534,0,0,1,1,0,0,1,0,0,0,0,0,0,-1
71,16,37,0,2,4,0,0,3,0,0,0,0,0.1831,0.6761,4.7448,3.2028,1,1,0,0,0,0,0,0,0,0,0,0,0,-1
30,3,12,0,2,0,0,0,3,0,0,0,0,0.0,0.8,3.9614,1.585,0,1,0,0,0,0,0,0,0,0,0,0,0,-1
28,13,2,0,3,0,0,0,3,0,0,0,0,0.5357,0.1786,3.655,2.7193,0,0,1,1,0,0,1,0,0,0,0,0,0,-1
27,8,0,6,1,0,0,0,2,1,0,0,1,0.037,0.7407,3.8101,2.5,0,1,0,0,0,0,0,0,0,0,0,0,0,-1
41,13,14,0,2,0,0,0,3,0,0,0,0,0.0,0.8537,4.1595,2.6612,0,1,0,0,0,0,0,0,0,0,0,0,0,-1
25,4,6,0,2,0,0,0,3,0,0,0,0,0.0,0.76,3.5435,1.5,0,1,0,0,0,0,0,0,0,0,0,0,0,-1
33,3,7,10,1,0,0,0,3,1,0,0,1,0.0,0.7879,4.1273,1.585,0,1,0,0,0,0,0,0,0,0,0,0,0,-1
31,8,12,0,1,0,0,0,3,0,0,0,0,0.0,0.8387,3.7324,2.75,0,1,0,0,0,0,0,0,0,0,0,0,0,-1
51,8,30,0,1,2,0,0,5,0,0,0,0,0.098,0.7255,4.364,3.0,0,1,0,0,0,0,0,0,0,0,0,0,0,-1
65,8,37,0,2,4,0,0,3,0,0,0,0,0.3385,0.5077,4.6472,2.25,1,1,0,0,0,0,1,0,0,0,0,0,0,-1
23,3,8,0,1,0,0,0,3,0,0,0,0,0.0,0.7826,3.969,1.585,0,1,0,0,0,0,0,0,0,0,0,0,0,-1
42,3,27,0,1,2,0,0,5,0,0,0,0,0.1429,0.6429,4.2977,1.585,0,1,0,0,0,0,0,0,0,0,0,0,0,-1
41,7,22,0,1,1,0,0,5,0,0,0,0,0.1463,0.6585,4.169,2.5216,0,1,0,0,0,0,0,0,0,0,0,0,0,-1
26,14,5,0,3,0,0,0,3,0,0,0,0,0.4615,0.2692,3.8151,2.7885,0,0,1,0,0,0,1,0,0,0,0,0,0,-1
89,30,47,0,2,8,0,0,4,0,0,0,0,0.191,0.6404,4.7754,3.9647,0,0,0,0,0,0,0,0,0,1,1,0,0,-1
23,3,9,0,1,0,0,0,4,0,0,0,0,0.0,0.7391,3.6212,1.585,0,1,0,0,0,0,0,0,0,0,0,0,0,-1
25,13,5,0,3,0,0,0,3,0,0,0,0,0.44,0.28,3.8333,2.8731,0,0,1,0,0,0,1,0,0,0,0,0,0,-1
60,20,24,0,2,0,0,0,4,0,0,0,0,0.0667,0.8,4.2537,3.3842,0,0,0,1,0,0,0,0,0,0,0,0,0,-1
29,14,2,0,3,0,0,0,3,0,0,0,0,0.5517,0.1724,3.483,2.5567,0,0,1,1,0,0,1,0,0,0,0,0,0,-1
33,7,14,0,1,0,0,0,4,0,0,0,0,0.1212,0.697,4.4761,2.8074,0,1,0,0,0,0,0,0,0,0,0,0,0,-1
27,10,5,0,1,0,0,0,3,0,0,0,0,0.0,0.8148,3.8842,2.8464,0,1,0,0,0,0,0,0,0,0,0,0,0,-1
28,8,8,0,1,0,0,0,3,0,0,0,0,0.0,0.8214,3.9408,2.75,0,1,0,0,0,0,0,0,0,1,1,0,0,-1
44,8,7,16,1,0,0,0,3,1,0,0,1,0.0,0.8182,4.2261,2.5,0,1,0,0,0,0,0,0,0,0,0,0,0,-1
87,28,47,0,2,8,0,0,4,0,0,0,0,0.2069,0.6207,4.7876,3.6281,0,0,0,0,0,0,0,0,0,1,1,0,0,-1
34,14,8,0,1,0,0,0,3,0,0,0,0,0.0,0.8529,3.962,3.2359,0,1,0,0,0,0,0,0,0,0,0,0,0,-1
36,13,11,0,2,0,0,0,3,0,0,0,0,0.0,0.8333,4.0413,2.6235,0,1,0,0,0,0,0,0,0,0,0,0,0,-1
42,10,20,0,1,0,0,0,4,0,0,0,0,0.0,0.8571,3.8622,2.9219,0,1,0,0,0,0,0,0,0,0,0,0,0,-1
30,6,12,0,1,0,0,0,4,0,0,0,0,0.0,0.8,3.9899,2.2516,0,1,0,0,0,0,0,0,0,0,0,0,0,-1
23,4,7,0,1,0,0,0,3,0,0,0,0,0.0,0.7826,3.9362,2.0,0,1,0,0,0,0,0,0,0,0,0,0,0,-1
88,28,47,0,2,8,0,0,4,0,0,0,0,0.2727,0.5568,4.6242,3.6281,0,1,0,0,0,0,0,0,0,1,1,0,0,-1
41,7,19,0,2,0,0,0,4,0,0,0,0,0.0,0.8293,4.1203,2.5216,0,1,0,0,0,0,0,0,0,0,0,0,0,-1
81,12,1,42,2,5,0,0,3,1,0,0,1,0.3457,0.4938,4.8275,3.4183,1,1,0,0,0,0,0,0,0,0,0,0,0,-1
28,13,2,0,3,0,0,0,3,0,0,0,0,0.5357,0.1786,3.5297,2.4493,0,0,1,1,0,0,1,0,0,0,0,0,0,-1
28,13,2,0,3,0,0,0,3,0,0,0,0,0.5357,0.1786,3.7534,2.8731,0,0,1,1,0,0,1,0,0,0,0,0,0,-1
27,12,2,0,3,0,0,0,3,0,0,0,0,0.5185,0.1852,3.5781,2.5221,0,0,1,1,0,0,1,0,0,0,0,0,0,-1
32,12,7,0,4,0,0,0,3,0,0,0,0,0.4375,0.2812,3.8042,2.5221,0,0,1,1,0,0,1,0,0,0,0,0,0,-1
32,8,12,0,1,0,0,0,4,0,0,0,0,0.0938,0.7188,4.1639,2.5,0,1,0,0,0,0,1,0,0,0,0,0,0,-1
53,11,34,0,5,0,0,0,4,0,0,0,0,0.1509,0.6604,4.2707,2.5949,0,1,1,0,0,0,1,0,0,0,0,0,0,-1
37,14,11,0,2,0,0,0,3,0,0,0,0,0.0,0.8378,4.2293,3.3788,0,1,0,0,0,0,0,0,0,0,0,0,0,-1
43,6,14,10,1,0,2,0,4,1,0,0,1,0.1628,0.6047,4.8041,2.585,0,1,0,0,0,0,0,0,0,0,0,0,0,-1
47,15,25,0,4,0,1,0,4,0,0,0,0,0.2979,0.4894,4.4161,2.7899,0,0,1,0,0,0,1,0,0,0,0,0,0,-1
32,11,9,0,1,1,0,0,3,0,0,0,0,0.0,0.8125,3.9025,3.0272,0,1,0,0,0,0,0,0,0,0,0,0,0,-1
34,14,7,0,4,0,0,0,3,0,0,0,0,0.4706,0.2647,4.0209,2.6995,0,0,1,1,0,0,1,0,0,0,0,0,0,-1
18,6,0,0,1,0,0,0,2,0,0,0,0,0.0,0.7778,3.6144,2.2516,0,1,0,0,0,0,0,0,0,0,0,0,0,-1
28,12,9,0,4,0,0,0,3,0,0,0,0,0.3571,0.3571,3.9947,2.6887,0,0,1,0,0,0,1,0,0,0,0,0,0,-1
36,5,19,0,1,0,0,0,4,0,0,0,0,0.0,0.8333,4.1972,1.9219,0,1,0,0,0,0,0,0,0,0,0,0,0,-1
18,2,4,0,1,0,0,0,3,0,0,0,0,0.0,0.7222,3.6835,1.0,0,1,0,0,0,0,0,0,0,0,0,0,0,-1
22,5,5,0,1,0,0,0,3,0,0,0,0,0.0,0.7727,3.5726,2.3219,0,1,0,0,0,0,0,0,0,0,0,0,0,-1
34,14,7,0,4,0,0,0,3,0,0,0,0,0.4706,0.2647,3.9476,2.4138,0,0,1,1,0,0,1,0,0,0,0,0,0,-1
24,12,5,0,3,0,0,0,3,0,0,0,0,0.5,0.2083,3.6258,2.7925,0,0,1,0,0,0,1,0,0,0,0,0,0,-1
35,15,7,0,4,0,0,0,3,0,0,0,0,0.4857,0.2571,3.9433,2.6062,0,0,1,1,0,0,1,0,0,0,0,0,0,-1
31,11,8,0,1,0,0,0,3,0,0,0,0,0.0,0.8387,3.9292,3.0958,0,1,0,0,0,0,0,0,0,0,0,0,0,-1
34,14,7,0,4,0,0,0,3,0,0,0,0,0.4706,0.2647,3.9003,2.182,0,0,1,1,0,0,1,0,0,0,0,0,0,-1
25,5,8,0,1,0,0,0,3,0,0,0,0,0.0,0.8,3.7337,1.371,0,1,0,0,0,0,0,0,0,0,0,0,0,-1
82,12,48,0,3,4,0,0,4,0,0,0,0,0.2195,0.6341,4.7215,3.0221,1,1,0,0,0,0,0,0,0,1,1,0,0,-1
38,9,19,0,2,0,0,0,5,0,0,0,0,0.0526,0.7368,4.2512,3.1699,0,0,0,0,0,0,1,0,0,0,0,0,0,-1
19,3,5,0,1,0,0,0,3,0,0,0,0,0.0,0.7368,3.6819,1.585,0,1,0,0,0,0,0,0,0,0,0,0,0,-1
29,14,2,0,3,0,0,0,3,0,0,0,0,0.5517,0.1724,3.6504,2.4488,0,0,1,1,0,0,1,0,0,0,0,0,0,-1
26,9,5,0,1,0,0,0,3,0,0,0,0,0.0,0.8077,3.9501,2.9477,0,1,0,0,0,0,0,0,0,0,0,0,0,-1
29,2,7,8,1,0,0,0,3,1,0,0,1,0.0,0.7586,3.9523,1.0,0,1,0,0,0,0,0,0,0,0,0,0,0,-1
29,14,2,0,3,0,0,0,3,0,0,0,0,0.5517,0.1724,3.4126,2.3527,0,0,1,1,0,0,1,0,0,0,0,0,0,-1
29,6,11,0,2,0,0,0,3,0,0,0,0,0.0,0.7931,3.8404,2.585,0,1,0,0,0,0,0,0,0,0,0,0,0,-1
41,9,20,0,1,0,0,0,4,0,0,0,0,0.0,0.8537,4.1291,2.9477,0,1,0,0,0,0,0,0,0,0,0,0,0,-1
40,12,16,0,1,0,0,0,4,0,0,0,0,0.0,0.85,4.0062,3.085,0,1,0,0,0,0,0,0,0,0,0,0,0,-1
30,12,6,0,3,0,0,0,3,0,0,0,0,0.5,0.2333,3.8314,2.6258,0,0,1,1,0,0,1,0,0,0,0,0,0,-1
32,12,7,0,4,0,0,0,3,0,0,0,0,0.4375,0.2812,3.9528,2.3962,0,0,1,1,0,0,1,0,0,0,0,0,0,-1
38,5,0,21,1,0,0,0,2,2,1,0,1,0.0,0.7895,4.2185,2.3219,0,1,0,0,0,0,0,0,0,0,0,0,0,-1
56,16,28,0,1,1,0,0,4,0,0,0,0,0.0,0.875,4.0859,2.9528,0,1,0,0,0,0,0,0,0,0,0,0,0,-1
23,3,8,0,1,0,0,0,3,0,0,0,0,0.0,0.7826,3.6425,1.585,0,1,0,0,0,0,0,0,0,0,0,0,0,-1
28,13,2,0,3,0,0,0,3,0,0,0,0,0.5357,0.1786,3.5567,2.2878,0,0,1,1,0,0,1,0,0,0,0,0,0,-1
40,11,17,0,1,0,0,0,4,0,0,0,0,0.0,0.85,4.0031,2.8454,0,1,0,0,0,0,0,0,0,0,0,0,0,-1
27,6,9,0,1,0,0,0,3,0,0,0,0,0.0,0.8148,3.8101,2.2516,0,1,0,0,0,0,0,0,0,0,0,0,0,-1
39,17,10,0,1,0,0,0,3,0,0,0,0,0.0,0.8718,4.1217,3.4548,0,1,0,0,0,0,0,0,0,0,0,1,1,-1
32,12,7,0,4,0,0,0,3,0,0,0,0,0.4375,0.2812,3.7889,2.6258,0,0,1,1,0,0,1,0,0,0,0,0,0,-1
38,6,20,0,1,0,0,0,5,0,0,0,0,0.0,0.8158,4.284,2.585,0,1,0,0,0,0,0,0,0,1,1,0,0,-1
34,7,12,0,2,0,0,0,4,0,0,0,0,0.0,0.7941,4.0431,2.8074,0,1,0,0,0,0,0,0,0,0,0,0,0,-1
83,10,50,0,3,4,0,0,4,0,0,0,0,0.1928,0.6627,4.7292,3.1219,1,1,0,0,0,0,0,0,0,1,1,0,0,-1
68,13,48,0,4,1,1,0,5,0,0,0,0,0.4118,0.4118,4.2968,2.5654,0,0,1,0,0,0,1,0,0,0,0,0,0,-1
44,10,22,0,1,0,1,0,4,0,0,0,0,0.0,0.8409,4.311,3.1219,0,1,0,0,0,0,0,0,0,0,0,0,0,-1
34,10,12,0,1,0,0,0,4,0,0,0,0,0.1176,0.7059,4.2417,3.1219,0,1,0,0,0,0,0,0,0,0,0,0,0,-1
29,5,10,0,2,0,0,0,3,0,0,0,0,0.0,0.7931,3.8404,1.9219,0,1,0,0,0,0,0,0,0,0,0,0,0,-1
32,12,7,0,4,0,0,0,3,0,0,0,0,0.4375,0.2812,3.84,2.8554,0,0,1,1,0,0,1,0,0,0,0,0,0,-1
44,21,11,0,1,0,0,0,4,0,0,0,0,0.0,0.8636,3.8876,3.4992,0,1,0,0,0,0,0,0,0,0,0,0,0,-1
30,13,10,0,4,0,0,0,3,0,0,0,0,0.3333,0.4,3.8981,2.6612,0,0,1,0,0,0,1,0,0,0,0,0,0,-1
81,14,60,0,4,0,0,0,4,0,0,4,0,0.2346,0.6049,4.77,2.8424,0,0,1,0,0,0,1,0,0,0,0,0,0,-1
38,9,17,0,1,1,0,0,4,0,0,0,0,0.0,0.8158,3.8103,2.4194,0,1,0,0,0,0,0,0,0,0,0,0,0,-1
38,10,16,0,1,0,0,0,4,0,0,0,0,0.0,0.8421,3.9354,2.6464,0,1,0,0,0,0,0,0,0,0,0,0,0,-1
29,4,13,0,1,0,0,0,4,0,0,0,0,0.0,0.7931,3.9614,2.0,0,1,0,0,0,0,0,0,0,0,0,0,0,-1
35,14,14,0,3,0,1,0,3,0,0,0,0,0.3714,0.4,4.2074,2.7534,0,0,1,0,0,0,1,0,0,0,0,0,0,-1
32,3,7,10,1,0,0,0,3,1,0,0,1,0.0,0.7812,4.1014,1.585,0,1,0,0,0,0,0,0,0,0,0,0,0,-1
32,12,7,0,4,0,0,0,3,0,0,0,0,0.4375,0.2812,4.1639,2.8554,0,0,1,1,0,0,1,0,0,0,0,0,0,-1
28,7,9,0,1,1,0,0,3,0,0,0,0,0.0,0.7857,3.8249,2.5216,0,1,0,0,0,0,0,0,0,0,0,0,0,-1
31,11,7,0,4,0,0,0,3,0,0,0,0,0.4194,0.2903,3.9779,2.4131,0,0,1,1,0,0,1,0,0,0,0,0,0,-1
25,6,8,0,1,0,0,0,3,0,0,0,0,0.0,0.8,3.5591,2.2516,0,1,0,0,0,0,0,0,0,1,1,1,1,-1
33,4,17,0,1,1,0,0,4,0,0,0,0,0.0,0.7879,3.7636,2.0,0,1,0,0,0,0,0,0,0,0,0,0,0,-1
36,14,15,0,4,0,0,0,4,0,0,0,0,0.3611,0.3889,4.0724,2.4138,0,0,1,0,0,0,1,0,0,0,0,0,0,-1
64,7,37,0,2,4,0,0,3,0,0,0,0,0.3438,0.5,4.7985,2.8074,1,1,0,0,0,0,0,0,0,0,0,0,0,-1
23,3,8,0,1,0,0,0,3,0,0,0,0,0.0,0.7826,3.6753,0.9183,0,1,0,0,0,0,0,0,0,0,0,0,0,-1
39,7,9,0,2,0,0,0,4,0,0,0,0,0.0,0.8205,4.1479,2.1281,1,0,0,0,0,0,0,0,0,0,0,0,0,-1
44,8,24,0,1,2,0,0,4,0,0,0,0,0.0909,0.7273,4.0964,2.4056,0,1,0,0,0,0,0,0,0,0,0,0,0,-1
28,13,2,0,3,0,0,0,3,0,0,0,0,0.5357,0.1786,3.4992,2.4116,0,0,1,1,0,0,1,0,0,0,0,0,0,-1
30,3,15,0,1,0,0,0,4,0,0,0,0,0.0,0.8,3.5899,1.585,0,1,0,0,0,0,0,0,0,0,0,0,0,-1
28,9,7,0,1,0,0,0,3,0,0,0,0,0.0,0.8214,3.8424,2.7255,0,1,0,0,0,0,0,0,0,1,1,0,0,-1
28,9,7,0,1,0,0,0,3,0,0,0,0,0.0,0.8214,4.0836,2.9477,0,1,0,0,0,0,0,0,0,0,0,0,0,-1
39,13,14,0,4,0,2,0,3,0,0,0,0,0.4872,0.2308,4.0091,2.7193,0,0,1,1,0,0,1,0,0,0,0,0,0,-1
41,11,7,10,1,0,0,0,3,1,0,0,1,0.0,0.8293,4.1132,2.914,0,1,0,0,0,0,0,0,0,0,0,0,0,-1
28,14,7,0,3,0,0,0,3,0,0,0,0,0.3929,0.3571,3.7979,2.4138,0,0,1,0,0,0,1,0,0,0,0,0,0,-1
32,12,8,0,1,0,0,0,3,0,0,0,0,0.0,0.8438,3.882,3.2516,0,1,0,0,0,0,0,0,0,0,0,0,0,-1
35,15,7,0,4,0,0,0,3,0,0,0,0,0.4857,0.2571,3.8973,2.5493,0,0,1,1,0,0,1,0,0,0,0,0,0,-1
33,7,11,0,3,0,0,0,3,0,0,0,0,0.0,0.7879,3.995,2.5216,0,1,0,0,0,0,0,0,0,0,0,0,0,-1
26,14,5,0,3,0,0,0,3,0,0,0,0,0.4231,0.3077,3.7672,2.6995,0,0,1,0,0,0,1,0,0,0,0,0,0,-1
24,4,8,0,1,0,0,0,3,0,0,0,0,0.0,0.7917,3.6054,1.5,0,1,0,0,0,0,0,0,0,0,0,0,0,-1
35,15,7,0,4,0,0,0,3,0,0,0,0,0.4857,0.2571,4.0116,2.7396,0,0,1,1,0,0,1,0,0,0,0,0,0,-1
32,12,7,0,4,0,0,0,3,0,0,0,0,0.4375,0.2812,3.9917,2.6887,0,0,1,1,0,0,1,0,0,0,0,0,0,-1
24,6,6,0,1,0,0,0,3,0,0,0,0,0.0,0.7917,3.6887,2.2516,0,1,0,0,0,0,0,0,0,0,0,0,0,-1
40,15,18,0,4,0,0,0,4,0,0,0,0,0.375,0.4,4.3153,3.0062,0,0,1,0,0,0,1,0,0,0,0,0,0,-1
32,12,7,0,4,0,0,0,3,0,0,0,0,0.4375,0.2812,3.8903,2.6258,0,0,1,1,0,0,1,0,0,0,0,0,0,-1
31,13,6,0,1,0,0,0,3,0,0,0,0,0.0,0.8387,4.2202,3.3927,0,1,0,0,0,0,0,0,0,0,0,0,0,-1
30,15,2,0,3,0,0,0,3,0,0,0,0,0.5667,0.1667,3.7396,3.0062,0,0,1,1,0,0,1,0,0,0,0,0,0,-1
31,11,8,0,1,0,0,0,3,0,0,0,0,0.0,0.8387,4.0023,2.914,0,1,0,0,0,0,0,0,0,0,0,0,0,-1
26,4,10,0,1,0,0,0,3,0,0,0,0,0.0,0.8077,3.9501,2.0,0,1,0,0,0,0,0,0,0,0,0,0,0,-1
38,13,18,0,4,0,0,0,4,0,0,0,0,0.2895,0.4737,4.0831,2.6032,0,0,1,0,0,0,1,0,0,0,0,0,0,-1
35,10,14,0,1,0,0,0,4,0,0,0,0,0.0,0.8286,4.1147,3.1219,0,1,0,0,0,0,0,0,0,0,0,0,0,-1
31,14,10,0,3,0,0,0,4,0,0,0,0,0.3871,0.3548,4.1313,2.8424,0,0,1,0,0,0,1,0,0,0,0,0,0,-1
32,12,7,0,4,0,0,0,3,0,0,0,0,0.4375,0.2812,3.9917,2.8554,0,0,1,1,0,0,1,0,0,0,0,0,0,-1
46,10,17,0,3,0,0,0,4,0,0,0,0,0.0652,0.7609,4.2055,3.3219,1,0,0,0,0,0,1,0,1,0,0,0,0,-1
36,4,20,0,2,0,0,0,5,0,0,0,0,0.0278,0.75,3.9802,2.0,0,1,0,0,0,0,0,0,0,1,1,0,0,-1
34,14,7,0,4,0,0,0,3,0,0,0,0,0.4706,0.2647,3.9032,2.6995,0,0,1,1,0,0,1,0,0,0,0,0,0,-1
30,11,5,0,2,0,0,0,3,0,0,0,0,0.0,0.8,4.0566,2.914,0,1,0,0,0,0,0,0,0,0,0,0,0,-1
57,13,37,0,5,0,0,0,5,0,0,3,0,0.386,0.3684,4.5155,2.6612,0,0,1,0,0,0,1,0,0,0,0,0,0,-1
30,3,7,8,1,0,0,0,3,1,0,0,1,0.0,0.7667,3.9811,1.585,0,1,0,0,0,0,0,0,0,0,0,0,0,-1
32,12,7,0,4,0,0,0,3,0,0,0,0,0.4375,0.2812,3.9917,2.6887,0,0,1,1,0,0,1,0,0,0,0,0,0,-1
27,6,9,0,1,0,0,0,3,0,0,0,0,0.0,0.8148,3.8101,2.585,0,1,0,0,0,0,0,0,0,0,0,0,0,-1
39,9,7,10,1,0,0,0,3,1,0,0,1,0.0,0.8205,4.1504,2.7255,0,1,0,0,0,0,0,0,0,0,0,0,0,-1
39,14,13,0,1,0,0,0,4,0,0,0,0,0.0,0.8462,4.1185,3.6645,0,1,0,0,0,0,0,0,0,0,0,0,0,-1
34,14,7,0,4,0,0,0,3,0,0,0,0,0.4706,0.2647,3.9764,2.6456,0,0,1,1,0,0,1,0,0,0,0,0,0,-1
33,13,7,0,4,0,0,0,3,0,0,0,0,0.4545,0.2727,3.9077,2.6612,0,0,1,1,0,0,1,0,0,0,0,0,0,-1
22,2,9,0,1,0,0,0,3,0,0,0,0,0.0,0.7727,3.6292,1.0,0,1,0,0,0,0,0,0,0,0,0,0,0,-1
47,11,7,16,1,0,0,0,3,1,0,0,1,0.0,0.8298,4.2304,2.6635,0,1,0,0,0,0,0,0,0,0,0,0,0,-1
34,12,5,0,2,0,0,0,3,0,0,0,0,0.0,0.8235,3.9987,3.1887,1,1,0,0,0,0,0,0,0,0,0,0,0,-1
40,12,2,13,1,0,0,0,3,1,0,0,1,0.0,0.8,4.2964,3.085,0,1,0,0,0,0,0,0,0,0,0,0,0,-1
28,13,2,0,3,0,0,0,3,0,0,0,0,0.5357,0.1786,3.7709,2.5074,0,0,1,1,0,0,1,0,0,0,0,0,0,-1
42,13,7,10,1,0,0,0,3,1,0,0,1,0.0,0.8333,4.094,3.027,0,1,0,0,0,0,0,0,0,0,0,0,0,-1
30,10,8,0,1,0,0,0,3,0,0,0,0,0.0,0.8333,3.8729,2.7219,0,1,0,0,0,0,0,0,0,0,0,0,0,-1
30,15,2,0,3,0,0,0,3,0,0,0,0,0.5667,0.1667,3.6859,2.6062,0,0,1,1,0,0,1,0,0,0,0,0,0,-1
24,6,6,0,1,0,0,0,3,0,0,0,0,0.0,0.7917,3.9073,2.2516,0,1,0,0,0,0,0,0,0,0,0,0,0,-1
34,14,7,0,4,0,0,0,3,0,0,0,0,0.4706,0.2647,3.8192,2.4956,0,0,1,1,0,0,1,0,0,0,0,0,0,-1
54,9,33,0,1,3,0,0,5,0,0,0,0,0.0926,0.7222,4.4474,2.5033,0,1,0,0,0,0,0,0,0,0,0,0,0,-1
29,14,2,0,3,0,0,0,3,0,0,0,0,0.5517,0.1724,3.6899,2.4956,0,0,1,1,0,0,1,0,0,0,0,0,0,-1
31,7,10,0,2,0,0,0,3,0,0,0,0,0.0,0.8065,3.7844,2.8074,0,1,0,0,0,0,0,0,0,0,0,0,0,-1
51,20,19,0,1,1,0,0,5,0,0,0,0,0.0,0.8431,4.1307,3.3087,0,1,0,0,0,0,0,0,0,0,0,0,0,-1
33,7,14,0,1,0,0,0,4,0,0,0,0,0.0,0.8182,3.8471,2.8074,0,1,0,0,0,0,0,0,0,0,0,0,0,-1
27,12,2,0,3,0,0,0,3,0,0,0,0,0.5185,0.1852,3.634,2.6258,0,0,1,1,0,0,1,0,0,0,0,0,0,-1
46,10,24,0,1,2,0,0,4,0,0,0,0,0.087,0.7391,3.9687,2.8464,0,1,0,0,0,0,0,0,0,0,0,0,0,-1
28,13,2,0,3,0,0,0,3,0,0,0,0,0.5357,0.1786,3.6281,2.6612,0,0,1,1,0,0,1,0,0,0,0,0,0,-1
33,10,11,0,1,0,0,0,4,0,0,0,0,0.0,0.8182,3.4941,2.171,0,1,0,0,0,0,0,0,0,0,0,0,0,-1
66,6,37,0,2,4,0,0,3,0,0,0,0,0.2576,0.5909,4.8302,1.7925,1,1,0,0,0,0,0,0,0,0,0,0,0,-1
20,8,0,0,1,0,0,0,2,0,0,0,0,0.0,0.8,3.6842,2.5,0,1,0,0,0,0,0,0,0,0,0,0,0,-1
37,10,15,0,1,0,0,0,4,0,0,0,0,0.0,0.8378,4.162,2.9219,0,1,0,0,0,0,0,0,0,0,0,0,0,-1
30,15,2,0,3,0,0,0,3,0,0,0,0,0.5667,0.1667,3.7111,2.4159,0,0,1,1,0,0,1,0,0,0,0,0,0,-1
29,13,9,0,3,0,0,0,4,0,0,0,0,0.3448,0.3793,3.8833,2.6612,0,0,1,0,0,0,1,0,0,0,0,0,0,-1
49,9,28,0,1,1,0,0,4,0,0,0,0,0.0,0.8571,4.0917,2.7255,0,1,0,0,0,0,0,0,0,0,0,0,0,-1
37,6,7,0,3,3,0,0,3,0,0,0,0,0.2432,0.4865,4.4047,2.585,1,0,0,0,0,0,0,0,0,0,0,0,0,-1
29,14,2,0,3,0,0,0,3,0,0,0,0,0.5517,0.1724,3.6209,2.4956,0,0,1,1,0,0,1,0,0,0,0,0,0,-1
28,13,2,0,3,0,0,0,3,0,0,0,0,0.5357,0.1786,3.7265,2.6032,0,0,1,1,0,0,1,0,0,0,0,0,0,-1
42,6,24,0,1,2,0,0,4,0,0,0,0,0.0952,0.7143,4.0869,2.2516,0,1,0,0,0,0,0,0,0,0,0,0,0,-1
33,5,16,0,1,0,0,0,4,0,0,0,0,0.0303,0.7879,4.0289,2.3219,0,1,0,0,0,0,1,0,0,0,0,0,0,-1
34,7,9,0,2,0,0,0,4,0,0,0,0,0.0588,0.7353,4.2784,2.5216,1,0,0,0,0,0,0,0,0,0,0,0,0,-1
68,11,37,0,2,4,0,0,3,0,0,0,0,0.3088,0.5441,4.5284,2.2999,1,1,0,0,0,0,0,0,0,0,0,0,0,-1
21,1,9,0,1,1,0,0,3,0,0,0,0,0.0,0.7143,3.6538,0.0,0,1,0,0,0,0,0,0,0,0,0,0,0,-1
26,3,11,0,1,0,0,0,4,0,0,0,0,0.0,0.7692,3.7155,1.585,0,1,0,0,0,0,0,0,0,0,0,0,0,-1
27,11,9,0,3,0,0,0,4,0,0,0,0,0.2963,0.4074,4.1343,2.8454,0,0,1,0,0,0,1,0,0,0,0,0,0,-1
32,9,9,0,1,0,1,0,3,0,0,0,0,0.0625,0.75,4.0931,2.7255,0,0,0,0,0,0,0,0,1,0,0,0,0,-1
25,11,7,0,3,0,0,0,3,0,0,0,0,0.44,0.28,3.9133,2.5949,0,0,1,0,0,0,1,0,0,0,0,0,0,-1
32,7,13,0,1,0,0,0,4,0,0,0,0,0.0,0.8125,4.0153,2.8074,0,1,0,0,0,0,0,0,0,0,0,0,0,-1
29,14,2,0,3,0,0,0,3,0,0,0,0,0.5517,0.1724,3.4816,2.064,0,0,1,1,0,0,1,0,0,0,0,0,0,-1
25,13,5,0,3,0,0,0,3,0,0,0,0,0.4,0.32,3.8635,2.8731,0,0,1,0,0,0,1,0,0,0,0,0,0,-1
33,13,7,0,4,0,0,0,3,0,0,0,0,0.4545,0.2727,3.9424,2.8151,0,0,1,1,0,0,1,0,0,0,0,0,0,-1
31,9,8,0,2,0,0,0,3,0,0,0,0,0.0,0.8065,3.7199,2.7255,0,1,0,0,0,0,0,0,0,0,0,0,0,-1
31,8,11,0,2,0,0,0,3,0,0,0,0,0.0,0.8065,4.1069,2.75,0,1,0,0,0,0,0,0,0,0,0,0,0,-1
27,12,2,0,3,0,0,0,3,0,0,0,0,0.5185,0.1852,3.6619,2.1887,0,0,1,1,0,0,1,0,0,0,0,0,0,-1
35,12,16,0,3,0,0,0,4,0,0,0,0,0.2857,0.4857,4.2646,2.4591,0,0,1,0,0,0,1,0,0,0,0,0,0,-1
35,15,7,0,4,0,0,0,3,0,0,0,0,0.4857,0.2571,3.9789,2.7396,0,0,1,1,0,0,1,0,0,0,0,0,0,-1
28,13,2,0,3,0,0,0,3,0,0,0,0,0.5357,0.1786,3.4817,2.2878,0,0,1,1,0,0,1,0,0,0,0,0,0,-1
33,13,7,0,4,0,0,0,3,0,0,0,0,0.4545,0.2727,3.9196,2.6032,0,0,1,1,0,0,1,0,0,0,0,0,0,-1
30,13,10,0,4,0,0,0,3,0,0,0,0,0.4333,0.3,3.9647,2.6612,0,0,1,0,0,0,1,0,0,0,0,0,0,-1
27,12,2,0,3,0,0,0,3,0,0,0,0,0.5185,0.1852,3.634,2.4591,0,0,1,1,0,0,1,0,0,0,0,0,0,-1
38,6,20,0,1,0,0,0,4,0,0,0,0,0.0,0.8421,3.8302,1.9183,0,1,0,0,0,0,0,0,0,0,0,0,0,-1
69,9,47,0,2,4,0,0,4,0,0,0,0,0.2609,0.5797,4.7371,2.9477,0,1,0,0,0,0,0,0,0,1,1,0,0,-1
41,4,14,10,1,0,2,0,4,1,0,0,1,0.1707,0.5854,4.6746,2.0,0,1,0,0,0,0,0,0,0,0,0,0,0,-1
33,13,7,0,4,0,0,0,3,0,0,0,0,0.4545,0.2727,3.9912,2.6612,0,0,1,1,0,0,1,0,0,0,0,0,0,-1
28,13,2,0,3,0,0,0,3,0,0,0,0,0.5357,0.1786,3.655,2.6612,0,0,1,1,0,0,1,0,0,0,0,0,0,-1
22,2,8,0,1,0,0,0,3,0,0,0,0,0.0,0.7727,3.6069,1.0,0,1,0,0,0,0,0,0,0,0,0,0,0,-1
26,4,11,0,1,0,0,0,4,0,0,0,0,0.0,0.7692,3.9501,2.0,0,1,0,0,0,0,0,0,0,0,0,0,0,-1
29,14,2,0,3,0,0,0,3,0,0,0,0,0.5517,0.1724,3.7194,2.6106,0,0,1,1,0,0,1,0,0,0,0,0,0,-1
69,8,22,0,4,3,2,0,3,0,0,0,0,0.0145,0.7971,4.4029,3.0,2,1,0,0,0,0,0,0,0,0,0,0,0,-1
30,15,2,0,3,0,0,0,3,0,0,0,0,0.5667,0.1667,3.6729,2.5559,0,0,1,1,0,0,1,0,0,0,0,0,0,-1
27,13,2,0,3,0,0,0,3,0,0,0,0,0.5185,0.1852,3.634,2.4116,0,0,1,1,0,0,1,0,0,0,0,0,0,-1
34,14,7,0,4,0,0,0,3,0,0,0,0,0.4706,0.2647,3.9842,2.6106,0,0,1,1,0,0,1,0,0,0,0,0,0,-1
26,6,8,0,1,0,0,0,3,0,0,0,0,0.0,0.8077,4.056,2.585,0,1,0,0,0,0,0,0,0,0,0,0,0,-1
25,13,5,0,3,0,0,0,3,0,0,0,0,0.4,0.32,3.8635,2.8731,0,0,1,0,0,0,1,0,0,0,0,0,0,-1
70,10,47,0,2,4,0,0,4,0,0,0,0,0.3286,0.5143,4.6772,3.1219,0,1,0,0,0,0,0,0,0,1,1,0,0,-1
53,14,27,0,1,2,0,0,5,0,0,0,0,0.1132,0.717,4.4311,3.1281,0,1,0,0,0,0,0,0,0,0,0,0,0,-1
68,13,48,0,4,1,1,0,5,0,0,0,0,0.4412,0.3824,4.3451,2.5654,0,0,1,0,0,0,1,0,0,1,1,0,0,-1
27,12,2,0,3,0,0,0,3,0,0,0,0,0.5185,0.1852,3.8562,2.6887,0,0,1,1,0,0,1,0,0,0,0,0,0,-1
30,13,10,0,4,0,0,0,3,0,0,0,0,0.3667,0.3667,3.9899,2.6032,0,0,1,0,0,0,1,0,0,0,0,0,0,-1
31,8,11,0,1,0,0,0,4,0,0,0,0,0.0,0.8065,3.8976,2.75,0,1,0,0,0,0,0,0,0,0,0,0,0,-1
23,7,4,0,1,0,0,0,3,0,0,0,0,0.0,0.7826,3.7951,2.8074,0,1,0,0,0,0,0,0,0,0,0,0,0,-1
27,12,2,0,3,0,0,0,3,0,0,0,0,0.5185,0.1852,3.8562,3.0221,0,0,1,1,0,0,1,0,0,0,0,0,0,-1
68,13,37,0,2,4,0,0,3,0,0,0,0,0.3676,0.4853,4.7856,3.0851,1,1,0,0,0,0,0,0,0,0,0,0,0,-1
51,15,7,16,1,1,0,0,3,1,0,0,1,0.0,0.8039,4.2168,3.1069,0,1,0,0,0,0,0,0,0,0,0,0,0,-1
68,20,32,0,2,0,3,0,4,0,0,0,0,0.1765,0.6618,4.5912,3.3842,0,0,0,1,0,0,0,0,0,0,0,0,0,-1
24,6,6,0,1,0,0,0,3,0,0,0,0,0.0,0.7917,3.6368,2.585,0,1,0,0,0,0,0,0,0,0,0,0,0,-1
30,11,0,6,1,0,0,0,2,1,0,0,1,0.0333,0.7667,4.3484,3.0958,0,1,0,0,0,0,0,0,0,0,0,0,0,-1
26,6,5,0,2,0,0,0,3,0,0,0,0,0.0,0.7692,3.9501,1.9183,0,1,0,0,0,0,0,0,0,1,1,1,1,-1
32,8,12,0,1,0,0,0,4,0,0,0,0,0.0938,0.7188,4.3125,2.5,0,1,0,0,0,0,0,0,0,0,0,0,0,-1
44,11,21,0,1,0,0,0,5,0,0,0,0,0.1136,0.7273,4.1813,2.6635,0,1,0,0,0,0,0,0,0,0,0,0,0,-1
93,24,45,0,3,4,0,0,4,0,0,0,0,0.2151,0.6559,4.7712,3.7721,1,1,0,0,0,0,0,0,0,0,0,0,0,-1
34,12,10,0,1,0,0,0,3,0,0,0,0,0.0,0.8529,3.9987,3.4183,0,1,0,0,0,0,0,0,0,0,0,0,0,-1
69,14,37,0,2,4,0,0,3,0,0,0,0,0.3188,0.5362,4.565,3.3788,1,1,0,0,0,0,0,0,0,0,0,0,0,-1
53,9,28,0,3,0,1,0,5,0,0,0,0,0.0,0.8113,4.3507,2.7255,1,0,0,0,0,0,0,0,0,0,0,0,0,-1
85,16,1,42,2,5,0,0,3,1,0,0,1,0.2353,0.6118,4.9315,3.0244,1,1,0,0,0,0,0,0,0,0,0,0,0,-1
38,11,15,0,1,1,0,0,4,0,0,0,0,0.0,0.8158,3.9252,3.4594,0,1,0,0,0,0,0,0,0,0,0,0,0,-1
31,11,7,0,4,0,0,0,3,0,0,0,0,0.4194,0.2903,3.9378,2.6635,0,0,1,1,0,0,1,0,0,0,0,0,0,-1
28,6,10,0,1,0,0,0,3,0,0,0,0,0.0,0.8214,3.9408,2.585,0,1,0,0,0,0,0,0,0,0,0,0,0,-1
29,10,7,0,1,0,0,0,3,0,0,0,0,0.0,0.8276,3.8573,2.6464,0,1,0,0,0,0,0,0,0,0,0,0,0,-1
28,4,12,0,1,0,0,0,4,0,0,0,0,0.1071,0.6786,4.2359,2.0,0,1,0,0,0,0,0,0,0,0,0,0,0,-1
29,13,9,0,4,0,0,0,3,0,0,0,0,0.4138,0.3103,4.0473,2.9689,0,0,1,0,0,0,1,0,0,0,0,0,0,-1
29,14,2,0,3,0,0,0,3,0,0,0,0,0.5517,0.1724,3.5814,2.3527,0,0,1,1,0,0,1,0,0,0,0,0,0,-1
60,4,37,0,2,4,0,0,3,0,0,0,0,0.4167,0.4167,4.4652,2.0,1,1,0,0,0,0,0,0,0,0,0,0,0,-1
34,14,7,0,4,0,0,0,3,0,0,0,0,0.4706,0.2647,3.9476,2.7885,0,0,1,1,0,0,1,0,0,0,0,0,0,-1
29,14,2,0,3,0,0,0,3,0,0,0,0,0.5517,0.1724,3.578,2.4956,0,0,1,1,0,0,1,0,0,0,0,0,0,-1
38,15,16,0,3,0,1,0,4,0,0,0,0,0.3684,0.3947,4.2711,3.0566,0,0,1,0,0,0,1,0,0,0,0,0,0,-1
35,5,7,10,1,0,0,0,3,1,0,0,1,0.0,0.8,4.1859,2.3219,0,1,0,0,0,0,0,0,0,0,0,0,0,-1
25,8,5,0,1,0,0,0,3,0,0,0,0,0.0,0.8,3.7533,2.75,0,1,0,0,0,0,0,0,0,0,0,0,0,-1
22,6,5,0,1,0,0,0,3,0,0,0,0,0.0,0.7727,3.7544,2.2516,0,1,0,0,0,0,0,0,0,0,0,0,0,-1
38,12,14,0,1,0,0,0,4,0,0,0,0,0.1053,0.7368,4.5965,3.2516,0,1,0,0,0,0,0,0,0,0,0,0,0,-1
32,12,7,0,4,0,0,0,3,0,0,0,0,0.4375,0.2812,4.0153,3.0221,0,0,1,1,0,0,1,0,0,0,0,0,0,-1
27,15,5,0,3,0,0,0,3,0,0,0,0,0.4444,0.2963,3.634,2.4729,0,0,1,0,0,0,1,0,0,0,0,0,0,-1
93,31,47,0,2,6,0,0,4,0,0,0,0,0.2043,0.6559,4.6859,3.4712,0,1,0,0,0,0,0,0,0,1,1,0,0,-1
30,14,9,0,3,0,0,0,4,0,0,0,0,0.4333,0.3,3.9396,2.6456,0,0,1,0,0,0,1,0,0,0,0,0,0,-1
29,14,2,0,3,0,0,0,3,0,0,0,0,0.5517,0.1724,3.5645,2.7534,0,0,1,1,0,0,1,0,0,0,0,0,0,-1
96,25,47,0,3,4,0,0,4,0,0,0,0,0.2083,0.6667,4.8784,3.7533,1,1,0,0,0,0,0,0,0,1,1,0,0,-1
24,13,4,0,3,0,0,0,3,0,0,0,0,0.4583,0.25,3.7721,2.8731,0,0,1,0,0,0,1,0,0,0,0,0,0,-1
38,14,12,0,1,0,0,0,4,0,0,0,0,0.0789,0.7632,4.5766,3.5216,0,1,0,0,0,0,0,0,0,0,0,0,0,-1
32,5,12,0,2,0,0,0,4,0,0,0,0,0.0938,0.6875,4.1639,1.5219,0,1,0,0,0,0,0,0,0,0,0,0,0,-1
21,4,5,0,1,0,0,0,3,0,0,0,0,0.0,0.7619,3.9754,2.0,0,1,0,0,0,0,0,0,0,0,0,0,0,-1
92,30,47,0,2,8,0,0,4,0,0,0,0,0.1848,0.6522,4.5496,3.7899,0,1,0,0,0,0,0,0,0,1,1,0,0,-1
35,14,11,0,3,0,1,0,3,0,0,0,0,0.3714,0.3714,4.1719,2.6106,0,0,1,1,0,0,1,0,0,0,0,0,0,-1
27,12,2,0,3,0,0,0,3,0,0,0,0,0.5185,0.1852,3.6521,2.8554,0,0,1,1,0,0,1,0,0,0,0,0,0,-1
39,8,19,0,1,0,0,0,4,0,0,0,0,0.0,0.8462,4.0772,2.4056,0,1,0,0,0,0,0,0,0,0,0,0,0,-1
28,13,2,0,3,0,0,0,3,0,0,0,0,0.5357,0.1786,3.8424,2.8151,0,0,1,1,0,0,1,0,0,0,0,0,0,-1
34,14,7,0,4,0,0,0,3,0,0,0,0,0.4706,0.2647,3.881,2.5567,0,0,1,1,0,0,1,0,0,0,0,0,0,-1
44,7,7,16,1,0,0,0,3,1,0,0,1,0.0,0.7955,4.2656,2.5216,0,1,0,0,0,0,0,0,0,0,0,0,0,-1
30,15,2,0,3,0,0,0,3,0,0,0,0,0.5667,0.1667,3.6696,2.6062,0,0,1,1,0,0,1,0,0,0,0,0,0,-1
88,25,47,0,2,6,0,0,4,0,0,0,0,0.1932,0.6591,4.5713,3.6733,0,1,0,0,0,0,0,0,0,1,1,0,0,-1
23,7,4,0,1,0,0,0,3,0,0,0,0,0.0,0.7826,3.969,2.8074,0,1,0,0,0,0,0,0,0,0,0,0,0,-1
38,7,19,0,1,0,0,0,4,0,0,0,0,0.0,0.8421,4.0804,2.5216,0,1,0,0,0,0,0,0,0,0,0,0,0,-1
49,4,33,0,1,3,0,0,5,0,0,0,0,0.102,0.6939,4.4416,2.0,0,1,0,0,0,0,0,0,0,0,0,0,0,-1
34,9,13,0,1,0,0,0,4,0,0,0,0,0.0,0.8235,3.962,2.7255,0,1,0,0,0,0,0,0,0,0,0,0,0,-1
50,14,24,0,1,1,0,0,5,0,0,0,0,0.0,0.84,4.2562,3.5216,0,1,0,0,0,0,0,0,0,0,0,0,0,-1
43,9,0,21,1,0,0,0,2,2,1,0,1,0.0,0.814,4.1819,2.7255,0,1,0,0,0,0,0,0,0,0,0,0,0,-1
40,15,18,0,4,0,1,0,4,0,0,0,0,0.4,0.35,4.1439,2.5493,0,0,1,0,0,0,1,0,0,0,0,0,0,-1
85,12,49,0,3,5,0,0,4,0,0,0,0,0.1882,0.6588,4.6676,3.085,1,1,0,0,0,0,0,0,0,0,0,0,0,-1
36,14,8,0,2,0,0,0,3,0,0,0,0,0.0,0.8333,3.9058,3.2359,0,1,0,0,0,0,0,0,1,0,0,0,0,-1
24,4,8,0,1,0,0,0,3,0,0,0,0,0.0,0.7917,3.7721,1.5,0,1,0,0,0,0,0,0,0,0,0,0,0,-1
19,7,0,0,1,0,0,0,2,0,0,0,0,0.0,0.7895,3.3264,2.5216,0,1,0,0,0,0,0,0,0,0,0,0,0,-1
31,9,10,0,1,0,0,0,3,0,0,0,0,0.0,0.8387,3.8858,2.9477,0,1,0,0,0,0,0,0,0,0,0,0,0,-1
22,3,7,0,1,0,0,0,3,0,0,0,0,0.0,0.7727,3.9706,1.585,0,1,0,0,0,0,0,0,0,0,0,0,0,-1
25,11,7,0,3,0,0,0,3,0,0,0,0,0.4,0.32,3.8333,2.5949,0,0,1,0,0,0,1,0,0,0,0,0,0,-1
68,13,48,0,4,1,1,0,5,0,0,0,0,0.4706,0.3529,4.3857,2.5654,0,0,1,0,0,0,1,0,0,0,0,0,0,-1
31,11,7,0,4,0,0,0,3,0,0,0,0,0.4194,0.2903,4.0023,2.5949,0,0,1,1,0,0,1,0,0,0,0,0,0,-1
41,5,24,0,1,0,0,0,5,0,0,0,0,0.0,0.8293,4.0923,2.3219,0,1,0,0,0,0,0,0,0,1,1,0,0,-1
24,6,6,0,1,0,0,0,3,0,0,0,0,0.0,0.7917,3.8868,2.2516,0,1,0,0,0,0,0,0,0,0,0,0,0,-1
25,11,7,0,3,0,0,0,3,0,0,0,0,0.44,0.28,3.7035,2.5949,0,0,1,0,0,0,1,0,0,0,0,0,0,-1
43,9,22,0,1,1,0,0,5,0,0,0,0,0.1395,0.6744,4.1383,2.7255,0,1,0,0,0,0,0,0,0,0,0,0,0,-1
23,6,6,0,1,0,0,0,3,0,0,0,0,0.0435,0.7391,3.9362,2.585,0,1,0,0,0,0,1,0,0,0,0,0,0,-1
26,8,6,0,1,0,0,0,3,0,0,0,0,0.0,0.8077,3.9501,2.75,0,1,0,0,0,0,0,0,0,0,0,0,0,-1
28,10,6,0,1,0,0,0,3,0,0,0,0,0.0,0.8214,3.7229,2.7219,0,1,0,0,0,0,0,0,0,0,0,0,0,-1
27,3,12,0,1,0,0,0,3,0,0,0,0,0.037,0.7778,3.736,1.585,0,1,0,0,0,0,1,0,0,0,0,0,0,-1
44,5,27,0,1,2,0,0,5,0,0,0,0,0.1364,0.6591,4.3691,2.3219,0,1,0,0,0,0,0,0,0,0,0,0,0,-1
35,10,0,12,1,0,0,0,2,1,0,0,1,0.0,0.8286,3.9544,2.7219,0,1,0,0,0,0,0,0,0,0,0,0,0,-1
40,6,18,0,2,0,0,0,4,0,0,0,0,0.1,0.7,4.1531,2.585,0,0,0,1,0,0,0,0,0,0,0,0,0,-1
31,9,10,0,1,0,0,0,3,0,0,0,0,0.0,0.8387,3.9621,2.5033,0,1,0,0,0,0,0,0,0,0,0,0,0,-1
35,11,12,0,1,0,0,0,4,0,0,0,0,0.0857,0.7429,4.3217,3.0958,0,1,0,0,0,0,0,0,0,0,0,0,0,-1
26,14,5,0,3,0,0,0,3,0,0,0,0,0.4231,0.3077,3.6322,2.306,0,0,1,0,0,0,1,0,0,0,0,0,0,-1
36,10,14,0,1,0,0,0,4,0,0,0,0,0.0,0.8333,3.8401,2.7219,0,1,0,0,0,0,0,0,0,0,0,0,0,-1
42,6,24,0,1,2,0,0,4,0,0,0,0,0.0952,0.7143,4.0416,2.2516,0,1,0,0,0,0,0,0,0,0,0,0,0,-1
27,7,8,0,1,0,0,0,3,0,0,0,0,0.0,0.8148,3.8101,2.8074,0,1,0,0,0,0,0,0,0,0,0,0,0,-1
25,13,5,0,3,0,0,0,3,0,0,0,0,0.4,0.32,3.8635,2.8731,0,0,1,0,0,0,1,0,0,0,0,0,0,-1
58,12,34,0,1,1,0,0,5,0,0,0,0,0.0,0.8621,4.19,2.8554,0,1,0,0,0,0,0,0,0,0,0,0,0,-1
64,7,37,0,2,4,0,0,3,0,0,0,0,0.3906,0.4531,4.5824,2.5216,1,1,0,0,0,0,1,0,0,0,0,0,0,-1
24,13,4,0,3,0,0,0,3,0,0,0,0,0.4583,0.25,3.7721,2.8731,0,0,1,0,0,0,1,0,0,0,0,0,0,-1
31,11,7,0,4,0,0,0,3,0,0,0,0,0.4194,0.2903,3.9779,2.5949,0,0,1,1,0,0,1,0,0,0,0,0,0,-1
24,13,4,0,3,0,0,0,3,0,0,0,0,0.4167,0.2917,3.8554,2.8731,0,0,1,0,0,0,1,0,0,0,0,0,0,-1
33,13,7,0,4,0,0,0,3,0,0,0,0,0.4545,0.2727,3.8243,2.4116,0,0,1,1,0,0,1,0,0,0,0,0,0,-1
26,11,2,0,3,0,0,0,3,0,0,0,0,0.5,0.1923,3.6903,2.2313,0,0,1,1,0,0,1,0,0,0,0,0,0,-1
39,5,22,0,1,1,0,0,5,0,0,0,0,0.1538,0.641,4.2604,2.3219,0,1,0,0,0,0,0,0,0,0,0,0,0,-1
81,12,49,0,3,4,0,0,4,0,0,0,0,0.1975,0.6543,4.6773,3.0221,1,1,0,0,0,0,0,0,0,0,0,0,0,-1
25,13,5,0,3,0,0,0,3,0,0,0,0,0.4,0.32,3.9435,2.8731,0,0,1,0,0,0,1,0,0,0,0,0,0,-1
38,13,18,0,4,0,0,0,5,0,0,0,0,0.2632,0.4737,3.8629,2.8151,0,0,1,0,0,0,1,0,0,0,0,0,0,-1
36,12,12,0,1,0,0,0,4,0,0,0,0,0.0,0.8333,4.0515,3.4183,0,1,0,0,0,0,0,0,0,0,0,0,0,-1
28,4,9,0,2,0,0,0,3,0,0,0,0,0.0,0.7857,3.7804,2.0,0,1,0,0,0,0,0,0,0,0,0,0,0,-1
25,11,7,0,3,0,0,0,3,0,0,0,0,0.48,0.24,3.8333,2.5949,0,0,1,0,0,0,1,0,0,0,0,0,0,-1
31,11,7,0,4,0,0,0,3,0,0,0,0,0.4194,0.2903,3.9779,2.8454,0,0,1,1,0,0,1,0,0,0,0,0,0,-1
36,10,14,0,1,0,0,0,4,0,0,0,0,0.0,0.8333,4.1416,3.1219,0,1,0,0,0,0,0,0,0,0,0,0,0,-1
26,5,9,0,1,0,0,0,3,0,0,0,0,0.0,0.8077,3.8151,2.3219,0,1,0,0,0,0,0,0,0,0,0,0,0,-1
65,8,37,0,2,4,0,0,3,0,0,0,0,0.3385,0.5077,4.7163,2.75,1,1,0,0,0,0,1,0,0,0,0,0,0,-1
30,13,10,0,3,0,1,0,3,0,0,0,0,0.4,0.3333,4.0981,2.5074,0,0,1,0,0,0,1,0,0,0,0,0,0,-1
36,19,5,0,1,0,0,0,3,0,0,0,0,0.0,0.8611,4.086,3.5369,0,1,0,0,0,0,0,0,0,0,0,0,0,-1
23,11,5,0,3,0,0,0,3,0,0,0,0,0.3478,0.3478,3.8492,2.8454,0,0,1,0,0,0,1,0,0,0,0,0,0,-1
27,12,2,0,3,0,0,0,3,0,0,0,0,0.5185,0.1852,3.6801,2.6887,0,0,1,1,0,0,1,0,0,0,0,0,0,-1
35,12,11,0,2,0,0,0,3,0,0,0,0,0.0,0.8286,4.1043,2.8554,0,1,0,0,0,0,0,0,0,0,0,0,0,-1
36,8,7,8,1,0,0,0,3,1,0,0,1,0.0,0.8056,4.2391,3.0,0,1,0,0,0,0,0,0,0,0,0,0,0,-1
26,11,8,0,4,0,0,0,3,0,0,0,0,0.3077,0.3846,3.9791,2.8454,0,0,1,0,0,0,1,0,0,0,0,0,0,-1
37,7,10,0,3,0,0,0,4,0,0,0,0,0.0,0.7838,4.1345,2.5216,1,0,0,0,0,0,0,0,0,0,0,0,0,-1
39,3,7,16,1,0,0,0,3,1,0,0,1,0.0,0.7949,4.0772,1.585,0,1,0,0,0,0,0,0,0,0,0,0,0,-1
30,11,0,6,1,0,0,0,2,1,0,0,1,0.0333,0.7667,4.0477,2.914,0,1,0,0,0,0,0,0,0,0,0,0,0,-1
33,13,7,0,4,0,0,0,3,0,0,0,0,0.4545,0.2727,3.8818,2.3535,0,0,1,1,0,0,1,0,0,0,0,0,0,-1
33,13,7,0,4,0,0,0,3,0,0,0,0,0.4545,0.2727,3.9226,2.6612,0,0,1,1,0,0,1,0,0,0,0,0,0,-1
48,9,27,0,1,2,0,0,5,0,0,0,0,0.125,0.6875,4.3594,2.9477,0,1,0,0,0,0,0,0,0,0,0,0,0,-1
27,13,2,0,3,0,0,0,3,0,0,0,0,0.5185,0.1852,3.5282,2.4116,0,0,1,1,0,0,1,0,0,0,0,0,0,-1
42,13,22,0,4,0,0,0,5,0,0,0,0,0.2619,0.5,4.2165,2.8151,0,0,1,0,0,0,1,0,0,0,0,0,0,-1
31,9,10,0,2,0,0,0,3,0,0,0,0,0.0,0.8065,4.1715,2.9477,0,1,0,0,0,0,0,0,0,0,0,0,0,-1
41,15,14,0,1,0,0,0,4,0,0,0,0,0.0,0.8537,4.1804,3.3232,0,1,0,0,0,0,0,0,0,0,0,0,0,-1
33,13,7,0,4,0,0,0,3,0,0,0,0,0.4545,0.2727,3.7865,2.4116,0,0,1,1,0,0,1,0,0,0,0,0,0,-1
25,13,5,0,3,0,0,0,3,0,0,0,0,0.52,0.2,3.5933,2.8731,0,0,1,0,0,0,1,0,0,0,0,0,0,-1
26,6,9,0,1,0,0,0,3,0,0,0,0,0.0,0.8077,3.6133,1.9183,0,1,0,0,0,0,0,0,0,1,1,1,1,-1
29,10,7,0,1,0,0,0,3,0,0,0,0,0.0,0.8276,3.9094,3.1219,0,1,0,0,0,0,0,0,0,1,1,0,0,-1
28,13,2,0,3,0,0,0,3,0,0,0,0,0.5357,0.1786,3.4583,1.9878,0,0,1,1,0,0,1,0,0,0,0,0,0,-1
30,14,3,0,4,0,0,0,3,0,0,0,0,0.5333,0.1667,3.6817,2.9852,0,0,1,1,0,0,1,0,0,0,0,0,0,-1
23,7,4,0,1,0,0,0,3,0,0,0,0,0.0,0.7826,3.8492,2.5216,0,1,0,0,0,0,0,0,0,0,0,0,0,-1
35,4,19,0,1,1,0,0,5,0,0,0,0,0.0,0.7714,3.8897,1.5,0,1,0,0,0,0,0,0,0,0,0,0,0,-1
50,8,30,0,1,2,0,0,5,0,0,0,0,0.1,0.72,4.3415,2.1556,0,1,0,0,0,0,0,0,0,0,0,0,0,-1
33,13,7,0,4,0,0,0,3,0,0,0,0,0.4545,0.2727,3.9306,2.8151,0,0,1,1,0,0,1,0,0,0,0,0,0,-1
21,3,6,0,1,0,0,0,3,0,0,0,0,0.0,0.7619,3.749,0.9183,0,1,0,0,0,0,0,0,0,1,1,0,0,-1
67,7,37,0,3,4,0,0,3,0,0,0,0,0.3433,0.4925,4.8401,2.5216,1,1,0,0,0,0,1,0,0,0,0,0,0,-1
28,0,14,0,1,0,0,0,4,0,0,0,0,0.1429,0.6429,4.2359,0.0,0,1,0,0,0,0,0,0,0,0,0,0,0,-1
31,10,9,0,1,0,0,0,3,0,0,0,0,0.0,0.8387,4.0826,2.7219,0,1,0,0,0,0,0,0,0,0,0,0,0,-1
22,2,9,0,1,0,0,0,3,0,0,0,0,0.0,0.7727,3.7544,1.0,0,1,0,0,0,0,0,0,0,0,0,0,0,-1
68,13,48,0,4,1,1,0,5,0,0,0,0,0.4265,0.3971,4.2839,2.5654,0,0,1,0,0,0,1,0,0,0,0,0,0,-1
33,13,7,0,4,0,0,0,3,0,0,0,0,0.4545,0.2727,3.9424,2.5654,0,0,1,1,0,0,1,0,0,0,0,0,0,-1
38,3,24,0,1,0,0,0,5,0,0,0,0,0.0,0.8158,3.913,1.585,0,1,0,0,0,0,0,0,0,0,0,0,0,-1
40,12,16,0,1,0,0,0,4,0,0,0,0,0.0,0.85,3.9306,3.0221,0,1,0,0,0,0,0,0,0,0,0,0,0,-1
68,13,48,0,4,1,1,0,5,0,0,0,0,0.4265,0.3971,4.2802,2.5654,0,0,1,0,0,0,1,0,0,0,0,0,0,-1
24,13,4,0,3,0,0,0,3,0,0,0,0,0.4167,0.2917,3.7721,2.8731,0,0,1,0,0,0,1,0,0,0,0,0,0,-1
28,9,0,6,1,0,0,0,2,1,0,0,1,0.0357,0.75,4.0122,2.7255,0,1,0,0,0,0,0,0,0,0,0,0,0,-1
38,18,8,0,1,0,0,0,3,0,0,0,0,0.0,0.8684,4.0562,3.1972,0,1,0,0,0,0,0,0,0,0,0,0,0,-1
35,15,7,0,4,0,0,0,3,0,0,0,0,0.4857,0.2571,3.9544,2.3656,0,0,1,1,0,0,1,0,0,0,0,0,0,-1
41,9,20,0,2,0,0,0,5,0,0,0,0,0.0244,0.7805,4.0227,2.9477,0,1,0,0,0,0,0,0,0,1,1,0,0,-1
38,6,21,0,1,1,0,0,4,0,0,0,0,0.0,0.8158,4.1158,1.9183,0,1,0,0,0,0,0,0,0,1,1,1,1,-1
29,14,2,0,3,0,0,0,3,0,0,0,0,0.5517,0.1724,3.6244,2.6456,0,0,1,1,0,0,1,0,0,0,0,0,0,-1
52,6,34,0,1,1,0,0,5,0,0,0,0,0.0,0.8462,4.1574,2.585,0,1,0,0,0,0,0,0,0,0,0,0,0,-1
35,15,7,0,4,0,0,0,3,0,0,0,0,0.4857,0.2571,3.7043,2.3899,0,0,1,1,0,0,1,0,0,0,0,0,0,-1
29,6,12,0,1,0,0,0,4,0,0,0,0,0.0,0.7931,3.8144,1.9183,0,1,0,0,0,0,0,0,0,1,1,1,1,-1
38,7,19,0,1,1,0,0,5,0,0,0,0,0.0,0.7895,3.8629,2.5216,0,1,0,0,0,0,0,0,0,0,0,0,0,-1
28,13,2,0,3,0,0,0,3,0,0,0,0,0.5357,0.1786,3.6726,2.7193,0,0,1,1,0,0,1,0,0,0,0,0,0,-1
34,14,7,0,4,0,0,0,3,0,0,0,0,0.4706,0.2647,3.9003,2.5567,0,0,1,1,0,0,1,0,0,0,0,0,0,-1
26,9,5,0,1,0,0,0,3,0,0,0,0,0.0,0.8077,3.9791,3.1699,0,1,0,0,0,0,0,0,0,0,0,0,0,-1
24,7,5,0,1,0,0,0,3,0,0,0,0,0.0,0.7917,3.9387,2.8074,0,1,0,0,0,0,0,0,0,0,0,0,0,-1
41,3,7,16,2,0,0,0,3,1,0,0,1,0.0,0.7805,4.162,1.585,0,1,0,0,0,0,0,0,0,0,0,0,0,-1
28,13,2,0,3,0,0,0,3,0,0,0,0,0.5357,0.1786,3.8693,3.027,0,0,1,1,0,0,1,0,0,0,0,0,0,-1
25,3,11,0,1,0,0,0,4,0,0,0,0,0.0,0.76,3.8635,1.585,0,1,0,0,0,0,0,0,0,0,0,0,0,-1
28,13,8,0,3,0,0,0,4,0,0,0,0,0.3571,0.3571,4.0391,2.8151,0,0,1,0,0,0,1,0,0,0,0,0,0,-1
35,10,0,12,1,0,0,0,2,1,0,0,1,0.0,0.8286,4.1859,2.9219,0,1,0,0,0,0,0,0,0,0,0,0,0,-1
40,10,7,10,1,0,0,0,3,1,0,0,1,0.0,0.825,4.0562,2.6464,0,1,0,0,0,0,0,0,0,0,0,0,0,-1
28,7,9,0,1,0,0,0,4,0,0,0,0,0.0,0.7857,3.7534,2.8074,0,1,0,0,0,0,0,0,0,0,0,0,0,-1
28,9,7,0,1,0,0,0,3,0,0,0,0,0.0,0.8214,4.0661,2.7255,0,1,0,0,0,0,0,0,0,0,0,0,0,-1
85,22,47,0,2,7,0,0,4,0,0,0,0,0.2588,0.5765,4.6513,3.4817,0,1,0,0,0,0,0,0,0,1,1,0,0,-1
29,14,2,0,3,0,0,0,3,0,0,0,0,0.5517,0.1724,3.6764,2.3249,0,0,1,1,0,0,1,0,0,0,0,0,0,-1
38,11,16,0,1,0,0,0,4,0,0,0,0,0.0,0.8421,3.9483,3.0958,0,1,0,0,0,0,0,0,0,0,0,0,0,-1
41,15,14,0,1,1,0,0,4,0,0,0,0,0.0,0.8293,4.1804,3.3736,0,1,0,0,0,0,0,0,0,0,0,0,0,-1
34,14,7,0,4,0,0,0,3,0,0,0,0,0.4706,0.2647,4.0797,2.7885,0,0,1,1,0,0,1,0,0,0,0,0,0,-1
60,13,35,0,4,0,0,0,4,0,0,0,0,0.2667,0.5667,4.6822,2.8731,0,0,1,1,0,0,1,0,0,0,0,0,0,-1
73,14,52,0,4,0,0,0,4,0,0,3,0,0.2329,0.6027,4.8144,2.8424,0,0,1,0,0,0,1,0,0,0,0,0,0,-1
25,8,5,0,1,0,0,0,3,0,0,0,0,0.0,0.8,3.8137,2.75,0,1,0,0,0,0,0,0,0,0,0,0,0,-1
25,13,5,0,3,0,0,0,3,0,0,0,0,0.48,0.24,3.9435,2.8731,0,0,1,0,0,0,1,0,0,0,0,0,0,-1
38,8,19,0,1,1,0,0,5,0,0,0,0,0.0,0.7895,3.9328,2.5,0,1,0,0,0,0,0,0,0,0,0,0,0,-1
34,14,7,0,4,0,0,0,3,0,0,0,0,0.4706,0.2647,3.9987,2.8963,0,0,1,1,0,0,1,0,0,0,0,0,0,-1
22,5,5,0,1,0,0,0,3,0,0,0,0,0.0,0.7727,3.5726,1.371,0,1,0,0,0,0,0,0,0,0,0,0,0,-1
27,12,2,0,3,0,0,0,3,0,0,0,0,0.5185,0.1852,3.8101,2.8554,0,0,1,1,0,0,1,0,0,0,0,0,0,-1
76,11,1,42,2,4,0,0,3,1,0,0,1,0.3289,0.5132,4.6999,3.0958,1,1,0,0,0,0,1,0,0,0,0,0,0,-1
29,14,2,0,3,0,0,0,3,0,0,0,0,0.5517,0.1724,3.5225,2.3249,0,0,1,1,0,0,1,0,0,0,0,0,0,-1
28,5,11,0,1,0,0,0,4,0,0,0,0,0.0,0.7857,3.7943,2.3219,0,1,0,0,0,0,0,0,0,0,0,0,0,-1
30,8,10,0,1,0,0,0,3,0,0,0,0,0.0,0.8333,3.6314,3.0,0,1,0,0,0,0,0,0,0,0,0,0,0,-1
23,6,5,0,1,0,0,0,3,0,0,0,0,0.0,0.7826,3.8492,2.585,0,1,0,0,0,0,0,0,0,0,0,0,0,-1
37,2,21,0,2,0,0,0,5,0,0,0,0,0.1622,0.6216,4.0006,1.0,0,1,0,0,0,0,1,0,0,0,0,0,0,-1
76,12,37,0,2,5,0,0,3,0,0,0,0,0.25,0.6053,4.476,3.0221,1,1,0,0,0,0,0,0,0,0,0,0,0,-1
22,5,5,0,1,0,0,0,3,0,0,0,0,0.0,0.7727,3.9706,2.3219,0,1,0,0,0,0,0,0,0,0,0,0,0,-1
29,8,9,0,1,1,0,0,3,0,0,0,0,0.0,0.7931,3.8573,2.75,0,1,0,0,0,0,0,0,0,0,0,0,0,-1
38,6,20,0,2,0,0,0,5,0,0,0,0,0.0263,0.7632,4.0579,2.585,0,1,0,0,0,0,0,0,0,1,1,0,0,-1
35,10,13,0,2,0,0,0,3,0,0,0,0,0.0,0.8286,4.0931,3.1219,0,1,0,0,0,0,0,0,1,0,0,0,0,-1
25,11,7,0,3,0,0,0,3,0,0,0,0,0.48,0.24,3.8031,2.5949,0,0,1,0,0,0,1,0,0,0,0,0,0,-1
84,15,1,42,2,4,0,0,3,1,0,0,1,0.25,0.6071,4.8703,3.6402,1,1,0,0,0,0,0,0,0,0,0,0,0,-1
34,14,7,0,4,0,0,0,3,0,0,0,0,0.4706,0.2647,3.9987,2.4488,0,0,1,1,0,0,1,0,0,0,0,0,0,-1
25,13,5,0,3,0,0,0,3,0,0,0,0,0.44,0.28,3.9435,2.8731,0,0,1,0,0,0,1,0,0,0,0,0,0,-1
32,12,7,0,4,0,0,0,3,0,0,0,0,0.4375,0.2812,3.9261,2.5221,0,0,1,1,0,0,1,0,0,0,0,0,0,-1
25,13,5,0,3,0,0,0,3,0,0,0,0,0.52,0.2,3.6431,2.8731,0,0,1,0,0,0,1,0,0,0,0,0,0,-1
25,4,9,0,1,1,0,0,3,0,0,0,0,0.0,0.76,3.8635,2.0,0,1,0,0,0,0,0,0,0,0,0,0,0,-1
43,13,23,0,5,0,0,0,4,0,0,0,0,0.2326,0.5349,4.2023,2.4493,0,0,1,0,0,0,1,0,0,0,0,0,0,-1
28,3,0,12,1,0,0,0,2,1,0,0,1,0.0,0.7857,4.209,1.585,0,1,0,0,0,0,0,0,0,0,0,0,0,-1
43,5,26,0,1,1,0,0,6,0,0,0,0,0.0,0.7907,4.2313,2.3219,0,1,0,0,0,0,0,0,0,0,0,0,0,-1
20,2,0,6,1,0,0,0,2,1,0,0,1,0.05,0.65,3.7464,1.0,0,1,0,0,0,0,0,0,0,0,0,0,0,-1
30,13,10,0,3,0,1,0,3,0,0,0,0,0.3667,0.3667,4.0314,2.6612,0,0,1,0,0,0,1,0,0,0,0,0,0,-1
30,15,2,0,3,0,0,0,3,0,0,0,0,0.5667,0.1667,3.7111,2.6826,0,0,1,1,0,0,1,0,0,0,0,0,0,-1
25,4,9,0,1,0,0,0,3,0,0,0,0,0.0,0.8,3.4831,1.5,0,1,0,0,0,0,0,0,0,0,0,0,0,-1
34,14,7,0,4,0,0,0,3,0,0,0,0,0.4706,0.2647,3.9369,2.6106,0,0,1,1,0,0,1,0,0,0,0,0,0,-1
31,13,11,0,3,0,0,0,4,0,0,0,0,0.3226,0.4194,4.0266,2.8731,0,0,1,0,0,0,1,0,0,0,0,0,0,-1
34,14,7,0,4,0,0,0,3,0,0,0,0,0.4706,0.2647,3.8888,2.7534,0,0,1,1,0,0,1,0,0,0,0,0,0,-1
32,11,9,0,1,0,0,0,3,0,0,0,0,0.0,0.8438,4.0039,3.0958,0,1,0,0,0,0,0,0,0,0,0,0,0,-1
33,13,7,0,4,0,0,0,3,0,0,0,0,0.4545,0.2727,4.0518,2.6612,0,0,1,1,0,0,1,0,0,0,0,0,0,-1
24,4,6,0,1,0,0,0,3,0,0,0,0,0.0,0.7917,3.6887,2.0,0,1,0,0,0,0,0,0,1,0,0,0,0,-1
34,14,7,0,4,0,0,0,3,0,0,0,0,0.4706,0.2647,3.962,2.9852,0,0,1,1,0,0,1,0,0,0,0,0,0,-1
34,14,7,0,4,0,0,0,3,0,0,0,0,0.4706,0.2647,3.8559,2.2988,0,0,1,1,0,0,1,0,0,0,0,0,0,-1
26,5,9,0,1,0,0,0,3,0,0,0,0,0.1923,0.6154,3.8731,1.5219,0,1,0,0,0,0,1,0,0,0,0,0,0,-1
25,6,7,0,1,0,0,0,3,0,0,0,0,0.0,0.8,3.9737,2.2516,0,1,0,0,0,0,0,0,0,0,0,0,0,-1
95,26,1,42,2,5,0,0,3,1,0,0,1,0.2,0.6632,4.9195,3.8441,1,1,0,0,0,0,0,0,0,0,0,0,0,-1
25,11,7,0,3,0,0,0,3,0,0,0,0,0.52,0.2,3.7533,2.5949,0,0,1,0,0,0,1,0,0,0,0,0,0,-1
88,6,70,0,4,1,0,0,9,0,0,0,0,0.0341,0.7955,4.4925,2.585,0,1,0,0,0,0,0,0,0,0,0,0,0,-1
54,13,34,0,5,0,0,0,4,0,0,0,0,0.1852,0.6296,4.1995,2.4493,0,0,1,0,0,0,1,0,0,0,0,0,0,-1
31,11,8,0,1,0,0,0,3,0,0,0,0,0.0,0.8387,3.8331,2.6635,0,1,0,0,0,0,0,0,0,0,0,0,0,-1
24,7,5,0,1,0,0,0,3,0,0,0,0,0.0,0.7917,3.9387,2.8074,0,1,0,0,0,0,0,0,0,0,0,0,0,-1
28,13,2,0,3,0,0,0,3,0,0,0,0,0.5357,0.1786,3.6106,2.4116,0,0,1,1,0,0,1,0,0,0,0,0,0,-1
27,12,2,0,3,0,0,0,3,0,0,0,0,0.5185,0.1852,3.6619,2.6258,0,0,1,1,0,0,1,0,0,0,0,0,0,-1
85,11,50,0,3,4,0,0,4,0,0,0,0,0.1882,0.6706,4.7117,3.0958,1,1,0,0,0,0,0,0,0,1,1,0,0,-1
40,12,21,0,4,0,0,0,4,0,0,0,0,0.275,0.5,4.3531,2.6887,0,0,1,0,0,0,1,0,0,0,0,0,0,-1
25,8,5,0,1,0,0,0,3,0,0,0,0,0.0,0.8,4.1337,3.0,0,1,0,0,0,0,0,0,0,0,0,0,0,-1
68,13,48,0,4,1,1,0,5,0,0,0,0,0.4412,0.3824,4.4603,2.5654,0,0,1,0,0,0,1,0,0,0,0,0,0,-1
28,13,2,0,3,0,0,0,3,0,0,0,0,0.5357,0.1786,3.6726,2.6612,0,0,1,1,0,0,1,0,0,0,0,0,0,-1
28,13,2,0,3,0,0,0,3,0,0,0,0,0.5357,0.1786,3.6281,2.6612,0,0,1,1,0,0,1,0,0,0,0,0,0,-1
25,6,8,0,1,0,0,0,3,0,0,0,0,0.16,0.64,4.1337,2.2516,0,1,0,0,0,0,1,0,0,0,0,0,0,-1
65,14,36,0,3,1,0,0,7,0,0,0,0,0.0,0.8154,4.1814,3.182,0,1,0,0,0,0,0,0,0,0,0,0,0,-1
40,16,12,0,1,0,0,0,4,0,0,0,0,0.0,0.85,3.7751,2.9835,0,1,0,0,0,0,0,0,0,0,0,0,0,-1
24,4,8,0,1,0,0,0,3,0,0,0,0,0.0,0.7917,3.455,1.0,0,1,0,0,0,0,0,0,0,0,0,0,0,-1
28,11,5,0,1,0,0,0,3,0,0,0,0,0.0,0.8214,3.9677,3.0958,0,1,0,0,0,0,0,0,0,0,0,0,0,-1
45,13,25,0,4,0,0,0,4,0,0,0,0,0.5556,0.2444,3.6243,2.5074,0,0,1,0,0,0,1,0,0,0,0,0,0,-1
62,7,37,0,2,4,0,0,3,0,0,0,0,0.2581,0.5806,4.4003,2.5216,1,1,0,0,0,0,0,0,0,0,0,0,0,-1
30,15,2,0,3,0,0,0,3,0,0,0,0,0.5667,0.1667,3.5777,2.2826,0,0,1,1,0,0,1,0,0,0,0,0,0,-1
27,6,10,0,1,0,0,0,3,0,0,0,0,0.0,0.8148,3.9023,2.585,0,1,0,0,0,0,0,0,0,0,0,0,0,-1
20,3,5,0,1,0,0,0,3,0,0,0,0,0.05,0.7,3.4842,1.585,0,1,0,0,0,0,1,0,0,0,0,0,0,-1
35,6,13,0,1,0,0,0,4,0,0,0,0,0.0,0.8286,4.0472,2.2516,0,1,0,0,0,0,0,0,1,0,0,0,0,-1
28,14,7,0,4,0,0,0,3,0,0,0,0,0.3929,0.3214,3.6995,2.6456,0,0,1,0,0,0,1,0,0,0,0,0,0,-1
21,4,5,0,1,0,0,0,3,0,0,0,0,0.0,0.7619,3.7849,2.0,0,1,0,0,0,0,0,0,0,0,0,0,0,-1
45,7,14,10,1,0,2,0,4,1,0,0,1,0.1556,0.6222,4.764,2.2359,0,1,0,0,0,0,0,0,1,0,0,0,0,-1
73,9,1,42,2,4,0,0,3,1,0,0,1,0.2466,0.589,4.7171,2.9477,1,1,0,0,0,0,0,0,0,0,0,0,0,-1
33,13,7,0,4,0,0,0,3,0,0,0,0,0.4545,0.2727,3.8212,2.1997,0,0,1,1,0,0,1,0,0,0,0,0,0,-1
25,3,11,0,1,0,0,0,4,0,0,0,0,0.0,0.76,3.6537,1.585,0,1,0,0,0,0,0,0,0,0,0,0,0,-1
37,6,19,0,1,1,0,0,5,0,0,0,0,0.0,0.7838,3.9625,2.585,0,1,0,0,0,0,0,0,0,0,0,0,0,-1
21,6,4,0,1,0,0,0,3,0,0,0,0,0.0,0.7619,3.5585,2.585,0,1,0,0,0,0,0,0,0,0,0,0,0,-1
34,14,7,0,4,0,0,0,3,0,0,0,0,0.4706,0.2647,3.83,2.4138,0,0,1,1,0,0,1,0,0,0,0,0,0,-1
32,6,12,0,2,0,0,0,4,0,0,0,0,0.0938,0.6875,4.5,2.585,0,1,0,0,0,0,0,0,0,0,0,0,0,-1
28,13,2,0,3,0,0,0,3,0,0,0,0,0.5357,0.1786,3.7534,2.7193,0,0,1,1,0,0,1,0,0,0,0,0,0,-1
39,7,20,0,3,0,0,0,5,0,0,0,0,0.0769,0.6923,4.1217,2.5216,0,1,0,0,0,0,0,0,0,0,0,0,0,-1
25,13,5,0,3,0,0,0,3,0,0,0,0,0.4,0.32,3.8635,2.8731,0,0,1,0,0,0,1,0,0,0,0,0,0,-1
30,6,12,0,1,0,0,0,3,0,0,0,0,0.0,0.8333,3.8029,2.2516,0,1,0,0,0,0,0,0,0,0,0,0,0,-1
35,3,21,0,1,0,0,0,5,0,0,0,0,0.1429,0.6571,4.0227,1.585,0,1,0,0,0,0,0,0,0,0,0,0,0,-1
35,14,11,0,3,0,1,0,3,0,0,0,0,0.4,0.3429,4.0576,2.6106,0,0,1,1,0,0,1,0,0,0,0,0,0,-1
55,15,28,0,1,1,0,0,4,0,0,0,0,0.0,0.8727,4.1496,3.5069,0,1,0,0,0,0,0,0,0,0,0,0,0,-1
30,15,8,0,4,0,0,0,3,0,0,0,0,0.4,0.3333,3.6062,2.2892,0,0,1,0,0,0,1,0,0,0,0,0,0,-1
49,15,22,0,1,0,1,0,4,0,0,0,0,0.0,0.8571,4.2295,3.1899,0,1,0,0,0,0,0,0,0,0,0,0,0,-1
42,12,19,0,1,0,0,0,4,0,0,0,0,0.0,0.8571,4.2408,3.0221,0,1,0,0,0,0,0,0,0,0,0,0,0,-1
37,13,17,0,4,0,0,0,4,0,0,0,0,0.2973,0.4595,4.2497,2.8151,0,0,1,0,0,0,1,0,0,0,0,0,0,-1
27,2,13,0,1,0,0,0,4,0,0,0,0,0.0,0.7778,3.736,1.0,0,1,0,0,0,0,0,0,0,0,0,0,0,-1
42,13,17,0,1,1,0,0,4,0,0,0,0,0.0,0.8333,3.9488,3.2389,0,1,0,0,0,0,0,0,0,0,0,0,0,-1
49,10,27,0,1,2,0,0,5,0,0,0,0,0.1224,0.6939,4.4316,3.1219,0,1,0,0,0,0,0,0,0,0,0,0,0,-1
27,4,11,0,1,0,0,0,4,0,0,0,0,0.0,0.7778,3.6619,2.0,0,1,0,0,0,0,0,0,0,0,0,0,0,-1
29,14,2,0,3,0,0,0,3,0,0,0,0,0.5517,0.1724,3.6639,2.4138,0,0,1,1,0,0,1,0,0,0,0,0,0,-1
21,3,6,0,1,0,0,0,3,0,0,0,0,0.0,0.7619,3.5226,1.585,0,1,0,0,0,0,0,0,0,0,0,0,0,-1
38,3,7,10,2,0,0,0,3,1,0,0,1,0.0,0.7895,4.0735,1.585,1,1,0,0,0,0,0,0,0,0,0,0,0,-1
42,10,20,0,1,0,0,0,4,0,0,0,0,0.0,0.8571,3.994,3.1219,0,1,0,0,0,0,0,0,0,0,0,0,0,-1
34,9,13,0,2,0,0,0,3,0,0,0,0,0.0588,0.7647,4.2561,2.9477,0,1,0,0,0,0,0,0,0,0,0,0,0,-1
28,13,2,0,3,0,0,0,3,0,0,0,0,0.5357,0.1786,3.744,3.027,0,0,1,1,0,0,1,0,0,0,0,0,0,-1
22,11,4,0,3,0,0,0,3,0,0,0,0,0.4091,0.2727,3.6635,2.8454,0,0,1,0,0,0,1,0,0,0,0,0,0,-1
40,12,21,0,4,0,0,0,4,0,0,0,0,0.3,0.475,4.1531,2.5221,0,0,1,0,0,0,1,0,0,0,0,0,0,-1
28,3,13,0,1,0,0,0,4,0,0,0,0,0.0,0.7857,3.7265,1.585,0,1,0,0,0,0,0,0,0,0,0,0,0,-1
45,9,7,16,1,0,0,0,3,1,0,0,1,0.0,0.8222,4.3304,2.9477,0,1,0,0,0,0,0,0,0,0,0,0,0,-1
45,5,29,0,2,0,0,0,6,0,0,0,0,0.0,0.8,3.9944,1.9219,0,0,0,0,0,1,0,0,0,0,0,0,0,-1
30,7,12,0,1,0,0,0,4,0,0,0,0,0.1333,0.6667,3.8281,2.8074,0,1,0,0,0,0,0,0,0,0,0,0,0,-1
40,10,7,10,1,0,0,0,3,1,0,0,1,0.0,0.825,4.2373,3.1219,0,1,0,0,0,0,0,0,0,0,0,0,0,-1
27,7,8,0,1,0,0,0,3,0,0,0,0,0.0,0.8148,3.7821,2.5216,0,1,0,0,0,0,0,0,0,0,0,0,0,-1
28,7,10,0,1,0,0,0,3,0,0,0,0,0.0,0.8214,4.0391,2.8074,0,1,0,0,0,0,0,0,0,0,0,0,0,-1
45,13,25,0,4,0,0,0,4,0,0,0,0,0.2222,0.5778,4.525,2.6032,0,0,1,0,0,0,1,0,0,0,0,0,0,-1
27,6,6,0,2,0,0,0,3,0,0,0,0,0.0,0.7778,3.7821,1.9183,0,1,0,0,0,0,0,0,0,1,1,1,1,-1
34,3,19,0,1,1,0,0,5,0,0,0,0,0.0,0.7647,3.9513,1.585,0,1,0,0,0,0,0,0,0,0,0,0,0,-1
34,4,17,0,1,1,0,0,4,0,0,0,0,0.0,0.7941,3.9254,2.0,0,1,0,0,0,0,0,0,0,0,0,0,0,-1
33,13,7,0,4,0,0,0,3,0,0,0,0,0.4545,0.2727,4.0896,3.027,0,0,1,1,0,0,1,0,0,0,0,0,0,-1
47,15,25,0,4,0,1,0,4,0,0,0,0,0.2766,0.5106,4.5759,2.7899,0,0,1,0,0,0,1,0,0,0,0,0,0,-1
41,14,20,0,4,0,0,0,4,0,0,0,0,0.2683,0.5122,4.2356,2.6106,0,0,1,0,0,0,1,0,0,0,0,0,0,-1
18,6,0,0,1,0,0,0,2,0,0,0,0,0.0,0.7778,3.9477,2.585,0,1,0,0,0,0,0,0,0,0,0,0,0,-1
34,8,14,0,1,0,0,0,4,0,0,0,0,0.0,0.8235,3.9003,3.0,0,1,0,0,0,0,0,0,0,0,0,0,0,-1
31,7,0,12,1,0,0,0,2,1,0,0,1,0.0,0.8065,4.2603,2.8074,0,1,0,0,0,0,0,0,0,0,0,0,0,-1
63,7,37,0,2,4,0,0,3,0,0,0,0,0.3651,0.4762,4.622,2.8074,1,1,0,0,0,0,0,0,0,0,0,0,0,-1
87,25,47,0,2,4,0,0,4,0,0,0,0,0.2069,0.6667,4.7083,3.5133,0,1,0,0,0,0,0,0,0,1,1,0,0,-1
24,12,5,0,3,0,0,0,3,0,0,0,0,0.5,0.2083,3.6258,2.6258,0,0,1,0,0,0,1,0,0,0,0,0,0,-1
35,15,7,0,4,0,0,0,3,0,0,0,0,0.4857,0.2571,3.9217,2.4226,0,0,1,1,0,0,1,0,0,0,0,0,0,-1
67,10,37,0,2,4,0,0,3,0,0,0,0,0.2836,0.5672,4.6647,2.7219,1,1,0,0,0,0,0,0,0,0,0,0,0,-1
28,13,2,0,3,0,0,0,3,0,0,0,0,0.5357,0.1786,3.6726,2.6612,0,0,1,1,0,0,1,0,0,0,0,0,0,-1
30,3,15,0,1,0,0,0,4,0,0,0,0,0.0,0.8,3.6729,1.585,0,1,0,0,0,0,0,0,0,0,0,0,0,-1
40,13,15,0,1,0,0,0,4,0,0,0,0,0.0,0.85,4.0939,2.9312,0,1,0,0,0,0,0,0,0,0,0,0,0,-1
44,13,19,0,1,2,0,0,5,0,0,0,0,0.0,0.7955,4.1873,3.027,0,1,0,0,0,0,0,0,0,0,0,0,0,-1
25,3,8,0,2,0,0,0,3,0,0,0,0,0.0,0.76,3.8635,1.585,0,1,0,0,0,0,0,0,0,1,1,0,0,-1
27,12,2,0,3,0,0,0,3,0,0,0,0,0.5185,0.1852,3.8842,2.8554,0,0,1,1,0,0,1,0,0,0,0,0,0,-1
27,12,2,0,3,0,0,0,3,0,0,0,0,0.5185,0.1852,3.6801,2.6258,0,0,1,1,0,0,1,0,0,0,0,0,0,-1
31,11,7,0,4,0,0,0,3,0,0,0,0,0.4194,0.2903,3.7844,2.5949,0,0,1,1,0,0,1,0,0,0,0,0,0,-1
25,4,6,0,2,0,0,0,3,0,0,0,0,0.0,0.76,3.8635,2.0,0,1,0,0,0,0,0,0,0,1,1,0,0,-1
24,13,4,0,3,0,0,0,3,0,0,0,0,0.4583,0.25,3.8554,2.8731,0,0,1,0,0,0,1,0,0,0,0,0,0,-1
30,10,8,0,1,0,0,0,3,0,0,0,0,0.0,0.8333,3.8696,2.6464,0,1,0,0,0,0,0,0,0,0,0,0,0,-1
27,8,8,0,1,0,0,0,3,0,0,0,0,0.0,0.8148,3.4444,2.5,0,1,0,0,0,0,0,0,0,0,0,0,0,-1
54,9,33,0,1,3,0,0,5,0,0,0,0,0.0926,0.7222,4.4032,2.9477,0,1,0,0,0,0,0,0,0,0,0,0,0,-1
32,13,12,0,4,0,0,0,3,0,0,0,0,0.3125,0.4375,4.2028,2.8151,0,0,1,0,0,0,1,0,0,0,0,0,0,-1
33,14,12,0,4,0,0,0,4,0,0,0,0,0.3636,0.3636,3.7865,2.5567,0,0,1,0,0,0,1,0,0,0,0,0,0,-1
35,4,20,0,2,0,0,0,5,0,0,0,0,0.0286,0.7429,3.9113,2.0,0,1,0,0,0,0,0,0,0,1,1,0,0,-1
89,30,47,0,2,8,0,0,4,0,0,0,0,0.2472,0.5843,4.7228,3.6981,0,0,0,0,0,0,0,0,0,1,1,0,0,-1
24,5,0,6,1,0,0,0,2,1,0,0,1,0.0417,0.7083,3.9702,2.3219,0,1,0,0,0,0,0,0,0,0,0,0,0,-1
19,7,0,0,1,0,0,0,2,0,0,0,0,0.0,0.7895,3.9321,2.5216,0,1,0,0,0,0,0,0,0,0,0,0,0,-1
30,15,2,0,3,0,0,0,3,0,0,0,0,0.5667,0.1667,3.6641,2.6892,0,0,1,1,0,0,1,0,0,0,0,0,0,-1
35,11,12,0,1,0,0,0,4,0,0,0,0,0.0857,0.7429,4.5579,3.0958,0,1,0,0,0,0,0,0,0,0,0,0,0,-1
29,14,2,0,3,0,0,0,3,0,0,0,0,0.5517,0.1724,3.9263,2.8424,0,0,1,1,0,0,1,0,0,0,0,0,0,-1
28,13,2,0,3,0,0,0,3,0,0,0,0,0.5357,0.1786,3.6281,2.6612,0,0,1,1,0,0,1,0,0,0,0,0,0,-1
32,12,7,0,4,0,0,0,3,0,0,0,0,0.4375,0.2812,3.9292,2.6887,0,0,1,1,0,0,1,0,0,0,0,0,0,-1
27,7,9,0,1,1,0,0,3,0,0,0,0,0.0,0.7778,3.9121,2.5216,0,1,0,0,0,0,0,0,0,0,0,0,0,-1
30,10,0,7,1,0,0,0,2,1,0,0,1,0.0,0.8,4.0981,2.7219,0,1,0,0,0,0,0,0,0,0,0,0,0,-1
33,13,7,0,4,0,0,0,3,0,0,0,0,0.4545,0.2727,4.0061,2.7193,0,0,1,1,0,0,1,0,0,0,0,0,0,-1
21,3,0,6,1,0,0,0,2,1,0,0,1,0.0476,0.6667,4.0114,1.585,0,1,0,0,0,0,0,0,0,0,0,0,0,-1
74,11,45,0,2,5,0,0,4,0,0,0,0,0.2432,0.5946,4.5468,3.2776,0,1,0,0,0,0,0,0,0,0,0,0,0,-1
26,11,2,0,3,0,0,0,3,0,0,0,0,0.5,0.1923,3.4305,2.1181,0,0,1,1,0,0,1,0,0,0,0,0,0,-1
39,6,21,0,1,1,0,0,4,0,0,0,0,0.0,0.8205,4.0478,2.2516,0,1,0,0,0,0,0,0,0,0,0,0,0,-1
30,14,9,0,3,0,0,0,4,0,0,0,0,0.3667,0.3667,4.0981,2.7885,0,0,1,0,0,0,1,0,0,0,0,0,0,-1
41,11,20,0,2,0,0,0,5,0,0,0,0,0.0976,0.7073,4.2018,3.0958,0,0,0,0,0,0,1,0,0,0,0,0,0,-1
27,12,2,0,3,0,0,0,3,0,0,0,0,0.5185,0.1852,3.7821,2.6258,0,0,1,1,0,0,1,0,0,0,0,0,0,-1
21,3,6,0,1,0,0,0,3,0,0,0,0,0.0,0.7619,3.6538,1.585,0,1,0,0,0,0,0,0,0,0,0,0,0,-1
27,12,2,0,3,0,0,0,3,0,0,0,0,0.5185,0.1852,3.7821,2.8554,0,0,1,1,0,0,1,0,0,0,0,0,0,-1
33,16,5,0,1,0,0,0,3,0,0,0,0,0.0,0.8485,3.9455,3.625,0,1,0,0,0,0,0,0,0,0,0,0,0,-1
26,14,5,0,4,0,0,0,3,0,0,0,0,0.4615,0.2308,3.4885,2.6456,0,0,1,0,0,0,1,0,0,0,0,0,0,-1
37,16,9,0,1,0,0,0,4,0,0,0,0,0.0,0.8378,4.1416,3.625,0,1,0,0,0,0,0,0,0,0,0,0,0,-1
42,4,26,0,1,1,0,0,6,0,0,0,0,0.0,0.7857,4.2845,2.0,0,1,0,0,0,0,0,0,0,0,0,0,0,-1
33,13,7,0,4,0,0,0,3,0,0,0,0,0.4545,0.2727,3.9683,2.6612,0,0,1,1,0,0,1,0,0,0,0,0,0,-1
29,9,8,0,1,0,0,0,3,0,0,0,0,0.0,0.8276,3.6075,2.7255,0,1,0,0,0,0,0,0,0,0,0,0,0,-1
51,19,20,0,3,0,0,0,5,0,0,0,0,0.0588,0.7647,4.1087,3.3264,0,1,0,0,0,0,0,0,0,0,0,0,0,-1
29,10,8,0,1,0,0,0,3,0,0,0,0,0.0,0.8276,3.8144,2.7219,0,1,0,0,0,0,0,0,0,0,0,0,0,-1
23,7,5,0,1,0,0,0,3,0,0,0,0,0.0,0.7826,3.4314,2.1281,0,1,0,0,0,0,0,0,0,0,0,0,0,-1
30,11,7,0,1,0,0,0,3,0,0,0,0,0.0,0.8333,3.8444,2.5949,0,1,0,0,0,0,0,0,0,1,1,0,0,-1
33,13,7,0,4,0,0,0,3,0,0,0,0,0.4545,0.2727,4.0061,2.8731,0,0,1,1,0,0,1,0,0,0,0,0,0,-1
30,3,15,0,1,0,0,0,4,0,0,0,0,0.0,0.8,3.5777,1.585,0,1,0,0,0,0,0,0,0,0,0,0,0,-1
32,12,8,0,1,0,0,0,3,0,0,0,0,0.0,0.8438,3.9917,3.2516,0,1,0,0,0,0,0,0,0,0,0,0,0,-1
30,14,9,0,3,0,0,0,4,0,0,0,0,0.4333,0.3,3.9899,2.7885,0,0,1,0,0,0,1,0,0,0,0,0,0,-1
29,14,2,0,3,0,0,0,3,0,0,0,0,0.5517,0.1724,3.8573,2.8424,0,0,1,1,0,0,1,0,0,0,0,0,0,-1
36,5,20,0,1,0,0,0,5,0,0,0,0,0.0,0.8056,4.0277,2.3219,0,1,0,0,0,0,0,0,0,1,1,0,0,-1
39,12,20,0,4,0,0,0,4,0,0,0,0,0.2308,0.5385,3.9453,2.6258,0,0,1,0,0,0,1,0,0,0,0,0,0,-1
25,7,6,0,1,0,0,0,3,0,0,0,0,0.0,0.8,4.0235,2.8074,0,1,0,0,0,0,0,0,0,0,0,0,0,-1
28,5,12,0,1,0,0,0,4,0,0,0,0,0.2143,0.5714,3.8788,2.3219,0,1,0,0,0,0,1,0,0,0,0,0,0,-1
45,9,24,0,1,0,0,0,5,0,0,0,0,0.0,0.8444,4.0665,2.6416,0,1,0,0,0,0,0,0,0,0,0,0,0,-1
34,14,7,0,4,0,0,0,3,0,0,0,0,0.4706,0.2647,4.0209,2.8963,0,0,1,1,0,0,1,0,0,0,0,0,0,-1
28,13,2,0,3,0,0,0,3,0,0,0,0,0.5357,0.1786,3.744,2.6032,0,0,1,1,0,0,1,0,0,0,0,0,0,-1
29,4,14,0,1,0,0,0,4,0,0,0,0,0.0,0.7931,4.1423,2.0,0,1,0,0,0,0,0,0,0,0,0,0,0,-1
38,11,16,0,1,0,0,0,4,0,0,0,0,0.0,0.8421,3.6653,2.914,0,1,0,0,0,0,0,0,0,0,0,0,0,-1
28,4,13,0,1,0,0,0,4,0,0,0,0,0.0,0.7857,3.8518,2.0,0,1,0,0,0,0,0,0,0,0,0,0,0,-1
41,9,20,0,3,0,0,0,5,0,0,0,0,0.0732,0.7073,4.1203,2.9477,0,1,0,0,0,0,0,0,0,0,0,0,0,-1
25,13,5,0,3,0,0,0,3,0,0,0,0,0.48,0.24,3.8333,2.8731,0,0,1,0,0,0,1,0,0,0,0,0,0,-1
28,13,2,0,3,0,0,0,3,0,0,0,0,0.5357,0.1786,3.8693,2.6612,0,0,1,1,0,0,1,0,0,0,0,0,0,-1
33,11,10,0,1,0,0,0,3,0,0,0,0,0.0,0.8485,3.9832,3.0958,0,1,0,0,0,0,0,0,0,0,0,0,0,-1
23,6,5,0,1,0,0,0,3,0,0,0,0,0.0,0.7826,3.7294,2.2516,0,1,0,0,0,0,0,0,0,0,0,0,0,-1
29,0,13,0,1,0,0,0,4,0,0,0,0,0.0,0.7931,4.0304,0.0,0,1,0,0,0,0,0,0,0,0,0,0,0,-1
26,14,5,0,3,0,0,0,3,0,0,0,0,0.4231,0.3077,3.6322,2.306,0,0,1,0,0,0,1,0,0,0,0,0,0,-1
52,6,34,0,1,1,0,0,5,0,0,0,0,0.0,0.8462,4.2198,2.585,0,1,0,0,0,0,0,0,0,0,0,0,0,-1
36,16,8,0,1,0,0,0,3,0,0,0,0,0.0,0.8611,3.9404,3.4528,0,1,0,0,0,0,0,0,0,0,0,0,0,-1
25,5,8,0,1,0,0,0,3,0,0,0,0,0.0,0.8,3.6733,1.9219,0,1,0,0,0,0,0,0,0,1,1,0,0,-1
42,6,24,0,1,0,0,0,5,0,0,0,0,0.0,0.8333,3.9308,2.585,0,1,0,0,0,0,0,0,0,1,1,0,0,-1
32,12,7,0,4,0,0,0,3,0,0,0,0,0.4375,0.2812,3.9528,2.6887,0,0,1,1,0,0,1,0,0,0,0,0,0,-1
42,3,7,16,2,0,0,0,3,1,0,0,1,0.0,0.7619,4.2845,1.585,0,1,0,0,0,0,0,0,0,0,0,0,0,-1
28,10,6,0,1,0,0,0,3,0,0,0,0,0.0,0.8214,4.0661,3.1219,0,1,0,0,0,0,0,0,0,0,0,0,0,-1
35,3,17,0,2,1,0,0,4,0,0,0,0,0.0,0.7714,3.7287,1.585,0,1,0,0,0,0,0,0,0,0,0,0,0,-1
34,14,8,0,1,0,0,0,3,0,0,0,0,0.0,0.8529,4.1751,3.6645,0,1,0,0,0,0,0,0,0,0,0,0,0,-1
27,12,2,0,3,0,0,0,3,0,0,0,0,0.5185,0.1852,3.634,2.4591,0,0,1,1,0,0,1,0,0,0,0,0,0,-1
33,13,7,0,4,0,0,0,3,0,0,0,0,0.4545,0.2727,3.9683,2.6032,0,0,1,1,0,0,1,0,0,0,0,0,0,-1
57,18,28,0,1,2,0,0,4,0,0,0,0,0.0,0.8596,4.2579,3.6144,0,1,0,0,0,0,0,0,0,0,0,0,0,-1
29,6,11,0,1,0,0,0,4,0,0,0,0,0.0,0.7931,3.8109,1.9183,0,1,0,0,0,0,0,0,0,0,0,0,0,-1
25,14,4,0,3,0,0,0,3,0,0,0,0,0.44,0.28,3.4529,2.306,0,0,1,0,0,0,1,0,0,0,0,0,0,-1
37,15,10,0,1,0,0,0,3,0,0,0,0,0.0,0.8649,4.1681,3.5069,0,1,0,0,0,0,0,0,0,0,0,0,0,-1
27,12,2,0,3,0,0,0,3,0,0,0,0,0.5185,0.1852,3.6801,2.4591,0,0,1,1,0,0,1,0,0,0,0,0,0,-1
40,14,14,0,1,0,0,0,4,0,0,0,0,0.0,0.85,3.6052,2.8963,0,1,0,0,0,0,0,0,0,0,0,0,0,-1
34,9,14,0,1,0,0,0,4,0,0,0,0,0.0,0.8235,3.9032,2.5033,0,1,0,0,0,0,0,0,0,0,0,0,0,-1
27,7,8,0,1,0,0,0,3,0,0,0,0,0.0,0.8148,4.0323,2.8074,0,1,0,0,0,0,0,0,0,0,0,0,0,-1
31,9,10,0,1,0,0,0,3,0,0,0,0,0.0,0.8387,3.8647,2.9477,0,1,0,0,0,0,0,0,0,0,0,0,0,-1
27,12,2,0,3,0,0,0,3,0,0,0,0,0.5185,0.1852,3.634,2.6258,0,0,1,1,0,0,1,0,0,0,0,0,0,-1
32,12,7,0,4,0,0,0,3,0,0,0,0,0.4375,0.2812,3.9056,2.8554,0,0,1,1,0,0,1,0,0,0,0,0,0,-1
30,4,14,0,1,0,0,0,4,0,0,0,0,0.2,0.6,4.2817,2.0,0,1,0,0,0,0,1,0,0,0,0,0,0,-1
67,13,37,0,2,4,0,0,3,0,0,0,0,0.3284,0.5224,4.7731,3.2389,1,1,0,0,0,0,0,0,0,0,0,0,0,-1
33,13,7,0,4,0,0,0,3,0,0,0,0,0.4545,0.2727,3.8818,2.5074,0,0,1,1,0,0,1,0,0,0,0,0,0,-1
29,14,2,0,3,0,0,0,3,0,0,0,0,0.5517,0.1724,3.7849,2.6385,0,0,1,1,0,0,1,0,0,0,0,0,0,-1
33,13,7,0,4,0,0,0,3,0,0,0,0,0.4545,0.2727,3.9424,2.5654,0,0,1,1,0,0,1,0,0,0,0,0,0,-1
30,4,11,0,2,0,0,0,4,0,0,0,0,0.0,0.7667,3.8817,1.5,0,1,0,0,0,0,0,0,0,0,0,0,0,-1
53,15,26,0,2,0,0,0,4,0,0,0,0,0.0189,0.8491,4.3718,3.4566,0,1,0,0,0,0,1,0,0,0,0,0,0,-1
43,12,19,0,1,0,0,0,4,0,0,0,0,0.0,0.8605,4.1558,3.085,0,1,0,0,0,0,0,0,0,0,0,0,0,-1
26,7,4,0,2,0,0,0,3,0,0,0,0,0.0,0.7692,3.9501,2.8074,0,1,0,0,0,0,0,0,0,0,0,0,0,-1
22,2,9,0,1,0,0,0,3,0,0,0,0,0.0,0.7727,3.6635,0.0,0,1,0,0,0,0,0,0,0,0,0,0,0,-1
27,10,5,0,1,0,0,0,3,0,0,0,0,0.0,0.8148,3.9023,2.7219,0,1,0,0,0,0,0,0,0,0,0,0,0,-1
27,9,6,0,1,0,0,0,3,0,0,0,0,0.0,0.8148,3.7821,2.281,0,1,0,0,0,0,0,0,0,0,0,0,0,-1
27,12,2,0,3,0,0,0,3,0,0,0,0,0.5185,0.1852,3.606,2.3962,0,0,1,1,0,0,1,0,0,0,0,0,0,-1
68,23,33,0,1,3,0,0,5,0,0,0,0,0.0735,0.7794,4.5732,3.3231,0,1,0,0,0,0,0,0,0,0,0,0,0,-1
37,5,7,10,2,0,0,0,3,1,0,0,1,0.0,0.7838,4.1212,1.5219,0,1,0,0,0,0,0,0,0,0,0,0,0,-1
27,6,9,0,1,0,0,0,3,0,0,0,0,0.0,0.8148,4.1064,2.585,0,1,0,0,0,0,0,0,0,0,0,0,0,-1
33,11,15,0,4,0,0,0,4,0,0,0,0,0.2424,0.4848,4.3777,3.0272,0,0,1,0,0,0,1,0,0,0,0,0,0,-1
42,9,21,0,1,0,0,0,5,0,0,0,0,0.119,0.7143,4.2297,2.7255,0,1,0,0,0,0,0,0,0,0,0,0,0,-1
35,3,20,0,2,0,0,0,5,0,0,0,0,0.0286,0.7429,4.0687,1.585,0,1,0,0,0,0,0,0,0,1,1,0,0,-1
45,8,14,10,1,0,2,0,4,1,0,0,1,0.1556,0.6222,4.686,3.0,0,1,0,0,0,0,0,0,0,0,0,0,0,-1
25,13,5,0,3,0,0,0,3,0,0,0,0,0.48,0.24,3.7533,2.8731,0,0,1,0,0,0,1,0,0,0,0,0,0,-1
24,12,5,0,3,0,0,0,3,0,0,0,0,0.5,0.2083,3.7406,2.6887,0,0,1,0,0,0,1,0,0,0,0,0,0,-1
25,2,11,0,2,0,0,0,3,0,0,0,0,0.0,0.76,3.9133,1.0,0,1,0,0,0,0,0,0,0,0,0,0,0,-1
27,11,4,0,1,0,0,0,3,0,0,0,0,0.0,0.8148,3.736,2.914,0,1,0,0,0,0,0,0,0,0,0,0,0,-1
77,20,37,0,2,4,0,0,3,0,0,0,0,0.2078,0.6623,4.737,3.6219,1,1,0,0,0,0,0,0,0,0,0,0,0,-1
26,5,5,0,2,0,0,0,3,0,0,0,0,0.0385,0.7308,3.8731,1.9219,1,0,0,0,0,0,0,0,1,0,0,0,0,-1
42,3,24,0,2,0,0,0,5,0,0,0,0,0.0,0.8095,4.0353,0.9183,0,1,0,0,0,0,0,0,0,1,1,0,0,-1
51,13,31,0,4,0,0,0,4,0,0,0,0,0.4902,0.3333,4.3191,2.8151,0,0,1,0,0,0,1,0,0,0,0,0,0,-1
33,13,7,0,4,0,0,0,3,0,0,0,0,0.4545,0.2727,3.9912,2.5654,0,0,1,1,0,0,1,0,0,0,0,0,0,-1
21,0,8,0,1,0,0,0,3,0,0,0,0,0.0,0.7619,3.6538,0.0,0,1,0,0,0,0,0,0,0,0,0,0,0,-1
18,2,5,0,1,0,0,0,3,0,0,0,0,0.0,0.7222,3.4613,1.0,0,1,0,0,0,0,0,0,0,0,0,0,0,-1
24,12,5,0,3,0,0,0,3,0,0,0,0,0.375,0.3333,3.6573,2.4591,0,0,1,0,0,0,1,0,0,0,0,0,0,-1
31,6,13,0,1,0,0,0,4,0,0,0,0,0.0,0.8065,4.0424,2.585,0,1,0,0,0,0,0,0,0,0,0,0,0,-1
24,13,4,0,3,0,0,0,3,0,0,0,0,0.4167,0.2917,3.7406,2.6612,0,0,1,0,0,0,1,0,0,0,0,0,0,-1
26,7,8,0,1,0,0,0,3,0,0,0,0,0.0,0.8077,3.8112,2.2359,0,1,0,0,0,0,0,0,0,1,1,0,0,-1
32,8,9,0,1,0,0,0,3,0,0,0,0,0.0,0.8438,3.9835,2.5,0,1,0,0,0,0,0,0,0,1,1,0,0,-1
28,13,2,0,3,0,0,0,3,0,0,0,0,0.5357,0.1786,3.7709,2.4493,0,0,1,1,0,0,1,0,0,0,0,0,0,-1
29,14,2,0,3,0,0,0,3,0,0,0,0,0.5517,0.1724,3.6673,2.6995,0,0,1,1,0,0,1,0,0,0,0,0,0,-1
32,16,5,0,1,0,0,0,3,0,0,0,0,0.0,0.8438,3.757,2.8522,0,1,0,0,0,0,0,0,0,0,0,0,0,-1
29,14,2,0,3,0,0,0,3,0,0,0,0,0.5517,0.1724,3.457,2.2988,0,0,1,1,0,0,1,0,0,0,0,0,0,-1
28,9,7,0,1,0,0,0,3,0,0,0,0,0.0,0.8214,3.8963,2.9477,0,1,0,0,0,0,0,0,0,1,1,0,0,-1
22,13,2,0,3,0,0,0,3,0,0,0,0,0.4545,0.2273,3.4474,2.5074,0,0,1,0,0,0,1,0,0,0,0,0,0,-1
28,13,2,0,3,0,0,0,3,0,0,0,0,0.5357,0.1786,3.8693,2.6612,0,0,1,1,0,0,1,0,0,0,0,0,0,-1
28,14,7,0,4,0,0,0,3,0,0,0,0,0.3929,0.3214,3.7804,2.7534,0,0,1,0,0,0,1,0,0,0,0,0,0,-1
41,9,20,0,1,0,0,0,4,0,0,0,0,0.0,0.8537,4.0524,2.9477,0,1,0,0,0,0,0,0,0,0,0,0,0,-1
41,8,22,0,1,0,1,0,4,0,0,0,0,0.0,0.8293,4.0524,2.5,0,1,0,0,0,0,0,0,0,0,0,0,0,-1
28,13,2,0,3,0,0,0,3,0,0,0,0,0.5357,0.1786,3.8693,2.8731,0,0,1,1,0,0,1,0,0,0,0,0,0,-1
78,10,48,0,3,4,0,0,4,0,0,0,0,0.2692,0.5769,4.764,2.9219,1,1,0,0,0,0,0,0,0,0,0,0,0,-1
45,10,24,0,1,0,0,0,5,0,0,0,0,0.0,0.8444,4.0367,3.1219,0,1,0,0,0,0,0,0,0,1,1,0,0,-1
28,13,8,0,3,0,0,0,3,0,0,0,0,0.3571,0.3929,4.0122,2.8731,0,0,1,0,0,0,1,0,0,0,0,0,0,-1
34,14,7,0,4,0,0,0,3,0,0,0,0,0.4706,0.2647,3.9369,2.8424,0,0,1,1,0,0,1,0,0,0,0,0,0,-1
30,6,12,0,1,0,0,0,4,0,0,0,0,0.1,0.7,4.3069,2.2516,0,1,0,0,0,0,0,0,0,0,0,0,0,-1
33,13,7,0,4,0,0,0,3,0,0,0,0,0.4545,0.2727,3.8243,2.4116,0,0,1,1,0,0,1,0,0,0,0,0,0,-1
45,6,27,0,1,2,0,0,5,0,0,0,0,0.1333,0.6667,4.331,2.2516,0,1,0,0,0,0,0,0,0,0,0,0,0,-1
70,10,47,0,2,4,0,0,4,0,0,0,0,0.2857,0.5571,4.7095,3.1219,0,1,0,0,0,0,0,0,0,1,1,0,0,-1
32,12,7,0,4,0,0,0,3,0,0,0,0,0.4375,0.2812,4.0153,2.6887,0,0,1,1,0,0,1,0,0,0,0,0,0,-1
35,15,7,0,4,0,0,0,3,0,0,0,0,0.4857,0.2571,3.8214,2.7899,0,0,1,1,0,0,1,0,0,0,0,0,0,-1
34,14,7,0,4,0,0,0,3,0,0,0,0,0.4706,0.2647,3.9591,2.6385,0,0,1,1,0,0,1,0,0,0,0,0,0,-1
32,12,7,0,4,0,0,0,3,0,0,0,0,0.4375,0.2812,3.9292,2.6887,0,0,1,1,0,0,1,0,0,0,0,0,0,-1
30,13,10,0,4,0,0,0,3,0,0,0,0,0.3667,0.3667,3.9647,3.027,0,0,1,0,0,0,1,0,0,0,0,0,0,-1
24,4,9,0,1,0,0,0,3,0,0,0,0,0.0,0.7917,3.8239,2.0,0,1,0,0,0,0,0,0,0,0,0,0,0,-1
68,13,37,0,2,4,0,0,3,0,0,0,0,0.2794,0.5735,4.716,2.7774,1,1,0,0,0,0,0,0,0,0,0,0,0,-1
29,14,2,0,3,0,0,0,3,0,0,0,0,0.5517,0.1724,3.8144,2.8963,0,0,1,1,0,0,1,0,0,0,0,0,0,-1
23,3,8,0,1,0,0,0,3,0,0,0,0,0.0,0.7826,3.6425,1.585,0,1,0,0,0,0,0,0,0,0,0,0,0,-1
28,13,2,0,3,0,0,0,3,0,0,0,0,0.5357,0.1786,3.5261,2.5654,0,0,1,1,0,0,1,0,0,0,0,0,0,-1
25,2,5,0,3,0,0,0,3,0,0,0,0,0.08,0.64,3.9435,1.0,2,0,0,0,0,0,1,0,0,0,0,0,0,-1
48,12,24,0,1,0,0,0,5,0,0,0,0,0.0,0.8542,4.177,2.7516,0,1,0,0,0,0,0,0,0,1,1,0,0,-1
37,14,16,0,4,0,1,0,4,0,0,0,0,0.4054,0.3243,4.1212,2.4138,0,0,1,0,0,0,1,0,0,0,0,0,0,-1
39,14,13,0,1,2,0,0,4,0,0,0,0,0.0,0.7949,4.0453,3.2359,0,1,0,0,0,0,0,0,0,0,0,0,0,-1
41,7,16,0,3,0,0,0,4,0,0,0,0,0.0488,0.7561,4.2715,2.5216,1,0,0,0,0,0,0,0,0,0,0,0,0,-1
38,13,18,0,4,0,0,0,4,0,0,0,0,0.2632,0.5,4.1685,2.8151,0,0,1,0,0,0,1,0,0,0,0,0,0,-1
28,13,2,0,3,0,0,0,3,0,0,0,0,0.5357,0.1786,3.7534,2.8731,0,0,1,1,0,0,1,0,0,0,0,0,0,-1
27,13,7,0,4,0,0,0,3,0,0,0,0,0.3704,0.3333,3.838,2.8731,0,0,1,0,0,0,1,0,0,0,0,0,0,-1
36,8,16,0,1,0,0,0,4,0,0,0,0,0.0,0.8333,3.9722,2.4056,0,1,0,0,0,0,0,0,0,0,0,0,0,-1
33,13,7,0,4,0,0,0,3,0,0,0,0,0.4545,0.2727,3.9226,2.6612,0,0,1,1,0,0,1,0,0,0,0,0,0,-1
38,5,21,0,1,0,0,0,5,0,0,0,0,0.1316,0.6842,4.2287,2.3219,0,1,0,0,0,0,0,0,0,0,0,0,0,-1
34,5,7,10,1,0,0,0,3,1,0,0,1,0.0588,0.7353,4.2532,2.3219,0,1,0,0,0,0,1,0,0,0,0,0,0,-1
27,13,7,0,3,0,0,0,3,0,0,0,0,0.3704,0.3704,4.0784,2.9689,0,0,1,0,0,0,1,0,0,0,0,0,0,-1
40,14,14,0,1,0,0,0,4,0,0,0,0,0.1,0.75,4.3842,2.8424,0,1,0,0,0,0,0,0,0,0,0,0,0,-1
31,15,5,0,1,0,0,0,3,0,0,0,0,0.0,0.8387,4.0668,3.5069,0,0,0,0,0,0,0,0,0,0,0,0,0,-1
81,12,1,42,2,5,0,0,3,1,0,0,1,0.2346,0.6049,4.7872,3.0221,1,1,0,0,0,0,0,0,0,0,0,0,0,-1
33,14,12,0,4,0,0,0,3,0,0,0,0,0.3939,0.3636,4.0061,2.8963,0,0,1,0,0,0,1,0,0,0,0,0,0,-1
66,10,37,0,2,4,0,0,3,0,0,0,0,0.3939,0.4545,4.6125,3.1219,1,1,0,0,0,0,1,0,0,0,0,0,0,-1
34,11,11,0,2,0,0,0,3,0,0,0,0,0.0,0.8235,4.0209,3.0958,0,1,0,0,0,0,0,0,0,0,0,0,0,-1
23,6,5,0,1,0,0,0,3,0,0,0,0,0.0,0.7826,3.8492,2.585,0,1,0,0,0,0,0,0,0,0,0,0,0,-1
24,5,8,0,1,0,0,0,3,0,0,0,0,0.0,0.7917,3.3554,2.3219,0,1,0,0,0,0,0,0,0,0,0,0,0,-1
27,12,2,0,3,0,0,0,3,0,0,0,0,0.5185,0.1852,3.7542,2.6258,0,0,1,1,0,0,1,0,0,0,0,0,0,-1
59,15,32,0,3,0,0,0,5,0,0,0,0,0.339,0.4915,4.6894,2.7396,0,0,1,1,0,0,1,0,0,0,0,0,0,-1
29,14,2,0,3,0,0,0,3,0,0,0,0,0.5517,0.1724,3.5814,2.3249,0,0,1,1,0,0,1,0,0,0,0,0,0,-1
25,14,4,0,3,0,0,0,4,0,0,0,0,0.48,0.2,3.5435,2.5567,0,0,1,0,0,0,1,0,0,0,0,0,0,-1
30,15,2,0,3,0,0,0,3,0,0,0,0,0.5667,0.1667,3.6477,2.6826,0,0,1,1,0,0,1,0,0,0,0,0,0,-1
33,12,9,0,1,0,0,0,3,0,0,0,0,0.0,0.8485,3.859,3.1887,0,1,0,0,0,0,0,0,0,0,0,0,0,-1
70,13,37,0,2,4,0,0,3,0,0,0,0,0.3,0.5571,4.7544,3.5466,1,1,0,0,0,0,0,0,0,0,0,0,0,-1
25,6,5,0,2,0,0,0,3,0,0,0,0,0.0,0.76,3.6733,2.585,0,1,0,0,0,0,0,0,0,0,0,0,0,-1
29,14,2,0,3,0,0,0,3,0,0,0,0,0.5517,0.1724,3.7623,2.5027,0,0,1,1,0,0,1,0,0,0,0,0,0,-1
36,8,2,13,1,0,0,0,3,1,0,0,1,0.0,0.7778,4.2947,2.75,0,1,0,0,0,0,0,0,0,0,0,0,0,-1
34,2,21,0,1,0,0,0,5,0,0,0,0,0.1471,0.6471,4.066,0.0,0,1,0,0,0,0,0,0,0,0,0,0,0,-1
23,12,4,0,3,0,0,0,3,0,0,0,0,0.3913,0.3043,3.7294,2.6258,0,0,1,0,0,0,1,0,0,0,0,0,0,-1
36,12,12,0,1,0,0,0,4,0,0,0,0,0.0833,0.75,4.5033,3.2516,0,1,0,0,0,0,0,0,0,0,0,0,0,-1
27,10,5,0,1,0,0,0,3,0,0,0,0,0.0,0.8148,4.1064,2.8464,0,1,0,0,0,0,0,0,0,0,0,0,0,-1
28,9,8,0,1,0,0,0,3,0,0,0,0,0.0,0.8214,4.0391,3.1699,0,1,0,0,0,0,0,0,0,0,0,0,0,-1
86,14,48,0,3,4,0,0,4,0,0,0,0,0.2674,0.593,4.7455,3.2359,1,1,0,0,0,0,0,0,0,0,0,0,0,-1
86,12,49,0,3,5,0,0,4,0,0,0,0,0.2093,0.6395,4.7024,3.4183,1,1,0,0,0,0,1,0,0,0,0,0,0,-1
25,13,5,0,3,0,0,0,3,0,0,0,0,0.4,0.32,3.8635,2.8731,0,0,1,0,0,0,1,0,0,0,0,0,0,-1
28,13,2,0,3,0,0,0,3,0,0,0,0,0.5357,0.1786,3.7979,2.7193,0,0,1,1,0,0,1,0,0,0,0,0,0,-1
57,12,33,0,1,3,0,0,5,0,0,0,0,0.0877,0.7368,4.4556,3.2516,0,1,0,0,0,0,0,0,0,0,0,0,0,-1
27,9,6,0,1,0,0,0,3,0,0,0,0,0.0,0.8148,3.9764,2.4194,0,1,0,0,0,0,0,0,0,1,1,0,0,-1
41,6,7,16,1,0,0,0,3,1,0,0,1,0.0,0.8049,4.0555,2.2516,0,1,0,0,0,0,0,0,0,0,0,0,0,-1
53,14,27,0,1,2,0,0,5,0,0,0,0,0.1132,0.717,4.4095,2.8424,0,1,0,0,0,0,0,0,0,0,0,0,0,-1
34,17,5,0,1,0,0,0,3,0,0,0,0,0.0,0.8529,3.9398,3.4548,0,1,0,0,0,0,0,0,0,0,0,0,0,-1
30,15,2,0,3,0,0,0,3,0,0,0,0,0.5667,0.1667,3.7111,2.7396,0,0,1,1,0,0,1,0,0,0,0,0,0,-1
33,14,12,0,4,0,0,0,3,0,0,0,0,0.3636,0.3939,4.1124,2.7534,0,0,1,0,0,0,1,0,0,0,0,0,0,-1
54,11,7,0,4,5,0,0,3,0,0,0,0,0.1852,0.5741,4.5282,3.0958,2,0,0,0,0,0,0,0,1,1,1,0,0,-1
27,2,14,0,1,0,0,0,4,0,0,0,0,0.0,0.7778,3.736,1.0,0,1,0,0,0,0,0,0,0,0,0,0,0,-1
23,3,9,0,1,0,0,0,3,0,0,0,0,0.0,0.7826,3.8492,1.585,0,1,0,0,0,0,0,0,0,0,0,0,0,-1
64,11,41,0,1,4,0,0,4,0,0,0,0,0.2656,0.5781,4.5542,2.6635,0,1,0,0,0,0,0,0,0,0,0,0,0,-1
30,15,2,0,3,0,0,0,3,0,0,0,0,0.5667,0.1667,3.8314,2.9559,0,0,1,1,0,0,1,0,0,0,0,0,0,-1
30,15,2,0,3,0,0,0,3,0,0,0,0,0.5667,0.1667,3.6226,2.6826,0,0,1,1,0,0,1,0,0,0,0,0,0,-1
31,8,11,0,1,0,0,0,4,0,0,0,0,0.0,0.8065,3.8213,2.5,0,1,0,0,0,0,0,0,0,0,0,0,0,-1
28,13,2,0,3,0,0,0,3,0,0,0,0,0.5357,0.1786,3.7979,2.8151,0,0,1,1,0,0,1,0,0,0,0,0,0,-1
28,3,13,0,1,0,0,0,4,0,0,0,0,0.0,0.7857,3.9947,1.585,0,1,0,0,0,0,0,0,0,0,0,0,0,-1
54,11,36,0,4,0,4,0,4,0,0,0,0,0.2222,0.537,4.473,2.8454,0,0,1,0,0,0,1,0,0,0,0,0,0,-1
64,8,37,0,2,4,0,0,3,0,0,0,0,0.3906,0.4531,4.5894,3.0,1,1,0,0,0,0,1,0,0,0,0,0,0,-1
29,14,2,0,3,0,0,0,3,0,0,0,0,0.5517,0.1724,3.6764,2.7534,0,0,1,1,0,0,1,0,0,0,0,0,0,-1
33,8,0,12,1,0,0,0,2,1,0,0,1,0.0,0.8182,4.2942,2.75,0,1,0,0,0,0,0,0,0,0,0,0,0,-1
33,13,7,0,4,0,0,0,3,0,0,0,0,0.4545,0.2727,4.0896,2.8731,0,0,1,1,0,0,1,0,0,0,0,0,0,-1
33,13,7,0,4,0,0,0,3,0,0,0,0,0.4545,0.2727,3.9077,2.5654,0,0,1,1,0,0,1,0,0,0,0,0,0,-1
37,8,17,0,1,0,0,0,4,0,0,0,0,0.0,0.8378,4.1753,3.0,0,1,0,0,0,0,0,0,0,0,0,0,0,-1
30,15,2,0,3,0,0,0,3,0,0,0,0,0.5667,0.1667,3.8981,2.9232,0,0,1,1,0,0,1,0,0,0,0,0,0,-1
32,12,7,0,4,0,0,0,3,0,0,0,0,0.4375,0.2812,3.9139,2.3554,0,0,1,1,0,0,1,0,0,0,0,0,0,-1
29,14,2,0,3,0,0,0,3,0,0,0,0,0.5517,0.1724,3.7454,2.8424,0,0,1,1,0,0,1,0,0,0,0,0,0,-1
31,13,11,0,4,0,0,0,3,0,0,0,0,0.3548,0.3871,4.1958,2.8151,0,0,1,0,0,0,1,0,0,0,0,0,0,-1
40,8,20,0,1,0,0,0,5,0,0,0,0,0.0,0.825,4.0348,3.0,0,1,0,0,0,0,0,0,0,1,1,0,0,-1
55,10,33,0,1,3,0,0,5,0,0,0,0,0.0909,0.7273,4.456,2.7219,0,1,0,0,0,0,0,0,0,0,0,0,0,-1
43,8,24,0,1,0,0,0,5,0,0,0,0,0.0,0.8372,3.9964,2.5,0,1,0,0,0,0,0,0,0,1,1,0,0,-1
27,11,5,0,1,0,0,0,3,0,0,0,0,0.0,0.8148,3.7542,3.0958,0,1,0,0,0,0,0,0,0,0,0,0,0,-1
32,14,11,0,3,0,1,0,3,0,0,0,0,0.375,0.375,4.3903,2.8963,0,0,1,0,0,0,1,0,0,0,0,0,0,-1
31,9,10,0,1,0,0,0,3,0,0,0,0,0.0,0.8387,3.797,2.6416,0,1,0,0,0,0,0,0,0,0,0,0,0,-1
36,12,12,0,1,0,0,0,3,0,0,0,0,0.0,0.8611,4.0441,3.4183,0,1,0,0,0,0,0,0,0,0,0,0,0,-1
34,3,19,0,1,1,0,0,5,0,0,0,0,0.0,0.7647,3.9735,1.585,0,1,0,0,0,0,0,0,0,0,0,0,0,-1
37,5,20,0,3,0,0,0,5,0,0,0,0,0.0811,0.6757,4.0573,1.9219,0,1,0,0,0,0,0,0,0,0,0,0,0,-1
55,14,34,0,5,0,0,0,4,0,0,0,0,0.2,0.6182,4.2316,2.5567,0,0,1,0,0,0,1,0,0,0,0,0,0,-1
34,14,7,0,4,0,0,0,3,0,0,0,0,0.4706,0.2647,3.9254,2.4677,0,0,1,1,0,0,1,0,0,0,0,0,0,-1
33,4,17,0,1,1,0,0,4,0,0,0,0,0.0,0.7879,3.8849,1.5,0,1,0,0,0,0,0,0,0,0,0,0,0,-1
24,13,4,0,3,0,0,0,3,0,0,0,0,0.4583,0.25,3.8554,2.8731,0,0,1,0,0,0,1,0,0,0,0,0,0,-1
25,7,6,0,1,0,0,0,3,0,0,0,0,0.0,0.8,3.9435,2.8074,0,1,0,0,0,0,0,0,0,0,0,0,0,-1
36,2,0,21,1,0,0,0,2,2,1,0,1,0.0,0.7778,4.3502,1.0,0,1,0,0,0,0,0,0,0,0,0,0,0,-1
27,13,7,0,3,0,0,0,3,0,0,0,0,0.3704,0.3704,3.9023,2.8151,0,0,1,0,0,0,1,0,0,0,0,0,0,-1
37,9,16,0,1,0,0,0,4,0,0,0,0,0.0,0.8378,4.0131,2.7255,0,1,0,0,0,0,0,0,0,0,0,0,0,-1
34,14,7,0,4,0,0,0,3,0,0,0,0,0.4706,0.2647,3.7604,2.5567,0,0,1,1,0,0,1,0,0,0,0,0,0,-1
30,10,8,0,1,0,0,0,3,0,0,0,0,0.0,0.8333,3.7811,3.1219,0,1,0,0,0,0,0,0,0,0,0,0,0,-1
27,7,8,0,1,0,0,0,3,0,0,0,0,0.0,0.8148,3.5879,2.8074,0,1,0,0,0,0,0,0,0,0,0,0,0,-1
24,13,4,0,3,0,0,0,3,0,0,0,0,0.4167,0.2917,3.8554,2.8731,0,0,1,0,0,0,1,0,0,0,0,0,0,-1
28,7,9,0,1,0,0,0,3,0,0,0,0,0.0,0.8214,3.7534,2.8074,0,1,0,0,0,0,0,0,0,0,0,0,0,-1
28,13,2,0,3,0,0,0,3,0,0,0,0,0.5357,0.1786,3.7265,2.8151,0,0,1,1,0,0,1,0,0,0,0,0,0,-1
29,14,2,0,3,0,0,0,3,0,0,0,0,0.5517,0.1724,3.6335,2.4138,0,0,1,1,0,0,1,0,0,0,0,0,0,-1
34,14,7,0,4,0,0,0,3,0,0,0,0,0.4706,0.2647,3.881,2.3527,0,0,1,1,0,0,1,0,0,0,0,0,0,-1
37,13,17,0,4,0,0,0,4,0,0,0,0,0.2703,0.4865,4.0131,2.6032,0,0,1,0,0,0,1,0,0,0,0,0,0,-1
36,8,16,0,1,0,0,0,4,0,0,0,0,0.0,0.8333,3.882,2.1556,0,1,0,0,0,0,0,0,0,0,0,0,0,-1
36,16,8,0,1,1,0,0,3,0,0,0,0,0.0,0.8333,3.8747,3.1556,0,1,0,0,0,0,0,0,0,0,0,0,0,-1
35,11,12,0,1,0,0,0,4,0,0,0,0,0.0857,0.7429,4.5147,3.2776,0,1,0,0,0,0,0,0,0,0,0,0,0,-1
43,15,21,0,4,0,0,0,4,0,0,0,0,0.3023,0.4884,4.3389,2.6062,0,0,1,0,0,0,1,0,0,0,0,0,0,-1
28,13,2,0,3,0,0,0,3,0,0,0,0,0.5357,0.1786,3.7979,2.4493,0,0,1,1,0,0,1,0,0,0,0,0,0,-1
29,14,2,0,3,0,0,0,3,0,0,0,0,0.5517,0.1724,3.6899,2.3527,0,0,1,1,0,0,1,0,0,0,0,0,0,-1
32,14,6,0,1,0,0,0,3,0,0,0,0,0.0,0.8438,3.9681,3.0391,0,1,0,0,0,0,0,0,0,0,0,0,0,-1
32,3,14,0,2,0,0,0,4,0,0,0,0,0.125,0.6562,4.4375,1.585,0,1,0,0,0,0,0,0,0,0,0,0,0,-1
25,11,7,0,3,0,0,0,3,0,0,0,0,0.4,0.32,3.9133,2.5949,0,0,1,0,0,0,1,0,0,0,0,0,0,-1
27,13,7,0,3,0,1,0,3,0,0,0,0,0.5185,0.1852,3.7505,2.8151,0,0,1,0,0,0,1,0,0,0,0,0,0,-1
71,6,1,42,2,4,0,0,3,1,0,0,1,0.3803,0.4507,4.7744,2.585,1,1,0,0,0,0,1,0,0,0,0,0,0,-1
30,15,2,0,3,0,0,0,3,0,0,0,0,0.5667,0.1667,3.6314,2.6389,0,0,1,1,0,0,1,0,0,0,0,0,0,-1
91,22,1,42,2,4,0,0,3,1,0,0,1,0.2088,0.6593,4.8279,3.7888,1,1,0,0,0,0,0,0,0,0,0,0,0,-1
31,10,9,0,1,0,0,0,3,0,0,0,0,0.0,0.8387,3.926,2.6464,0,1,0,0,0,0,0,0,0,0,0,0,0,-1
24,13,4,0,3,0,0,0,3,0,0,0,0,0.4167,0.2917,3.8554,2.8731,0,0,1,0,0,0,1,0,0,0,0,0,0,-1
24,7,5,0,1,1,0,0,3,0,0,0,0,0.0,0.75,3.6573,2.8074,0,1,0,0,0,0,0,0,0,0,0,0,0,-1
29,11,6,0,1,0,0,0,3,0,0,0,0,0.0,0.8276,3.673,2.4817,0,1,0,0,0,0,0,0,0,0,0,0,0,-1
35,12,15,0,4,0,0,0,3,0,0,0,0,0.3143,0.4571,4.3433,2.4591,0,1,1,0,0,0,1,0,0,0,0,0,0,-1
48,12,24,0,1,1,0,0,5,0,0,0,0,0.0,0.8333,4.1374,3.085,0,1,0,0,0,0,0,0,0,0,0,0,0,-1
18,3,4,0,1,0,0,0,3,0,0,0,0,0.0,0.7222,3.4613,1.585,0,1,0,0,0,0,0,0,0,0,0,0,0,-1
28,13,2,0,3,0,0,0,3,0,0,0,0,0.5357,0.1786,3.7709,2.5074,0,0,1,1,0,0,1,0,0,0,0,0,0,-1
78,18,47,0,2,7,0,0,4,0,0,0,0,0.2564,0.5641,4.8278,3.4613,0,1,0,0,0,0,0,0,0,1,1,0,0,-1
29,4,13,0,1,0,0,0,4,0,0,0,0,0.0,0.7931,3.8664,2.0,0,1,0,0,0,0,0,0,0,0,0,0,0,-1
30,15,2,0,3,0,0,0,3,0,0,0,0,0.5667,0.1667,3.6444,2.5493,0,0,1,1,0,0,1,0,0,0,0,0,0,-1
25,2,11,0,2,0,0,0,3,0,0,0,0,0.0,0.76,3.9133,1.0,0,1,0,0,0,0,0,0,0,0,0,0,0,-1
26,13,6,0,4,0,0,0,3,0,0,0,0,0.4231,0.2692,3.3826,2.2374,0,0,1,0,0,0,1,0,0,0,0,0,0,-1
31,12,0,6,1,1,0,0,2,1,0,0,1,0.0323,0.7419,4.1313,3.4183,0,1,0,0,0,0,0,0,0,0,0,0,0,-1
30,7,11,0,1,0,0,0,4,0,0,0,0,0.0,0.8,3.8532,2.8074,0,1,0,0,0,0,0,0,0,0,0,0,0,-1
89,29,47,0,2,8,0,0,4,0,0,0,0,0.236,0.5955,4.6937,3.7194,0,1,0,0,0,0,0,0,0,1,1,0,0,-1
23,3,9,0,1,0,0,0,3,0,0,0,0,0.0,0.7826,3.5884,0.9183,0,1,0,0,0,0,0,0,0,0,0,0,0,-1
32,12,13,0,3,1,0,0,3,0,0,0,0,0.4375,0.3125,4.0931,2.6887,0,0,1,0,0,0,1,0,0,0,0,0,0,-1
28,5,12,0,1,0,0,0,3,0,0,0,0,0.0,0.8214,3.7404,2.3219,0,1,0,0,0,0,0,0,0,0,0,0,0,-1
42,4,24,0,2,0,0,0,5,0,0,0,0,0.0,0.8095,3.9604,1.5,0,1,0,0,0,0,0,0,0,1,1,0,0,-1
34,10,12,0,1,0,0,0,4,0,0,0,0,0.1176,0.7059,4.1356,2.9219,0,1,0,0,0,0,0,0,0,0,0,0,0,-1
24,7,5,0,1,0,0,0,3,0,0,0,0,0.0,0.7917,3.8239,2.8074,0,1,0,0,0,0,0,0,0,0,0,0,0,-1
35,3,20,0,1,0,0,0,5,0,0,0,0,0.0,0.8,4.2402,1.585,0,1,0,0,0,0,0,0,0,1,1,0,0,-1
37,12,13,0,2,0,0,0,3,0,0,0,0,0.0,0.8378,4.1885,3.4183,0,1,0,0,0,0,0,0,0,0,0,0,0,-1
39,11,16,0,1,0,0,0,4,0,0,0,0,0.0,0.8462,3.9108,2.914,0,1,0,0,0,0,0,0,0,0,0,0,0,-1
50,13,27,0,4,0,0,0,4,0,0,0,0,0.24,0.56,4.7639,3.027,0,0,1,1,0,0,1,0,0,0,0,0,0,-1
37,9,16,0,1,0,0,0,4,0,0,0,0,0.0,0.8378,4.2089,3.1699,0,1,0,0,0,0,0,0,0,0,0,0,0,-1
32,15,5,0,1,0,0,0,3,0,0,0,0,0.0,0.8438,4.0931,3.5069,0,1,0,0,0,0,0,0,0,0,0,0,0,-1
38,13,18,0,4,0,0,0,4,0,0,0,0,0.2895,0.4737,4.4386,2.8151,0,0,1,0,0,0,1,0,0,0,0,0,0,-1
32,13,12,0,4,0,0,0,3,0,0,0,0,0.3125,0.4375,4.2264,2.8731,0,0,1,0,0,0,1,0,0,0,0,0,0,-1
41,5,7,16,1,0,0,0,3,1,0,0,1,0.0,0.8049,4.2291,1.9219,0,1,0,0,0,0,0,0,0,0,0,0,0,-1
42,12,19,0,1,0,0,0,4,0,0,0,0,0.0,0.8571,3.8856,2.6258,0,1,0,0,0,0,0,0,0,0,0,0,0,-1
28,13,2,0,3,0,0,0,3,0,0,0,0,0.5357,0.1786,3.5836,2.6032,0,0,1,1,0,0,1,0,0,0,0,0,0,-1
37,13,12,0,1,0,0,0,3,0,0,0,0,0.0,0.8649,3.8207,2.8731,0,1,0,0,0,0,0,0,0,0,0,0,0,-1
34,14,7,0,4,0,0,0,3,0,0,0,0,0.4706,0.2647,3.9032,2.6106,0,0,1,1,0,0,1,0,0,0,0,0,0,-1
47,11,24,0,1,2,0,0,4,0,0,0,0,0.0851,0.7447,4.2443,3.0958,0,1,0,0,0,0,0,0,0,0,0,0,0,-1
23,6,5,0,1,0,0,0,3,0,0,0,0,0.0,0.7826,3.7951,2.2516,0,1,0,0,0,0,0,0,0,0,0,0,0,-1
44,10,22,0,1,0,1,0,4,0,0,0,0,0.0,0.8409,4.2693,3.1219,0,1,0,0,0,0,0,0,0,0,0,0,0,-1
29,9,8,0,1,0,0,0,3,0,0,0,0,0.0,0.8276,3.6899,2.9477,0,1,0,0,0,0,0,0,0,0,0,1,0,-1
26,11,2,0,3,0,0,0,3,0,0,0,0,0.5,0.1923,3.6612,2.2313,0,0,1,1,0,0,1,0,0,0,0,0,0,-1
29,13,9,0,4,0,0,0,3,0,0,0,0,0.3793,0.3448,3.9523,2.8151,0,0,1,0,0,0,1,0,0,0,0,0,0,-1
41,13,21,0,4,0,0,0,5,0,0,0,0,0.2927,0.4634,4.1411,2.8151,0,0,1,0,0,0,1,0,0,0,0,0,0,-1
31,11,7,0,4,0,0,0,3,0,0,0,0,0.4194,0.2903,3.8976,2.5949,0,0,1,1,0,0,1,0,0,0,0,0,0,-1
29,14,2,0,3,0,0,0,3,0,0,0,0,0.5517,0.1724,3.7589,2.4956,0,0,1,1,0,0,1,0,0,0,0,0,0,-1
28,13,2,0,3,0,0,0,3,0,0,0,0,0.5357,0.1786,3.5976,2.5654,0,0,1,1,0,0,1,0,0,0,0,0,0,-1
34,14,7,0,4,0,0,0,3,0,0,0,0,0.4706,0.2647,3.962,2.6456,0,0,1,1,0,0,1,0,0,0,0,0,0,-1
30,13,5,0,3,0,0,0,3,0,0,0,0,0.4667,0.2667,3.8314,2.5654,0,0,1,1,0,0,1,0,0,0,0,0,0,-1
30,13,10,0,4,0,0,0,3,0,0,0,0,0.3333,0.4,4.1484,2.8731,0,0,1,0,0,0,1,0,0,0,0,0,0,-1
38,14,17,0,4,0,0,0,4,0,0,0,0,0.3158,0.4474,4.2281,2.6456,0,0,1,0,0,0,1,0,0,0,0,0,0,-1
29,14,2,0,3,0,0,0,3,0,0,0,0,0.5517,0.1724,3.6075,2.6456,0,0,1,1,0,0,1,0,0,0,0,0,0,-1
19,3,4,0,1,0,0,0,3,0,0,0,0,0.0,0.7368,3.5369,1.585,0,1,0,0,0,0,0,0,0,0,0,0,0,-1
108,13,67,0,5,4,2,0,5,0,0,0,0,0.0463,0.7963,4.6847,2.6235,1,1,0,0,0,0,0,0,0,0,0,0,0,-1
27,6,10,0,1,0,0,0,3,0,0,0,0,0.037,0.7778,3.8842,2.2516,0,1,0,0,0,0,1,0,0,0,0,0,0,-1
24,3,9,0,1,0,0,0,3,0,0,0,0,0.0,0.7917,3.6054,1.585,0,1,0,0,0,0,0,0,0,0,0,0,0,-1
38,13,18,0,4,0,0,0,4,0,0,0,0,0.2895,0.4737,4.0606,2.2878,0,0,1,0,0,0,1,0,0,0,0,0,0,-1
38,15,16,0,3,0,1,0,4,0,0,0,0,0.3421,0.4211,4.4912,3.0566,0,0,1,0,0,0,1,0,0,0,0,0,0,-1
44,9,11,0,2,0,0,0,4,0,0,0,0,0.25,0.5909,4.3714,2.7255,1,0,0,0,0,0,0,0,0,0,0,0,0,-1
25,4,9,0,1,0,0,0,4,0,0,0,0,0.0,0.76,3.9737,2.0,0,1,0,0,0,0,0,0,0,0,0,0,0,-1
33,13,7,0,4,0,0,0,3,0,0,0,0,0.4545,0.2727,4.0667,2.6032,0,0,1,1,0,0,1,0,0,0,0,0,0,-1
91,31,47,0,2,8,0,0,4,0,0,0,0,0.2527,0.5824,4.7082,3.5231,0,1,0,0,0,0,0,0,0,1,1,0,0,-1
33,13,7,0,4,0,0,0,3,0,0,0,0,0.4545,0.2727,3.9077,2.6612,0,0,1,1,0,0,1,0,0,0,0,0,0,-1
86,24,47,0,2,4,0,0,4,0,0,0,0,0.2674,0.6047,4.5609,3.3198,0,1,0,0,0,0,0,0,0,1,1,0,0,-1
39,5,0,21,1,0,0,0,2,2,1,0,1,0.0,0.7949,4.3875,2.3219,0,1,0,0,0,0,0,0,0,0,0,0,0,-1
64,11,41,0,1,4,0,0,4,0,0,0,0,0.2656,0.5781,4.5348,2.6635,0,1,0,0,0,0,0,0,0,0,0,0,0,-1
30,15,7,0,4,0,0,0,3,0,0,0,0,0.4,0.3333,3.7899,2.6062,0,1,1,0,0,0,1,0,0,0,0,0,0,-1
26,14,5,0,3,0,0,0,3,0,0,0,0,0.4231,0.3077,3.4885,2.6106,0,0,1,0,0,0,1,0,0,0,0,0,0,-1
84,10,48,0,3,5,0,0,4,0,0,0,0,0.2619,0.5833,4.7594,3.1219,1,1,0,0,0,0,0,0,0,0,0,0,0,-1
88,29,47,0,2,8,0,0,4,0,0,0,0,0.2386,0.5909,4.7696,3.7194,0,0,0,0,0,0,0,0,0,1,1,0,0,-1
28,13,2,0,3,0,0,0,3,0,0,0,0,0.5357,0.1786,3.7709,2.6612,0,0,1,1,0,0,1,0,0,0,0,0,0,-1
32,12,7,0,4,0,0,0,3,0,0,0,0,0.4375,0.2812,4.0778,2.8554,0,0,1,1,0,0,1,0,0,0,0,0,0,-1
43,7,24,0,1,2,0,0,4,0,0,0,0,0.093,0.7209,4.1269,1.8424,0,1,0,0,0,0,0,0,0,0,0,0,0,-1
28,13,2,0,3,0,0,0,3,0,0,0,0,0.5357,0.1786,3.4992,2.5074,0,0,1,1,0,0,1,0,0,0,0,0,0,-1
28,14,7,0,3,0,0,0,3,0,0,0,0,0.3929,0.3571,4.1106,3.0391,0,0,1,0,0,0,1,0,0,0,0,0,0,-1
42,14,21,0,4,0,0,0,4,0,0,0,0,0.3333,0.4524,4.1572,2.8424,0,0,1,0,0,0,1,0,0,0,0,0,0,-1
69,12,37,0,2,4,0,0,3,0,0,0,0,0.3768,0.4783,4.9361,3.085,1,1,0,0,0,0,0,0,0,0,0,0,0,-1
29,5,13,0,1,0,0,0,4,0,0,0,0,0.0,0.7931,3.8404,2.3219,0,1,0,0,0,0,0,0,0,0,0,0,0,-1
34,3,20,0,1,0,0,0,4,0,0,0,0,0.0,0.8235,3.9254,1.585,0,1,0,0,0,0,0,0,0,0,0,0,0,-1
33,13,7,0,4,0,0,0,3,0,0,0,0,0.4545,0.2727,3.9912,2.8151,0,0,1,1,0,0,1,0,0,0,0,0,0,-1
28,3,14,0,1,0,0,0,4,0,0,0,0,0.0,0.7857,3.9233,0.9183,0,1,0,0,0,0,0,0,0,0,0,0,0,-1
34,14,7,0,4,0,0,0,3,0,0,0,0,0.4706,0.2647,3.962,2.217,0,0,1,1,0,0,1,0,0,0,0,0,0,-1
34,17,5,0,1,1,0,0,3,0,0,0,0,0.0,0.8235,3.8925,3.4548,0,1,0,0,0,0,0,0,0,0,0,0,0,-1
27,7,8,0,1,0,0,0,3,0,0,0,0,0.0,0.8148,3.6484,2.1281,0,1,0,0,0,0,0,0,0,0,0,0,0,-1
35,15,7,0,4,0,0,0,3,0,0,0,0,0.4857,0.2571,3.9789,2.6892,0,0,1,1,0,0,1,0,0,0,0,0,0,-1
29,14,2,0,3,0,0,0,3,0,0,0,0,0.5517,0.1724,3.647,2.3249,0,0,1,1,0,0,1,0,0,0,0,0,0,-1
31,2,17,0,1,0,0,0,4,0,0,0,0,0.0,0.8065,3.9779,1.0,0,1,0,0,0,0,0,0,0,0,0,0,0,-1
20,4,4,0,1,0,0,0,3,0,0,0,0,0.0,0.75,3.4464,2.0,0,1,0,0,0,0,0,0,0,0,0,0,0,-1
49,13,29,0,4,0,0,0,5,0,0,0,0,0.449,0.3469,4.457,2.4493,0,0,1,0,0,0,1,0,0,0,0,0,0,-1
35,8,12,0,2,0,0,0,4,0,0,0,0,0.0857,0.7143,4.3789,2.75,0,1,0,0,0,0,0,0,0,0,0,0,0,-1
33,13,7,0,4,0,0,0,3,0,0,0,0,0.4545,0.2727,3.87,2.6612,0,0,1,1,0,0,1,0,0,0,0,0,0,-1
31,8,0,7,2,0,0,0,2,1,0,0,1,0.0,0.7742,4.1557,2.5,0,1,0,0,0,0,0,0,0,0,0,0,0,-1
31,14,10,0,3,0,0,0,4,0,0,0,0,0.3871,0.3548,4.0424,2.6456,0,0,1,0,0,0,1,0,0,0,0,0,0,-1
49,0,30,0,1,2,0,0,5,0,0,0,0,0.102,0.7143,4.467,0.0,0,1,0,0,0,0,0,0,0,0,0,0,0,-1
43,18,0,12,1,0,0,0,2,1,0,0,1,0.0,0.8605,4.2488,3.5724,0,1,0,0,0,0,0,0,0,0,0,0,0,-1
59,5,37,0,2,4,0,0,3,0,0,0,0,0.339,0.4915,4.6405,2.3219,1,1,0,0,0,0,0,0,0,0,0,0,0,-1
30,13,10,0,3,0,1,0,3,0,0,0,0,0.3667,0.3667,4.0314,2.5074,0,0,1,0,0,0,1,0,0,0,0,0,0,-1
30,10,8,0,1,0,0,0,3,0,0,0,0,0.0,0.8333,3.6696,2.6464,0,1,0,0,0,0,0,0,0,0,0,0,0,-1
30,10,8,0,1,0,0,0,3,0,0,0,0,0.0,0.8333,3.6444,3.1219,0,1,0,0,0,0,0,0,0,0,0,0,0,-1
41,7,22,0,1,1,0,0,5,0,0,0,0,0.1951,0.6098,4.1322,2.5216,0,1,0,0,0,0,1,0,0,0,0,0,0,-1
26,11,2,0,3,0,0,0,3,0,0,0,0,0.5,0.1923,3.7672,2.4817,0,0,1,1,0,0,1,0,0,0,0,0,0,-1
26,14,5,0,3,0,0,0,3,0,0,0,0,0.4615,0.2692,3.7962,2.7534,0,0,1,0,0,0,1,0,0,0,0,0,0,-1
34,9,14,0,1,0,0,0,4,0,0,0,0,0.0,0.8235,3.9254,2.7255,0,1,0,0,0,0,0,0,0,0,0,0,0,-1
35,10,0,12,1,0,0,0,2,1,0,0,1,0.0,0.8286,4.229,2.9219,0,1,0,0,0,0,0,0,0,0,0,0,0,-1
44,7,14,10,1,0,2,0,4,1,0,0,1,0.1591,0.6136,4.6807,2.8074,0,1,0,0,0,0,0,0,0,0,0,0,0,-1
36,13,16,0,3,0,1,0,4,0,0,0,0,0.3333,0.4167,4.0067,2.4116,0,0,1,0,0,0,1,0,0,0,0,0,0,-1
36,13,16,0,4,0,0,0,3,0,0,0,0,0.2778,0.5,4.3083,2.6032,0,0,1,0,0,0,1,0,0,0,0,0,0,-1
42,14,21,0,4,0,0,0,4,0,0,0,0,0.3095,0.4762,4.2048,2.3527,0,0,1,0,0,0,1,0,0,0,0,0,0,-1
40,14,14,0,3,0,1,0,3,0,0,0,0,0.375,0.4,4.4653,2.7534,0,0,1,1,0,0,1,0,0,0,0,0,0,-1
27,12,2,0,3,0,0,0,3,0,0,0,0,0.5185,0.1852,3.708,2.5221,0,0,1,1,0,0,1,0,0,0,0,0,0,-1
35,7,14,0,2,0,0,0,4,0,0,0,0,0.1429,0.6571,4.4004,2.5216,0,1,0,0,0,0,0,0,0,0,0,0,0,-1
66,9,37,0,2,4,0,0,3,0,0,0,0,0.3636,0.4848,4.6672,2.4194,1,1,0,0,0,0,0,0,0,0,0,0,0,-1
26,3,12,0,1,0,0,0,4,0,0,0,0,0.0,0.7692,3.6714,1.585,0,1,0,0,0,0,0,0,0,0,0,0,0,-1
32,14,11,0,4,0,0,0,3,0,0,0,0,0.3438,0.4062,3.9528,2.5567,0,0,1,0,0,0,1,0,0,0,0,0,0,-1
65,10,37,0,2,4,0,0,3,0,0,0,0,0.3231,0.5231,4.678,2.7219,1,1,0,0,0,0,0,0,0,0,0,0,0,-1
33,8,13,0,1,0,1,0,4,0,0,0,0,0.0606,0.7273,4.0896,2.4056,0,0,0,0,0,0,0,0,0,0,0,0,0,-1
30,13,10,0,4,0,0,0,3,0,0,0,0,0.3667,0.3667,3.7396,2.5074,0,0,1,0,0,0,1,0,0,0,0,0,0,-1
32,12,7,0,4,0,0,0,3,0,0,0,0,0.4375,0.2812,3.9292,2.4591,0,0,1,1,0,0,1,0,0,0,0,0,0,-1
26,5,9,0,1,1,0,0,3,0,0,0,0,0.0,0.7692,3.921,2.3219,0,1,0,0,0,0,0,0,0,0,0,0,0,-1
35,15,7,0,4,0,0,0,3,0,0,0,0,0.4857,0.2571,3.8861,2.6062,0,0,1,1,0,0,1,0,0,0,0,0,0,-1
34,9,14,0,1,0,0,0,4,0,0,0,0,0.1176,0.7059,4.4182,2.9477,0,1,0,0,0,0,0,0,0,0,0,0,0,-1
68,13,48,0,4,1,1,0,5,0,0,0,0,0.4265,0.3971,4.3853,2.5654,0,0,1,0,0,0,1,0,0,0,0,0,0,-1
31,7,12,0,1,0,0,0,4,0,0,0,0,0.0,0.8065,4.0023,2.2359,0,1,0,0,0,0,0,0,0,0,0,0,0,-1
38,4,22,0,1,0,1,0,4,0,0,0,0,0.0,0.8158,4.2082,2.0,0,1,0,0,0,0,0,0,0,0,0,0,0,-1
24,4,8,0,1,0,0,0,3,0,0,0,0,0.0,0.7917,3.4906,2.0,0,1,0,0,0,0,0,0,0,0,0,0,0,-1
37,11,14,0,1,0,0,0,4,0,0,0,0,0.0,0.8378,3.9591,2.8454,0,1,0,0,0,0,0,0,0,0,0,0,0,-1
29,12,5,0,1,0,0,0,3,0,0,0,0,0.0,0.8276,3.8573,2.9183,0,1,0,0,0,0,0,0,0,0,0,0,0,-1
27,12,2,0,3,0,0,0,3,0,0,0,0,0.5185,0.1852,3.5003,2.1887,0,0,1,1,0,0,1,0,0,0,0,0,0,-1
87,25,47,0,2,6,0,0,4,0,0,0,0,0.2184,0.6322,4.6511,3.4831,0,1,0,0,0,0,0,0,0,1,1,0,0,-1
55,14,34,0,5,0,0,0,4,0,0,0,0,0.2,0.6182,4.3044,2.8424,0,0,1,0,0,0,1,0,0,0,0,0,0,-1
33,11,15,0,4,0,0,0,5,0,0,0,0,0.2727,0.4242,3.9653,2.6635,0,0,1,0,0,0,1,0,0,0,0,0,0,-1
30,0,12,0,1,0,0,0,4,0,0,0,0,0.0,0.8,3.9484,0.0,0,1,0,0,0,0,0,0,0,0,0,0,0,-1
34,3,19,0,1,1,0,0,5,0,0,0,0,0.0,0.7647,3.9003,1.585,0,1,0,0,0,0,0,0,0,0,0,0,0,-1
29,14,2,0,3,0,0,0,3,0,0,0,0,0.5517,0.1724,3.7454,2.7534,0,0,1,1,0,0,1,0,0,0,0,0,0,-1
42,10,20,0,1,0,0,0,4,0,0,0,0,0.0,0.8571,3.9667,2.7219,0,1,0,0,0,0,0,0,0,0,0,0,0,-1
24,4,0,7,1,0,0,0,2,1,0,0,1,0.0,0.75,4.0221,1.5,0,1,0,0,0,0,0,0,0,0,0,0,0,-1
28,11,5,0,1,0,0,0,3,0,0,0,0,0.0,0.8214,3.9677,3.0958,0,1,0,0,0,0,0,0,0,0,0,0,0,-1
49,4,33,0,1,3,0,0,5,0,0,0,0,0.102,0.6939,4.3987,2.0,0,1,0,0,0,0,0,0,0,0,0,0,0,-1
41,13,16,0,1,0,0,0,4,0,0,0,0,0.0,0.8537,4.0739,3.3927,0,1,0,0,0,0,0,0,0,0,0,0,0,-1
33,14,12,0,3,0,2,0,3,0,0,0,0,0.4545,0.2727,3.9344,2.6456,0,0,1,0,0,0,1,0,0,0,0,0,0,-1
30,15,2,0,3,0,0,0,3,0,0,0,0,0.5667,0.1667,3.6729,2.5493,0,0,1,1,0,0,1,0,0,0,0,0,0,-1
35,10,13,0,1,0,0,0,4,0,0,0,0,0.0,0.8286,4.0576,3.1219,0,1,0,0,0,0,0,0,0,0,0,0,0,-1
28,3,10,0,1,0,0,0,3,0,0,0,0,0.0,0.8214,3.7979,1.585,0,1,0,0,0,0,0,0,0,1,1,0,0,-1
34,6,17,0,1,1,0,0,4,0,0,0,0,0.0,0.7941,3.9032,1.9183,0,1,0,0,0,0,0,0,0,1,1,1,1,-1
32,12,8,0,1,1,0,0,3,0,0,0,0,0.0,0.8125,4.1792,3.085,0,1,0,0,0,0,0,0,0,0,0,0,0,-1
25,7,6,0,1,0,0,0,3,0,0,0,0,0.0,0.8,3.6235,2.1281,0,1,0,0,0,0,0,0,0,0,0,0,0,-1
26,3,11,0,1,0,0,0,4,0,0,0,0,0.0,0.7692,3.7483,1.585,0,1,0,0,0,0,0,0,0,0,0,0,0,-1
49,11,28,0,2,0,0,0,5,0,0,0,0,0.0612,0.7755,4.2957,3.0958,0,0,0,0,0,0,1,0,0,0,0,0,0,-1
53,11,30,0,1,2,0,0,5,0,0,0,0,0.0943,0.7358,4.358,2.6635,0,1,0,0,0,0,0,0,0,0,0,0,0,-1
29,14,2,0,3,0,0,0,3,0,0,0,0,0.5517,0.1724,3.7194,2.6106,0,0,1,1,0,0,1,0,0,0,0,0,0,-1
31,12,12,0,4,0,0,0,3,0,0,0,0,0.2903,0.4516,4.1313,2.6258,0,0,1,0,0,0,1,0,0,0,0,0,0,-1
49,13,7,16,1,0,0,0,3,1,0,0,1,0.0,0.8163,4.1579,2.8731,0,1,0,0,0,0,0,0,0,0,0,0,0,-1
68,13,48,0,4,1,1,0,5,0,0,0,0,0.4118,0.4118,4.3847,2.5654,0,0,1,0,0,0,1,0,0,0,0,0,0,-1
33,13,7,0,4,0,0,0,3,0,0,0,0,0.4545,0.2727,3.9077,2.6612,0,0,1,1,0,0,1,0,0,0,0,0,0,-1
34,11,11,0,2,0,0,0,3,0,0,0,0,0.0,0.8235,4.0912,2.914,0,1,0,0,0,0,0,0,0,0,0,0,0,-1
90,28,47,0,2,7,0,0,4,0,0,0,0,0.1667,0.6778,4.6578,3.9408,0,1,0,0,0,0,0,0,0,1,1,0,0,-1
25,2,4,0,3,0,0,0,3,0,0,0,0,0.0,0.72,4.0235,1.0,2,0,0,0,0,0,0,0,0,0,0,0,0,-1
21,5,4,0,1,0,0,0,3,0,0,0,0,0.0,0.7619,3.749,1.9219,0,1,0,0,0,0,0,0,0,0,0,0,0,-1
28,11,5,0,1,0,0,0,3,0,0,0,0,0.0,0.8214,3.9233,3.0272,0,1,0,0,0,0,0,0,0,0,0,0,0,-1
29,14,2,0,3,0,0,0,3,0,0,0,0,0.5517,0.1724,3.7849,2.8963,0,0,1,1,0,0,1,0,0,0,0,0,0,-1
27,12,2,0,3,0,0,0,3,0,0,0,0,0.5185,0.1852,3.6801,2.6887,0,0,1,1,0,0,1,0,0,0,0,0,0,-1
24,12,5,0,3,0,0,0,3,0,0,0,0,0.5,0.2083,3.6054,2.7925,0,0,1,0,0,0,1,0,0,0,0,0,0,-1
89,17,56,0,3,4,0,0,6,0,0,0,0,0.0337,0.809,4.4485,3.4548,1,1,0,0,0,0,0,0,0,0,0,0,0,-1
34,3,20,0,2,0,0,0,5,0,0,0,0,0.0294,0.7353,3.9003,1.585,0,1,0,0,0,0,0,0,0,1,1,0,0,-1
44,14,23,0,4,0,0,0,4,0,0,0,0,0.3182,0.4773,4.1807,2.8424,0,0,1,0,0,0,1,0,0,0,0,0,0,-1
25,10,2,0,3,0,0,0,3,0,0,0,0,0.48,0.2,3.8635,2.6464,0,0,1,1,0,0,1,0,0,0,0,0,0,-1
28,13,2,0,3,0,0,0,3,0,0,0,0,0.5357,0.1786,3.7979,2.8731,0,0,1,1,0,0,1,0,0,0,0,0,0,-1
30,6,0,12,1,0,0,0,2,1,0,0,1,0.0,0.8,4.1199,2.2516,0,1,0,0,0,0,0,0,0,0,0,0,0,-1
83,14,1,42,2,5,0,0,3,1,0,0,1,0.2892,0.5542,4.771,3.5216,1,1,0,0,0,0,0,0,0,0,0,0,0,-1
38,9,14,0,2,0,0,0,3,0,0,0,0,0.0,0.8421,4.1357,2.6416,1,1,0,0,0,0,0,0,0,0,0,0,0,-1
35,15,7,0,4,0,0,0,3,0,0,0,0,0.4857,0.2571,4.0576,2.6062,0,0,1,1,0,0,1,0,0,0,0,0,0,-1
34,14,7,0,4,0,0,0,3,0,0,0,0,0.4706,0.2647,4.0767,2.4956,0,0,1,1,0,0,1,0,0,0,0,0,0,-1
28,13,2,0,3,0,0,0,3,0,0,0,0,0.5357,0.1786,3.655,2.4116,0,0,1,1,0,0,1,0,0,0,0,0,0,-1
42,12,23,0,4,0,0,0,4,0,0,0,0,0.2619,0.5238,4.2908,2.5221,0,0,1,0,0,0,1,0,0,0,0,0,0,-1
30,15,2,0,3,0,0,0,3,0,0,0,0,0.5667,0.1667,3.8566,2.9232,0,0,1,1,0,0,1,0,0,0,0,0,0,-1
30,13,10,0,4,0,0,0,4,0,0,0,0,0.3333,0.3667,4.0402,3.027,0,0,1,0,0,0,1,0,0,0,0,0,0,-1
28,3,14,0,1,0,0,0,4,0,0,0,0,0.1429,0.6429,4.1375,1.585,0,1,0,0,0,0,0,0,0,0,0,0,0,-1
38,13,18,0,4,0,0,0,4,0,0,0,0,0.2895,0.4737,4.0606,2.2878,0,0,1,0,0,0,1,0,0,0,0,0,0,-1
31,6,13,0,1,1,0,0,4,0,0,0,0,0.0,0.7742,4.0424,2.585,0,1,0,0,0,0,0,0,0,0,0,0,0,-1
28,13,2,0,3,0,0,0,3,0,0,0,0,0.5357,0.1786,3.8963,2.7193,0,0,1,1,0,0,1,0,0,0,0,0,0,-1
26,10,5,0,1,0,0,0,3,0,0,0,0,0.0,0.8077,3.7483,2.6464,0,1,0,0,0,0,0,0,0,0,0,0,0,-1
29,14,2,0,3,0,0,0,3,0,0,0,0,0.5517,0.1724,3.7194,2.6456,0,0,1,1,0,0,1,0,0,0,0,0,0,-1
29,14,2,0,3,0,0,0,3,0,0,0,0,0.5517,0.1724,3.578,2.4138,0,0,1,1,0,0,1,0,0,0,0,0,0,-1
33,6,15,0,1,0,0,0,4,0,0,0,0,0.0,0.8182,4.0289,2.585,0,1,0,0,0,0,0,0,0,0,0,0,0,-1
59,3,37,0,2,4,0,0,3,0,0,0,0,0.322,0.5085,4.6049,1.585,1,1,0,0,0,0,0,0,0,0,0,0,0,-1
22,0,8,0,1,0,0,0,3,0,0,0,0,0.0,0.7727,3.8797,0.0,0,1,0,0,0,0,0,0,0,0,0,0,0,-1
33,13,7,0,4,0,0,0,3,0,0,0,0,0.4545,0.2727,3.9196,2.1997,0,0,1,1,0,0,1,0,0,0,0,0,0,-1
34,13,14,0,4,0,0,0,4,0,0,0,0,0.3235,0.4118,4.3594,3.027,0,0,1,0,0,0,1,0,0,0,0,0,0,-1
28,13,2,0,3,0,0,0,3,0,0,0,0,0.5357,0.1786,3.744,2.4493,0,0,1,1,0,0,1,0,0,0,0,0,0,-1
35,11,0,12,1,0,0,0,2,1,0,0,1,0.0,0.8286,4.0791,3.0272,0,1,0,0,0,0,0,0,0,0,0,0,0,-1
33,13,7,0,4,0,0,0,3,0,0,0,0,0.4545,0.2727,4.0061,2.8151,0,0,1,1,0,0,1,0,0,0,0,0,0,-1
101,32,1,42,2,4,0,0,3,1,0,0,1,0.2376,0.6436,4.9018,3.5633,1,1,0,0,0,0,0,0,0,0,0,0,0,-1
69,13,49,0,4,1,1,0,6,0,0,0,0,0.3913,0.4203,4.2701,2.5654,0,0,1,0,0,0,1,0,0,0,0,0,0,-1
28,7,9,0,1,0,0,0,3,0,0,0,0,0.0,0.8214,3.9138,2.8074,0,1,0,0,0,0,0,0,0,0,0,0,0,-1
84,12,50,0,3,4,0,0,4,0,0,0,0,0.2024,0.6548,4.7938,3.0221,1,1,0,0,0,0,0,0,0,1,1,0,0,-1
25,11,7,0,3,0,0,0,3,0,0,0,0,0.48,0.24,3.8333,2.5949,0,0,1,0,0,0,1,0,0,0,0,0,0,-1
23,6,5,0,1,0,0,0,3,0,0,0,0,0.0,0.7826,3.7623,2.585,0,1,0,0,0,0,0,0,0,0,0,0,0,-1
32,12,7,0,4,0,0,0,3,0,0,0,0,0.4375,0.2812,3.9139,2.8554,0,0,1,1,0,0,1,0,0,0,0,0,0,-1
42,8,22,0,1,0,1,0,4,0,0,0,0,0.0,0.8333,4.3024,2.75,0,1,0,0,0,0,0,0,0,0,0,0,0,-1
90,31,47,0,2,8,0,0,4,0,0,0,0,0.2556,0.5778,4.6865,3.5876,0,0,0,0,0,0,0,0,0,1,1,0,0,-1
86,12,49,0,3,5,0,0,4,0,0,0,0,0.2093,0.6395,4.7785,3.0221,1,1,0,0,0,0,0,0,0,0,0,0,0,-1
62,7,37,0,2,4,0,0,3,0,0,0,0,0.3387,0.5,4.6373,2.8074,1,1,0,0,0,0,0,0,0,0,0,0,0,-1
37,5,12,0,4,0,1,0,3,0,0,0,0,0.0,0.7568,4.2497,2.3219,2,0,0,0,0,0,0,0,0,0,0,0,0,-1
29,10,7,0,1,0,0,0,3,0,0,0,0,0.0,0.8276,4.0902,3.1219,0,1,0,0,0,0,0,0,0,0,0,0,0,-1
34,7,16,0,1,0,0,0,4,0,0,0,0,0.0,0.8235,3.9842,2.2359,0,1,0,0,0,0,0,0,0,0,0,0,0,-1
43,5,26,0,1,1,0,0,6,0,0,0,0,0.0,0.7907,4.2512,2.3219,0,1,0,0,0,0,0,0,0,0,0,0,0,-1
28,13,2,0,3,0,0,0,3,0,0,0,0,0.5357,0.1786,3.4677,2.4116,0,0,1,1,0,0,1,0,0,0,0,0,0,-1
22,6,5,0,1,0,0,0,3,0,0,0,0,0.0,0.7727,3.8454,2.585,0,1,0,0,0,0,0,0,0,0,0,0,0,-1
56,8,32,0,2,0,3,0,4,0,0,0,0,0.2143,0.5893,4.4969,2.75,0,0,0,1,0,0,0,0,0,0,0,0,0,-1
25,8,5,0,1,0,0,0,3,0,0,0,0,0.0,0.8,3.8137,2.4056,0,1,0,0,0,0,0,0,0,0,0,0,0,-1
28,12,9,0,4,0,0,0,3,0,0,0,0,0.3929,0.3214,3.8249,2.4591,0,0,1,0,0,0,1,0,0,0,0,0,0,-1
34,13,14,0,4,0,0,0,3,0,0,0,0,0.3235,0.4412,4.1973,2.6612,0,0,1,0,0,0,1,0,0,1,1,0,0,-1
31,6,0,12,1,0,0,0,2,1,0,0,1,0.0,0.8065,4.3492,2.585,0,1,0,0,0,0,0,0,0,0,0,0,0,-1
25,14,4,0,3,0,0,0,3,0,0,0,0,0.48,0.24,3.4031,2.306,0,0,1,0,0,0,1,0,0,0,0,0,0,-1
38,12,11,0,2,0,0,0,4,0,0,0,0,0.0,0.8158,3.8898,3.085,1,0,0,0,0,0,0,0,0,0,0,0,0,-1
27,3,13,0,1,0,0,0,4,0,0,0,0,0.0,0.7778,3.9401,1.585,0,1,0,0,0,0,0,0,0,0,0,0,0,-1
42,3,24,0,2,0,0,0,5,0,0,0,0,0.0,0.8095,3.976,1.585,0,1,0,0,0,0,0,0,0,0,0,0,0,-1
36,15,9,0,1,0,0,0,3,0,0,0,0,0.0,0.8611,4.0277,3.3736,0,1,0,0,0,0,0,0,0,0,0,0,0,-1
24,5,7,0,1,0,0,0,3,0,0,0,0,0.0,0.7917,3.9387,2.3219,0,1,0,0,0,0,0,0,0,0,0,0,0,-1
28,7,9,0,1,0,0,0,4,0,0,0,0,0.0357,0.75,3.5661,2.5216,0,0,0,0,0,0,1,0,0,0,0,0,0,-1
33,3,14,0,1,0,0,0,4,0,0,0,0,0.0,0.8182,3.7229,1.585,0,1,0,0,0,0,0,0,0,0,0,0,0,-1
26,14,5,0,3,0,0,0,3,0,0,0,0,0.4231,0.3077,3.6322,2.306,0,0,1,0,0,0,1,0,0,0,0,0,0,-1
36,5,19,0,1,0,0,0,4,0,0,0,0,0.0,0.8333,4.107,1.9219,0,1,0,0,0,0,0,0,0,0,0,0,0,-1
29,14,2,0,3,0,0,0,3,0,0,0,0,0.5517,0.1724,3.5125,2.4138,0,0,1,1,0,0,1,0,0,0,0,0,0,-1
29,13,9,0,4,0,0,0,3,0,0,0,0,0.3793,0.3448,3.9783,2.8731,0,0,1,0,0,0,1,0,0,0,0,0,0,-1
24,13,4,0,3,0,0,0,3,0,0,0,0,0.4167,0.2917,3.7721,2.8731,0,0,1,0,0,0,1,0,0,0,0,0,0,-1
27,9,6,0,1,0,0,0,3,0,0,0,0,0.0,0.8148,3.5282,2.4194,0,1,0,0,0,0,0,0,0,0,0,0,0,-1
68,13,48,0,4,1,1,0,5,0,0,0,0,0.4412,0.3824,4.4015,2.5654,0,0,1,0,0,0,1,0,0,0,0,0,0,-1
45,9,7,16,1,0,0,0,3,1,0,0,1,0.0667,0.7556,4.1554,2.9477,0,1,0,0,0,0,1,0,0,0,0,0,0,-1
20,3,5,0,1,0,0,0,3,0,0,0,0,0.0,0.75,3.5464,1.585,0,1,0,0,0,0,0,0,0,0,0,0,0,-1
30,15,2,0,3,0,0,0,3,0,0,0,0,0.5667,0.1667,3.5097,2.3656,0,0,1,1,0,0,1,0,0,0,0,0,0,-1
34,10,12,0,1,0,0,0,4,0,0,0,0,0.0,0.8235,3.9254,3.1219,0,1,0,0,0,0,0,0,0,0,0,0,0,-1
29,6,11,0,1,0,0,0,4,0,0,0,0,0.0,0.7931,4.1163,2.2516,0,1,0,0,0,0,0,0,0,0,0,0,0,-1
28,13,2,0,3,0,0,0,3,0,0,0,0,0.5357,0.1786,3.5297,2.1339,0,0,1,1,0,0,1,0,0,0,0,0,0,-1
26,0,10,0,1,0,0,0,3,0,0,0,0,0.0,0.8077,3.7962,0.0,0,1,0,0,0,0,0,0,0,0,0,0,0,-1
26,10,5,0,1,0,0,0,3,0,0,0,0,0.0,0.8077,3.8441,2.7219,0,1,0,0,0,0,0,0,0,0,0,0,0,-1
36,4,20,0,3,0,0,0,5,0,0,0,0,0.0833,0.6667,3.983,2.0,0,1,0,0,0,0,0,0,0,0,0,0,0,-1
25,13,5,0,3,0,0,0,3,0,0,0,0,0.4,0.32,3.9435,2.8731,0,0,1,0,0,0,1,0,0,0,0,0,0,-1
33,13,7,0,4,0,0,0,3,0,0,0,0,0.4545,0.2727,3.9683,2.8151,0,0,1,1,0,0,1,0,0,0,0,0,0,-1
28,13,2,0,3,0,0,0,3,0,0,0,0,0.5357,0.1786,3.7709,2.5074,0,0,1,1,0,0,1,0,0,0,0,0,0,-1
33,17,4,0,1,0,0,0,3,0,0,0,0,0.0,0.8485,3.8849,3.1019,0,1,0,0,0,0,0,0,0,0,0,0,0,-1
27,10,5,0,1,0,0,0,3,0,0,0,0,0.0,0.8148,3.8842,2.9219,0,1,0,0,0,0,0,0,0,0,0,0,0,-1
29,13,9,0,4,0,0,0,3,0,0,0,0,0.4138,0.3103,4.0473,2.9689,0,0,1,0,0,0,1,0,0,0,0,0,0,-1
35,13,14,0,3,0,1,0,4,0,0,0,0,0.2857,0.4571,4.0716,2.6612,0,1,1,0,0,0,1,0,0,0,0,0,0,-1
32,12,13,0,4,0,0,0,3,0,0,0,0,0.2812,0.4688,4.1403,2.6887,0,0,1,0,0,0,1,0,0,0,0,0,0,-1
81,21,47,0,2,4,0,0,4,0,0,0,0,0.2222,0.642,4.665,3.6897,0,1,0,0,0,0,0,0,0,1,1,0,0,-1
27,3,9,0,2,0,0,0,3,0,0,0,0,0.0,0.7778,3.8101,1.585,0,1,0,0,0,0,0,0,0,0,0,0,0,-1
33,13,7,0,4,0,0,0,3,0,0,0,0,0.4545,0.2727,3.9455,2.8731,0,0,1,1,0,0,1,0,0,0,0,0,0,-1
32,6,15,0,1,0,0,0,4,0,0,0,0,0.0,0.8125,4.1014,2.585,0,1,0,0,0,0,0,0,0,0,0,0,0,-1
28,13,2,0,3,0,0,0,3,0,0,0,0,0.5357,0.1786,3.7979,2.8731,0,0,1,1,0,0,1,0,0,0,0,0,0,-1
32,11,9,0,1,0,0,0,3,0,0,0,0,0.0,0.8438,3.921,3.2776,0,1,0,0,0,0,0,0,0,0,0,0,0,-1
28,13,2,0,3,0,0,0,3,0,0,0,0,0.5357,0.1786,3.7709,2.9689,0,0,1,1,0,0,1,0,0,0,0,0,0,-1
61,23,26,0,1,3,0,0,6,0,0,0,0,0.0,0.8197,4.2299,3.5014,0,1,0,0,0,0,0,0,0,0,0,0,0,-1
34,14,7,0,4,0,0,0,3,0,0,0,0,0.4706,0.2647,3.9032,2.7885,0,0,1,1,0,0,1,0,0,0,0,0,0,-1
28,13,2,0,3,0,0,0,3,0,0,0,0,0.5357,0.1786,3.7979,2.6612,0,0,1,1,0,0,1,0,0,0,0,0,0,-1
25,11,7,0,3,0,0,0,3,0,0,0,0,0.4,0.32,3.8333,2.5949,0,0,1,0,0,0,1,0,0,0,0,0,0,-1
33,5,16,0,1,0,0,0,4,0,0,0,0,0.0,0.8182,3.9683,1.9219,0,1,0,0,0,0,0,0,0,0,0,0,0,-1
31,6,0,12,1,0,0,0,2,1,0,0,1,0.0,0.8065,3.9621,2.585,0,1,0,0,0,0,0,0,0,0,0,0,0,-1
29,4,0,12,1,0,0,0,2,1,0,0,1,0.0,0.7931,4.1163,1.5,0,1,0,0,0,0,0,0,0,0,0,0,0,-1
34,14,13,0,3,0,1,0,3,0,0,0,0,0.3824,0.3824,4.1973,2.6456,0,0,1,0,0,0,1,0,0,0,0,0,0,-1
36,4,20,0,3,0,0,0,5,0,0,0,0,0.0833,0.6667,3.882,2.0,0,1,0,0,0,0,0,0,0,0,0,0,0,-1
40,15,13,0,1,1,0,0,4,0,0,0,0,0.0,0.825,3.8776,2.7899,0,1,0,0,0,0,0,0,0,0,0,0,0,-1
36,4,20,0,3,0,0,0,5,0,0,0,0,0.0833,0.6667,3.9065,2.0,0,1,0,0,0,0,0,0,0,0,0,0,0,-1
33,13,7,0,4,0,0,0,3,0,0,0,0,0.4545,0.2727,4.0667,2.4493,0,0,1,1,0,0,1,0,0,0,0,0,0,-1
89,29,47,0,2,8,0,0,4,0,0,0,0,0.2247,0.6067,4.7342,3.7194,0,1,0,0,0,0,0,0,0,1,1,0,0,-1
42,6,7,16,1,0,0,0,3,1,0,0,1,0.0,0.8095,4.1189,2.585,0,1,0,0,0,0,0,0,0,0,0,0,0,-1
28,14,7,0,3,0,1,0,3,0,0,0,0,0.5357,0.1786,3.8424,2.8424,0,0,1,0,0,0,1,0,0,0,0,0,0,-1
31,3,9,0,2,0,0,0,3,0,0,0,0,0.0,0.8065,3.9779,1.585,1,1,0,0,0,0,0,0,0,0,0,0,0,-1
49,9,16,0,3,0,1,0,4,0,0,0,0,0.2653,0.551,4.4998,2.7255,1,0,0,0,0,0,0,0,0,0,0,0,0,-1
30,15,2,0,3,0,0,0,3,0,0,0,0,0.5667,0.1667,3.6193,2.6062,0,0,1,1,0,0,1,0,0,0,0,0,0,-1
46,10,24,0,1,1,0,0,5,0,0,0,0,0.0,0.8261,4.1705,2.6464,0,1,0,0,0,0,0,0,0,0,0,0,0,-1
27,10,5,0,1,0,0,0,3,0,0,0,0,0.0,0.8148,3.708,2.9219,0,1,0,0,0,0,0,0,0,0,0,0,0,-1
33,13,7,0,4,0,0,0,3,0,0,0,0,0.4545,0.2727,4.0438,2.5074,0,0,1,1,0,0,1,0,0,0,0,0,0,-1
27,7,9,0,1,0,0,0,3,0,0,0,0,0.0,0.8148,3.7821,2.8074,0,1,0,0,0,0,0,0,0,0,0,0,0,-1
33,14,0,6,1,0,0,0,2,1,0,0,1,0.0303,0.7879,3.9802,2.7534,0,1,0,0,0,0,0,0,0,0,0,0,0,-1
28,6,0,7,2,0,0,0,2,1,0,0,1,0.0,0.75,3.9947,2.2516,0,1,0,0,0,0,0,0,0,0,0,0,0,-1
31,7,12,0,1,0,0,0,4,0,0,0,0,0.0968,0.7097,4.2445,2.5216,0,1,0,0,0,0,0,0,0,0,0,0,0,-1
26,4,10,0,1,0,0,0,3,0,0,0,0,0.0,0.8077,3.6903,2.0,0,1,0,0,0,0,0,0,0,0,0,0,0,-1
28,13,2,0,3,0,0,0,3,0,0,0,0,0.5357,0.1786,3.5297,2.2955,0,0,1,1,0,0,1,0,0,0,0,0,0,-1
43,6,22,0,2,1,0,0,5,0,0,0,0,0.1395,0.6512,4.1473,1.9183,0,1,0,0,0,0,0,0,0,1,1,1,1,-1
49,14,28,0,3,2,0,0,5,0,0,4,0,0.3673,0.3265,4.2783,2.8963,0,0,1,0,0,0,1,0,0,0,0,0,0,-1
34,14,7,0,4,0,0,0,3,0,0,0,0,0.4706,0.2647,3.9764,2.6456,0,0,1,1,0,0,1,0,0,0,0,0,0,-1
33,14,12,0,5,0,0,0,3,0,0,0,0,0.3939,0.3333,4.0408,2.7534,0,0,1,0,0,0,1,0,0,0,0,0,0,-1
49,11,26,0,1,1,0,0,6,0,0,0,0,0.0,0.8163,4.1271,2.8454,0,1,0,0,0,0,0,0,0,0,0,0,0,-1
35,15,7,0,4,0,0,0,3,0,0,0,0,0.4857,0.2571,4.0687,2.9232,0,0,1,1,0,0,1,0,0,0,0,0,0,-1
25,14,4,0,3,0,0,0,3,0,0,0,0,0.52,0.2,3.8635,3.0391,0,0,1,0,0,0,1,0,0,0,0,0,0,-1
86,24,47,0,2,4,0,0,4,0,0,0,0,0.2674,0.6047,4.7963,3.6573,0,1,0,0,0,0,0,0,0,1,1,0,0,-1
89,30,47,0,2,8,0,0,4,0,0,0,0,0.2921,0.5393,4.8384,3.9647,0,0,0,0,0,0,0,0,0,1,1,0,0,-1
28,13,2,0,3,0,0,0,3,0,0,0,0,0.5357,0.1786,3.9408,3.027,0,0,1,1,0,0,1,0,0,0,0,0,0,-1
27,7,8,0,1,1,0,0,3,0,0,0,0,0.0,0.7778,4.0784,2.8074,0,1,0,0,0,0,0,0,0,0,0,0,0,-1
29,14,2,0,3,0,0,0,3,0,0,0,0,0.5517,0.1724,3.5554,2.5027,0,0,1,1,0,0,1,0,0,0,0,0,0,-1
28,13,2,0,3,0,0,0,3,0,0,0,0,0.5357,0.1786,3.7709,2.8731,0,0,1,1,0,0,1,0,0,0,0,0,0,-1
18,6,0,0,1,0,0,0,2,0,0,0,0,0.0,0.7778,3.6835,2.2516,0,1,0,0,0,0,0,0,0,0,0,0,0,-1
28,13,2,0,3,0,0,0,3,0,0,0,0,0.5357,0.1786,3.6995,2.5074,0,0,1,1,0,0,1,0,0,0,0,0,0,-1
72,8,1,42,2,4,0,0,3,1,0,0,1,0.3056,0.5278,4.9143,2.5,1,1,0,0,0,0,0,0,0,0,0,0,0,-1
30,10,8,0,1,0,0,0,3,0,0,0,0,0.0,0.8333,4.0566,2.8464,0,1,0,0,0,0,0,0,0,0,0,0,0,-1
26,14,5,0,3,0,0,0,3,0,0,0,0,0.4231,0.3077,3.6322,2.306,0,0,1,0,0,0,1,0,0,0,0,0,0,-1
39,12,15,0,2,1,0,0,4,0,0,0,0,0.0769,0.7179,4.2849,3.1887,0,1,0,0,0,0,0,0,0,0,0,0,0,-1
41,4,14,10,1,0,2,0,4,1,0,0,1,0.1707,0.5854,4.6746,2.0,0,1,0,0,0,0,0,0,0,0,0,0,0,-1
26,6,8,0,1,0,0,0,3,0,0,0,0,0.0,0.8077,3.8441,2.585,0,1,0,0,0,0,0,0,0,0,0,0,0,-1
25,3,10,0,1,0,0,0,3,0,0,0,0,0.0,0.8,3.4831,1.585,0,1,0,0,0,0,0,0,0,0,0,0,0,-1
41,10,13,0,2,0,0,0,4,0,0,0,0,0.0,0.8293,4.1132,2.6464,1,1,0,0,0,0,0,0,0,0,0,0,0,-1
67,15,45,0,4,0,0,0,4,0,0,0,0,0.209,0.6567,4.4677,2.9232,0,0,1,0,0,0,1,0,0,0,0,0,0,-1
37,13,16,0,3,0,1,0,4,0,0,0,0,0.2703,0.4865,4.2089,2.6612,0,1,1,0,0,0,1,0,0,0,0,0,0,-1
60,5,37,0,2,4,0,0,3,0,0,0,0,0.25,0.5833,4.5318,1.9219,1,1,0,0,0,0,0,0,0,0,0,0,0,-1
43,3,28,0,1,1,0,0,4,0,0,0,0,0.0,0.8372,4.1643,1.585,0,1,0,0,0,0,0,0,0,0,0,0,0,-1
40,6,0,21,1,0,0,0,2,2,1,0,1,0.0,0.8,4.3153,2.2516,0,1,0,0,0,0,0,0,0,0,0,0,0,-1
28,6,11,0,1,0,0,0,4,0,0,0,0,0.0,0.7857,3.5567,2.2516,0,1,0,0,0,0,0,0,0,0,0,0,0,-1
20,4,4,0,1,0,0,0,3,0,0,0,0,0.0,0.75,3.7842,2.0,0,1,0,0,0,0,0,0,0,0,0,0,0,-1
30,6,13,0,1,0,0,0,4,0,0,0,0,0.0,0.8,3.8314,2.585,0,1,0,0,0,0,0,0,0,0,0,0,0,-1
31,15,5,0,1,0,0,0,3,0,0,0,0,0.0,0.8387,3.9134,3.5069,0,1,0,0,0,0,0,0,0,0,0,0,0,-1
34,14,7,0,4,0,0,0,3,0,0,0,0,0.4706,0.2647,3.9476,2.6106,0,0,1,1,0,0,1,0,0,0,0,0,0,-1
36,4,17,0,2,1,0,0,4,0,0,0,0,0.0,0.7778,3.8401,2.0,0,1,0,0,0,0,0,0,0,0,0,0,0,-1
29,8,9,0,1,1,0,0,3,0,0,0,0,0.0,0.7931,4.0902,3.0,0,1,0,0,0,0,0,0,0,0,0,0,0,-1
30,15,2,0,3,0,0,0,3,0,0,0,0,0.5667,0.1667,3.5559,2.4729,0,0,1,1,0,0,1,0,0,0,0,0,0,-1
30,15,2,0,3,0,0,0,3,0,0,0,0,0.5667,0.1667,3.6477,2.7396,0,0,1,1,0,0,1,0,0,0,0,0,0,-1
38,0,0,21,1,0,0,0,2,2,1,0,1,0.0,0.7895,4.386,0.0,0,1,0,0,0,0,0,0,0,0,0,0,0,-1
26,8,6,0,1,0,0,0,3,0,0,0,0,0.0,0.8077,3.8731,3.0,0,1,0,0,0,0,0,0,0,0,0,0,0,-1
27,6,10,0,1,0,0,0,3,0,0,0,0,0.0,0.8148,3.7821,1.9183,0,1,0,0,0,0,0,0,0,1,1,1,1,-1
27,12,2,0,3,0,0,0,3,0,0,0,0,0.5185,0.1852,3.6619,2.6258,0,0,1,1,0,0,1,0,0,0,0,0,0,-1
31,11,7,0,4,0,0,0,3,0,0,0,0,0.4194,0.2903,3.8331,2.4131,0,0,1,1,0,0,1,0,0,0,0,0,0,-1
23,5,7,0,1,0,0,0,3,0,0,0,0,0.0,0.7826,3.7951,2.3219,0,1,0,0,0,0,0,0,0,0,0,0,0,-1
33,7,14,0,1,0,0,0,3,0,0,0,0,0.0,0.8485,3.8997,2.5216,0,1,0,0,0,0,0,0,0,0,0,0,0,-1
32,12,7,0,4,0,0,0,3,0,0,0,0,0.4375,0.2812,3.9056,2.6258,0,0,1,1,0,0,1,0,0,0,0,0,0,-1
30,15,2,0,3,0,0,0,3,0,0,0,0,0.5667,0.1667,3.6193,2.5493,0,0,1,1,0,0,1,0,0,0,0,0,0,-1
45,14,23,0,5,0,0,0,4,0,0,0,0,0.2444,0.5333,4.1868,2.3527,0,1,1,0,0,0,1,0,0,0,0,0,0,-1
39,12,20,0,4,0,0,0,4,0,0,0,0,0.2308,0.5385,4.1698,2.6258,0,0,1,0,0,0,1,0,0,0,0,0,0,-1
29,14,2,0,3,0,0,0,3,0,0,0,0,0.5517,0.1724,3.7623,2.6995,0,0,1,1,0,0,1,0,0,0,0,0,0,-1
29,8,9,0,1,0,0,0,3,0,0,0,0,0.0,0.8276,4.0473,3.0,0,1,0,0,0,0,0,0,0,0,0,0,0,-1
25,7,6,0,1,0,0,0,3,0,0,0,0,0.0,0.8,3.8137,2.8074,0,1,0,0,0,0,0,0,0,0,0,0,0,-1
40,13,15,0,1,0,0,0,4,0,0,0,0,0.0,0.85,4.2153,3.2389,0,1,0,0,0,0,0,0,0,0,0,0,0,-1
31,8,11,0,1,0,0,0,4,0,0,0,0,0.0,0.8065,3.6278,2.75,0,1,0,0,0,0,0,0,0,0,0,0,0,-1
24,7,4,0,1,0,0,0,3,0,0,0,0,0.0,0.7917,3.5739,2.5216,0,1,0,0,0,0,0,0,0,0,0,0,0,-1
65,10,37,0,2,4,0,0,3,0,0,0,0,0.3538,0.4923,4.7128,3.1219,1,1,0,0,0,0,1,0,0,0,0,0,0,-1
29,14,2,0,3,0,0,0,3,0,0,0,0,0.5517,0.1724,3.4604,2.5567,0,0,1,1,0,0,1,0,0,0,0,0,0,-1
33,13,7,0,4,0,0,0,3,0,0,0,0,0.4545,0.2727,3.6987,2.4116,0,0,1,1,0,0,1,0,0,0,0,0,0,-1
34,7,15,0,1,0,0,0,4,0,0,0,0,0.0,0.8235,3.5617,2.5216,0,1,0,0,0,0,0,0,0,0,0,0,0,-1
39,5,22,0,1,0,1,0,4,0,0,0,0,0.0,0.8205,4.1823,2.3219,0,1,0,0,0,0,0,0,0,0,0,0,0,-1
35,15,7,0,4,0,0,0,3,0,0,0,0,0.4857,0.2571,3.9002,2.4989,0,0,1,1,0,0,1,0,0,0,0,0,0,-1
67,9,37,0,2,4,0,0,3,0,0,0,0,0.2985,0.5522,4.7877,2.4194,1,1,0,0,0,0,0,0,1,0,0,0,0,-1
42,13,7,10,1,0,0,0,3,1,0,0,1,0.0,0.8333,4.1892,3.027,0,1,0,0,0,0,0,0,0,0,0,0,0,-1
40,7,10,0,2,0,0,0,4,0,0,0,0,0.05,0.775,4.2628,2.1281,1,0,0,0,0,0,0,0,0,0,0,0,0,-1
33,13,7,0,4,0,0,0,3,0,0,0,0,0.4545,0.2727,3.7377,2.3535,0,0,1,1,0,0,1,0,0,0,0,0,0,-1
31,15,9,0,4,0,0,0,3,0,0,0,0,0.4194,0.3226,3.9102,2.9232,0,0,1,0,0,0,1,0,0,0,0,0,0,-1
28,13,2,0,3,0,0,0,3,0,0,0,0,0.5357,0.1786,3.6995,2.6612,0,0,1,1,0,0,1,0,0,0,0,0,0,-1
47,10,26,0,1,1,0,0,6,0,0,0,0,0.0,0.8085,4.3093,2.8464,0,1,0,0,0,0,0,0,0,0,0,0,0,-1
66,12,37,0,2,4,0,0,3,0,0,0,0,0.303,0.5455,4.6787,3.085,1,1,0,0,0,0,0,0,0,0,0,0,0,-1
20,2,6,0,1,0,0,0,3,0,0,0,0,0.0,0.75,3.7464,1.0,0,1,0,0,0,0,0,0,0,0,0,0,0,-1
24,3,10,0,1,0,0,0,3,0,0,0,0,0.0,0.7917,3.6573,1.585,0,1,0,0,0,0,0,0,0,0,0,0,0,-1
36,4,20,0,2,0,0,0,5,0,0,0,0,0.0278,0.75,3.8482,2.0,0,1,0,0,0,0,0,0,0,1,1,0,0,-1
35,15,7,0,4,0,0,0,3,0,0,0,0,0.4857,0.2571,4.0687,2.8159,0,0,1,1,0,0,1,0,0,0,0,0,0,-1
43,7,7,16,1,0,0,0,3,1,0,0,1,0.0,0.814,4.2023,2.2359,0,1,0,0,0,0,0,0,0,0,0,0,0,-1
27,9,6,0,1,0,0,0,3,0,0,0,0,0.0,0.8148,3.764,2.7255,0,1,0,0,0,0,0,0,0,0,0,0,0,-1
24,3,9,0,1,0,0,0,3,0,0,0,0,0.0,0.7917,3.8035,1.585,0,1,0,0,0,0,0,0,0,0,0,0,0,-1
27,7,8,0,1,0,0,0,3,0,0,0,0,0.0,0.8148,3.9303,2.8074,0,1,0,0,0,0,0,0,0,0,0,0,0,-1
28,13,2,0,3,0,0,0,3,0,0,0,0,0.5357,0.1786,3.6011,2.5074,0,0,1,1,0,0,1,0,0,0,0,0,0,-1
35,15,8,0,1,3,0,0,3,0,0,0,0,0.0,0.7714,4.0716,3.1396,0,1,0,0,0,0,0,0,0,0,0,0,0,-1
36,6,19,0,1,0,0,0,4,0,0,0,0,0.0,0.8333,4.0378,2.585,0,1,0,0,0,0,0,0,0,0,0,0,0,-1
33,13,7,0,4,0,0,0,3,0,0,0,0,0.4545,0.2727,3.9424,2.5654,0,0,1,1,0,0,1,0,0,0,0,0,0,-1
25,13,5,0,3,0,0,0,3,0,0,0,0,0.48,0.24,3.7533,2.8731,0,0,1,0,0,0,1,0,0,0,0,0,0,-1
33,12,9,0,1,0,0,0,4,0,0,0,0,0.0,0.8182,3.9683,2.8554,0,1,0,0,0,0,0,0,0,0,0,0,0,-1
29,14,2,0,3,0,0,0,3,0,0,0,0,0.5517,0.1724,3.7454,2.7534,0,0,1,1,0,0,1,0,0,0,0,0,0,-1
24,3,10,0,1,0,0,0,3,0,0,0,0,0.0,0.7917,3.9387,1.585,0,1,0,0,0,0,0,0,0,0,0,0,0,-1
34,14,7,0,4,0,0,0,3,0,0,0,0,0.4706,0.2647,3.9987,2.6995,0,0,1,1,0,0,1,0,0,0,0,0,0,-1
28,10,6,0,1,0,0,0,3,0,0,0,0,0.0,0.8214,3.6106,2.9219,0,1,0,0,0,0,0,0,0,0,0,0,0,-1
22,4,6,0,1,0,0,0,3,0,0,0,0,0.0,0.7727,3.6292,0.8113,0,1,0,0,0,0,0,0,0,0,0,0,0,-1
28,13,2,0,3,0,0,0,3,0,0,0,0,0.5357,0.1786,3.8424,2.8151,0,0,1,1,0,0,1,0,0,0,0,0,0,-1
28,6,10,0,1,0,0,0,3,0,0,0,0,0.0,0.8214,3.6995,2.2516,0,1,0,0,0,0,0,0,0,0,0,0,0,-1
24,7,5,0,1,0,0,0,3,0,0,0,0,0.0,0.7917,4.1368,2.8074,0,1,0,0,0,0,0,0,0,0,0,0,0,-1
34,11,16,0,4,0,0,0,4,0,0,0,0,0.3235,0.4118,4.2639,3.0272,0,0,1,0,0,0,1,0,0,0,0,0,0,-1
26,14,5,0,3,0,0,0,3,0,0,0,0,0.4615,0.2692,3.9501,3.0391,0,0,1,0,0,0,1,0,0,0,0,0,0,-1
35,14,9,0,3,0,1,0,3,0,0,0,0,0.4286,0.3143,4.2214,2.7885,0,0,1,1,0,0,1,0,0,0,0,0,0,-1
34,14,7,0,4,0,0,0,3,0,0,0,0,0.4706,0.2647,3.9032,2.5567,0,0,1,1,0,0,1,0,0,0,0,0,0,-1
34,9,0,12,1,0,0,0,2,1,0,0,1,0.0,0.8235,4.1385,2.7255,0,1,0,0,0,0,0,0,0,0,0,0,0,-1
39,9,20,0,2,0,0,0,5,0,0,0,0,0.0769,0.7179,4.263,3.1699,0,0,0,0,0,0,1,0,0,0,0,0,0,-1
43,4,27,0,1,2,0,0,5,0,0,0,0,0.1395,0.6512,4.3129,2.0,0,1,0,0,0,0,0,0,0,0,0,0,0,-1
70,11,37,0,2,4,0,0,3,0,0,0,0,0.2286,0.6286,4.6702,2.7322,1,1,0,0,0,0,0,0,0,0,0,0,0,-1
29,11,6,0,1,0,0,0,3,0,0,0,0,0.0,0.8276,3.9523,3.0958,0,1,0,0,0,0,0,0,0,1,1,0,0,-1
43,13,23,0,4,0,0,0,4,0,0,0,0,0.2558,0.5349,4.2108,2.6612,0,0,1,0,0,0,1,0,0,0,0,0,0,-1
26,14,5,0,3,0,0,0,3,0,0,0,0,0.4231,0.3077,3.8151,2.7885,0,0,1,0,0,0,1,0,0,0,0,0,0,-1
33,13,7,0,4,0,0,0,3,0,0,0,0,0.4545,0.2727,4.1502,3.1808,0,0,1,1,0,0,1,0,0,0,0,0,0,-1
27,10,5,0,1,0,0,0,3,0,0,0,0,0.0,0.8148,3.7043,3.1219,0,1,0,0,0,0,0,0,0,0,0,0,0,-1
42,3,28,0,1,1,0,0,4,0,0,0,0,0.0,0.8333,4.0707,1.585,0,1,0,0,0,0,0,0,0,0,0,0,0,-1
33,13,13,0,4,0,0,0,3,0,0,0,0,0.303,0.4545,4.3549,2.8731,0,0,1,0,0,0,1,0,0,0,0,0,0,-1
26,11,2,0,3,0,0,0,3,0,0,0,0,0.5,0.1923,3.7672,2.4817,0,0,1,1,0,0,1,0,0,0,0,0,0,-1
39,11,18,0,2,0,0,0,5,0,0,0,0,0.0769,0.7179,4.1604,3.0958,0,0,0,0,0,0,1,0,0,0,0,0,0,-1
25,13,5,0,3,0,0,0,3,0,0,0,0,0.4,0.32,3.9435,2.8731,0,0,1,0,0,0,1,0,0,0,0,0,0,-1
33,13,7,0,4,0,0,0,3,0,0,0,0,0.4545,0.2727,3.9077,2.8731,0,0,1,1,0,0,1,0,0,0,0,0,0,-1
34,14,7,0,4,0,0,0,3,0,0,0,0,0.4706,0.2647,4.1019,2.6106,0,0,1,1,0,0,1,0,0,0,0,0,0,-1
32,13,5,0,1,0,0,0,3,0,0,0,0,0.0312,0.8125,3.9681,3.027,0,0,0,0,0,0,0,0,1,0,0,0,0,-1
24,13,4,0,3,0,0,0,3,0,0,0,0,0.4583,0.25,3.8554,2.8731,0,0,1,0,0,0,1,0,0,0,0,0,0,-1
24,4,8,0,1,0,0,0,3,0,0,0,0,0.0,0.7917,3.8554,1.5,0,1,0,0,0,0,0,0,0,0,0,0,0,-1
21,3,0,6,1,0,0,0,2,1,0,0,1,0.0476,0.6667,3.8802,1.585,0,1,0,0,0,0,0,0,0,0,0,0,0,-1
29,14,2,0,3,0,0,0,3,0,0,0,0,0.5517,0.1724,3.8144,2.6995,0,0,1,1,0,0,1,0,0,0,0,0,0,-1
28,6,11,0,1,0,0,0,4,0,0,0,0,0.0,0.7857,3.9947,2.2516,0,1,0,0,0,0,0,0,0,0,0,0,0,-1
34,14,7,0,4,0,0,0,3,0,0,0,0,0.4706,0.2647,3.9591,2.6385,0,0,1,1,0,0,1,0,0,0,0,0,0,-1
24,13,4,0,3,0,0,0,3,0,0,0,0,0.4583,0.25,3.7721,2.8731,0,0,1,0,0,0,1,0,0,0,0,0,0,-1
40,4,7,16,1,0,0,0,3,1,0,0,1,0.0,0.8,4.3153,2.0,0,1,0,0,0,0,0,0,0,0,0,0,0,-1
67,11,37,0,2,4,0,0,3,0,0,0,0,0.2537,0.597,4.7314,2.914,1,1,0,0,0,0,0,0,0,0,0,0,0,-1
26,3,8,0,2,0,0,0,3,0,0,0,0,0.0,0.7692,3.7962,1.585,0,1,0,0,0,0,0,0,0,1,1,0,0,-1
35,7,5,0,3,0,0,0,3,0,0,0,0,0.0,0.8,4.0931,2.1281,1,0,0,0,0,0,0,0,0,0,0,0,0,-1
30,7,11,0,1,0,0,0,4,0,0,0,0,0.0,0.8,4.0151,2.8074,0,1,0,0,0,0,0,0,0,0,0,0,0,-1
32,3,7,10,1,0,0,0,3,1,0,0,1,0.0,0.7812,4.2264,0.9183,0,1,0,0,0,0,0,0,0,0,0,0,0,-1
34,14,7,0,4,0,0,0,3,0,0,0,0,0.4706,0.2647,3.8414,2.4138,0,0,1,1,0,0,1,0,0,0,0,0,0,-1
26,4,0,6,2,0,0,0,2,1,0,0,1,0.0385,0.6923,4.0851,2.0,0,1,0,0,0,0,0,0,0,0,0,0,0,-1
35,15,7,0,4,0,0,0,3,0,0,0,0,0.4857,0.2571,3.9649,2.3899,0,0,1,1,0,0,1,0,0,0,0,0,0,-1
34,14,8,0,1,0,0,0,3,0,0,0,0,0.0,0.8529,3.8115,3.0931,0,1,0,0,0,0,0,0,0,0,0,0,0,-1
45,14,19,0,1,1,0,0,5,0,0,0,0,0.0,0.8222,3.9841,2.7534,0,1,0,0,0,0,0,0,0,0,0,0,0,-1
221,14,200,0,4,0,0,0,3,0,0,0,0,0.3665,0.5973,4.5488,2.8963,0,0,1,0,0,0,1,0,0,0,0,0,0,-1
34,8,0,12,1,0,0,0,2,1,0,0,1,0.0,0.8235,4.2339,2.75,0,1,0,0,0,0,0,0,0,0,0,0,0,-1
32,12,7,0,4,0,0,0,3,0,0,0,0,0.4375,0.2812,4.0389,2.7925,0,0,1,1,0,0,1,0,0,0,0,0,0,-1
24,4,8,0,1,0,0,0,3,0,0,0,0,0.0,0.7917,3.7721,2.0,0,1,0,0,0,0,0,0,0,0,0,0,0,-1
30,7,11,0,2,0,0,0,3,0,0,0,0,0.0,0.8,3.8817,2.1281,0,1,0,0,0,0,0,0,0,0,0,0,0,-1
33,13,7,0,4,0,0,0,3,0,0,0,0,0.4545,0.2727,3.8243,2.6612,0,0,1,1,0,0,1,0,0,0,0,0,0,-1
34,9,0,12,1,0,0,0,2,1,0,0,1,0.0,0.8235,4.3006,2.9477,0,1,0,0,0,0,0,0,0,0,0,0,0,-1
32,12,8,0,1,0,0,0,3,0,0,0,0,0.0,0.8438,4.0511,3.0221,0,1,0,0,0,0,0,0,0,0,0,0,0,-1
28,13,2,0,3,0,0,0,3,0,0,0,0,0.5357,0.1786,3.5742,2.6612,0,0,1,1,0,0,1,0,0,0,0,0,0,-1
39,7,20,0,1,0,0,0,5,0,0,0,0,0.0,0.8205,4.263,2.2359,0,1,0,0,0,0,0,0,0,1,1,0,0,-1
58,10,32,0,2,0,3,0,4,0,0,0,0,0.2069,0.6034,4.56,2.7219,0,0,0,1,0,0,0,0,0,0,0,0,0,-1
31,7,4,0,2,0,0,0,3,0,0,0,0,0.0323,0.7742,4.0826,2.5216,1,0,0,0,0,0,0,0,0,0,0,0,0,-1
37,12,13,0,1,0,0,0,4,0,0,0,0,0.0,0.8378,4.0441,3.0221,0,1,0,0,0,0,0,0,0,0,0,0,0,-1
34,8,11,0,2,0,0,0,4,0,0,0,0,0.0,0.7941,3.7238,2.75,0,1,0,0,0,0,0,0,0,0,0,0,0,-1
30,15,2,0,3,0,0,0,3,0,0,0,0,0.5667,0.1667,3.7396,2.6062,0,0,1,1,0,0,1,0,0,0,0,0,0,-1
109,6,9,63,3,2,0,0,3,3,2,0,1,0.0367,0.8257,5.1045,1.9183,2,1,0,0,0,0,0,0,0,1,1,1,0,-1
54,21,22,0,1,1,1,0,4,0,0,0,0,0.0,0.8519,4.2591,3.404,0,1,0,0,0,0,0,0,0,0,0,0,0,-1
28,14,7,0,3,0,0,0,3,0,0,0,0,0.4286,0.3214,3.9677,2.7534,0,0,1,0,0,0,1,0,0,0,0,0,0,-1
35,15,7,0,4,0,0,0,3,0,0,0,0,0.4857,0.2571,3.8973,2.6062,0,0,1,1,0,0,1,0,0,0,0,0,0,-1
32,11,14,0,4,0,0,0,4,0,0,0,0,0.2812,0.4375,3.9764,2.4131,0,0,1,0,0,0,1,0,0,0,0,0,0,-1
28,13,2,0,3,0,0,0,3,0,0,0,0,0.5357,0.1786,3.5297,2.0759,0,0,1,1,0,0,1,0,0,0,0,0,0,-1
28,13,2,0,3,0,0,0,3,0,0,0,0,0.5357,0.1786,3.7265,2.3535,0,0,1,1,0,0,1,0,0,0,0,0,0,-1
27,7,9,0,1,0,0,0,4,0,0,0,0,0.0,0.7778,3.9582,2.8074,0,1,0,0,0,0,0,0,0,0,0,0,0,-1
32,13,12,0,3,0,0,0,4,0,0,0,0,0.3438,0.4062,4.3278,2.8151,0,0,1,0,0,0,1,0,0,0,0,0,0,-1
22,0,9,0,1,0,0,0,3,0,0,0,0,0.0,0.7727,3.7888,0.0,0,1,0,0,0,0,0,0,0,0,0,0,0,-1
31,13,11,0,3,0,0,0,4,0,0,0,0,0.3226,0.4194,3.9378,2.7193,0,0,1,0,0,0,1,0,0,0,0,0,0,-1
37,5,21,0,1,0,0,0,5,0,0,0,0,0.1351,0.6757,4.1858,1.9219,0,1,0,0,0,0,0,0,0,0,0,0,0,-1
46,10,7,16,1,0,0,0,3,1,0,0,1,0.0,0.8261,4.1705,3.3219,0,1,0,0,0,0,0,0,0,0,0,0,0,-1
31,14,5,0,3,0,0,0,3,0,0,0,0,0.4839,0.2581,3.889,2.8424,0,0,1,1,0,0,1,0,0,0,0,0,0,-1
26,10,4,0,1,0,0,0,3,0,0,0,0,0.0769,0.7308,3.8151,3.1219,0,1,0,0,0,0,1,0,1,0,0,0,0,-1
39,14,0,12,1,0,0,0,2,1,0,0,1,0.0,0.8462,4.3362,3.0931,0,1,0,0,0,0,0,0,0,0,0,0,0,-1
32,12,7,0,4,0,0,0,3,0,0,0,0,0.4375,0.2812,3.9056,2.5221,0,0,1,1,0,0,1,0,0,0,0,0,0,-1
24,3,6,0,2,0,0,0,3,0,0,0,0,0.0,0.75,3.7721,1.585,0,1,0,0,0,0,0,0,0,0,0,0,0,-1
29,14,2,0,3,0,0,0,3,0,0,0,0,0.5517,0.1724,3.7454,2.6106,0,0,1,1,0,0,1,0,0,0,0,0,0,-1
33,10,11,0,1,0,0,0,4,0,0,0,0,0.0,0.8182,3.9912,2.7219,0,1,0,0,0,0,0,0,0,0,0,0,0,-1
36,12,12,0,1,0,0,0,3,0,0,0,0,0.0,0.8611,3.8429,3.1887,0,1,0,0,0,0,0,0,0,0,0,0,0,-1
41,13,21,0,4,0,0,0,4,0,0,0,0,0.2927,0.4878,4.3755,2.8731,0,0,1,0,0,0,1,0,0,0,0,0,0,-1
34,14,7,0,4,0,0,0,3,0,0,0,0,0.4706,0.2647,3.9987,2.6456,0,0,1,1,0,0,1,0,0,0,0,0,0,-1
29,7,10,0,1,0,0,0,3,0,0,0,0,0.0,0.8276,3.7194,2.2359,0,1,0,0,0,0,0,0,0,0,0,0,0,-1
68,13,48,0,4,1,1,0,5,0,0,0,0,0.4706,0.3529,4.3259,2.5654,0,0,1,0,0,0,1,0,0,0,0,0,0,-1
25,13,5,0,3,0,0,0,3,0,0,0,0,0.44,0.28,3.9435,2.8731,0,0,1,0,0,0,1,0,0,0,0,0,0,-1
39,8,19,0,1,0,0,0,4,0,0,0,0,0.0,0.8462,4.253,2.75,0,1,0,0,0,0,0,0,0,0,0,0,0,-1
69,9,47,0,2,4,0,0,4,0,0,0,0,0.3333,0.5072,4.7318,2.9477,0,1,0,0,0,0,0,0,0,1,1,0,0,-1
28,7,9,0,1,0,0,0,3,0,0,0,0,0.0,0.8214,3.5297,2.2359,0,1,0,0,0,0,0,0,0,0,0,0,0,-1
35,14,14,0,5,0,0,0,3,0,0,0,0,0.3429,0.4,4.2186,2.7885,0,0,1,0,0,0,1,0,0,0,0,0,0,-1
24,3,6,0,2,0,0,0,3,0,0,0,0,0.0,0.75,3.7406,1.585,0,1,0,0,0,0,0,0,0,0,0,0,0,-1
30,15,2,0,3,0,0,0,3,0,0,0,0,0.5667,0.1667,3.4845,2.1056,0,0,1,1,0,0,1,0,0,0,0,0,0,-1
25,13,5,0,3,0,0,0,3,0,0,0,0,0.44,0.28,3.8333,2.8151,0,0,1,0,0,0,1,0,0,0,0,0,0,-1
45,7,26,0,1,2,0,0,6,0,0,0,0,0.0,0.7778,4.208,1.9502,0,1,0,0,0,0,0,0,0,0,0,0,0,-1
27,12,2,0,3,0,0,0,3,0,0,0,0,0.5185,0.1852,3.736,2.5221,0,0,1,1,0,0,1,0,0,0,0,0,0,-1
25,11,7,0,3,0,0,0,3,0,0,0,0,0.48,0.24,3.8333,2.5949,0,0,1,0,0,0,1,0,0,0,0,0,0,-1
85,23,47,0,2,7,0,0,4,0,0,0,0,0.2588,0.5765,4.6911,3.5555,0,1,0,0,0,0,0,0,0,1,1,0,0,-1
34,14,7,0,4,0,0,0,3,0,0,0,0,0.4706,0.2647,3.9369,2.5567,0,0,1,1,0,0,1,0,0,0,0,0,0,-1
25,14,4,0,3,0,0,0,3,0,0,0,0,0.52,0.2,3.5329,2.306,0,0,1,0,0,0,1,0,0,0,0,0,0,-1
38,6,20,0,2,0,0,0,5,0,0,0,0,0.0263,0.7632,3.9483,2.585,0,1,0,0,0,0,0,0,0,1,1,0,0,-1
33,13,7,0,4,0,0,0,3,0,0,0,0,0.4545,0.2727,3.8849,2.1997,0,0,1,1,0,0,1,0,0,0,0,0,0,-1
28,9,0,6,1,0,0,0,2,1,0,0,1,0.0357,0.75,4.2804,2.9477,0,1,0,0,0,0,0,0,0,0,0,0,0,-1
27,8,8,0,1,0,0,0,3,0,0,0,0,0.1111,0.7037,4.1343,2.75,0,1,0,0,0,0,1,0,0,0,0,0,0,-1
32,12,7,0,4,0,0,0,3,0,0,0,0,0.4375,0.2812,3.9917,2.7925,0,0,1,1,0,0,1,0,0,0,0,0,0,-1
28,6,9,0,1,0,0,0,3,0,0,0,0,0.0,0.8214,3.6281,1.9183,0,1,0,0,0,0,0,0,1,0,0,0,0,-1
32,12,8,0,1,0,0,0,3,0,0,0,0,0.0,0.8438,3.9917,3.2516,0,1,0,0,0,0,0,0,0,0,0,0,0,-1
24,6,6,0,1,0,0,0,3,0,0,0,0,0.0,0.7917,3.9702,2.585,0,1,0,0,0,0,0,0,0,0,0,0,0,-1
26,9,5,0,1,0,0,0,3,0,0,0,0,0.0,0.8077,3.6612,2.7255,0,1,0,0,0,0,0,0,0,0,0,0,0,-1
32,14,11,0,3,0,0,0,4,0,0,0,0,0.375,0.375,4.1167,2.7885,0,0,1,0,0,0,1,0,0,0,0,0,0,-1
26,11,2,0,3,0,0,0,3,0,0,0,0,0.5,0.1923,3.8441,2.8454,0,0,1,1,0,0,1,0,0,0,0,0,0,-1
38,9,19,0,2,0,0,0,5,0,0,0,0,0.0526,0.7368,4.1986,3.1699,0,0,0,0,0,0,1,0,0,0,0,0,0,-1
28,13,2,0,3,0,0,0,3,0,0,0,0,0.5357,0.1786,3.8249,2.6612,0,0,1,1,0,0,1,0,0,0,0,0,0,-1
30,13,10,0,4,0,0,0,3,0,0,0,0,0.3333,0.4,4.1899,2.8151,0,0,1,0,0,0,1,0,0,0,0,0,0,-1
28,9,0,6,1,0,0,0,2,1,0,0,1,0.0357,0.75,3.9677,2.7255,0,1,0,0,0,0,0,0,0,0,0,0,0,-1
72,15,37,0,2,4,0,0,3,0,0,0,0,0.3056,0.5556,4.8465,3.3736,1,1,0,0,0,0,0,0,0,0,0,0,0,-1
23,4,7,0,1,0,0,0,3,0,0,0,0,0.0,0.7826,3.7951,2.0,0,1,0,0,0,0,0,0,0,0,0,0,0,-1
38,10,2,13,1,0,0,0,3,1,0,0,1,0.0,0.7895,4.2608,2.7219,0,1,0,0,0,0,0,0,0,0,0,0,0,-1
38,14,12,0,4,0,0,0,3,0,0,0,0,0.4474,0.3158,4.0606,2.6106,0,0,1,1,0,0,1,0,0,0,0,0,0,-1
47,13,22,0,1,1,1,0,4,0,0,0,0,0.0,0.8298,4.2485,3.2389,0,1,0,0,0,0,0,0,0,0,0,0,0,-1
31,3,14,0,2,0,0,0,4,0,0,0,0,0.129,0.6452,4.3736,1.585,0,1,0,0,0,0,0,0,0,0,0,0,0,-1
30,14,9,0,3,0,0,0,4,0,0,0,0,0.3667,0.3667,4.1899,2.9852,0,0,1,0,0,0,1,0,0,0,0,0,0,-1
26,14,5,0,3,0,0,0,3,0,0,0,0,0.4231,0.3077,3.8441,2.8424,0,0,1,0,0,0,1,0,0,0,0,0,0,-1
29,8,9,0,1,0,0,0,3,0,0,0,0,0.0,0.8276,3.7975,2.4056,0,1,0,0,0,0,0,0,0,0,0,0,0,-1
39,11,16,0,1,0,0,0,4,0,0,0,0,0.0,0.8462,4.1311,3.2776,0,1,0,0,0,0,0,0,0,0,0,0,0,-1
28,13,2,0,3,0,0,0,3,0,0,0,0,0.5357,0.1786,3.9408,2.9689,0,0,1,1,0,0,1,0,0,0,0,0,0,-1
42,25,5,0,1,0,0,0,3,0,0,0,0,0.0,0.881,3.9594,3.3951,0,1,0,0,0,0,0,0,0,0,0,0,0,-1
39,12,15,0,1,0,0,0,4,0,0,0,0,0.0,0.8462,3.8721,3.2516,0,1,0,0,0,0,0,0,0,0,0,0,0,-1
36,13,16,0,4,0,0,0,4,0,0,0,0,0.2778,0.4722,4.2391,2.6612,0,0,1,0,0,0,1,0,0,1,1,0,0,-1
28,13,2,0,3,0,0,0,3,0,0,0,0,0.5357,0.1786,3.655,2.7193,0,0,1,1,0,0,1,0,0,0,0,0,0,-1
26,4,11,0,2,0,0,0,3,0,0,0,0,0.0,0.7692,3.7381,2.0,0,1,0,0,0,0,0,0,0,0,0,0,0,-1
35,10,13,0,1,0,0,0,4,0,0,0,0,0.0,0.8286,3.8262,2.4464,0,1,0,0,0,0,0,0,0,0,0,0,0,-1
29,14,2,0,3,0,0,0,3,0,0,0,0,0.5517,0.1724,3.8404,2.7534,0,0,1,1,0,0,1,0,0,0,0,0,0,-1
35,15,7,0,4,0,0,0,3,0,0,0,0,0.4857,0.2571,3.9002,2.6566,0,0,1,1,0,0,1,0,0,0,0,0,0,-1
34,14,7,0,4,0,0,0,3,0,0,0,0,0.4706,0.2647,3.9003,2.2988,0,0,1,1,0,0,1,0,0,0,0,0,0,-1
27,12,2,0,3,0,0,0,3,0,0,0,0,0.5185,0.1852,3.5879,2.3962,0,0,1,1,0,0,1,0,0,0,0,0,0,-1
24,13,4,0,3,0,0,0,3,0,0,0,0,0.5,0.2083,3.6573,2.8731,0,0,1,0,0,0,1,0,0,0,0,0,0,-1
37,19,6,0,1,0,0,0,3,0,0,0,0,0.0,0.8649,3.8074,3.1556,0,1,0,0,0,0,0,0,0,0,0,0,0,-1
24,2,11,0,1,0,0,0,4,0,0,0,0,0.0,0.75,3.6683,1.0,0,1,0,0,0,0,0,0,0,0,0,0,0,-1
30,9,9,0,1,0,0,0,3,0,0,0,0,0.0,0.8333,4.0062,2.7255,0,1,0,0,0,0,0,0,0,0,0,0,0,-1
29,10,4,0,2,0,0,0,3,0,0,0,0,0.0,0.7931,4.2113,3.1219,0,1,0,0,0,0,0,0,0,0,0,0,0,-1
38,18,0,7,1,1,0,0,2,1,0,0,1,0.0,0.8158,4.1761,3.3083,0,1,0,0,0,0,0,0,0,0,0,0,0,-1
28,10,6,0,1,0,0,0,3,0,0,0,0,0.0,0.8214,3.9408,2.9219,0,1,0,0,0,0,0,0,0,0,0,0,0,-1
50,5,33,0,1,3,0,0,5,0,0,0,0,0.1,0.7,4.4522,2.3219,0,1,0,0,0,0,0,0,0,0,0,0,0,-1
38,12,14,0,1,0,0,0,4,0,0,0,0,0.1316,0.7105,4.4687,3.0221,0,1,0,0,0,0,0,0,0,0,0,0,0,-1
28,7,9,0,1,1,0,0,3,0,0,0,0,0.0,0.7857,3.7265,2.2359,0,1,0,0,0,0,0,0,0,0,0,0,0,-1
29,14,2,0,3,0,0,0,3,0,0,0,0,0.5517,0.1724,3.7194,2.8424,0,0,1,1,0,0,1,0,0,0,0,0,0,-1
34,12,11,0,1,0,0,0,4,0,0,0,0,0.0,0.8235,3.7604,3.2516,0,1,0,0,0,0,0,0,0,0,0,0,0,-1
30,13,5,0,1,0,0,0,3,0,0,0,0,0.0,0.8333,3.9647,3.2389,0,1,0,0,0,0,0,0,0,0,0,0,0,-1
34,14,7,0,4,0,0,0,3,0,0,0,0,0.4706,0.2647,3.9842,2.6995,0,0,1,1,0,0,1,0,0,0,0,0,0,-1
43,8,24,0,1,0,0,0,5,0,0,0,0,0.0,0.8372,4.2664,2.75,0,1,0,0,0,0,0,0,0,1,1,0,0,-1
24,13,4,0,3,0,0,0,3,0,0,0,0,0.4167,0.2917,3.8554,2.8731,0,0,1,0,0,0,1,0,0,0,0,0,0,-1
35,14,14,0,4,1,0,0,3,0,0,0,0,0.3714,0.3714,4.1043,2.7885,0,0,1,0,0,0,1,0,0,0,0,0,0,-1
46,11,24,0,1,2,0,0,4,0,0,0,0,0.087,0.7391,4.0915,2.6635,0,1,0,0,0,0,0,0,0,0,0,0,0,-1
29,13,9,0,4,0,0,0,3,0,0,0,0,0.3793,0.3448,3.9094,2.6612,0,0,1,0,0,0,1,0,0,0,0,0,0,-1
24,6,6,0,1,0,0,0,3,0,0,0,0,0.0,0.7917,3.9387,2.585,0,1,0,0,0,0,0,0,0,1,1,0,0,-1
34,9,13,0,1,0,0,0,4,0,0,0,0,0.0,0.8235,4.0064,2.7255,0,1,0,0,0,0,0,0,0,0,0,0,0,-1
34,4,7,10,1,0,0,0,3,1,0,0,1,0.0294,0.7647,4.2561,2.0,0,1,0,0,0,0,1,0,0,0,0,0,0,-1
76,6,58,0,2,0,0,0,9,0,0,0,0,0.0,0.8421,4.2658,2.585,0,1,0,0,0,0,0,0,0,0,0,0,0,-1
33,5,2,13,1,0,0,0,3,1,0,0,1,0.0,0.7576,4.1502,1.9219,0,1,0,0,0,0,0,0,0,0,0,0,0,-1
30,12,6,0,1,0,0,0,3,0,0,0,0,0.0,0.8333,3.9396,2.8554,0,1,0,0,0,0,0,0,0,0,0,0,0,-1
28,8,8,0,1,0,0,0,3,0,0,0,0,0.0,0.8214,3.9408,2.75,0,1,0,0,0,0,0,0,0,0,0,0,0,-1
28,13,2,0,3,0,0,0,3,0,0,0,0,0.5357,0.1786,3.8249,2.8151,0,0,1,1,0,0,1,0,0,0,0,0,0,-1
33,13,7,0,4,0,0,0,3,0,0,0,0,0.4545,0.2727,4.0061,2.6032,0,0,1,1,0,0,1,0,0,0,0,0,0,-1
34,14,7,0,4,0,0,0,3,0,0,0,0,0.4706,0.2647,4.0431,2.8424,0,0,1,1,0,0,1,0,0,0,0,0,0,-1
34,8,15,0,1,1,0,0,4,0,0,0,0,0.0,0.7941,3.9254,2.75,0,1,0,0,0,0,0,0,0,0,0,0,0,-1
29,3,14,0,1,0,0,0,4,0,0,0,0,0.0,0.7931,3.8925,0.9183,0,1,0,0,0,0,0,0,0,0,0,0,0,-1
36,5,11,0,3,0,1,0,3,0,0,0,0,0.0278,0.75,4.2737,2.3219,2,0,0,0,0,0,0,0,0,0,0,0,0,-1
39,3,7,16,1,0,0,0,3,1,0,0,1,0.0,0.7949,4.2849,1.585,0,1,0,0,0,0,0,0,0,0,0,0,0,-1
31,14,5,0,3,0,0,0,3,0,0,0,0,0.5161,0.2258,3.9779,2.9852,0,0,1,1,0,0,1,0,0,0,0,0,0,-1
34,7,16,0,1,0,0,0,4,0,0,0,0,0.0,0.8235,3.881,2.8074,0,1,0,0,0,0,0,0,0,0,0,0,0,-1
49,13,22,0,2,1,0,0,5,0,0,0,0,0.1224,0.6939,4.2366,3.0851,0,1,0,0,0,0,0,0,0,0,0,0,0,-1
53,15,26,0,3,2,1,0,3,0,0,0,0,0.3396,0.4528,4.6848,2.7899,0,0,1,1,0,0,1,0,0,0,0,0,0,-1
21,3,6,0,1,0,0,0,3,0,0,0,0,0.0,0.7619,3.6897,1.585,0,1,0,0,0,0,0,0,0,0,0,0,0,-1
30,15,2,0,3,0,0,0,3,0,0,0,0,0.5667,0.1667,3.7647,2.6892,0,0,1,1,0,0,1,0,0,0,0,0,0,-1
53,6,35,0,2,4,0,0,7,0,0,0,0,0.1132,0.6226,4.3945,2.585,0,1,0,0,0,0,0,0,0,0,0,0,0,-1
29,7,11,0,1,0,0,0,4,0,0,0,0,0.0,0.7931,3.6301,2.8074,0,1,0,0,0,0,0,0,0,0,0,0,0,-1
25,4,9,0,1,0,0,0,4,0,0,0,0,0.0,0.76,3.5737,1.0,0,1,0,0,0,0,0,0,0,0,0,0,0,-1
27,5,10,0,1,0,0,0,3,0,0,0,0,0.0,0.8148,4.0323,2.3219,0,1,0,0,0,0,0,0,0,0,0,0,0,-1
63,9,37,0,2,4,0,0,3,0,0,0,0,0.3968,0.4444,4.5481,2.7255,1,1,0,0,0,0,0,0,0,0,0,0,0,-1
24,3,9,0,1,0,0,0,3,0,0,0,0,0.0,0.7917,3.6054,1.585,0,1,0,0,0,0,0,0,0,0,0,0,0,-1
25,0,12,0,1,0,0,0,4,0,0,0,0,0.12,0.64,3.9737,0.0,0,1,0,0,0,0,0,0,0,0,0,0,0,-1
33,13,7,0,4,0,0,0,3,0,0,0,0,0.4545,0.2727,3.8094,2.6612,0,0,1,1,0,0,1,0,0,0,0,0,0,-1
23,5,4,0,2,0,0,0,3,0,0,0,0,0.0,0.7391,3.5227,1.9219,0,1,0,0,0,0,0,0,0,0,0,0,0,-1
39,6,21,0,1,1,0,0,4,0,0,0,0,0.0,0.8205,4.0159,2.2516,0,1,0,0,0,0,0,0,0,0,0,0,0,-1
44,8,7,16,1,0,0,0,3,1,0,0,1,0.0,0.8182,4.1747,3.0,0,1,0,0,0,0,0,0,0,0,0,0,0,-1
29,14,2,0,3,0,0,0,3,0,0,0,0,0.5517,0.1724,3.8404,2.7534,0,0,1,1,0,0,1,0,0,0,0,0,0,-1
33,5,16,0,1,1,0,0,4,0,0,0,0,0.0,0.7879,4.1502,1.9219,0,1,0,0,0,0,0,0,0,0,0,0,0,-1
39,6,21,0,1,1,0,0,4,0,0,0,0,0.0,0.8205,4.1285,2.2516,0,1,0,0,0,0,0,0,0,0,0,0,0,-1
49,13,29,0,4,0,0,0,5,0,0,0,0,0.4082,0.3878,4.4416,2.4493,0,0,1,0,0,0,1,0,0,0,0,0,0,-1
35,15,7,0,4,0,0,0,3,0,0,0,0,0.4857,0.2571,3.9217,2.7396,0,0,1,1,0,0,1,0,0,0,0,0,0,-1
34,14,13,0,4,0,0,0,3,0,0,0,0,0.3235,0.4412,4.2195,3.0391,0,0,1,0,0,0,1,0,0,0,0,0,0,-1
25,11,7,0,3,0,0,0,3,0,0,0,0,0.52,0.2,3.6733,2.5949,0,0,1,0,0,0,1,0,0,0,0,0,0,-1
29,14,2,0,3,0,0,0,3,0,0,0,0,0.5517,0.1724,3.6335,2.6106,0,0,1,1,0,0,1,0,0,0,0,0,0,-1
35,15,7,0,4,0,0,0,3,0,0,0,0,0.4857,0.2571,3.9649,2.8226,0,0,1,1,0,0,1,0,0,0,0,0,0,-1
45,6,27,0,1,2,0,0,5,0,0,0,0,0.1333,0.6667,4.2399,2.2516,0,1,0,0,0,0,0,0,0,0,0,0,0,-1
89,27,47,0,2,8,0,0,4,0,0,0,0,0.236,0.5955,4.6749,3.3377,0,1,0,0,0,0,0,0,0,1,1,0,0,-1
39,10,7,10,1,0,0,0,3,1,0,0,1,0.0,0.8205,4.0217,2.9219,0,1,0,0,0,0,0,0,0,0,0,0,0,-1
61,6,37,0,2,4,0,0,3,0,0,0,0,0.3443,0.4918,4.6949,2.2516,1,1,0,0,0,0,0,0,0,0,0,0,0,-1
25,14,4,0,3,0,0,0,3,0,0,0,0,0.44,0.28,3.6733,2.5567,0,0,1,0,0,0,1,0,0,0,0,0,0,-1
28,13,2,0,3,0,0,0,3,0,0,0,0,0.5357,0.1786,3.5976,2.6032,0,0,1,1,0,0,1,0,0,0,0,0,0,-1
29,14,2,0,3,0,0,0,3,0,0,0,0,0.5517,0.1724,3.5554,2.0742,0,0,1,1,0,0,1,0,0,0,0,0,0,-1
25,5,8,0,1,0,0,0,3,0,0,0,0,0.0,0.8,3.8635,2.3219,0,1,0,0,0,0,0,0,0,0,0,0,0,-1
43,8,7,16,1,0,0,0,3,1,0,0,1,0.0,0.814,4.3038,2.75,0,1,0,0,0,0,0,0,0,0,0,0,0,-1
26,6,9,0,1,0,0,0,3,0,0,0,0,0.0,0.8077,3.4885,2.2516,0,1,0,0,0,0,0,0,0,0,0,0,0,-1
28,8,8,0,1,0,0,0,3,0,0,0,0,0.0,0.8214,3.9138,2.75,0,1,0,0,0,0,0,0,0,0,0,0,0,-1
38,19,7,0,1,0,0,0,3,0,0,0,0,0.0,0.8684,3.7905,3.0503,0,1,0,0,0,0,0,0,0,1,1,0,0,-1
34,9,0,12,1,0,0,0,2,1,0,0,1,0.0,0.8235,4.0401,2.4194,0,1,0,0,0,0,0,0,0,0,0,0,0,-1
35,11,17,0,4,0,0,0,4,0,0,0,0,0.2286,0.5143,4.1934,2.4131,0,0,1,0,0,0,1,0,0,0,0,0,0,-1
39,13,8,0,3,0,0,0,3,0,0,0,0,0.0,0.8205,4.0898,3.3927,1,0,0,0,0,0,0,0,0,0,0,0,0,-1
53,19,22,0,1,1,0,0,5,0,0,0,0,0.1132,0.7358,4.363,3.3264,0,1,0,0,0,0,0,0,0,0,0,0,0,-1
25,13,5,0,3,0,0,0,3,0,0,0,0,0.44,0.28,3.8333,2.8731,0,0,1,0,0,0,1,0,0,0,0,0,0,-1
36,10,14,0,1,0,0,0,4,0,0,0,0,0.1389,0.6944,4.5033,2.9219,0,1,0,0,0,0,0,0,0,0,0,0,0,-1
34,14,7,0,4,0,0,0,3,0,0,0,0,0.4706,0.2647,3.7004,2.0202,0,0,1,1,0,0,1,0,0,0,0,0,0,-1
22,5,5,0,1,0,0,0,3,0,0,0,0,0.0,0.7727,3.6069,2.3219,0,1,0,0,0,0,0,0,0,0,0,0,0,-1
22,2,8,0,1,0,0,0,3,0,0,0,0,0.0,0.7727,3.4817,1.0,0,1,0,0,0,0,0,0,0,0,0,0,0,-1
25,13,5,0,3,0,0,0,3,0,0,0,0,0.4,0.32,3.7835,2.8731,0,0,1,0,0,0,1,0,0,0,0,0,0,-1
35,15,7,0,4,0,0,0,3,0,0,0,0,0.4857,0.2571,3.9789,2.4729,0,0,1,1,0,0,1,0,0,0,0,0,0,-1
30,10,8,0,1,0,0,0,3,0,0,0,0,0.0,0.8333,3.7899,2.9219,0,1,0,0,0,0,0,0,0,0,0,0,0,-1
28,13,2,0,3,0,0,0,3,0,0,0,0,0.5357,0.1786,3.6995,2.3535,0,0,1,1,0,0,1,0,0,0,0,0,0,-1
30,13,10,0,4,0,0,0,3,0,0,0,0,0.3333,0.4,3.9647,2.6032,0,0,1,0,0,0,1,0,0,0,0,0,0,-1
44,12,20,0,4,2,0,0,3,0,0,0,0,0.3182,0.4318,4.516,2.6258,0,0,1,1,0,0,1,0,0,0,0,0,0,-1
22,2,9,0,1,0,0,0,3,0,0,0,0,0.0,0.7727,3.9706,1.0,0,1,0,0,0,0,0,0,0,0,0,0,0,-1
37,12,13,0,1,0,0,0,4,0,0,0,0,0.0,0.8378,3.8846,3.085,0,1,0,0,0,0,0,0,0,0,0,0,0,-1
65,8,37,0,2,4,0,0,3,0,0,0,0,0.3231,0.5231,4.5832,2.75,1,1,0,0,0,0,1,0,0,0,0,0,0,-1
34,14,7,0,4,0,0,0,3,0,0,0,0,0.4706,0.2647,4.0431,2.8424,0,0,1,1,0,0,1,0,0,0,0,0,0,-1
47,11,7,16,1,0,0,0,3,1,0,0,1,0.0,0.8085,4.2485,2.914,0,1,0,0,0,0,0,0,0,0,0,0,0,-1
29,14,2,0,3,0,0,0,3,0,0,0,0,0.5517,0.1724,3.7454,2.6106,0,0,1,1,0,0,1,0,0,0,0,0,0,-1
34,14,7,0,4,0,0,0,3,0,0,0,0,0.4706,0.2647,3.962,2.8424,0,0,1,1,0,0,1,0,0,0,0,0,0,-1
42,5,14,10,1,0,2,0,4,1,0,0,1,0.1667,0.5952,4.6421,2.3219,0,1,0,0,0,0,0,0,0,0,0,0,0,-1
28,8,0,7,1,0,0,0,2,1,0,0,1,0.0,0.7857,4.0836,3.0,0,1,0,0,0,0,0,0,0,0,0,0,0,-1
24,3,10,0,1,0,0,0,3,0,0,0,0,0.0,0.7917,3.7406,1.585,0,1,0,0,0,0,0,0,0,0,0,0,0,-1
35,10,13,0,1,0,0,0,4,0,0,0,0,0.0,0.8286,3.9113,3.1219,0,1,0,0,0,0,0,0,0,0,0,0,0,-1
35,15,7,0,4,0,0,0,3,0,0,0,0,0.4857,0.2571,3.9433,2.6062,0,0,1,1,0,0,1,0,0,0,0,0,0,-1
29,14,2,0,3,0,0,0,3,0,0,0,0,0.5517,0.1724,3.7454,2.7534,0,0,1,1,0,0,1,0,0,0,0,0,0,-1
32,12,7,0,4,0,0,0,3,0,0,0,0,0.4375,0.2812,4.0153,3.0221,0,0,1,1,0,0,1,0,0,0,0,0,0,-1
34,7,5,0,3,0,0,0,3,0,0,0,0,0.0294,0.7647,4.0575,2.5216,1,0,0,0,0,0,0,0,0,0,0,0,0,-1
33,10,11,0,1,0,0,0,4,0,0,0,0,0.0,0.8182,4.2714,2.7219,0,1,0,0,0,0,0,0,0,0,0,0,0,-1
28,11,5,0,1,0,0,0,3,0,0,0,0,0.0,0.8214,3.8424,3.0958,0,1,0,0,0,0,0,0,0,0,0,0,0,-1
24,4,8,0,1,0,0,0,3,0,0,0,0,0.0,0.7917,3.5739,1.5,0,1,0,0,0,0,0,0,0,1,1,0,0,-1
33,13,7,0,4,0,0,0,3,0,0,0,0,0.4545,0.2727,4.0061,2.8151,0,0,1,1,0,0,1,0,0,0,0,0,0,-1
24,14,3,0,3,0,0,0,3,0,0,0,0,0.5417,0.1667,3.6573,2.6995,0,0,1,0,0,0,1,0,0,0,0,0,0,-1
23,5,6,0,1,0,0,0,3,0,0,0,0,0.0,0.7826,3.5884,2.3219,0,1,0,0,0,0,0,0,0,0,0,0,0,-1
28,13,2,0,3,0,0,0,3,0,0,0,0,0.5357,0.1786,3.8249,2.7193,0,0,1,1,0,0,1,0,0,0,0,0,0,-1
32,13,12,0,3,0,2,0,3,0,0,0,0,0.4375,0.2812,4.1167,2.5074,0,0,1,0,0,0,1,0,0,0,0,0,0,-1
33,13,8,0,1,0,0,0,3,0,0,0,0,0.0,0.8485,3.9683,2.7774,0,1,0,0,0,0,0,0,0,0,0,0,0,-1
87,6,69,0,3,1,0,0,9,0,0,0,0,0.023,0.8161,4.5624,2.585,0,1,0,0,0,0,0,0,0,0,0,0,0,-1
31,10,9,0,1,0,0,0,3,0,0,0,0,0.0,0.8387,3.8732,2.9219,0,1,0,0,0,0,0,0,0,0,0,0,0,-1
49,12,30,0,3,0,0,0,4,0,0,0,0,0.2245,0.6122,3.655,2.7925,0,0,1,0,0,0,1,0,0,0,0,0,0,-1
29,14,2,0,3,0,0,0,3,0,0,0,0,0.5517,0.1724,3.5949,2.6995,0,0,1,1,0,0,1,0,0,0,0,0,0,-1
21,12,2,0,3,0,0,0,3,0,0,0,0,0.4286,0.2381,3.6538,2.8554,0,0,1,0,0,0,1,0,0,0,0,0,0,-1
77,9,1,42,2,4,0,0,3,1,0,0,1,0.2857,0.5584,4.9403,2.7255,1,1,0,0,0,0,0,0,0,0,0,0,0,-1
34,14,7,0,4,0,0,0,3,0,0,0,0,0.4706,0.2647,4.0575,2.7885,0,0,1,1,0,0,1,0,0,0,0,0,0,-1
28,14,7,0,4,0,0,0,3,0,0,0,0,0.3929,0.3214,3.7979,2.8424,0,0,1,0,0,0,1,0,0,0,0,0,0,-1
24,0,8,0,1,0,0,0,3,0,0,0,0,0.0,0.7917,3.8239,0.0,0,1,0,0,0,0,0,0,0,0,0,0,0,-1
27,12,2,0,3,0,0,0,3,0,0,0,0,0.5185,0.1852,3.8842,2.8554,0,0,1,1,0,0,1,0,0,0,0,0,0,-1
29,8,9,0,1,0,0,0,3,0,0,0,0,0.0,0.8276,4.0473,2.75,0,1,0,0,0,0,0,0,0,0,0,0,0,-1
40,6,20,0,3,0,0,0,5,0,0,0,0,0.025,0.75,4.2251,2.2516,0,1,0,0,0,0,0,0,0,1,1,0,0,-1
33,13,7,0,4,0,0,0,3,0,0,0,0,0.4545,0.2727,3.87,2.5654,0,0,1,1,0,0,1,0,0,0,0,0,0,-1
28,6,7,0,2,0,0,0,3,0,0,0,0,0.0,0.7857,3.8424,2.2516,0,1,0,0,0,0,0,0,0,0,0,0,0,-1
38,14,17,0,4,0,0,0,4,0,0,0,0,0.2895,0.4737,4.3135,2.7885,0,0,1,0,0,0,1,0,0,0,0,0,0,-1
27,3,9,0,2,0,0,0,3,0,0,0,0,0.0,0.7778,3.8101,1.585,0,1,0,0,0,0,0,0,0,0,0,0,0,-1
34,14,7,0,4,0,0,0,3,0,0,0,0,0.4706,0.2647,3.797,2.6456,0,0,1,1,0,0,1,0,0,0,0,0,0,-1
40,12,16,0,1,0,0,0,4,0,0,0,0,0.0,0.85,4.0439,3.2516,0,1,0,0,0,0,0,0,0,0,0,0,0,-1
27,12,2,0,3,0,0,0,3,0,0,0,0,0.5185,0.1852,3.504,2.1258,0,0,1,1,0,0,1,0,0,0,0,0,0,-1
28,13,2,0,3,0,0,0,3,0,0,0,0,0.5357,0.1786,3.6726,2.5074,0,0,1,1,0,0,1,0,0,0,0,0,0,-1
33,13,7,0,4,0,0,0,3,0,0,0,0,0.4545,0.2727,3.859,2.4116,0,0,1,1,0,0,1,0,0,0,0,0,0,-1
47,11,24,0,1,0,0,0,5,0,0,0,0,0.0,0.8511,4.0358,2.8454,0,1,0,0,0,0,0,0,0,0,0,0,0,-1
26,0,9,0,1,1,0,0,3,0,0,0,0,0.0,0.7692,3.8253,0.0,0,1,0,0,0,0,0,0,0,0,0,0,0,-1
24,3,9,0,1,0,0,0,3,0,0,0,0,0.0,0.7917,3.8554,1.585,0,1,0,0,0,0,0,0,0,0,0,0,0,-1
34,14,7,0,4,0,0,0,3,0,0,0,0,0.4706,0.2647,4.0797,2.8963,0,0,1,1,0,0,1,0,0,0,0,0,0,-1
30,15,2,0,3,0,0,0,3,0,0,0,0,0.5667,0.1667,3.5559,2.6062,0,0,1,1,0,0,1,0,0,0,0,0,0,-1
25,8,5,0,1,0,0,0,3,0,0,0,0,0.0,0.8,3.6235,2.75,0,1,0,0,0,0,0,0,0,0,0,0,0,-1
31,13,11,0,4,0,0,0,3,0,0,0,0,0.3226,0.4194,4.2202,2.8731,0,0,1,0,0,0,1,0,0,0,0,0,0,-1
28,4,9,0,1,0,0,0,3,0,0,0,0,0.0,0.8214,3.7979,2.0,0,1,0,0,0,0,0,0,0,1,1,0,0,-1
31,4,15,0,1,0,0,0,4,0,0,0,0,0.0,0.8065,3.4184,2.0,0,1,0,0,0,0,0,0,0,0,0,0,0,-1
87,25,47,0,2,8,0,0,4,0,0,0,0,0.2299,0.5977,4.6997,3.7035,0,1,0,0,0,0,0,0,0,1,1,0,0,-1
38,15,16,0,4,0,0,0,4,0,0,0,0,0.3421,0.4211,4.2807,3.0062,0,0,1,0,0,0,1,0,0,0,0,0,0,-1
28,5,12,0,1,0,0,0,4,0,0,0,0,0.0,0.7857,3.7804,2.3219,0,1,0,0,0,0,0,0,0,0,0,0,0,-1
67,10,37,0,2,4,0,0,3,0,0,0,0,0.2985,0.5522,4.661,3.3219,1,1,0,0,0,0,1,0,0,0,0,0,0,-1
34,14,7,0,4,0,0,0,3,0,0,0,0,0.4706,0.2647,3.8078,2.2709,0,0,1,1,0,0,1,0,0,0,0,0,0,-1
31,6,13,0,1,0,0,0,4,0,0,0,0,0.0,0.8065,3.7844,2.2516,0,1,0,0,0,0,0,0,0,0,0,0,0,-1
64,8,37,0,2,4,0,0,3,0,0,0,0,0.3594,0.4844,4.465,3.0,1,1,0,0,0,0,1,0,0,0,0,0,0,-1
51,14,26,0,1,2,0,0,6,0,0,0,0,0.0,0.8039,4.2747,3.3249,0,1,0,0,0,0,0,0,0,0,0,0,0,-1
30,15,2,0,3,0,0,0,3,0,0,0,0,0.5667,0.1667,3.5811,2.2389,0,0,1,1,0,0,1,0,0,0,0,0,0,-1
32,12,7,0,4,0,0,0,3,0,0,0,0,0.4375,0.2812,4.0153,2.8554,0,0,1,1,0,0,1,0,0,0,0,0,0,-1
34,14,7,0,4,0,0,0,3,0,0,0,0,0.4706,0.2647,3.9842,2.4138,0,0,1,1,0,0,1,0,0,0,0,0,0,-1
23,5,6,0,1,0,0,0,3,0,0,0,0,0.0,0.7826,3.7081,2.3219,0,1,0,0,0,0,0,0,0,0,0,0,0,-1
27,2,13,0,1,0,0,0,4,0,0,0,0,0.0,0.7778,3.7784,1.0,0,1,0,0,0,0,0,0,0,0,0,0,0,-1
21,3,6,0,1,0,0,0,3,0,0,0,0,0.0,0.7619,3.7849,1.585,0,1,0,0,0,0,0,0,0,1,1,0,0,-1
29,14,2,0,3,0,0,0,3,0,0,0,0,0.5517,0.1724,3.5766,2.3599,0,0,1,1,0,0,1,0,0,0,0,0,0,-1
28,13,2,0,3,0,0,0,3,0,0,0,0,0.5357,0.1786,3.8249,2.8151,0,0,1,1,0,0,1,0,0,0,0,0,0,-1
43,7,22,0,2,0,1,0,4,0,0,0,0,0.0,0.814,4.2664,2.8074,0,1,0,0,0,0,0,0,0,0,0,0,0,-1
35,13,15,0,4,0,0,0,4,0,0,0,0,0.3143,0.4286,4.1363,2.6612,0,0,1,0,0,0,1,0,0,0,0,0,0,-1
27,12,2,0,3,0,0,0,3,0,0,0,0,0.5185,0.1852,3.8562,2.4591,0,0,1,1,0,0,1,0,0,0,0,0,0,-1
29,14,2,0,3,0,0,0,3,0,0,0,0,0.5517,0.1724,3.4604,2.217,0,0,1,1,0,0,1,0,0,0,0,0,0,-1
44,8,24,0,1,2,0,0,4,0,0,0,0,0.0909,0.7273,4.1701,3.0,0,1,0,0,0,0,0,0,0,0,0,0,0,-1
25,6,0,6,1,0,0,0,2,1,0,0,1,0.04,0.72,3.9239,1.7925,0,1,0,0,0,0,0,0,0,0,0,0,0,-1
28,5,9,0,2,0,0,0,3,0,0,0,0,0.0,0.7857,3.9852,2.3219,0,1,0,0,0,0,0,0,0,0,0,0,0,-1
51,13,31,0,4,0,0,0,4,0,0,0,0,0.4706,0.3529,4.3043,2.8151,0,0,1,0,0,0,1,0,0,0,0,0,0,-1
27,6,9,0,1,0,0,0,3,0,0,0,0,0.0,0.8148,3.6764,2.2516,0,1,0,0,0,0,0,0,0,0,0,0,0,-1
26,2,9,0,2,0,0,0,4,0,0,0,0,0.0,0.7308,3.9791,1.0,0,1,0,0,0,0,0,0,0,0,0,0,0,-1
58,3,15,0,3,0,1,0,3,0,0,0,0,0.1034,0.7586,4.5899,0.9183,1,1,0,0,0,0,0,0,0,0,0,0,0,-1
37,9,2,13,1,0,0,0,3,1,0,0,1,0.0,0.7838,4.3143,2.9477,0,1,0,0,0,0,0,0,0,0,0,0,0,-1
29,14,2,0,3,0,0,0,3,0,0,0,0,0.5517,0.1724,3.7194,2.6456,0,0,1,1,0,0,1,0,0,0,0,0,0,-1
31,3,7,8,1,0,0,0,3,1,0,0,1,0.0,0.7742,4.1069,1.585,0,1,0,0,0,0,0,0,0,0,0,0,0,-1
28,4,12,0,1,0,0,0,4,0,0,0,0,0.1071,0.6786,4.209,2.0,0,1,0,0,0,0,0,0,0,0,0,0,0,-1
28,13,2,0,3,0,0,0,3,0,0,0,0,0.5357,0.1786,3.6106,2.3535,0,0,1,1,0,0,1,0,0,0,0,0,0,-1
33,13,7,0,4,0,0,0,3,0,0,0,0,0.4545,0.2727,3.9683,3.027,0,0,1,1,0,0,1,0,0,0,0,0,0,-1
37,11,14,0,1,1,0,0,4,0,0,0,0,0.0,0.8108,4.108,3.2776,0,1,0,0,0,0,0,0,0,0,0,0,0,-1
28,13,2,0,3,0,0,0,3,0,0,0,0,0.5357,0.1786,3.6281,2.5654,0,0,1,1,0,0,1,0,0,0,0,0,0,-1
66,10,37,0,2,4,0,0,3,0,0,0,0,0.2727,0.5758,4.4595,3.1219,1,1,0,0,0,0,1,0,0,0,0,0,0,-1
38,13,13,0,3,0,0,0,4,0,0,0,0,0.3947,0.3684,4.0606,2.8731,0,0,1,1,0,0,1,0,0,0,0,0,0,-1
28,6,5,0,2,0,0,0,3,0,0,0,0,0.0,0.7857,3.8249,1.9183,1,1,0,0,0,0,0,0,0,1,1,1,0,-1
51,17,22,0,1,0,1,0,4,0,0,0,0,0.0,0.8627,4.2875,3.1019,0,1,0,0,0,0,0,0,0,0,0,0,0,-1
70,13,37,0,2,4,0,0,3,0,0,0,0,0.2429,0.6143,4.5967,3.0851,1,1,0,0,0,0,0,0,0,0,0,0,0,-1
90,7,35,0,4,5,1,0,4,0,0,0,0,0.1,0.7333,5.1339,2.5216,2,1,0,0,0,0,0,0,0,0,0,0,0,-1
46,7,27,0,1,2,0,0,5,0,0,0,0,0.1304,0.6739,4.3688,2.8074,0,1,0,0,0,0,0,0,0,0,0,0,0,-1
30,15,2,0,3,0,0,0,3,0,0,0,0,0.5667,0.1667,3.7111,2.7899,0,0,1,1,0,0,1,0,0,0,0,0,0,-1
28,13,2,0,3,0,0,0,3,0,0,0,0,0.5357,0.1786,3.655,2.8151,0,0,1,1,0,0,1,0,0,0,0,0,0,-1
33,13,9,0,1,2,0,0,3,0,0,0,0,0.0,0.7879,3.692,2.8731,0,1,0,0,0,0,0,0,0,0,0,0,0,-1
33,13,7,0,4,0,0,0,3,0,0,0,0,0.4545,0.2727,3.859,2.5074,0,0,1,1,0,0,1,0,0,0,0,0,0,-1
38,8,19,0,1,0,0,0,4,0,0,0,0,0.0,0.8421,4.0106,2.5,0,1,0,0,0,0,0,0,0,0,0,0,0,-1
37,14,8,0,1,0,0,0,3,0,0,0,0,0.0,0.8649,3.9387,3.5216,0,1,0,0,0,0,0,0,0,0,0,0,0,-1
34,14,7,0,4,0,0,0,3,0,0,0,0,0.4706,0.2647,3.8,2.156,0,0,1,1,0,0,1,0,0,0,0,0,0,-1
28,13,2,0,3,0,0,0,3,0,0,0,0,0.5357,0.1786,3.6995,2.8731,0,0,1,1,0,0,1,0,0,0,0,0,0,-1
24,4,8,0,1,0,0,0,3,0,0,0,0,0.0,0.7917,3.6887,2.0,0,1,0,0,0,0,0,0,0,1,1,0,0,-1
46,6,24,0,2,2,0,0,4,0,0,0,0,0.087,0.7174,4.1949,1.9183,1,1,0,0,0,0,0,0,0,1,1,1,1,-1
39,14,13,0,1,0,0,0,4,0,0,0,0,0.0,0.8462,4.0672,3.5216,0,1,0,0,0,0,0,0,0,0,0,0,0,-1
29,9,8,0,2,0,0,0,3,0,0,0,0,0.0,0.7931,3.7025,2.9477,0,1,0,0,0,0,0,0,0,0,0,0,0,-1
25,13,5,0,3,0,0,0,3,0,0,0,0,0.48,0.24,3.7835,2.8731,0,0,1,0,0,0,1,0,0,0,0,0,0,-1
48,9,27,0,1,2,0,0,5,0,0,0,0,0.125,0.6875,4.4107,2.4194,0,1,0,0,0,0,0,0,0,0,0,0,0,-1
31,9,10,0,1,0,0,0,3,0,0,0,0,0.0,0.8387,4.0424,3.1699,0,1,0,0,0,0,0,0,0,0,0,0,0,-1
89,20,1,42,2,4,0,0,3,1,0,0,1,0.2697,0.5955,4.8125,3.3219,1,1,0,0,0,0,0,0,0,0,0,0,0,-1
24,9,4,0,1,1,0,0,3,0,0,0,0,0.0,0.75,4.1054,3.1699,0,1,0,0,0,0,0,0,0,0,0,0,0,-1
58,22,7,16,1,0,0,0,3,1,0,0,1,0.0,0.8621,4.2585,3.516,0,1,0,0,0,0,0,0,0,0,0,0,0,-1
49,13,7,16,1,1,0,0,3,1,0,0,1,0.0,0.7959,4.165,2.8731,0,1,0,0,0,0,0,0,0,0,0,0,0,-1
73,10,47,0,2,5,0,0,4,0,0,0,0,0.2192,0.6164,4.6266,3.1219,0,1,0,0,0,0,0,0,0,1,1,0,0,-1
66,10,37,0,2,4,0,0,3,0,0,0,0,0.3333,0.5152,4.5534,2.4464,1,1,0,0,0,0,0,0,0,0,0,0,0,-1
23,0,10,0,1,0,0,0,3,0,0,0,0,0.0,0.7826,3.7623,0.0,0,1,0,0,0,0,0,0,0,0,0,0,0,-1
35,3,20,0,3,0,0,0,5,0,0,0,0,0.1714,0.5714,4.0612,0.0,0,1,0,0,0,0,1,0,0,0,0,0,0,-1
25,3,9,0,1,0,0,0,4,0,0,0,0,0.0,0.76,3.7639,1.585,0,1,0,0,0,0,0,0,0,0,0,0,0,-1
51,10,26,0,2,1,0,0,6,0,0,0,0,0.0,0.8039,4.1627,2.7219,0,1,0,0,0,0,0,0,0,0,0,0,0,-1
25,13,5,0,3,0,0,0,3,0,0,0,0,0.44,0.28,3.8635,2.8731,0,0,1,0,0,0,1,0,0,0,0,0,0,-1
32,12,7,0,4,0,0,0,3,0,0,0,0,0.4375,0.2812,3.9681,2.3962,0,0,1,1,0,0,1,0,0,0,0,0,0,-1
31,9,10,0,1,0,0,0,3,0,0,0,0,0.0,0.8387,3.9779,2.7255,0,1,0,0,0,0,0,0,0,0,0,0,0,-1
24,4,9,0,1,0,0,0,3,0,0,0,0,0.0,0.7917,3.4906,1.5,0,1,0,0,0,0,0,0,0,0,0,0,0,-1
42,4,27,0,1,2,0,0,5,0,0,0,0,0.1429,0.6429,4.4609,2.0,0,1,0,0,0,0,0,0,0,0,0,0,0,-1
39,3,22,0,2,1,0,0,5,0,0,0,0,0.1538,0.6154,4.2091,1.585,0,1,0,0,0,0,0,0,0,0,0,0,0,-1
32,12,7,0,4,0,0,0,3,0,0,0,0,0.4375,0.2812,3.9139,2.6258,0,0,1,1,0,0,1,0,0,0,0,0,0,-1
29,14,2,0,3,0,0,0,3,0,0,0,0,0.5517,0.1724,3.6504,2.6106,0,0,1,1,0,0,1,0,0,0,0,0,0,-1
41,12,16,0,1,0,0,0,4,0,0,0,0,0.0,0.8537,3.9371,3.085,0,1,0,0,0,0,0,0,0,0,0,0,0,-1
32,7,7,0,2,0,0,0,3,0,0,0,0,0.0312,0.7812,4.2264,2.5216,1,0,0,0,0,0,0,0,0,0,0,0,0,-1
47,11,7,16,1,0,0,0,3,1,0,0,1,0.0,0.8298,4.2807,3.0958,0,1,0,0,0,0,0,0,0,0,0,0,0,-1
32,12,7,0,4,0,0,0,3,0,0,0,0,0.4375,0.2812,3.84,2.6258,0,0,1,1,0,0,1,0,0,0,0,0,0,-1
45,6,7,16,2,0,0,0,3,1,0,0,1,0.0,0.7778,4.3304,2.2516,0,1,0,0,0,0,0,0,0,0,0,1,1,-1
22,11,4,0,3,0,0,0,3,0,0,0,0,0.3636,0.3182,3.6292,2.8454,0,0,1,0,0,0,1,0,0,0,0,0,0,-1
26,6,8,0,1,0,0,0,3,0,0,0,0,0.0,0.8077,4.056,2.585,0,1,0,0,0,0,0,0,0,0,0,0,0,-1
31,8,11,0,1,0,0,0,4,0,0,0,0,0.0,0.8065,3.9102,2.75,0,1,0,0,0,0,0,0,0,0,0,0,0,-1
66,10,37,0,2,4,0,0,3,0,0,0,0,0.303,0.5455,4.4193,2.7219,1,1,0,0,0,0,0,0,0,0,0,0,0,-1
49,8,30,0,1,2,0,0,5,0,0,0,0,0.102,0.7143,4.3659,2.5,0,1,0,0,0,0,0,0,0,0,0,0,0,-1
27,10,5,0,1,0,0,0,3,0,0,0,0,0.0,0.8148,3.6801,2.171,0,1,0,0,0,0,0,0,0,0,0,0,0,-1
33,13,7,0,4,0,0,0,3,0,0,0,0,0.4545,0.2727,3.9226,2.8151,0,0,1,1,0,0,1,0,0,0,0,0,0,-1
37,12,0,12,1,0,0,0,2,1,0,0,1,0.0,0.8378,4.1824,3.0221,0,1,0,0,0,0,0,0,0,0,0,0,0,-1
25,6,7,0,1,0,0,0,3,0,0,0,0,0.0,0.8,4.0537,2.2516,0,1,0,0,0,0,0,0,0,0,0,0,0,-1
36,8,2,13,1,0,0,0,3,1,0,0,1,0.0,0.7778,4.2181,2.75,0,1,0,0,0,0,0,0,0,0,0,0,0,-1
39,3,14,10,1,0,2,0,4,1,0,0,1,0.1795,0.5641,4.5994,1.585,0,1,0,0,0,0,0,0,0,0,0,0,0,-1
43,4,7,16,2,0,0,0,3,1,0,0,1,0.0,0.7907,4.2313,1.5,0,1,0,0,0,0,0,0,0,0,0,0,0,-1
23,3,8,0,1,0,0,0,3,0,0,0,0,0.1304,0.6522,3.7951,0.9183,0,1,0,0,0,0,1,0,0,0,0,0,0,-1
23,3,9,0,1,0,0,0,3,0,0,0,0,0.0,0.7826,3.7623,0.9183,0,1,0,0,0,0,0,0,0,0,0,0,0,-1
26,4,7,0,2,0,0,0,3,0,0,0,0,0.0,0.7692,3.7193,2.0,0,1,0,0,0,0,0,0,0,0,0,0,0,-1
28,13,2,0,3,0,0,0,3,0,0,0,0,0.5357,0.1786,3.6106,2.2955,0,0,1,1,0,0,1,0,0,0,0,0,0,-1
36,11,13,0,1,0,0,0,4,0,0,0,0,0.0,0.8333,4.128,3.0958,0,1,0,0,0,0,0,0,0,0,0,0,0,-1
44,5,7,16,2,0,0,0,3,1,0,0,1,0.0,0.7955,4.261,2.3219,0,1,0,0,0,0,0,0,0,0,0,0,0,-1
29,14,8,0,3,0,0,0,3,0,0,0,0,0.4138,0.3448,3.9523,2.7885,0,0,1,0,0,0,1,0,0,0,0,0,0,-1
23,5,6,0,1,0,0,0,3,0,0,0,0,0.0,0.7826,3.7294,1.9219,0,1,0,0,0,0,0,0,0,0,0,0,0,-1
34,14,7,0,4,0,0,0,3,0,0,0,0,0.4706,0.2647,3.7748,2.217,0,0,1,1,0,0,1,0,0,0,0,0,0,-1
29,14,2,0,3,0,0,0,3,0,0,0,0,0.5517,0.1724,3.5554,2.6106,0,0,1,1,0,0,1,0,0,0,0,0,0,-1
38,9,17,0,1,1,0,0,4,0,0,0,0,0.0,0.8158,4.0831,3.1699,0,1,0,0,0,0,0,0,0,0,0,0,0,-1
41,5,24,0,1,0,0,0,5,0,0,0,0,0.0,0.8293,4.0018,1.9219,0,1,0,0,0,0,0,0,0,0,0,0,0,-1
88,29,47,0,2,8,0,0,4,0,0,0,0,0.25,0.5795,4.7533,3.7194,0,0,0,0,0,0,0,0,0,1,1,0,0,-1
62,6,37,0,2,4,0,0,3,0,0,0,0,0.3548,0.4839,4.7034,2.2516,1,1,0,0,0,0,0,0,0,0,0,0,0,-1
36,4,20,0,1,0,0,0,4,0,0,0,0,0.0,0.8333,3.8502,2.0,0,1,0,0,0,0,0,0,0,0,0,0,0,-1
31,10,9,0,1,0,0,0,3,0,0,0,0,0.0,0.8387,4.0668,2.9219,0,1,0,0,0,0,0,0,0,0,0,0,0,-1
23,4,7,0,1,0,0,0,3,0,0,0,0,0.0,0.7826,3.6753,1.5,0,1,0,0,0,0,0,0,0,1,1,0,0,-1
42,12,15,0,3,0,0,0,4,0,0,0,0,0.0238,0.7857,4.0823,3.085,1,0,0,0,0,0,0,0,0,0,0,0,0,-1
25,13,5,0,3,0,0,0,3,0,0,0,0,0.4,0.32,3.9435,2.8731,0,0,1,0,0,0,1,0,0,0,0,0,0,-1
30,13,10,0,3,0,0,0,4,0,0,0,0,0.4,0.3333,4.0566,2.8731,0,0,1,0,0,0,1,0,0,0,0,0,0,-1
35,12,16,0,4,0,0,0,4,0,0,0,0,0.3429,0.4,4.1934,2.8554,0,0,1,0,0,0,1,0,0,0,0,0,0,-1
30,7,4,0,2,0,0,0,3,0,0,0,0,0.0,0.8,3.7484,2.1281,1,0,0,0,0,0,0,0,0,0,0,0,0,-1
25,14,4,0,3,0,0,0,3,0,0,0,0,0.52,0.2,3.7533,2.8963,0,0,1,0,0,0,1,0,0,0,0,0,0,-1
20,2,6,0,1,0,0,0,3,0,0,0,0,0.0,0.75,3.7464,1.0,0,1,0,0,0,0,0,0,0,0,0,0,0,-1
34,6,2,13,1,0,0,0,3,1,0,0,1,0.0,0.7647,4.0431,1.9183,0,1,0,0,0,0,0,0,0,1,1,1,0,-1
23,2,10,0,1,0,0,0,3,0,0,0,0,0.0,0.7826,3.7623,1.0,0,1,0,0,0,0,0,0,0,0,0,0,0,-1
29,13,9,0,3,0,1,0,3,0,0,0,0,0.3448,0.3793,3.9263,2.5074,0,0,1,0,0,0,1,0,0,0,0,0,0,-1
38,12,19,0,4,0,0,0,5,0,0,0,0,0.2632,0.4737,4.1857,2.1258,0,0,1,0,0,0,1,0,0,0,0,0,0,-1
44,14,23,0,4,0,0,0,4,0,0,0,0,0.2727,0.5227,4.1978,2.5567,0,0,1,0,0,0,1,0,0,0,0,0,0,-1
32,10,10,0,1,0,0,0,3,0,0,0,0,0.0,0.8438,3.5542,2.7219,0,1,0,0,0,0,0,0,0,0,0,0,0,-1
34,14,7,0,4,0,0,0,3,0,0,0,0,0.4706,0.2647,3.9842,2.7534,0,0,1,1,0,0,1,0,0,0,0,0,0,-1
26,9,5,0,1,0,0,0,3,0,0,0,0,0.0,0.8077,3.6133,2.7255,0,1,0,0,0,0,0,0,0,0,0,0,0,-1
33,13,7,0,4,0,0,0,3,0,0,0,0,0.4545,0.2727,3.8849,2.6612,0,0,1,1,0,0,1,0,0,0,0,0,0,-1
33,13,7,0,4,0,0,0,3,0,0,0,0,0.4545,0.2727,4.0061,2.6612,0,0,1,1,0,0,1,0,0,0,0,0,0,-1
41,9,21,0,1,1,0,0,4,0,0,0,0,0.0,0.8293,3.9156,2.7255,0,1,0,0,0,0,0,0,0,0,0,0,0,-1
26,13,6,0,3,0,0,0,3,0,0,0,0,0.4615,0.2692,3.998,2.9689,0,0,1,0,0,0,1,0,0,0,0,0,0,-1
34,14,7,0,4,0,0,0,3,0,0,0,0,0.4706,0.2647,3.8781,2.8424,0,0,1,1,0,0,1,0,0,0,0,0,0,-1
46,10,24,0,1,0,0,0,5,0,0,0,0,0.0,0.8478,4.0587,2.9219,0,1,0,0,0,0,0,0,0,0,0,0,0,-1
33,13,8,0,1,0,0,0,3,0,0,0,0,0.0,0.8485,3.9226,3.3927,0,1,0,0,0,0,0,0,0,0,0,0,0,-1
30,9,9,0,1,1,0,0,3,0,0,0,0,0.1,0.7,4.2151,3.1699,0,1,0,0,0,0,1,0,0,0,0,0,0,-1
30,9,9,0,1,1,0,0,3,0,0,0,0,0.0,0.8,4.0151,2.7255,0,1,0,0,0,0,0,0,0,0,0,0,0,-1
32,5,0,12,2,0,0,0,2,1,0,0,1,0.0,0.7812,4.1014,1.9219,0,1,0,0,0,0,0,0,0,0,0,0,0,-1
26,6,8,0,1,0,0,0,3,0,0,0,0,0.0,0.8077,3.7962,2.2516,0,1,0,0,0,0,0,0,0,0,0,0,0,-1
30,14,9,0,4,0,0,0,3,0,0,0,0,0.4,0.3333,4.0566,3.0391,0,0,1,0,0,0,1,0,0,0,0,0,0,-1
38,15,16,0,4,0,0,0,4,0,0,0,0,0.3684,0.3947,4.2608,3.0062,0,0,1,0,0,0,1,0,0,0,0,0,0,-1
35,15,8,0,1,0,0,0,3,0,0,0,0,0.0,0.8571,4.0332,3.7736,0,1,0,0,0,0,0,0,0,0,0,0,0,-1
46,4,30,0,1,2,0,0,5,0,0,0,0,0.1087,0.6957,4.3937,2.0,0,1,0,0,0,0,0,0,0,0,0,0,0,-1
27,7,9,0,2,0,0,0,4,0,0,0,0,0.0741,0.6667,4.0603,2.8074,0,0,0,0,0,0,0,0,0,0,0,0,0,-1
75,15,42,0,2,5,0,0,4,0,0,0,0,0.2533,0.5867,4.7125,3.3736,0,1,0,0,0,0,0,0,0,0,0,0,0,-1
29,14,2,0,3,0,0,0,3,0,0,0,0,0.5517,0.1724,3.6504,2.4488,0,0,1,1,0,0,1,0,0,0,0,0,0,-1
33,13,7,0,4,0,0,0,3,0,0,0,0,0.4545,0.2727,4.0289,2.6032,0,0,1,1,0,0,1,0,0,0,0,0,0,-1
40,11,7,10,1,0,0,0,3,1,0,0,1,0.0,0.825,4.0439,2.6635,0,1,0,0,0,0,0,0,0,0,0,0,0,-1
26,11,2,0,3,0,0,0,3,0,0,0,0,0.5,0.1923,3.7193,2.5949,0,0,1,1,0,0,1,0,0,0,0,0,0,-1
33,13,7,0,4,0,0,0,3,0,0,0,0,0.4545,0.2727,3.8243,2.4493,0,0,1,1,0,0,1,0,0,0,0,0,0,-1
34,14,7,0,4,0,0,0,3,0,0,0,0,0.4706,0.2647,3.9032,2.6106,0,0,1,1,0,0,1,0,0,0,0,0,0,-1
27,3,13,0,1,0,0,0,4,0,0,0,0,0.0,0.7778,3.7919,1.585,0,1,0,0,0,0,0,0,0,0,0,0,0,-1
32,5,16,0,1,0,0,0,4,0,0,0,0,0.0,0.8125,3.7386,1.9219,0,1,0,0,0,0,0,0,0,0,0,0,0,-1
18,2,5,0,1,0,0,0,3,0,0,0,0,0.0,0.7222,3.3502,1.0,0,1,0,0,0,0,0,0,0,0,0,0,0,-1
34,7,15,0,1,0,0,0,4,0,0,0,0,0.0,0.8235,4.1829,2.5216,0,1,0,0,0,0,0,0,0,0,0,0,0,-1
32,9,11,0,2,0,0,0,3,0,0,0,0,0.0,0.8125,3.9681,2.7255,0,1,0,0,0,0,0,0,0,0,0,0,0,-1
34,14,7,0,4,0,0,0,3,0,0,0,0,0.4706,0.2647,3.8888,2.182,0,0,1,1,0,0,1,0,0,0,0,0,0,-1
33,13,13,0,4,0,0,0,4,0,0,0,0,0.303,0.4242,4.3777,3.027,0,0,1,0,0,0,1,0,0,0,0,0,0,-1
80,10,50,0,3,4,0,0,4,0,0,0,0,0.2,0.65,4.721,3.1219,1,1,0,0,0,0,0,0,0,1,1,0,0,-1
28,13,2,0,3,0,0,0,3,0,0,0,0,0.5357,0.1786,3.744,2.8151,0,0,1,1,0,0,1,0,0,0,0,0,0,-1
30,15,2,0,3,0,0,0,3,0,0,0,0,0.5667,0.1667,3.5811,2.6892,0,0,1,1,0,0,1,0,0,0,0,0,0,-1
20,3,6,0,1,0,0,0,3,0,0,0,0,0.0,0.75,3.3464,1.585,0,1,0,0,0,0,0,0,0,0,0,0,0,-1
48,20,15,0,2,0,0,0,4,0,0,0,0,0.0,0.8542,4.0532,3.2037,0,0,0,0,0,0,0,0,0,0,0,0,0,-1
28,13,8,0,4,0,0,0,3,0,0,0,0,0.3929,0.3214,3.9677,2.9689,0,0,1,0,0,0,1,0,0,0,0,0,0,-1
68,13,48,0,4,1,1,0,5,0,0,0,0,0.3676,0.4559,4.3919,2.5654,0,0,1,0,0,0,1,0,0,0,0,0,0,-1
47,11,24,0,1,2,0,0,4,0,0,0,0,0.0851,0.7447,4.3211,3.2776,0,1,0,0,0,0,0,0,0,0,0,0,0,-1
34,6,16,0,1,0,0,0,4,0,0,0,0,0.0,0.8235,3.8888,2.2516,0,1,0,0,0,0,0,0,0,0,0,0,0,-1
47,2,34,0,1,1,0,0,5,0,0,0,0,0.0,0.8298,4.1536,1.0,0,1,0,0,0,0,0,0,0,0,0,0,0,-1
31,13,11,0,4,0,0,0,3,0,0,0,0,0.3548,0.3871,4.2202,2.8731,0,0,1,0,0,0,1,0,0,0,0,0,0,-1
41,14,20,0,4,0,0,0,4,0,0,0,0,0.3415,0.439,4.3267,2.8424,0,0,1,0,0,0,1,0,0,0,0,0,0,-1
29,14,2,0,3,0,0,0,3,0,0,0,0,0.5517,0.1724,3.6209,2.3527,0,0,1,1,0,0,1,0,0,0,0,0,0,-1
27,12,2,0,3,0,0,0,3,0,0,0,0,0.5185,0.1852,3.7262,2.6258,0,0,1,1,0,0,1,0,0,0,0,0,0,-1
36,6,7,10,1,0,0,0,3,1,0,0,1,0.0,0.8056,4.229,2.585,0,1,0,0,0,0,0,0,0,0,0,0,0,-1
26,14,5,0,3,0,0,0,3,0,0,0,0,0.4615,0.2692,3.5262,2.306,0,0,1,0,0,0,1,0,0,0,0,0,0,-1
29,14,2,0,3,0,0,0,3,0,0,0,0,0.5517,0.1724,3.7454,2.8424,0,0,1,1,0,0,1,0,0,0,0,0,0,-1
31,11,0,7,1,0,0,0,2,1,0,0,1,0.0,0.8065,4.0023,2.914,0,1,0,0,0,0,0,0,0,0,0,0,0,-1
27,5,10,0,1,0,0,0,3,0,0,0,0,0.0,0.8148,3.8101,1.9219,0,1,0,0,0,0,0,0,0,0,0,0,0,-1
33,13,8,0,1,1,0,0,3,0,0,0,0,0.0,0.8182,3.9455,3.1808,0,1,0,0,0,0,0,0,0,0,0,0,0,-1
58,13,38,0,4,0,0,0,5,0,0,0,0,0.2069,0.6207,4.5695,2.8151,0,0,1,0,0,0,1,0,0,0,0,0,0,-1
25,7,5,0,1,0,0,0,3,0,0,0,0,0.0,0.8,3.9133,2.8074,0,1,0,0,0,0,0,0,0,0,0,0,0,-1
30,11,7,0,1,0,0,0,3,0,0,0,0,0.0,0.8333,4.0314,3.2776,0,1,0,0,0,0,0,0,0,0,0,0,0,-1
30,9,10,0,1,0,0,0,3,0,0,0,0,0.0,0.8333,3.9899,3.1699,0,1,0,0,0,0,0,0,0,0,0,0,0,-1
86,14,48,0,3,4,0,0,4,0,0,0,0,0.2674,0.593,4.76,3.5216,1,1,0,0,0,0,0,0,0,0,0,0,0,-1
25,13,5,0,3,0,0,0,3,0,0,0,0,0.52,0.2,3.4333,2.5074,0,0,1,0,0,0,1,0,0,0,0,0,0,-1
34,14,7,0,4,0,0,0,3,0,0,0,0,0.4706,0.2647,3.962,2.6106,0,0,1,1,0,0,1,0,0,0,0,0,0,-1
24,4,9,0,1,0,0,0,3,0,0,0,0,0.0,0.7917,3.7406,1.5,0,1,0,0,0,0,0,0,0,0,0,0,0,-1
32,8,9,0,3,0,0,0,3,0,0,0,0,0.0312,0.75,4.132,2.5,1,0,0,0,0,0,1,0,1,0,0,0,0,-1
26,14,0,0,1,0,0,0,2,0,0,0,0,0.0,0.8462,3.9022,3.2359,0,1,0,0,0,0,0,0,0,0,0,0,0,-1
45,16,17,0,1,1,0,0,4,0,0,0,0,0.0,0.8444,4.0025,3.3278,0,1,0,0,0,0,0,0,0,0,0,0,0,-1
75,10,1,42,2,4,0,0,3,1,0,0,1,0.3867,0.4533,4.7163,3.1219,1,1,0,0,0,0,1,0,0,0,0,0,0,-1
81,19,47,0,2,4,0,0,4,0,0,0,0,0.284,0.5802,4.7922,3.7216,0,1,0,0,0,0,0,0,0,1,1,0,0,-1
25,7,6,0,1,0,0,0,3,0,0,0,0,0.0,0.8,3.8635,2.5216,0,1,0,0,0,0,0,0,0,0,0,0,0,-1
37,7,16,0,2,0,0,0,4,0,0,0,0,0.0,0.8108,4.0131,2.8074,0,1,0,0,0,0,0,0,0,0,0,0,0,-1
28,7,9,0,1,0,0,0,3,0,0,0,0,0.0,0.8214,3.9408,2.5216,0,1,0,0,0,0,0,0,0,0,0,0,0,-1
28,13,2,0,3,0,0,0,3,0,0,0,0,0.5357,0.1786,3.7709,2.9689,0,0,1,1,0,0,1,0,0,0,0,0,0,-1
38,6,20,0,2,0,0,0,5,0,0,0,0,0.0263,0.7632,3.9656,2.585,0,1,0,0,0,0,0,0,0,1,1,0,0,-1
28,13,2,0,3,0,0,0,3,0,0,0,0,0.5357,0.1786,3.7534,2.8151,0,0,1,1,0,0,1,0,0,0,0,0,0,-1
33,13,7,0,4,0,0,0,3,0,0,0,0,0.4545,0.2727,3.9226,2.6612,0,0,1,1,0,0,1,0,0,0,0,0,0,-1
29,6,12,0,1,0,0,0,4,0,0,0,0,0.0,0.7931,3.9094,1.9183,0,1,0,0,0,0,0,0,1,1,1,1,1,-1
29,6,11,0,1,0,0,0,4,0,0,0,0,0.0,0.7931,3.8109,2.2516,0,1,0,0,0,0,0,0,0,0,0,0,0,-1
35,15,13,0,3,0,1,0,3,0,0,0,0,0.4,0.3714,4.3002,3.0062,0,0,1,0,0,0,1,0,0,0,0,0,0,-1
27,2,13,0,1,0,0,0,4,0,0,0,0,0.037,0.7407,3.9121,1.0,0,1,0,0,0,0,1,0,0,0,0,0,0,-1
56,14,34,0,5,0,0,0,4,0,0,0,0,0.1964,0.625,4.3345,2.7534,0,1,1,0,0,0,1,0,0,0,0,0,0,-1
33,13,7,0,4,0,0,0,3,0,0,0,0,0.4545,0.2727,3.9683,2.8731,0,0,1,1,0,0,1,0,0,0,0,0,0,-1
88,28,47,0,2,5,0,0,4,0,0,0,0,0.25,0.6136,4.7323,3.6106,0,1,0,0,0,0,0,0,0,1,1,0,0,-1
25,14,4,0,3,0,0,0,3,0,0,0,0,0.48,0.24,3.5329,2.306,0,0,1,0,0,0,1,0,0,0,0,0,0,-1
34,14,7,0,4,0,0,0,3,0,0,0,0,0.4706,0.2647,4.0179,2.3527,0,0,1,1,0,0,1,0,0,0,0,0,0,-1
49,6,28,0,2,1,0,0,4,0,0,0,0,0.0,0.8367,4.1096,2.585,0,1,0,0,0,0,0,0,0,0,0,0,0,-1
54,16,26,0,1,1,0,0,6,0,0,0,0,0.0,0.8333,4.2848,3.2806,0,1,0,0,0,0,0,0,0,0,0,0,0,-1
25,11,7,0,3,0,0,0,3,0,0,0,0,0.48,0.24,3.7035,2.5949,0,0,1,0,0,0,1,0,0,0,0,0,0,-1
80,17,47,0,2,6,0,0,4,0,0,0,0,0.2875,0.55,4.7185,3.4992,0,1,0,0,0,0,0,0,0,1,1,0,0,-1
34,14,7,0,4,0,0,0,3,0,0,0,0,0.4706,0.2647,3.7634,2.4138,0,0,1,1,0,0,1,0,0,0,0,0,0,-1
32,11,9,0,1,0,0,0,4,0,0,0,0,0.0,0.8125,3.9139,2.6635,0,1,0,0,0,0,0,0,0,0,0,0,0,-1
30,13,5,0,3,0,0,0,3,0,0,0,0,0.5,0.2333,3.8981,2.6032,0,0,1,1,0,0,1,0,0,0,0,0,0,-1
43,14,17,0,1,0,0,0,4,0,0,0,0,0.0,0.8605,4.2398,3.5216,0,1,0,0,0,0,0,0,0,0,0,0,0,-1
24,5,5,0,2,0,0,0,3,0,0,0,0,0.0,0.75,3.6887,2.3219,0,1,0,0,0,0,0,0,0,0,0,0,0,-1
51,3,26,0,2,1,0,0,6,0,0,0,0,0.0,0.8039,4.3139,1.585,1,1,0,0,0,0,0,0,0,0,0,0,0,-1
34,13,14,0,5,2,0,0,3,0,0,0,0,0.3235,0.3529,4.1944,3.027,0,0,1,0,0,0,1,0,0,0,0,0,0,-1
26,12,7,0,3,0,1,0,3,0,0,0,0,0.5,0.1923,3.7672,2.8554,0,0,1,0,0,0,1,0,0,0,0,0,0,-1
41,8,21,0,1,1,0,0,4,0,0,0,0,0.0,0.8293,4.0644,3.0,0,1,0,0,0,0,0,0,0,0,0,0,0,-1
84,24,47,0,2,6,0,0,4,0,0,0,0,0.25,0.5952,4.8625,3.8035,0,1,0,0,0,0,0,0,0,1,1,0,0,-1
33,13,7,0,4,0,0,0,3,0,0,0,0,0.4545,0.2727,3.9683,2.8151,0,0,1,1,0,0,1,0,0,0,0,0,0,-1
25,5,9,0,1,0,0,0,3,0,0,0,0,0.0,0.8,3.9133,2.3219,0,1,0,0,0,0,0,0,0,0,0,0,0,-1
26,3,12,0,1,0,0,0,3,0,0,0,0,0.0385,0.7692,3.6903,1.585,0,1,0,0,0,0,1,0,0,0,0,0,0,-1
28,4,12,0,1,0,0,0,4,0,0,0,0,0.0,0.7857,3.7534,1.5,0,1,0,0,0,0,0,0,0,0,0,0,0,-1
59,5,37,0,2,4,0,0,3,0,0,0,0,0.322,0.5085,4.6244,2.3219,1,1,0,0,0,0,0,0,0,0,0,0,0,-1
27,7,8,0,1,0,0,0,3,0,0,0,0,0.0,0.8148,4.1064,2.1281,0,1,0,0,0,0,0,0,0,0,0,0,0,-1
26,6,8,0,1,0,0,0,3,0,0,0,0,0.0,0.8077,3.8441,2.2516,0,1,0,0,0,0,0,0,0,0,0,0,0,-1
112,6,94,0,2,3,2,0,10,0,0,0,0,0.1696,0.6696,4.6084,2.585,0,1,0,0,0,0,0,0,0,0,0,0,0,-1
39,14,13,0,1,0,0,0,4,0,0,0,0,0.0,0.8462,4.221,3.0391,0,1,0,0,0,0,0,0,0,0,0,0,0,-1
30,7,4,0,2,0,0,0,3,0,0,0,0,0.0333,0.7667,3.7899,2.1281,1,0,0,0,0,0,0,0,0,0,0,0,0,-1
27,7,8,0,1,0,0,0,3,0,0,0,0,0.0,0.8148,3.736,2.2359,0,1,0,0,0,0,0,0,0,0,0,0,0,-1
30,13,10,0,3,0,1,0,3,0,0,0,0,0.3333,0.4,4.3232,3.1808,0,0,1,0,0,0,1,0,0,0,0,0,0,-1
53,5,30,0,1,2,0,0,5,0,0,0,0,0.0943,0.7358,4.3792,2.3219,0,1,0,0,0,0,0,0,0,1,1,0,0,-1
43,17,14,0,1,0,0,0,4,0,0,0,0,0.0,0.8605,4.1467,3.6169,0,1,0,0,0,0,0,0,0,0,0,0,0,-1
28,8,8,0,1,0,0,0,3,0,0,0,0,0.0,0.8214,3.9233,2.1556,0,1,0,0,0,0,0,0,0,0,0,0,0,-1
31,12,0,6,1,0,0,0,2,1,0,0,1,0.0323,0.7742,4.1557,2.7925,0,1,0,0,0,0,0,0,0,0,0,0,0,-1
29,13,4,0,1,0,0,0,3,0,0,0,0,0.0,0.8276,3.8833,3.1808,0,1,0,0,0,0,0,0,0,0,0,0,0,-1
25,7,6,0,1,0,0,0,3,0,0,0,0,0.0,0.8,3.8333,2.5216,0,1,0,0,0,0,0,0,0,0,0,0,0,-1
36,13,16,0,3,0,0,0,4,0,0,0,0,0.3056,0.4722,4.4058,3.027,0,0,1,0,0,0,1,0,0,0,0,0,0,-1
25,7,6,0,1,0,0,0,3,0,0,0,0,0.0,0.8,3.8333,2.8074,0,1,0,0,0,0,0,0,0,0,0,0,0,-1
35,13,10,0,1,0,0,0,3,0,0,0,0,0.0,0.8571,4.0716,3.2389,0,1,0,0,0,0,0,0,0,0,0,0,0,-1
29,14,2,0,3,0,0,0,3,0,0,0,0,0.5517,0.1724,3.7883,2.8424,0,0,1,1,0,0,1,0,0,0,0,0,0,-1
85,23,47,0,2,4,0,0,4,0,0,0,0,0.2,0.6706,4.6873,3.3603,0,1,0,0,0,0,0,0,0,1,1,0,0,-1
89,20,1,42,2,4,0,0,3,1,0,0,1,0.2135,0.6517,4.9146,3.5219,1,1,0,0,0,0,0,0,0,0,0,0,0,-1
29,14,2,0,3,0,0,0,3,0,0,0,0,0.5517,0.1724,3.6764,2.6106,0,0,1,1,0,0,1,0,0,0,0,0,0,-1
48,10,7,16,2,0,0,0,3,1,0,0,1,0.0,0.8125,4.3533,3.1219,0,1,0,0,0,0,0,0,0,0,0,0,0,-1
22,2,8,0,1,0,0,0,3,0,0,0,0,0.0,0.7727,3.4817,1.0,0,1,0,0,0,0,0,0,0,0,0,0,0,-1
32,14,11,0,4,0,0,0,3,0,0,0,0,0.375,0.375,4.0778,2.5567,0,0,1,0,0,0,1,0,0,0,0,0,0,-1
28,7,8,0,1,0,0,0,3,0,0,0,0,0.0,0.8214,3.7534,2.2359,0,1,0,0,0,0,0,0,0,0,0,0,0,-1
31,6,0,12,1,0,0,0,2,1,0,0,1,0.0,0.8065,4.2603,2.2516,0,1,0,0,0,0,0,0,0,0,0,0,0,-1
33,8,13,0,1,0,0,0,4,0,0,0,0,0.0,0.8182,3.9077,2.75,0,1,0,0,0,0,0,0,0,0,0,0,0,-1
30,8,10,0,1,0,0,0,3,0,0,0,0,0.0,0.8333,3.8314,2.75,0,1,0,0,0,0,0,0,0,0,0,0,0,-1
29,14,2,0,3,0,0,0,3,0,0,0,0,0.5517,0.1724,3.6639,2.4956,0,0,1,1,0,0,1,0,0,0,0,0,0,-1
42,3,27,0,1,2,0,0,5,0,0,0,0,0.1429,0.6429,4.3657,0.9183,0,1,0,0,0,0,0,0,0,0,0,0,0,-1
28,8,8,0,1,0,0,0,3,0,0,0,0,0.0,0.8214,3.9233,2.5,0,1,0,0,0,0,0,0,0,0,0,0,0,-1
80,18,47,0,2,7,0,0,4,0,0,0,0,0.2375,0.5875,4.6593,3.5724,0,1,0,0,0,0,0,0,0,1,1,0,0,-1
34,14,7,0,4,0,0,0,3,0,0,0,0,0.4706,0.2647,4.0575,2.6456,0,0,1,1,0,0,1,0,0,0,0,0,0,-1
37,14,16,0,4,0,0,0,4,0,0,0,0,0.3243,0.4324,4.2497,2.6995,0,0,1,0,0,0,1,0,0,0,0,0,0,-1
34,14,7,0,4,0,0,0,3,0,0,0,0,0.4706,0.2647,3.962,2.6456,0,0,1,1,0,0,1,0,0,0,0,0,0,-1
45,15,23,0,4,0,0,0,4,0,0,0,0,0.2889,0.5111,4.3027,2.8729,0,0,1,0,0,0,1,0,0,0,0,0,0,-1
35,15,7,0,4,0,0,0,3,0,0,0,0,0.4857,0.2571,3.8757,2.6566,0,0,1,1,0,0,1,0,0,0,0,0,0,-1
65,11,37,0,2,4,0,0,3,0,0,0,0,0.4,0.4462,4.678,2.3685,1,1,0,0,0,0,0,0,0,0,0,0,0,-1
23,6,6,0,1,0,0,0,3,0,0,0,0,0.0,0.7826,3.7294,1.9183,0,1,0,0,0,0,0,0,0,0,0,0,0,-1
33,16,5,0,1,0,0,0,3,0,0,0,0,0.0,0.8485,4.1014,3.5778,0,1,0,0,0,0,0,0,0,0,0,0,0,-1
39,3,24,0,1,2,0,0,4,0,0,0,0,0.1026,0.6923,4.0234,1.585,0,1,0,0,0,0,0,0,0,0,0,0,0,-1
29,13,4,0,1,0,0,0,3,0,0,0,0,0.0,0.8276,3.8404,3.027,0,1,0,0,0,0,0,0,0,0,0,0,0,-1
25,8,5,0,1,0,0,0,3,0,0,0,0,0.0,0.8,3.8333,3.0,0,1,0,0,0,0,0,0,0,0,0,0,0,-1
28,13,2,0,3,0,0,0,3,0,0,0,0,0.5357,0.1786,3.7709,2.8731,0,0,1,1,0,0,1,0,0,0,0,0,0,-1
37,6,17,0,2,1,0,0,4,0,0,0,0,0.0,0.7838,3.905,1.9183,0,1,0,0,0,0,0,0,0,1,1,1,1,-1
82,13,1,42,2,5,0,0,3,1,0,0,1,0.2561,0.5854,4.8539,3.3927,1,1,0,0,0,0,0,0,0,0,0,0,0,-1
25,5,8,0,1,0,0,0,3,0,0,0,0,0.0,0.8,3.4031,2.3219,0,1,0,0,0,0,0,0,0,0,0,0,0,-1
52,7,33,0,1,3,0,0,5,0,0,0,0,0.0962,0.7115,4.3325,2.5216,0,1,0,0,0,0,0,0,0,0,0,0,0,-1
39,13,12,0,2,0,0,0,4,0,0,0,0,0.1026,0.7179,4.253,3.3927,0,1,0,0,0,0,0,0,0,0,0,0,0,-1
28,13,2,0,3,0,0,0,3,0,0,0,0,0.5357,0.1786,3.7979,2.6612,0,0,1,1,0,0,1,0,0,0,0,0,0,-1
54,18,24,0,1,0,0,0,5,0,0,0,0,0.0,0.8704,4.068,3.3502,0,1,0,0,0,0,0,0,0,0,0,0,0,-1
42,17,0,12,1,0,0,0,2,1,0,0,1,0.0,0.8571,4.386,3.6169,0,1,0,0,0,0,0,0,0,0,0,0,0,-1
31,14,10,0,4,0,0,0,3,0,0,0,0,0.3548,0.3871,4.0266,2.7534,0,0,1,0,0,0,1,0,0,0,0,0,0,-1
27,0,8,0,1,0,0,0,3,0,0,0,0,0.0,0.8148,3.8842,0.0,0,1,0,0,0,0,0,0,0,0,0,0,0,-1
32,14,6,0,3,0,0,0,4,0,0,0,0,0.5,0.2188,3.9528,2.8424,0,0,1,1,0,1,1,0,0,0,0,0,0,-1
27,12,2,0,3,0,0,0,3,0,0,0,0,0.5185,0.1852,3.8562,2.8554,0,0,1,1,0,0,1,0,0,0,0,0,0,-1
26,9,5,0,1,0,0,0,3,0,0,0,0,0.0,0.8077,4.1808,3.1699,0,1,0,0,0,0,0,0,0,0,0,0,0,-1
25,4,9,0,1,0,0,0,3,0,0,0,0,0.0,0.8,3.5933,0.8113,0,1,0,0,0,0,0,0,0,0,0,0,0,-1
22,6,5,0,1,0,0,0,3,0,0,0,0,0.0,0.7727,3.6069,1.9183,0,1,0,0,0,0,0,0,0,1,1,1,1,-1
31,10,9,0,1,0,0,0,3,0,0,0,0,0.0,0.8387,3.9134,2.9219,0,1,0,0,0,0,0,0,0,0,0,0,0,-1
72,15,37,0,2,4,0,0,3,0,0,0,0,0.2639,0.5972,4.5892,3.5069,1,1,0,0,0,0,0,0,0,0,0,0,0,-1
27,12,2,0,3,0,0,0,3,0,0,0,0,0.5185,0.1852,3.8101,2.8554,0,0,1,1,0,0,1,0,0,0,0,0,0,-1
28,13,8,0,4,0,0,0,3,0,0,0,0,0.3571,0.3571,3.9233,2.8731,0,0,1,0,0,0,1,0,0,0,0,0,0,-1
54,9,33,0,1,3,0,0,5,0,0,0,0,0.0926,0.7222,4.5422,3.1699,0,1,0,0,0,0,0,0,0,0,0,0,0,-1
25,13,5,0,3,0,0,0,3,0,0,0,0,0.44,0.28,3.8635,2.8731,0,0,1,0,0,0,1,0,0,0,0,0,0,-1
31,13,11,0,3,0,0,0,4,0,0,0,0,0.3226,0.4194,4.0023,2.7193,0,0,1,0,0,0,1,0,0,0,0,0,0,-1
42,3,27,0,1,2,0,0,5,0,0,0,0,0.1429,0.6429,4.318,1.585,0,1,0,0,0,0,0,0,0,0,0,0,0,-1
45,8,26,0,1,1,0,0,6,0,0,0,0,0.0,0.8,4.1831,3.0,0,1,0,0,0,0,0,0,0,0,0,0,0,-1
33,9,13,0,1,0,0,0,4,0,0,0,0,0.0,0.8182,3.9226,2.9477,0,1,0,0,0,0,0,0,0,0,0,0,0,-1
30,6,12,0,1,0,0,0,4,0,0,0,0,0.1,0.7,4.3069,2.2516,0,1,0,0,0,0,0,0,0,0,0,0,0,-1
28,14,7,0,3,0,0,0,3,0,0,0,0,0.4286,0.3214,3.9677,2.7534,0,0,1,0,0,0,1,0,0,0,0,0,0,-1
27,0,14,0,1,0,0,0,4,0,0,0,0,0.0,0.7778,3.634,0.0,0,1,0,0,0,0,0,0,0,0,0,0,0,-1
46,10,24,0,1,0,0,0,5,0,0,0,0,0.0,0.8478,3.9532,2.371,0,1,0,0,0,0,0,0,0,0,0,0,0,-1
34,13,9,0,1,0,0,0,3,0,0,0,0,0.0,0.8529,3.962,3.3927,0,1,0,0,0,0,0,0,0,0,0,0,0,-1
39,3,7,16,1,0,0,0,3,1,0,0,1,0.0,0.7949,4.2823,1.585,0,1,0,0,0,0,0,0,0,0,0,0,0,-1
44,9,11,0,2,0,0,0,4,0,0,0,0,0.2045,0.6364,4.2805,2.7255,1,0,0,0,0,0,0,0,0,0,0,0,0,-1
24,3,9,0,1,0,0,0,3,0,0,0,0,0.0,0.7917,3.7406,1.585,0,1,0,0,0,0,0,0,0,0,0,0,0,-1
31,3,7,8,1,0,0,0,3,1,0,0,1,0.0,0.7742,4.1715,1.585,0,1,0,0,0,0,0,0,0,0,0,0,0,-1
30,6,11,0,1,0,0,0,4,0,0,0,0,0.0,0.8,3.8817,2.585,0,1,0,0,0,0,0,0,0,0,0,0,0,-1
33,3,2,13,2,0,0,0,3,1,0,0,1,0.0,0.7273,4.1044,1.585,0,1,0,0,0,0,0,0,0,0,0,0,0,-1
20,3,6,0,1,0,0,0,3,0,0,0,0,0.0,0.75,3.5464,1.585,0,1,0,0,0,0,0,0,0,0,0,0,0,-1
86,14,48,0,3,4,0,0,4,0,0,0,0,0.2674,0.593,4.7605,3.182,1,1,0,0,0,0,0,0,0,0,0,0,0,-1
31,2,17,0,1,1,0,0,4,0,0,0,0,0.0,0.7742,3.889,1.0,0,1,0,0,0,0,0,0,0,0,0,0,0,-1
34,14,7,0,4,0,0,0,3,0,0,0,0,0.4706,0.2647,3.962,2.6456,0,0,1,1,0,0,1,0,0,0,0,0,0,-1
28,10,5,0,3,0,0,0,3,0,0,0,0,0.4286,0.2857,3.682,2.171,0,0,1,1,0,0,1,0,0,0,0,0,0,-1
35,12,16,0,4,0,0,0,3,0,0,0,0,0.3429,0.4286,4.3217,2.8554,0,0,1,0,0,0,1,0,0,0,0,0,0,-1
26,14,5,0,3,0,0,0,3,0,0,0,0,0.4231,0.3077,3.7962,2.7534,0,0,1,0,0,0,1,0,0,0,0,0,0,-1
29,14,2,0,3,0,0,0,3,0,0,0,0,0.5517,0.1724,3.5766,1.9212,0,0,1,1,0,0,1,0,0,0,0,0,0,-1
26,5,9,0,1,0,0,0,3,0,0,0,0,0.0,0.8077,3.7962,1.5219,0,1,0,0,0,0,0,0,0,0,0,0,0,-1
32,9,11,0,1,0,0,0,4,0,0,0,0,0.0,0.8125,4.0625,2.6416,0,1,0,0,0,0,0,0,0,0,0,0,0,-1
28,13,2,0,3,0,0,0,3,0,0,0,0,0.5357,0.1786,3.4992,2.5074,0,0,1,1,0,0,1,0,0,0,0,0,0,-1
33,13,13,0,4,0,0,0,4,0,0,0,0,0.303,0.4242,4.173,2.6612,0,0,1,0,0,0,1,0,0,0,0,0,0,-1
37,8,14,0,2,0,0,0,4,0,0,0,0,0.0,0.8108,3.9999,2.75,0,1,0,0,0,0,0,0,0,0,0,0,0,-1
26,10,5,0,1,0,0,0,3,0,0,0,0,0.0,0.8077,3.7672,2.9219,0,1,0,0,0,0,0,0,0,0,0,0,0,-1
73,8,1,42,2,4,0,0,3,1,0,0,1,0.274,0.5616,4.8729,2.5,1,1,0,0,0,0,0,0,0,0,0,0,0,-1
27,12,2,0,3,0,0,0,3,0,0,0,0,0.5185,0.1852,3.5744,2.1887,0,0,1,1,0,0,1,0,0,0,0,0,0,-1
33,13,7,0,4,0,0,0,3,0,0,0,0,0.4545,0.2727,3.9912,2.7193,0,0,1,1,0,0,1,0,0,0,0,0,0,-1
25,5,8,0,1,0,0,0,3,0,0,0,0,0.0,0.8,3.7835,1.9219,0,1,0,0,0,0,0,0,0,1,1,0,0,-1
28,9,0,6,1,0,0,0,2,1,0,0,1,0.0357,0.75,4.0391,2.9477,0,1,0,0,0,0,0,0,0,0,0,0,0,-1
32,9,11,0,2,0,0,0,3,0,0,0,0,0.0,0.8125,4.0153,3.1699,0,1,0,0,0,0,0,0,0,0,0,0,0,-1
28,9,6,0,1,0,0,0,3,0,0,0,0,0.0,0.8214,3.8693,2.9477,0,1,0,0,0,0,0,0,0,0,0,0,0,-1
28,13,2,0,3,0,0,0,3,0,0,0,0,0.5357,0.1786,3.7265,2.8151,0,0,1,1,0,0,1,0,0,0,0,0,0,-1
35,6,17,0,1,0,0,0,4,0,0,0,0,0.0,0.8286,4.1363,2.2516,0,1,0,0,0,0,0,0,0,0,0,0,0,-1
34,14,7,0,4,0,0,0,3,0,0,0,0,0.4706,0.2647,3.7814,2.217,0,0,1,1,0,0,1,0,0,0,0,0,0,-1
25,12,5,0,3,0,0,0,3,0,0,0,0,0.52,0.2,3.5933,2.6258,0,1,1,0,0,0,1,0,0,0,0,0,0,-1
27,9,6,0,1,0,0,0,3,0,0,0,0,0.0,0.8148,3.8282,2.4194,0,1,0,0,0,0,0,0,0,0,0,0,0,-1
28,11,10,0,4,0,0,0,3,0,0,0,0,0.2857,0.4286,4.209,3.0272,0,0,1,0,0,0,1,0,0,0,0,0,0,-1
34,9,13,0,1,0,0,0,4,0,0,0,0,0.0,0.8235,3.8666,2.1972,0,1,0,0,0,0,0,0,0,0,0,0,0,-1
36,10,14,0,1,0,0,0,4,0,0,0,0,0.0,0.8333,3.9931,3.1219,0,1,0,0,0,0,0,0,0,0,0,0,0,-1
24,4,8,0,1,0,0,0,3,0,0,0,0,0.0,0.7917,3.8554,1.0,0,1,0,0,0,0,0,0,0,0,0,0,0,-1
29,12,5,0,1,0,0,0,3,0,0,0,0,0.0,0.8276,4.1423,3.2516,0,1,0,0,0,0,0,0,0,0,0,0,0,-1
30,11,12,0,4,0,0,0,3,0,0,0,0,0.3,0.4333,4.1484,2.8454,0,0,1,0,0,0,1,0,0,0,0,0,0,-1
44,5,19,0,3,0,1,0,4,0,0,0,0,0.0455,0.75,4.4191,2.3219,2,0,0,0,0,0,0,0,0,0,0,0,0,-1
38,5,13,0,4,0,0,0,3,0,0,0,0,0.0789,0.7105,4.2211,2.3219,2,0,0,0,0,0,0,0,0,0,0,0,0,-1
27,12,2,0,3,0,0,0,3,0,0,0,0,0.5185,0.1852,3.7542,2.4591,0,0,1,1,0,0,1,0,0,0,0,0,0,-1
30,6,9,0,2,0,0,0,3,0,0,0,0,0.0,0.8,3.7396,1.9183,0,1,0,0,0,0,0,0,0,1,1,1,1,-1
32,6,14,0,1,0,0,0,4,0,0,0,0,0.125,0.6875,4.4139,2.2516,0,1,0,0,0,0,0,0,0,0,0,0,0,-1
38,20,7,0,1,0,0,0,3,0,0,0,0,0.0,0.8684,3.9483,3.3464,0,1,0,0,0,0,0,0,0,0,0,0,0,-1
29,14,2,0,3,0,0,0,3,0,0,0,0,0.5517,0.1724,3.7623,2.5027,0,0,1,1,0,0,1,0,0,0,0,0,0,-1
30,15,2,0,3,0,0,0,3,0,0,0,0,0.5667,0.1667,3.8566,2.7899,0,0,1,1,0,0,1,0,0,0,0,0,0,-1
24,3,9,0,1,0,0,0,3,0,0,0,0,0.0,0.7917,3.8554,1.585,0,1,0,0,0,0,0,0,0,0,0,0,0,-1
42,14,21,0,4,0,0,0,4,0,0,0,0,0.2619,0.5238,3.8739,2.5027,0,0,1,0,0,0,1,0,0,0,0,0,0,-1
39,22,5,0,1,0,0,0,3,0,0,0,0,0.0,0.8718,3.9334,3.4817,0,1,0,0,0,0,0,0,0,0,0,0,0,-1
26,11,2,0,3,0,0,0,3,0,0,0,0,0.5,0.1923,3.9501,2.6635,0,0,1,1,0,0,1,0,0,0,0,0,0,-1
29,14,2,0,3,0,0,0,3,0,0,0,0,0.5517,0.1724,3.7025,2.7534,0,0,1,1,0,0,1,0,0,0,0,0,0,-1
78,10,48,0,3,4,0,0,4,0,0,0,0,0.3205,0.5256,4.7316,2.9219,1,1,0,0,0,0,0,0,0,0,0,0,0,-1
27,7,8,0,1,0,0,0,3,0,0,0,0,0.0,0.8148,3.9121,2.2359,0,1,0,0,0,0,0,0,0,0,0,0,0,-1
44,5,27,0,1,2,0,0,5,0,0,0,0,0.1364,0.6591,4.3148,2.3219,0,1,0,0,0,0,0,0,0,0,0,0,0,-1
46,12,18,0,2,0,0,0,4,0,0,0,0,0.087,0.7391,4.3524,3.2516,0,0,0,1,0,0,0,0,0,0,0,0,0,-1
30,13,5,0,1,0,0,0,3,0,0,0,0,0.0,0.8333,4.1899,3.5466,0,1,0,0,0,0,0,0,0,0,0,0,0,-1
27,12,2,0,3,0,0,0,3,0,0,0,0,0.5185,0.1852,3.7821,2.8554,0,0,1,1,0,0,1,0,0,0,0,0,0,-1
34,10,13,0,2,2,0,0,3,0,0,0,0,0.0882,0.6765,4.1607,2.8464,0,0,0,0,0,0,0,0,1,0,0,0,0,-1
37,0,24,0,1,2,0,0,4,0,0,0,0,0.1081,0.6757,4.0104,0.0,0,1,0,0,0,0,0,0,0,0,0,0,0,-1
30,4,14,0,1,0,0,0,4,0,0,0,0,0.0,0.8,4.0151,1.5,0,1,0,0,0,0,0,0,0,0,0,0,0,-1
26,5,9,0,1,0,0,0,3,0,0,0,0,0.0,0.8077,3.7381,2.3219,0,1,0,0,0,0,0,0,0,0,0,0,0,-1
35,15,7,0,4,0,0,0,3,0,0,0,0,0.4857,0.2571,4.0332,2.5493,0,0,1,1,0,0,1,0,0,0,0,0,0,-1
23,4,7,0,1,0,0,0,3,0,0,0,0,0.0,0.7826,3.6425,2.0,0,1,0,0,0,0,0,0,0,0,0,0,0,-1
27,12,2,0,3,0,0,0,3,0,0,0,0,0.5185,0.1852,3.7542,2.6258,0,0,1,1,0,0,1,0,0,0,0,0,0,-1
33,13,7,0,4,0,0,0,3,0,0,0,0,0.4545,0.2727,3.9683,2.6032,0,0,1,1,0,0,1,0,0,0,0,0,0,-1
47,11,24,0,1,3,0,0,4,0,0,0,0,0.0851,0.7234,4.1857,2.8454,0,1,0,0,0,0,0,0,0,1,1,0,0,-1
29,13,5,0,1,0,0,0,3,0,0,0,0,0.0,0.8276,3.8109,2.8151,0,1,0,0,0,0,0,0,0,0,0,0,0,-1
24,7,5,0,1,0,0,0,3,0,0,0,0,0.0,0.7917,3.7202,2.8074,0,1,0,0,0,0,0,0,0,0,0,0,0,-1
29,14,2,0,3,0,0,0,3,0,0,0,0,0.5517,0.1724,3.5949,2.5567,0,0,1,1,0,0,1,0,0,0,0,0,0,-1
65,8,37,0,2,4,0,0,3,0,0,0,0,0.2923,0.5538,4.5471,2.75,1,1,0,0,0,0,1,0,0,0,0,0,0,-1
52,7,30,0,2,2,0,0,5,0,0,0,0,0.0962,0.7115,4.4651,2.5216,0,1,0,0,0,0,0,0,0,0,0,0,0,-1
21,0,8,0,1,0,0,0,3,0,0,0,0,0.0,0.7619,3.5585,0.0,0,1,0,0,0,0,0,0,0,1,1,0,0,-1
25,13,5,0,3,0,0,0,3,0,0,0,0,0.48,0.24,3.8635,2.8731,0,0,1,0,0,0,1,0,0,0,0,0,0,-1
33,13,7,0,4,0,0,0,3,0,0,0,0,0.4545,0.2727,3.8471,2.6032,0,0,1,1,0,0,1,0,0,0,0,0,0,-1
82,2,15,0,4,7,0,0,3,0,0,0,0,0.2805,0.5366,4.6434,1.0,2,1,0,0,0,0,0,0,0,0,0,0,0,-1
38,4,22,0,1,1,0,0,5,0,0,0,0,0.1579,0.6316,4.2158,2.0,0,1,0,0,0,0,0,0,0,0,0,0,0,-1
31,11,7,0,4,0,0,0,3,0,0,0,0,0.4194,0.2903,3.9779,2.6635,0,0,1,1,0,0,1,0,0,0,0,0,0,-1
19,0,5,0,1,0,0,0,3,0,0,0,0,0.0,0.7368,3.6421,0.0,0,1,0,0,0,0,0,0,0,0,0,0,0,-1
27,12,2,0,3,0,0,0,3,0,0,0,0,0.5185,0.1852,3.8562,2.8554,0,0,1,1,0,0,1,0,0,0,0,0,0,-1
24,13,4,0,3,0,0,0,3,0,0,0,0,0.4583,0.25,3.7721,2.8731,0,0,1,0,0,0,1,0,0,0,0,0,0,-1
87,6,69,0,2,2,0,0,9,0,0,0,0,0.023,0.8161,4.5354,2.585,0,1,0,0,0,0,0,0,0,1,1,0,0,-1
26,11,2,0,3,0,0,0,3,0,0,0,0,0.5,0.1923,3.6612,2.4817,0,0,1,1,0,0,1,0,0,0,0,0,0,-1
30,8,11,0,1,0,0,0,4,0,0,0,0,0.0,0.8,3.7614,2.75,0,1,0,0,0,0,0,0,0,0,0,0,0,-1
37,14,11,0,3,0,1,0,3,0,0,0,0,0.4324,0.3243,4.317,2.6456,0,0,1,1,0,0,1,0,0,0,0,0,0,-1
26,14,5,0,3,0,0,0,3,0,0,0,0,0.4615,0.2692,3.7962,2.7534,0,0,1,0,0,0,1,0,0,0,0,0,0,-1
37,13,16,0,3,0,2,0,4,0,0,0,0,0.3784,0.3514,4.0441,2.6612,0,1,1,0,0,0,1,0,0,0,0,0,0,-1
33,13,7,0,4,0,0,0,3,0,0,0,0,0.4545,0.2727,4.0896,2.8151,0,0,1,1,0,0,1,0,0,0,0,0,0,-1
25,13,5,0,3,0,0,0,3,0,0,0,0,0.48,0.24,3.8333,2.8151,0,0,1,0,0,0,1,0,0,0,0,0,0,-1
30,15,2,0,3,0,0,0,3,0,0,0,0,0.5667,0.1667,3.5396,2.4226,0,0,1,1,0,0,1,0,0,0,0,0,0,-1
33,13,8,0,1,0,0,0,3,0,0,0,0,0.0,0.8485,3.8243,3.0851,0,1,0,0,0,0,0,0,0,0,0,0,0,-1
25,13,5,0,3,0,0,0,3,0,0,0,0,0.4,0.32,3.9435,2.8731,0,0,1,0,0,0,1,0,0,0,0,0,0,-1
29,14,2,0,3,0,0,0,3,0,0,0,0,0.5517,0.1724,3.578,2.4138,0,0,1,1,0,0,1,0,0,0,0,0,0,-1
25,14,4,0,3,0,0,0,3,0,0,0,0,0.44,0.28,3.5329,2.306,0,0,1,0,0,0,1,0,0,0,0,0,0,-1
25,6,8,0,1,0,0,0,3,0,0,0,0,0.0,0.8,3.8635,2.2516,0,1,0,0,0,0,0,0,0,0,0,0,0,-1
39,7,20,0,1,0,0,0,5,0,0,0,0,0.0,0.8205,4.2117,2.8074,0,1,0,0,0,0,0,0,0,1,1,0,0,-1
25,13,5,0,3,0,0,0,3,0,0,0,0,0.4,0.32,3.9435,2.8731,0,0,1,0,0,0,1,0,0,0,0,0,0,-1
48,12,7,16,1,0,0,0,3,1,0,0,1,0.0,0.8125,4.423,3.2516,0,1,0,0,0,0,0,0,0,0,0,0,0,-1
23,6,5,0,1,0,0,0,3,0,0,0,0,0.0,0.7826,3.7951,1.9183,0,1,0,0,0,0,0,0,0,0,0,0,0,-1
29,13,9,0,3,0,0,0,4,0,0,0,0,0.3448,0.3793,4.2113,3.027,0,0,1,0,0,0,1,0,0,0,0,0,0,-1
32,12,8,0,4,0,0,0,3,0,0,0,0,0.4062,0.3125,3.8431,2.5221,0,0,1,1,0,0,1,0,0,0,0,0,0,-1
29,14,2,0,3,0,0,0,3,0,0,0,0,0.5517,0.1724,3.7883,2.8963,0,0,1,1,0,0,1,0,0,0,0,0,0,-1
29,13,9,0,4,0,0,0,3,0,0,0,0,0.3793,0.3448,3.9094,2.5074,0,0,1,0,0,0,1,0,0,0,0,0,0,-1
33,9,14,0,2,0,0,0,4,0,0,0,0,0.0303,0.7576,4.0667,3.1699,0,0,0,0,0,0,1,0,0,0,0,0,0,-1
57,19,27,0,1,2,0,0,5,0,0,0,0,0.1053,0.7368,4.4804,3.3006,0,1,0,0,0,0,0,0,0,0,0,0,0,-1
30,6,12,0,1,0,0,0,4,0,0,0,0,0.0,0.8,3.8566,2.585,0,1,0,0,0,0,0,0,0,0,0,0,0,-1
68,8,37,0,2,4,0,0,3,0,0,0,0,0.3235,0.5294,4.8024,2.75,1,1,0,0,0,0,0,0,0,0,0,0,0,-1
66,19,34,0,1,1,0,0,5,0,0,0,0,0.0,0.8788,4.1268,3.1814,0,1,0,0,0,0,0,0,0,0,0,0,0,-1
30,11,8,0,1,0,0,0,3,0,0,0,0,0.0,0.8333,3.8729,2.8454,0,1,0,0,0,0,0,0,0,0,0,0,0,-1
22,4,6,0,1,0,0,0,3,0,0,0,0,0.0,0.7727,3.6292,0.8113,0,1,0,0,0,0,0,0,0,0,0,0,0,-1
66,10,37,0,2,4,0,0,3,0,0,0,0,0.3788,0.4697,4.5331,2.5219,1,1,0,0,0,0,0,0,0,0,0,0,0,-1
32,5,6,0,3,0,0,0,3,0,0,0,0,0.0625,0.7188,4.0306,2.3219,1,0,0,0,0,0,0,0,0,0,0,0,0,-1
26,3,8,0,2,0,0,0,3,0,0,0,0,0.0,0.7692,3.7193,1.585,0,1,0,0,0,0,0,0,0,0,0,0,0,-1
27,12,2,0,3,0,0,0,3,0,0,0,0,0.5185,0.1852,3.708,2.8554,0,0,1,1,0,0,1,0,0,0,0,0,0,-1
43,14,22,0,4,0,0,0,4,0,0,0,0,0.2791,0.5116,4.1933,2.7885,0,0,1,0,0,0,1,0,0,0,0,0,0,-1
34,4,7,8,2,0,0,0,3,1,0,0,1,0.0,0.7647,4.1163,2.0,0,1,0,0,0,0,0,0,0,0,0,0,0,-1
69,7,6,0,3,3,0,0,3,0,0,0,0,0.1159,0.7391,4.7797,2.5216,2,1,0,0,0,0,0,0,0,0,0,0,0,-1
68,13,48,0,4,1,1,0,5,0,0,0,0,0.4265,0.3971,4.3589,2.5654,0,0,1,0,0,0,1,0,0,0,0,0,0,-1
33,13,7,0,4,0,0,0,3,0,0,0,0,0.4545,0.2727,4.0518,2.8151,0,0,1,1,0,0,1,0,0,0,0,0,0,-1
24,13,4,0,3,0,0,0,3,0,0,0,0,0.4167,0.2917,3.8554,2.8731,0,0,1,0,0,0,1,0,0,0,0,0,0,-1
41,13,21,0,4,0,0,0,4,0,0,0,0,0.2439,0.5366,4.2779,2.8731,0,0,1,0,0,0,1,0,0,0,0,0,0,-1
30,3,7,8,1,0,0,0,3,1,0,0,1,0.0,0.7667,4.1396,1.585,0,1,0,0,0,0,0,0,0,0,0,0,0,-1
28,8,9,0,1,0,0,0,3,0,0,0,0,0.0,0.8214,4.0122,2.75,0,1,0,0,0,0,0,0,0,0,0,0,0,-1
28,13,8,0,4,0,0,0,3,0,0,0,0,0.3571,0.3571,3.9233,2.7193,0,0,1,0,0,0,1,0,0,0,0,0,0,-1
44,8,24,0,1,0,0,0,5,0,0,0,0,0.0,0.8409,4.0926,2.75,0,1,0,0,0,0,0,0,0,0,0,0,0,-1
25,7,6,0,1,0,0,0,3,0,0,0,0,0.0,0.8,3.8333,2.5216,0,1,0,0,0,0,0,0,0,0,0,0,0,-1
32,13,12,0,3,0,0,0,4,0,0,0,0,0.3438,0.4062,4.1167,2.6612,0,0,1,0,0,0,1,0,0,0,0,0,0,-1
27,13,7,0,3,0,0,0,3,0,0,0,0,0.3704,0.3704,3.9582,2.7193,0,0,1,0,0,0,1,0,0,0,0,0,0,-1
24,5,0,6,1,0,0,0,2,1,0,0,1,0.125,0.625,4.1683,2.3219,0,1,0,0,0,0,1,0,0,0,0,0,0,-1
31,3,13,0,2,0,0,0,4,0,0,0,0,0.0,0.7742,4.0911,0.0,0,1,0,0,0,0,0,0,0,0,0,0,0,-1
48,10,26,0,1,1,0,0,6,0,0,0,0,0.0,0.8125,4.2645,2.6464,0,1,0,0,0,0,0,0,0,0,0,0,0,-1
30,11,7,0,1,0,0,0,3,0,0,0,0,0.0,0.8333,3.9647,3.0958,0,1,0,0,0,0,0,0,0,0,0,0,0,-1
32,6,14,0,1,0,0,0,4,0,0,0,0,0.0625,0.75,4.0542,2.585,0,1,0,0,0,0,1,0,0,0,0,0,0,-1
31,2,11,0,3,0,0,0,3,0,0,0,0,0.129,0.6452,4.1313,1.0,2,0,0,0,0,0,1,0,0,0,0,0,0,-1
27,12,2,0,3,0,0,0,3,0,0,0,0,0.5185,0.1852,3.7542,2.8554,0,0,1,1,0,0,1,0,0,0,0,0,0,-1
29,14,7,0,4,0,0,0,3,0,0,0,0,0.3793,0.3448,3.8404,2.6995,0,1,1,0,0,0,1,0,0,0,0,0,0,-1
59,11,36,0,2,3,0,0,6,0,0,0,0,0.0169,0.7797,4.302,2.8454,0,1,0,0,0,0,0,0,0,0,0,0,0,-1
31,6,13,0,1,0,0,0,4,0,0,0,0,0.0,0.8065,4.051,2.2516,0,1,0,0,0,0,0,0,0,0,0,0,0,-1
68,14,37,0,2,4,0,0,3,0,0,0,0,0.3382,0.5147,4.8039,3.2359,1,1,0,0,0,0,0,0,0,0,0,0,0,-1
29,13,9,0,3,0,1,0,3,0,0,0,0,0.4138,0.3103,4.2542,3.1808,0,0,1,0,0,0,1,0,0,0,0,0,0,-1
35,9,14,0,1,0,0,0,3,0,0,0,0,0.0,0.8571,3.843,2.7255,0,1,0,0,0,0,0,0,0,0,0,0,0,-1
29,14,2,0,3,0,0,0,3,0,0,0,0,0.5517,0.1724,3.8573,2.8424,0,0,1,1,0,0,1,0,0,0,0,0,0,-1
36,10,14,0,1,0,0,0,4,0,0,0,0,0.0,0.8333,4.1416,3.1219,0,1,0,0,0,0,0,0,0,0,0,0,0,-1
45,13,20,0,2,0,0,0,5,0,0,0,0,0.0222,0.8,4.17,3.2389,0,1,0,0,0,0,0,0,0,1,1,0,0,-1
30,5,11,0,2,0,0,0,4,0,0,0,0,0.0,0.7667,3.8532,2.3219,0,1,0,0,0,0,0,0,0,0,0,0,0,-1
43,11,20,0,3,1,0,0,5,0,0,0,0,0.0698,0.6977,4.1909,3.2776,0,1,0,0,0,0,0,0,0,0,0,0,0,-1
46,13,21,0,1,1,0,0,4,0,0,0,0,0.0,0.8478,4.1456,3.027,0,1,0,0,0,0,0,0,0,0,0,0,0,-1
47,14,21,0,1,1,0,0,4,0,0,0,0,0.0,0.8511,4.0414,3.182,0,1,0,0,0,0,0,0,0,0,0,0,0,-1
35,13,15,0,4,0,0,0,4,0,0,0,0,0.3143,0.4286,4.1147,2.6612,0,0,1,0,0,0,1,0,0,0,0,0,0,-1
31,14,10,0,4,0,0,0,3,0,0,0,0,0.3548,0.3871,3.8489,2.5567,0,0,1,0,0,0,1,0,0,0,0,0,0,-1
38,6,20,0,1,0,0,0,5,0,0,0,0,0.0,0.8158,4.0208,2.2516,0,1,0,0,0,0,0,0,0,1,1,0,0,-1
27,12,2,0,3,0,0,0,3,0,0,0,0,0.5185,0.1852,3.7821,2.6887,0,0,1,1,0,0,1,0,0,0,0,0,0,-1
42,13,22,0,4,0,0,0,4,0,0,0,0,0.2381,0.5476,4.1479,2.6612,0,0,1,0,0,0,1,0,0,0,0,0,0,-1
24,5,7,0,1,0,0,0,3,0,0,0,0,0.0,0.7917,3.6887,2.3219,0,1,0,0,0,0,0,0,0,1,1,0,0,-1
39,6,0,21,1,0,0,0,2,2,1,0,1,0.0,0.7949,4.3362,2.585,0,1,0,0,0,0,0,0,0,0,0,0,0,-1
24,7,5,0,1,0,0,0,3,0,0,0,0,0.0,0.7917,3.7406,2.5216,0,1,0,0,0,0,0,0,0,0,0,0,0,-1
39,5,22,0,1,0,1,0,4,0,0,0,0,0.0,0.8205,4.343,2.3219,0,1,0,0,0,0,0,0,0,0,0,0,0,-1
35,14,9,0,1,0,0,0,4,0,0,0,0,0.0,0.8286,3.9573,3.2359,0,1,0,0,0,0,0,0,0,0,0,0,0,-1
116,7,44,48,3,0,1,0,6,3,2,0,1,0.1293,0.7241,5.1322,2.5216,1,1,0,0,0,0,0,0,0,0,0,1,0,-1
38,14,17,0,4,0,0,0,4,0,0,0,0,0.3421,0.4211,4.2608,2.6995,0,0,1,0,0,0,1,0,0,0,0,0,0,-1
80,11,48,0,3,4,0,0,4,0,0,0,0,0.2625,0.5875,4.7452,3.2776,1,1,0,0,0,0,0,0,0,0,0,0,0,-1
26,9,5,0,1,0,0,0,3,0,0,0,0,0.0,0.8077,3.7483,2.7255,0,1,0,0,0,0,0,0,0,0,0,0,0,-1
29,13,9,0,4,0,0,0,3,0,0,0,0,0.4138,0.3103,4.0473,2.9689,0,0,1,0,0,0,1,0,0,0,0,0,0,-1
44,8,24,0,1,0,0,0,5,0,0,0,0,0.0,0.8409,4.0621,2.75,0,1,0,0,0,0,0,0,0,0,0,0,0,-1
221,14,200,0,4,0,0,0,3,0,0,0,0,0.371,0.5928,4.5343,2.8963,0,0,1,0,0,0,1,0,0,0,0,0,0,-1
41,12,17,0,1,1,0,0,4,0,0,0,0,0.0,0.8293,3.8948,3.085,0,1,0,0,0,0,0,0,0,0,0,0,0,-1
29,9,8,0,1,0,0,0,3,0,0,0,0,0.0,0.8276,4.0213,2.7255,0,1,0,0,0,0,0,0,0,0,0,0,0,-1
44,6,7,16,2,0,0,0,3,1,0,0,1,0.0,0.7955,4.1724,1.9183,0,1,0,0,0,0,0,0,0,1,1,1,1,-1
25,3,11,0,1,0,0,0,4,0,0,0,0,0.0,0.76,3.6995,1.585,0,1,0,0,0,0,0,0,0,0,0,0,0,-1
34,3,20,0,1,0,0,0,4,0,0,0,0,0.0,0.8235,4.0209,1.585,0,1,0,0,0,0,0,0,0,0,0,0,0,-1
35,15,7,0,4,0,0,0,3,0,0,0,0,0.4857,0.2571,3.9217,2.6826,0,0,1,1,0,0,1,0,0,0,0,0,0,-1
48,6,1,10,2,2,0,0,3,1,0,0,1,0.0208,0.7708,4.4967,2.2516,1,1,0,0,0,0,0,0,0,0,0,0,0,-1
24,7,5,0,1,0,0,0,3,0,0,0,0,0.0,0.7917,3.6258,2.8074,0,1,0,0,0,0,0,0,0,0,0,0,0,-1
30,14,8,0,4,0,0,0,3,0,0,0,0,0.3667,0.3667,3.9899,2.8424,0,1,1,0,0,0,1,0,0,0,0,0,0,-1
26,6,8,0,1,0,0,0,3,0,0,0,0,0.0,0.8077,3.921,2.585,0,1,0,0,0,0,0,0,0,0,0,0,0,-1
66,9,37,0,2,4,0,0,3,0,0,0,0,0.3333,0.5152,4.7999,2.9477,1,1,0,0,0,0,0,0,0,0,0,0,0,-1
31,8,12,0,1,0,0,0,4,0,0,0,0,0.0968,0.7097,4.2847,2.75,0,1,0,0,0,0,0,0,0,0,0,0,0,-1
28,13,8,0,3,0,0,0,3,0,0,0,0,0.4286,0.3214,3.9408,2.8731,0,0,1,0,0,0,1,0,0,0,0,0,0,-1
25,11,7,0,3,0,0,0,3,0,0,0,0,0.52,0.2,3.7231,2.5949,0,0,1,0,0,0,1,0,0,0,0,0,0,-1
32,12,7,0,4,0,0,0,3,0,0,0,0,0.4375,0.2812,3.9528,2.6887,0,0,1,1,0,0,1,0,0,0,0,0,0,-1
52,7,23,0,3,0,0,0,4,0,0,0,0,0.0,0.8462,4.2034,2.5216,1,0,0,0,0,0,0,0,0,0,0,0,0,-1
27,7,8,0,1,0,0,0,3,0,0,0,0,0.0,0.8148,3.8562,2.5216,0,1,0,0,0,0,0,0,0,0,0,0,0,-1
26,10,5,0,3,0,0,0,3,0,0,0,0,0.3846,0.3077,3.6903,2.4464,0,0,1,1,0,0,1,0,0,0,0,0,0,-1
24,13,4,0,3,0,0,0,3,0,0,0,0,0.4167,0.2917,3.7406,2.6612,0,0,1,0,0,0,1,0,0,0,0,0,0,-1
28,13,2,0,3,0,0,0,3,0,0,0,0,0.5357,0.1786,3.7979,2.8731,0,0,1,1,0,0,1,0,0,0,0,0,0,-1
25,13,5,0,3,0,0,0,3,0,0,0,0,0.44,0.28,3.7533,2.6612,0,0,1,0,0,0,1,0,0,0,0,0,0,-1
32,12,7,0,4,0,0,0,3,0,0,0,0,0.4375,0.2812,3.9139,2.6258,0,0,1,1,0,0,1,0,0,0,0,0,0,-1
40,7,21,0,1,1,0,0,4,0,0,0,0,0.0,0.825,3.9317,2.1281,0,1,0,0,0,0,0,0,0,0,0,0,0,-1
28,3,14,0,1,0,0,0,3,0,0,0,0,0.0,0.8214,3.9233,1.585,0,1,0,0,0,0,0,0,0,0,0,0,0,-1
80,11,1,42,2,5,0,0,3,1,0,0,1,0.3,0.5375,4.8631,3.4594,1,1,0,0,0,0,0,0,0,0,0,0,0,-1
29,12,5,0,1,0,0,0,3,0,0,0,0,0.0,0.8276,3.8833,3.4183,0,1,0,0,0,0,0,0,0,0,0,0,0,-1
29,4,14,0,1,0,0,0,4,0,0,0,0,0.0,0.7931,3.7975,2.0,0,1,0,0,0,0,0,0,0,0,0,0,0,-1
37,11,14,0,1,0,0,0,4,0,0,0,0,0.1351,0.7027,4.5404,2.914,0,1,0,0,0,0,0,0,0,0,0,0,0,-1
26,10,4,0,1,0,0,0,3,0,0,0,0,0.0,0.8077,3.921,3.3219,0,1,0,0,0,0,0,0,0,0,0,0,0,-1
28,7,0,6,2,0,0,0,2,1,0,0,1,0.0357,0.7143,4.1375,2.2359,0,1,0,0,0,0,0,0,0,0,0,0,0,-1
44,14,23,0,4,0,0,0,4,0,0,0,0,0.2727,0.5227,4.1695,2.5567,0,0,1,0,0,0,1,0,0,0,0,0,0,-1
44,10,22,0,1,0,1,0,4,0,0,0,0,0.0,0.8409,4.0643,2.171,0,1,0,0,0,0,0,0,0,0,0,0,0,-1
28,13,2,0,3,0,0,0,3,0,0,0,0,0.5357,0.1786,3.7709,2.6612,0,0,1,1,0,0,1,0,0,0,0,0,0,-1
29,14,2,0,3,0,0,0,3,0,0,0,0,0.5517,0.1724,3.647,2.182,0,0,1,1,0,0,1,0,0,0,0,0,0,-1
32,10,10,0,1,0,0,0,3,0,0,0,0,0.0,0.8438,4.0153,3.1219,0,1,0,0,0,0,0,0,0,0,0,0,0,-1
93,31,47,0,2,7,0,0,4,0,0,0,0,0.2688,0.5806,4.7462,3.8615,0,1,0,0,0,0,0,0,0,1,1,0,0,-1
25,7,6,0,1,0,0,0,3,0,0,0,0,0.04,0.76,3.9435,2.8074,0,1,0,0,0,0,1,0,0,0,0,0,0,-1
44,10,0,21,1,0,0,0,2,2,1,0,1,0.0,0.8182,4.229,2.9219,0,1,0,0,0,0,0,0,0,0,0,0,0,-1
26,3,11,0,1,0,0,0,4,0,0,0,0,0.0,0.7692,3.8543,1.585,0,1,0,0,0,0,0,0,0,0,0,0,0,-1
32,12,7,0,4,0,0,0,3,0,0,0,0,0.4375,0.2812,3.9292,2.4591,0,0,1,1,0,0,1,0,0,0,0,0,0,-1
16,4,0,0,1,0,0,0,2,0,0,0,0,0.0,0.75,3.5,2.0,0,1,0,0,0,0,0,0,0,0,0,0,0,-1
33,8,14,0,1,0,0,0,3,0,0,0,0,0.0,0.8485,3.9802,3.0,0,1,0,0,0,0,0,0,0,0,0,0,0,-1
31,10,0,6,2,0,0,0,2,1,0,0,1,0.0323,0.7419,4.1557,2.9219,0,1,0,0,0,0,0,0,0,0,0,0,0,-1
24,3,9,0,1,0,0,0,3,0,0,0,0,0.0,0.7917,3.6054,1.585,0,1,0,0,0,0,0,0,0,0,0,0,0,-1
23,3,5,0,2,0,0,0,3,0,0,0,0,0.0,0.7391,3.7951,1.585,1,1,0,0,0,0,0,0,0,0,0,0,0,-1
40,14,14,0,1,0,0,0,4,0,0,0,0,0.125,0.725,4.5342,3.3788,0,1,0,0,0,0,0,0,0,0,0,0,0,-1
32,5,15,0,1,0,0,0,4,0,0,0,0,0.0938,0.7188,4.3514,2.3219,0,1,0,0,0,0,1,0,0,0,0,0,0,-1
28,13,2,0,3,0,0,0,3,0,0,0,0,0.5357,0.1786,3.8249,3.027,0,0,1,1,0,0,1,0,0,0,0,0,0,-1
48,3,33,0,1,3,0,0,5,0,0,0,0,0.1042,0.6875,4.3853,1.585,0,1,0,0,0,0,0,0,0,0,0,0,0,-1
25,13,5,0,3,0,0,0,3,0,0,0,0,0.4,0.32,3.9435,2.8731,0,0,1,0,0,0,1,0,0,0,0,0,0,-1
28,13,2,0,3,0,0,0,3,0,0,0,0,0.5357,0.1786,3.7709,2.6612,0,0,1,1,0,0,1,0,0,0,0,0,0,-1
33,13,7,0,4,0,0,0,3,0,0,0,0,0.4545,0.2727,4.0667,2.7193,0,0,1,1,0,0,1,0,0,0,0,0,0,-1
38,13,18,0,4,0,1,0,4,0,0,0,0,0.3684,0.3684,4.4187,3.027,0,0,1,0,0,0,1,0,0,0,0,0,0,-1
36,20,5,0,1,0,0,0,3,0,0,0,0,0.0,0.8611,3.8956,3.2037,0,1,0,0,0,0,0,0,0,0,0,0,0,-1
33,13,7,0,4,0,0,0,3,0,0,0,0,0.4545,0.2727,3.87,2.6032,0,0,1,1,0,0,1,0,0,0,0,0,0,-1
35,7,7,8,1,0,0,0,3,1,0,0,1,0.0,0.8,4.2786,2.8074,0,1,0,0,0,0,0,0,0,0,0,0,0,-1
83,20,47,0,2,5,0,0,4,0,0,0,0,0.2169,0.6386,4.7334,3.6464,0,1,0,0,0,0,0,0,0,1,1,0,0,-1
29,14,2,0,3,0,0,0,3,0,0,0,0,0.5517,0.1724,3.7194,2.6456,0,0,1,1,0,0,1,0,0,0,0,0,0,-1
37,4,20,0,2,0,0,0,5,0,0,0,0,0.027,0.7568,4.0883,2.0,0,1,0,0,0,0,0,0,0,1,1,0,0,-1
27,0,14,0,1,0,0,0,4,0,0,0,0,0.0,0.7778,3.8842,0.0,0,1,0,0,0,0,0,0,0,0,0,0,0,-1
37,13,12,0,4,0,1,0,3,0,0,0,0,0.4054,0.3243,4.0237,2.7193,0,0,1,1,0,0,1,0,0,0,0,0,0,-1
29,13,9,0,4,0,0,0,3,0,0,0,0,0.3448,0.3793,4.0044,2.7193,0,0,1,0,0,0,1,0,0,0,0,0,0,-1
24,13,4,0,3,0,0,0,3,0,0,0,0,0.4167,0.2917,3.8554,2.8731,0,0,1,0,0,0,1,0,0,0,0,0,0,-1
26,6,8,0,1,0,0,0,3,0,0,0,0,0.0,0.8077,3.8441,2.585,0,1,0,0,0,0,0,0,0,0,0,0,0,-1
27,3,12,0,1,0,0,0,4,0,0,0,0,0.0,0.7778,3.9121,1.585,0,1,0,0,0,0,0,0,0,0,0,0,0,-1
28,13,2,0,3,0,0,0,3,0,0,0,0,0.5357,0.1786,3.6245,2.3535,0,0,1,1,0,0,1,0,0,0,0,0,0,-1
27,6,9,0,1,1,0,0,3,0,0,0,0,0.0,0.7778,3.838,2.585,0,1,0,0,0,0,0,0,0,0,0,0,0,-1
69,6,36,14,2,1,1,0,8,1,0,0,1,0.0,0.7826,4.525,2.585,0,1,0,0,0,0,0,0,0,0,0,0,0,-1
28,14,7,0,3,0,0,0,3,0,0,0,0,0.4286,0.3214,4.0122,2.8424,0,0,1,0,0,0,1,0,0,0,0,0,0,-1
45,20,0,12,1,0,0,0,2,1,0,0,1,0.0,0.8667,4.1159,3.3464,0,1,0,0,0,0,0,0,0,0,0,0,0,-1
28,13,2,0,3,0,0,0,3,0,0,0,0,0.5357,0.1786,3.6995,2.3535,0,0,1,1,0,0,1,0,0,0,0,0,0,-1
46,7,7,16,2,0,0,0,3,1,0,0,1,0.0,0.8043,4.2654,2.5216,0,1,0,0,0,0,0,0,0,0,0,0,0,-1
32,7,13,0,1,0,0,0,4,0,0,0,0,0.0,0.8125,4.0778,2.8074,0,1,0,0,0,0,0,0,0,0,0,0,0,-1
86,24,47,0,2,6,0,0,4,0,0,0,0,0.2558,0.593,4.7685,3.8035,0,1,0,0,0,0,0,0,0,1,1,0,0,-1
28,13,2,0,3,0,0,0,3,0,0,0,0,0.5357,0.1786,3.8249,3.027,0,0,1,1,0,0,1,0,0,0,0,0,0,-1
26,5,10,0,1,0,0,0,3,0,0,0,0,0.0,0.8077,3.8441,1.9219,0,1,0,0,0,0,0,0,0,0,0,0,0,-1
28,6,11,0,1,0,0,0,4,0,0,0,0,0.0,0.7857,3.5122,2.585,0,1,0,0,0,0,0,0,0,0,0,0,0,-1
27,12,2,0,3,0,0,0,3,0,0,0,0,0.5185,0.1852,3.7542,2.6887,0,0,1,1,0,0,1,0,0,0,0,0,0,-1
26,6,9,0,1,0,0,0,3,0,0,0,0,0.0,0.8077,3.9501,2.585,0,1,0,0,0,0,0,0,0,0,0,0,0,-1
30,15,2,0,3,0,0,0,3,0,0,0,0,0.5667,0.1667,3.5811,2.2892,0,0,1,1,0,0,1,0,0,0,0,0,0,-1
28,13,2,0,3,0,0,0,3,0,0,0,0,0.5357,0.1786,3.8693,2.8731,0,0,1,1,0,0,1,0,0,0,0,0,0,-1
32,12,7,0,4,0,0,0,3,0,0,0,0,0.4375,0.2812,3.8903,2.3554,0,0,1,1,0,0,1,0,0,0,0,0,0,-1
64,7,37,0,2,4,0,0,3,0,0,0,0,0.375,0.4688,4.5603,2.5216,1,1,0,0,0,0,0,0,0,0,0,0,0,-1
29,13,9,0,3,0,0,0,3,0,0,0,0,0.3448,0.4138,3.7589,2.6612,0,0,1,0,0,0,1,0,0,0,0,0,0,-1
31,12,7,0,1,0,0,0,3,0,0,0,0,0.0,0.8387,3.7726,3.0221,0,1,0,0,0,0,0,0,0,1,1,0,0,-1
35,18,5,0,1,0,0,0,3,0,0,0,0,0.0,0.8571,3.9929,3.3502,0,1,0,0,0,0,0,0,0,0,0,0,0,-1
29,14,2,0,3,0,0,0,3,0,0,0,0,0.5517,0.1724,3.8833,2.8424,0,0,1,1,0,0,1,0,0,0,0,0,0,-1
27,12,2,0,3,0,0,0,3,0,0,0,0,0.5185,0.1852,3.5003,2.4591,0,0,1,1,0,0,1,0,0,0,0,0,0,-1
26,14,5,0,3,0,0,0,3,0,0,0,0,0.4615,0.2692,3.6903,2.4138,0,0,1,0,0,0,1,0,0,0,0,0,0,-1
83,15,48,0,3,4,0,0,4,0,0,0,0,0.2169,0.6386,4.7513,3.1396,1,1,0,0,0,0,0,0,0,1,1,0,0,-1
72,13,47,0,2,4,0,0,4,0,0,0,0,0.2361,0.6111,4.6589,2.8731,0,0,0,0,0,0,0,0,0,1,1,0,0,-1
27,6,9,0,1,0,0,0,3,0,0,0,0,0.0,0.8148,3.9023,2.585,0,1,0,0,0,0,0,0,0,0,0,0,0,-1
28,12,5,0,1,1,0,0,3,0,0,0,0,0.0,0.7857,3.9138,2.8554,0,1,0,0,0,0,0,0,0,0,0,0,0,-1
25,7,6,0,1,0,0,0,3,0,0,0,0,0.0,0.8,3.8137,2.8074,0,1,0,0,0,0,0,0,0,0,0,0,0,-1
72,4,1,42,2,4,0,0,3,1,0,0,1,0.375,0.4583,4.6938,1.5,1,1,0,0,0,0,1,0,0,0,0,0,0,-1
49,17,20,0,2,0,0,0,5,0,0,0,0,0.0204,0.8163,4.0659,3.2195,0,1,0,0,0,0,0,0,0,1,1,0,0,-1
32,12,13,0,3,0,1,0,3,0,0,0,0,0.3125,0.4375,4.1792,2.6258,0,0,1,0,0,0,1,0,0,0,0,0,0,-1
29,12,5,0,3,0,0,0,3,0,0,0,0,0.4483,0.2759,3.9094,2.8554,0,0,1,1,0,0,1,0,0,0,0,0,0,-1
28,12,5,0,1,0,0,0,3,0,0,0,0,0.0,0.8214,3.9408,3.2516,0,1,0,0,0,0,0,0,0,0,0,0,0,-1
29,6,11,0,1,0,0,0,4,0,0,0,0,0.0,0.7931,3.8235,1.7925,0,1,0,0,0,0,0,0,0,0,0,0,0,-1
23,5,6,0,1,0,0,0,3,0,0,0,0,0.0,0.7826,3.969,2.3219,0,1,0,0,0,0,0,0,0,0,0,0,0,-1
39,3,7,16,1,0,0,0,3,1,0,0,1,0.0,0.7692,4.2117,1.585,0,1,0,0,0,0,0,0,0,0,0,0,0,-1
35,15,7,0,4,0,0,0,3,0,0,0,0,0.4857,0.2571,3.9217,2.6826,0,0,1,1,0,0,1,0,0,0,0,0,0,-1
28,10,6,0,1,0,0,0,3,0,0,0,0,0.0,0.8214,4.1106,3.1219,0,1,0,0,0,0,0,0,0,0,0,0,0,-1
47,11,7,16,1,1,0,0,3,1,0,0,1,0.0,0.8085,4.206,3.0958,0,1,0,0,0,0,0,0,0,0,0,0,0,-1
35,7,2,13,1,0,0,0,3,1,0,0,1,0.0,0.7714,4.0791,2.5216,0,1,0,0,0,0,0,0,0,0,0,0,0,-1
24,13,4,0,3,0,0,0,3,0,0,0,0,0.4167,0.2917,3.7721,2.8731,0,0,1,0,0,0,1,0,0,0,0,0,0,-1
33,13,7,0,4,0,0,0,3,0,0,0,0,0.4545,0.2727,4.0061,2.6032,0,0,1,1,0,0,1,0,0,0,0,0,0,-1
27,7,8,0,1,0,0,0,3,0,0,0,0,0.0,0.8148,3.5744,2.5216,0,1,0,0,0,0,0,0,0,0,0,0,0,-1
40,6,22,0,1,1,0,0,5,0,0,0,0,0.15,0.65,4.0562,2.585,0,1,0,0,0,0,0,0,0,0,0,0,0,-1
41,9,21,0,1,0,0,0,5,0,0,0,0,0.122,0.7073,4.169,2.9477,0,1,0,0,0,0,0,0,0,0,0,0,0,-1
30,6,12,0,1,0,0,0,4,0,0,0,0,0.0,0.8,3.8314,2.2516,0,1,0,0,0,0,0,0,0,0,0,0,0,-1
72,8,1,42,2,4,0,0,3,1,0,0,1,0.3472,0.4861,4.8446,2.75,1,1,0,0,0,0,0,0,0,0,0,0,0,-1
35,6,14,0,2,0,0,0,4,0,0,0,0,0.0,0.8,3.783,1.9183,0,1,0,0,0,0,0,0,0,1,1,1,1,-1
69,9,47,0,2,4,0,0,4,0,0,0,0,0.2754,0.5652,4.6572,2.7255,0,1,0,0,0,0,0,0,0,1,1,0,0,-1
27,7,9,0,1,0,0,0,3,0,0,0,0,0.0,0.8148,3.8282,2.8074,0,1,0,0,0,0,0,0,0,0,0,0,0,-1
87,25,47,0,2,7,0,0,4,0,0,0,0,0.2299,0.6092,4.6615,3.6431,0,1,0,0,0,0,0,0,0,1,1,0,0,-1
30,13,5,0,1,0,0,0,3,0,0,0,0,0.0,0.8333,4.0314,3.5466,0,1,0,0,0,0,0,0,0,0,0,0,0,-1
67,10,37,0,2,4,0,0,3,0,0,0,0,0.3582,0.4925,4.7765,3.3219,1,1,0,0,0,0,1,0,0,0,0,0,0,-1
34,13,9,0,1,0,0,0,4,0,0,0,0,0.0588,0.7647,4.3006,3.3927,0,1,0,0,0,0,1,0,0,0,0,0,0,-1
37,6,9,0,3,0,0,0,3,0,0,0,0,0.0,0.8108,3.8952,2.2516,1,1,0,0,0,0,0,0,0,0,0,0,0,-1
45,13,15,0,3,0,0,0,4,0,0,0,0,0.0222,0.8,4.0746,2.8151,1,1,0,0,0,0,0,0,1,0,0,0,0,-1
34,14,7,0,4,0,0,0,3,0,0,0,0,0.4706,0.2647,3.9369,2.6106,0,0,1,1,0,0,1,0,0,0,0,0,0,-1
29,14,2,0,3,0,0,0,3,0,0,0,0,0.5517,0.1724,3.6075,2.6456,0,0,1,1,0,0,1,0,0,0,0,0,0,-1
41,5,24,0,1,0,0,0,5,0,0,0,0,0.0,0.8293,4.1083,2.3219,0,1,0,0,0,0,0,0,0,0,0,0,0,-1
22,4,7,0,1,0,0,0,3,0,0,0,0,0.0,0.7727,3.8797,2.0,0,1,0,0,0,0,0,0,0,0,0,0,0,-1
35,10,13,0,1,0,0,0,4,0,0,0,0,0.0,0.8286,4.1719,3.1219,0,1,0,0,0,0,0,0,0,0,0,0,0,-1
27,12,2,0,3,0,0,0,3,0,0,0,0,0.5185,0.1852,3.6023,2.4591,0,0,1,1,0,0,1,0,0,0,0,0,0,-1
22,3,5,0,2,0,0,0,3,0,0,0,0,0.0,0.7273,3.7544,1.585,0,1,0,0,0,0,0,0,0,0,0,0,0,-1
27,7,5,0,2,0,0,0,3,0,0,0,0,0.0,0.7778,3.9303,2.5216,0,1,0,0,0,0,0,0,0,0,0,0,0,-1
23,12,4,0,3,0,0,0,3,0,0,0,0,0.4783,0.2174,3.6425,2.4591,0,0,1,0,0,0,1,0,0,0,0,0,0,-1
32,14,11,0,4,0,0,0,3,0,0,0,0,0.3438,0.4062,3.8042,2.4138,0,0,1,0,0,0,1,0,0,0,0,0,0,-1
44,8,24,0,1,1,0,0,5,0,0,0,0,0.0,0.8182,4.1613,3.0,0,1,0,0,0,0,0,0,0,1,1,0,0,-1
24,8,5,0,1,0,0,0,3,0,0,0,0,0.0,0.7917,3.6887,2.75,0,1,0,0,0,0,0,0,0,0,0,0,0,-1
33,13,7,0,4,0,0,0,3,0,0,0,0,0.4545,0.2727,4.0518,2.8151,0,0,1,1,0,0,1,0,0,0,0,0,0,-1
48,12,7,16,1,0,0,0,3,1,0,0,1,0.0,0.8125,4.2878,3.2516,0,1,0,0,0,0,0,0,0,0,0,0,0,-1
24,8,4,0,1,0,0,0,3,0,0,0,0,0.0,0.7917,3.9702,2.5,0,1,0,0,0,0,0,0,0,0,0,0,0,-1
40,14,14,0,1,0,0,0,3,0,0,0,0,0.0,0.875,3.9496,3.0391,0,1,0,0,0,0,0,0,0,0,0,0,0,-1
27,4,11,0,2,0,0,0,3,0,0,0,0,0.0,0.7778,4.0043,1.5,0,1,0,0,0,0,0,0,0,0,0,0,0,-1
51,9,27,0,2,2,0,0,5,0,0,0,0,0.1176,0.6863,4.474,3.1699,0,1,0,0,0,0,0,0,0,0,0,0,0,-1
26,9,5,0,1,0,0,0,3,0,0,0,0,0.0,0.8077,3.8403,2.7255,0,1,0,0,0,0,0,0,0,0,0,0,0,-1
25,4,9,0,1,0,0,0,4,0,0,0,0,0.0,0.76,3.8937,2.0,0,1,0,0,0,0,0,0,0,0,0,0,0,-1
89,27,47,0,2,7,0,0,4,0,0,0,0,0.2022,0.6404,4.7061,3.8842,0,1,0,0,0,0,0,0,0,1,1,0,0,-1
26,11,2,0,3,0,0,0,3,0,0,0,0,0.5,0.1923,3.7672,2.6635,0,0,1,1,0,0,1,0,0,0,0,0,0,-1
23,3,9,0,1,0,0,0,3,0,0,0,0,0.0,0.7826,3.5884,1.585,0,1,0,0,0,0,0,0,0,0,0,0,0,-1
28,13,2,0,3,0,0,0,3,0,0,0,0,0.5357,0.1786,3.4992,2.1997,0,0,1,1,0,0,1,0,0,0,0,0,0,-1
25,6,0,6,1,0,0,0,2,1,0,0,1,0.04,0.72,4.3239,2.585,0,1,0,0,0,0,0,0,0,0,0,0,0,-1
33,10,11,0,1,0,0,0,4,0,0,0,0,0.0,0.8182,3.7179,2.7219,0,1,0,0,0,0,0,0,0,0,0,0,0,-1
28,11,5,0,1,0,0,0,3,0,0,0,0,0.0,0.8214,3.7979,2.6635,0,1,0,0,0,0,0,0,0,0,0,0,0,-1
27,0,11,0,1,0,0,0,4,0,0,0,0,0.0,0.7778,3.764,0.0,0,1,0,0,0,0,0,0,0,0,0,0,0,-1
28,7,9,0,1,0,0,0,3,0,0,0,0,0.0,0.8214,3.9408,2.8074,0,1,0,0,0,0,0,0,0,0,0,0,0,-1
26,7,8,0,1,0,0,0,3,0,0,0,0,0.0,0.8077,3.7672,2.5216,0,1,0,0,0,0,0,0,0,0,0,0,0,-1
29,9,8,0,1,0,0,0,3,0,0,0,0,0.0,0.8276,3.8833,3.1699,0,1,0,0,0,0,0,0,0,0,0,0,0,-1
26,14,5,0,3,0,0,0,3,0,0,0,0,0.4615,0.2692,3.921,3.0391,0,0,1,0,0,0,1,0,0,0,0,0,0,-1
27,6,9,0,1,0,0,0,3,0,0,0,0,0.0,0.8148,3.7821,2.2516,0,1,0,0,0,0,0,0,0,0,0,0,0,-1
37,13,17,0,4,0,0,0,4,0,0,0,0,0.2703,0.4865,4.0335,2.7193,0,0,1,0,0,0,1,0,0,0,0,0,0,-1
31,11,7,0,4,0,0,0,3,0,0,0,0,0.4194,0.2903,3.9621,2.8454,0,0,1,1,0,0,1,0,0,0,0,0,0,-1
24,12,5,0,3,0,0,0,3,0,0,0,0,0.375,0.3333,3.7721,2.6887,0,0,1,0,0,0,1,0,0,0,0,0,0,-1
23,3,9,0,1,1,0,0,3,0,0,0,0,0.0,0.7391,3.5884,1.585,0,1,0,0,0,0,0,0,0,0,0,0,0,-1
27,3,9,0,3,0,0,0,4,0,0,0,0,0.0,0.7037,3.6023,1.585,1,1,0,0,0,0,0,0,0,0,0,0,0,-1
27,0,8,0,1,0,0,0,3,0,0,0,0,0.0,0.8148,4.0323,0.0,0,1,0,0,0,0,0,0,0,0,0,0,0,-1
34,14,7,0,4,0,0,0,3,0,0,0,0,0.4706,0.2647,3.8666,2.182,0,0,1,1,0,0,1,0,0,0,0,0,0,-1
47,15,25,0,4,0,1,0,4,0,0,0,0,0.2979,0.4894,4.5333,2.7899,0,0,1,0,0,0,1,0,0,0,0,0,0,-1
34,14,7,0,4,0,0,0,3,0,0,0,0,0.4706,0.2647,3.9398,2.8424,0,0,1,1,0,0,1,0,0,0,0,0,0,-1
23,5,6,0,1,0,0,0,3,0,0,0,0,0.0,0.7826,4.0231,2.3219,0,1,0,0,0,0,0,0,0,0,0,0,0,-1
63,9,37,0,2,4,0,0,3,0,0,0,0,0.3333,0.5079,4.6058,2.9477,1,1,0,0,0,0,0,0,0,0,0,0,0,-1
42,7,11,0,3,1,0,0,4,0,0,0,0,0.0714,0.7143,4.4157,2.5216,1,0,0,0,0,0,0,0,0,0,0,0,0,-1
31,10,9,0,1,0,0,0,3,0,0,0,0,0.0,0.8387,4.0424,2.9219,0,1,0,0,0,0,0,0,0,0,0,0,0,-1
63,8,37,0,2,4,0,0,3,0,0,0,0,0.4127,0.4286,4.5543,3.0,1,1,0,0,0,0,1,0,0,0,0,0,0,-1
34,14,7,0,4,0,0,0,3,0,0,0,0,0.4706,0.2647,3.962,2.6456,0,0,1,1,0,0,1,0,0,0,0,0,0,-1
29,14,2,0,3,0,0,0,3,0,0,0,0,0.5517,0.1724,3.6764,2.4138,0,0,1,1,0,0,1,0,0,0,0,0,0,-1
28,13,2,0,3,0,0,0,3,0,0,0,0,0.5357,0.1786,3.655,2.6612,0,0,1,1,0,0,1,0,0,0,0,0,0,-1
47,13,22,0,1,0,1,0,4,0,0,0,0,0.0,0.8511,4.1613,2.7774,0,1,0,0,0,0,0,0,0,0,0,0,0,-1
25,11,7,0,3,0,0,0,3,0,0,0,0,0.44,0.28,3.7533,2.5949,0,0,1,0,0,0,1,0,0,0,0,0,0,-1
32,13,12,0,4,0,0,0,3,0,0,0,0,0.375,0.375,4.1014,2.8731,0,0,1,0,0,0,1,0,0,0,0,0,0,-1
29,7,10,0,1,0,0,0,3,0,0,0,0,0.0,0.8276,3.9783,2.5216,0,1,0,0,0,0,0,0,0,0,0,0,0,-1
41,5,24,0,1,0,0,0,5,0,0,0,0,0.0,0.8293,3.9883,2.3219,0,1,0,0,0,0,0,0,0,0,0,0,0,-1
24,5,7,0,1,0,0,0,3,0,0,0,0,0.0,0.7917,3.4906,2.3219,0,1,0,0,0,0,0,0,0,1,1,0,0,-1
22,4,6,0,1,0,0,0,3,0,0,0,0,0.0,0.7727,3.9706,2.0,0,1,0,0,0,0,0,0,0,0,0,0,0,-1
26,0,0,12,1,0,0,0,2,1,0,0,1,0.0,0.7692,4.056,0.0,0,1,0,0,0,0,0,0,0,0,0,0,0,-1
36,6,16,0,2,0,0,0,4,0,0,0,0,0.0,0.8056,4.0305,1.9183,0,1,0,0,0,0,0,0,0,0,0,0,0,-1
32,9,11,0,2,0,0,0,3,0,0,0,0,0.0,0.8125,4.2028,2.9477,0,1,0,0,0,0,0,0,0,0,0,0,0,-1
40,7,10,0,2,0,0,0,4,0,0,0,0,0.0,0.825,4.1439,2.1281,1,0,0,0,0,0,0,0,0,0,0,0,0,-1
29,14,2,0,3,0,0,0,3,0,0,0,0,0.5517,0.1724,3.6504,2.6456,0,0,1,1,0,0,1,0,0,0,0,0,0,-1
44,14,18,0,4,1,0,0,3,0,0,0,0,0.3636,0.4091,4.3542,2.9852,0,0,1,1,0,0,1,0,0,0,0,0,0,-1
45,14,23,0,5,0,0,0,4,0,0,0,0,0.2444,0.5333,4.2334,2.5027,0,1,1,0,0,0,1,0,0,0,0,0,0,-1
34,2,20,0,1,0,0,0,5,0,0,0,0,0.0,0.7941,4.0912,1.0,0,1,0,0,0,0,0,0,0,1,1,0,0,-1
25,6,0,7,1,0,0,0,2,1,0,0,1,0.0,0.76,3.8937,1.7925,0,1,0,0,0,0,0,0,0,0,0,0,0,-1
25,11,7,0,3,0,0,0,3,0,0,0,0,0.48,0.24,3.7035,2.5949,0,0,1,0,0,0,1,0,0,0,0,0,0,-1
25,5,8,0,1,0,0,0,3,0,0,0,0,0.0,0.8,3.7337,1.9219,0,1,0,0,0,0,0,0,0,1,1,0,0,-1
28,13,2,0,3,0,0,0,3,0,0,0,0,0.5357,0.1786,3.5297,2.1339,0,0,1,1,0,0,1,0,0,0,0,0,0,-1
30,15,2,0,3,0,0,0,3,0,0,0,0,0.5667,0.1667,3.6859,2.5493,0,0,1,1,0,0,1,0,0,0,0,0,0,-1
34,7,15,0,1,0,0,0,4,0,0,0,0,0.0,0.8235,4.1385,2.5216,0,1,0,0,0,0,0,0,0,0,0,0,0,-1
83,21,47,0,2,4,0,0,4,0,0,0,0,0.253,0.6145,4.6758,3.2321,0,1,0,0,0,0,0,0,0,1,1,0,0,-1
67,7,37,0,3,4,0,0,3,0,0,0,0,0.2985,0.5373,4.6727,2.5216,1,1,0,0,0,0,1,0,0,0,0,0,0,-1
46,14,19,0,1,0,0,0,4,0,0,0,0,0.0,0.8696,4.2219,3.3788,0,1,0,0,0,0,0,0,0,0,0,0,0,-1
34,8,14,0,1,0,0,0,4,0,0,0,0,0.0,0.8235,3.7634,2.4056,0,1,0,0,0,0,0,0,0,0,0,0,0,-1
41,7,22,0,1,1,0,0,5,0,0,0,0,0.1463,0.6585,4.1203,2.1281,0,1,0,0,0,0,0,0,0,0,0,0,0,-1
45,6,28,0,1,1,0,0,4,0,0,0,0,0.0,0.8444,4.2058,2.585,0,1,0,0,0,0,0,0,0,0,0,0,0,-1
31,7,5,0,2,0,0,0,3,0,0,0,0,0.0323,0.7742,3.8976,2.1281,1,0,0,0,0,0,0,0,0,0,0,0,0,-1
28,7,9,0,1,0,0,0,3,0,0,0,0,0.0,0.8214,3.7229,2.2359,0,1,0,0,0,0,0,0,0,0,0,0,0,-1
25,11,7,0,3,0,0,0,3,0,0,0,0,0.48,0.24,3.8333,2.5949,0,0,1,0,0,0,1,0,0,0,0,0,0,-1
23,3,9,0,1,0,0,0,3,0,0,0,0,0.0,0.7826,3.5184,1.585,0,1,0,0,0,0,0,0,0,0,0,0,0,-1
88,26,47,0,2,6,0,0,4,0,0,0,0,0.2727,0.5795,4.7811,3.7483,0,1,0,0,0,0,0,0,0,1,1,0,0,-1
29,14,2,0,3,0,0,0,3,0,0,0,0,0.5517,0.1724,3.3485,2.2709,0,0,1,1,0,0,1,0,0,0,0,0,0,-1
18,6,0,0,1,0,0,0,2,0,0,0,0,0.0,0.7778,3.4613,2.2516,0,1,0,0,0,0,0,0,0,0,0,0,0,-1
92,32,47,0,2,7,0,0,4,0,0,0,0,0.1957,0.6522,4.7213,3.5931,0,1,0,0,0,0,0,0,0,1,1,0,0,-1
89,30,47,0,2,8,0,0,4,0,0,0,0,0.2247,0.6067,4.7787,3.9647,0,0,0,0,0,0,0,0,0,1,1,0,0,-1
27,7,8,0,1,0,0,0,3,0,0,0,0,0.0,0.8148,3.5282,1.9502,0,1,0,0,0,0,0,0,0,1,1,0,0,-1
74,9,1,42,2,4,0,0,3,1,0,0,1,0.2973,0.5405,4.7972,3.1699,1,1,0,0,0,0,1,0,0,0,0,0,0,-1
37,9,16,0,1,0,0,0,4,0,0,0,0,0.0,0.8378,3.9795,2.9477,0,1,0,0,0,0,0,0,0,0,0,0,0,-1
41,7,22,0,1,1,0,0,5,0,0,0,0,0.1463,0.6585,4.1506,2.8074,0,1,0,0,0,0,0,0,0,0,0,0,0,-1
25,14,4,0,3,0,0,0,3,0,0,0,0,0.44,0.28,3.7533,3.0391,0,0,1,0,0,0,1,0,0,0,0,0,0,-1
28,13,2,0,3,0,0,0,3,0,0,0,0,0.5357,0.1786,3.5567,2.6612,0,0,1,1,0,0,1,0,0,0,0,0,0,-1
31,11,7,0,4,0,0,0,3,0,0,0,0,0.4194,0.2903,4.0023,2.6635,0,0,1,1,0,0,1,0,0,0,0,0,0,-1
35,15,7,0,4,0,0,0,3,0,0,0,0,0.4857,0.2571,3.9217,2.4729,0,0,1,1,0,0,1,0,0,0,0,0,0,-1
41,6,7,16,1,0,0,0,3,1,0,0,1,0.0,0.7805,4.2083,1.9183,0,1,0,0,0,0,0,0,0,0,0,0,0,-1
35,15,7,0,4,0,0,0,3,0,0,0,0,0.4857,0.2571,4.022,2.7396,0,0,1,1,0,0,1,0,0,0,0,0,0,-1
47,5,30,0,1,2,0,0,5,0,0,0,0,0.1064,0.7021,4.4166,1.9219,0,1,0,0,0,0,0,0,0,0,0,0,0,-1
30,15,2,0,3,0,0,0,3,0,0,0,0,0.5667,0.1667,3.9232,3.1899,0,0,1,1,0,0,1,0,0,0,0,0,0,-1
87,6,69,0,4,2,1,0,8,0,0,0,0,0.0345,0.7816,4.5303,2.585,0,1,0,0,0,0,0,0,0,0,0,0,0,-1
38,8,19,0,1,0,0,0,4,0,0,0,0,0.0,0.8421,4.0433,2.75,0,1,0,0,0,0,0,0,0,0,0,0,0,-1
36,13,11,0,4,0,0,0,3,0,0,0,0,0.3889,0.3611,4.3712,2.8731,0,0,1,1,0,0,1,0,0,0,0,0,0,-1
49,13,29,0,4,0,0,0,5,0,0,0,0,0.4082,0.3878,4.4744,2.4493,0,0,1,0,0,0,1,0,0,0,0,0,0,-1
31,14,10,0,3,0,0,0,4,0,0,0,0,0.4194,0.3226,4.1958,3.0391,0,0,1,0,0,0,1,0,0,0,0,0,0,-1
39,15,17,0,4,0,0,0,4,0,0,0,0,0.3333,0.4359,4.2917,2.8226,0,0,1,0,0,0,1,0,0,0,0,0,0,-1
36,13,16,0,3,0,0,0,4,0,0,0,0,0.3056,0.4722,4.1835,2.4116,0,0,1,0,0,0,1,0,0,0,0,0,0,-1
29,14,2,0,3,0,0,0,3,0,0,0,0,0.5517,0.1724,3.7025,2.5567,0,0,1,1,0,0,1,0,0,0,0,0,0,-1
41,12,17,0,1,1,0,0,4,0,0,0,0,0.0,0.8293,3.8106,2.4183,0,1,0,0,0,0,0,0,0,0,0,0,0,-1
86,24,47,0,2,6,0,0,4,0,0,0,0,0.2442,0.6047,4.6967,3.6258,0,1,0,0,0,0,0,0,0,1,1,0,0,-1
90,30,47,0,2,8,0,0,4,0,0,0,0,0.3111,0.5222,4.7883,3.6981,0,1,0,0,0,0,0,0,0,1,1,0,0,-1
24,12,5,0,3,0,0,0,3,0,0,0,0,0.4167,0.2917,3.6573,2.4591,0,0,1,0,0,0,1,0,0,0,0,0,0,-1
32,12,7,0,4,0,0,0,3,0,0,0,0,0.4375,0.2812,3.84,2.5221,0,0,1,1,0,0,1,0,0,0,0,0,0,-1
32,7,14,0,1,0,0,0,3,0,0,0,0,0.0,0.8438,3.9886,2.5216,0,1,0,0,0,0,0,0,0,0,0,0,0,-1
68,13,48,0,4,1,1,0,5,0,0,0,0,0.4265,0.3971,4.4822,2.5654,0,0,1,0,0,0,1,0,0,0,0,0,0,-1
108,14,87,0,4,0,0,0,4,0,0,0,0,0.5648,0.3519,3.701,2.6456,0,0,1,0,0,0,1,0,0,0,0,0,0,-1
37,16,9,0,1,0,0,0,4,0,0,0,0,0.0,0.8378,4.0743,3.75,0,1,0,0,0,0,0,0,0,0,0,0,0,-1
31,10,9,0,1,1,0,0,3,0,0,0,0,0.0,0.8065,4.1069,3.1219,0,1,0,0,0,0,0,0,0,0,0,0,0,-1
23,3,9,0,1,0,0,0,3,0,0,0,0,0.0,0.7826,3.3445,1.585,0,1,0,0,0,0,0,0,0,0,0,0,0,-1
25,13,5,0,3,0,0,0,3,0,0,0,0,0.44,0.28,3.8635,2.8731,0,0,1,0,0,0,1,0,0,0,0,0,0,-1
89,30,47,0,2,8,0,0,4,0,0,0,0,0.2247,0.6067,4.7404,3.6981,0,0,0,0,0,0,0,0,0,1,1,0,0,-1
24,13,4,0,3,0,0,0,3,0,0,0,0,0.4167,0.2917,3.8554,2.8731,0,0,1,0,0,0,1,0,0,0,0,0,0,-1
34,13,14,0,4,0,0,0,4,0,0,0,0,0.3235,0.4118,4.4404,3.027,0,0,1,0,0,0,1,0,0,0,0,0,0,-1
221,14,200,0,4,0,0,0,3,0,0,0,0,0.3756,0.5882,4.5138,2.8963,0,0,1,0,0,0,1,0,0,0,0,0,0,-1
27,12,2,0,3,0,0,0,3,0,0,0,0,0.5185,0.1852,3.7542,2.6887,0,0,1,1,0,0,1,0,0,0,0,0,0,-1
85,23,47,0,2,4,0,0,4,0,0,0,0,0.2353,0.6353,4.5917,3.3816,0,1,0,0,0,0,0,0,0,1,1,0,0,-1
28,11,10,0,3,0,0,0,4,0,0,0,0,0.2857,0.4286,3.8963,2.5949,0,0,1,0,0,0,1,0,0,0,0,0,0,-1
41,6,24,0,1,0,0,0,5,0,0,0,0,0.0,0.8293,4.1018,2.585,0,1,0,0,0,0,0,0,0,0,0,0,0,-1
29,6,8,0,2,0,0,0,3,0,0,0,0,0.0,0.7931,3.8144,1.9183,0,1,0,0,0,0,0,0,0,0,0,0,0,-1
50,14,7,16,1,0,0,0,3,1,0,0,1,0.0,0.82,4.2884,3.182,0,1,0,0,0,0,0,0,0,0,0,0,0,-1
43,18,13,0,1,1,0,0,4,0,0,0,0,0.0,0.8372,4.2573,3.3921,0,1,0,0,0,0,0,0,0,0,0,0,0,-1
36,13,11,0,1,0,0,0,4,0,0,0,0,0.0,0.8333,3.9275,2.8731,0,1,0,0,0,0,0,0,0,0,0,0,0,-1
33,13,7,0,4,0,0,0,3,0,0,0,0,0.4545,0.2727,3.9912,2.7193,0,0,1,1,0,0,1,0,0,0,0,0,0,-1
33,13,7,0,4,0,0,0,3,0,0,0,0,0.4545,0.2727,3.9683,2.6612,0,0,1,1,0,0,1,0,0,0,0,0,0,-1
44,4,28,0,1,1,0,0,4,0,0,0,0,0.0,0.8409,4.1552,2.0,0,1,0,0,0,0,0,0,0,0,0,0,0,-1
32,9,11,0,1,0,0,0,4,0,0,0,0,0.0,0.8125,3.7775,2.5033,0,1,0,0,0,0,0,0,0,0,0,0,0,-1
36,8,16,0,1,0,0,0,4,0,0,0,0,0.0,0.8333,3.9749,2.75,0,1,0,0,0,0,0,0,0,0,0,0,0,-1
23,4,8,0,1,0,0,0,3,0,0,0,0,0.0,0.7826,3.7623,2.0,0,1,0,0,0,0,0,0,0,0,0,0,0,-1
27,6,0,6,2,0,0,0,2,1,0,0,1,0.037,0.7037,3.9862,1.7925,0,1,0,0,0,0,0,0,0,0,0,0,0,-1
29,10,7,0,1,0,0,0,3,0,0,0,0,0.0,0.8276,3.9489,2.8464,0,1,0,0,0,0,0,0,0,0,0,0,0,-1
21,4,5,0,1,0,0,0,3,0,0,0,0,0.0,0.7619,3.9395,2.0,0,1,0,0,0,0,0,0,0,0,0,0,0,-1
31,10,9,0,1,1,0,0,3,0,0,0,0,0.0,0.8065,3.889,2.8464,0,1,0,0,0,0,0,0,0,0,0,0,0,-1
30,15,2,0,3,0,0,0,3,0,0,0,0,0.5667,0.1667,3.3656,2.2323,0,0,1,1,0,0,1,0,0,0,0,0,0,-1
32,10,11,0,1,0,0,0,4,0,0,0,0,0.125,0.6875,3.8903,2.3219,0,0,0,0,0,0,1,0,0,0,0,0,0,-1
32,6,11,0,2,0,0,0,4,0,0,0,0,0.0,0.7812,3.9681,1.9183,0,1,0,0,0,0,0,0,0,1,1,1,1,-1
38,6,20,0,3,0,0,0,5,0,0,0,0,0.0789,0.6842,4.0407,2.2516,0,1,0,0,0,0,0,0,0,0,0,0,0,-1
33,13,7,0,4,0,0,0,3,0,0,0,0,0.4545,0.2727,3.8818,2.5654,0,0,1,1,0,0,1,0,0,0,0,0,0,-1
42,4,27,0,1,2,0,0,5,0,0,0,0,0.1429,0.6429,4.336,2.0,0,1,0,0,0,0,0,0,0,0,0,0,0,-1
32,12,7,0,4,0,0,0,3,0,0,0,0,0.4375,0.2812,3.8636,2.3554,0,0,1,1,0,0,1,0,0,0,0,0,0,-1
28,13,2,0,3,0,0,0,3,0,0,0,0,0.5357,0.1786,3.5297,2.4493,0,0,1,1,0,0,1,0,0,0,0,0,0,-1
34,14,7,0,4,0,0,0,3,0,0,0,0,0.4706,0.2647,4.0797,2.8424,0,0,1,1,0,0,1,0,0,0,0,0,0,-1
25,13,5,0,3,0,0,0,3,0,0,0,0,0.4,0.32,3.6431,2.8731,0,0,1,0,0,0,1,0,0,0,0,0,0,-1
23,4,7,0,1,0,0,0,3,0,0,0,0,0.0,0.7826,3.969,2.0,0,1,0,0,0,0,0,0,0,0,0,0,0,-1
32,6,14,0,1,0,0,0,3,0,0,0,0,0.0,0.8438,4.0778,2.2516,0,1,0,0,0,0,0,0,0,0,0,0,0,-1
27,9,6,0,1,1,0,0,3,0,0,0,0,0.0,0.7778,3.8101,3.1699,0,1,0,0,0,0,0,0,0,0,0,0,0,-1
26,5,9,0,1,0,0,0,3,0,0,0,0,0.0,0.8077,3.8151,1.9219,0,1,0,0,0,0,0,0,0,1,1,1,0,-1
29,14,2,0,3,0,0,0,3,0,0,0,0,0.5517,0.1724,3.6899,2.7534,0,0,1,1,0,0,1,0,0,0,0,0,0,-1
27,13,2,0,3,0,0,0,3,0,0,0,0,0.5185,0.1852,3.6619,2.4116,0,0,1,1,0,0,1,0,0,0,0,0,0,-1
26,13,6,0,4,0,0,0,3,0,0,0,0,0.4231,0.2692,3.6424,2.6612,0,0,1,0,0,0,1,0,0,0,0,0,0,-1
47,7,28,0,1,1,0,0,4,0,0,0,0,0.0,0.8511,4.1691,2.8074,0,1,0,0,0,0,0,0,0,0,0,0,0,-1
33,15,6,0,1,0,0,0,3,0,0,0,0,0.0,0.8485,3.9802,3.5069,0,1,0,0,0,0,0,0,0,0,0,0,0,-1
33,13,7,0,4,0,0,0,3,0,0,0,0,0.4545,0.2727,4.0061,2.6612,0,0,1,1,0,0,1,0,0,0,0,0,0,-1
86,24,47,0,2,6,0,0,4,0,0,0,0,0.2326,0.6163,4.8195,3.8868,0,1,0,0,0,0,0,0,0,1,1,0,0,-1
34,0,2,13,1,0,0,0,3,1,0,0,1,0.0,0.7647,4.0941,0.0,0,1,0,0,0,0,0,0,0,0,0,0,0,-1
26,3,9,0,2,0,0,0,3,0,0,0,0,0.0,0.7692,3.7672,1.585,0,1,0,0,0,0,0,0,0,0,0,0,0,-1
25,5,8,0,1,0,0,0,3,0,0,0,0,0.0,0.8,3.8635,1.9219,0,1,0,0,0,0,0,0,0,0,0,0,0,-1
35,6,17,0,1,0,0,0,4,0,0,0,0,0.0,0.8286,4.1859,2.585,0,1,0,0,0,0,0,0,0,0,0,0,0,-1
28,8,8,0,1,0,0,0,3,0,0,0,0,0.0,0.8214,3.9408,2.1556,0,1,0,0,0,0,0,0,0,0,0,0,0,-1
32,12,9,0,1,0,0,0,3,0,0,0,0,0.0,0.8438,3.7028,3.085,0,1,0,0,0,0,0,0,0,0,0,0,0,-1
74,6,49,0,6,3,0,0,5,0,0,0,0,0.0405,0.7568,4.7112,2.2516,2,1,0,0,0,0,0,0,1,0,0,0,0,-1
21,4,5,0,1,0,0,0,3,0,0,0,0,0.0,0.7619,3.749,2.0,0,1,0,0,0,0,0,0,0,0,0,0,0,-1
28,13,2,0,3,0,0,0,3,0,0,0,0,0.5357,0.1786,3.6995,2.6612,0,0,1,1,0,0,1,0,0,0,0,0,0,-1
30,9,9,0,1,1,0,0,3,0,0,0,0,0.0,0.8,3.9484,3.1699,0,1,0,0,0,0,0,0,0,0,0,0,0,-1
26,9,5,0,1,0,0,0,3,0,0,0,0,0.0,0.8077,3.8253,2.6416,0,1,0,0,0,0,0,0,0,0,0,0,0,-1
27,12,2,0,3,0,0,0,3,0,0,0,0,0.5185,0.1852,3.5138,2.3962,0,0,1,1,0,0,1,0,0,0,0,0,0,-1
34,14,7,0,4,0,0,0,3,0,0,0,0,0.4706,0.2647,3.9842,2.6106,0,0,1,1,0,0,1,0,0,0,0,0,0,-1
25,4,9,0,1,0,0,0,3,0,0,0,0,0.0,0.8,3.5591,2.0,0,1,0,0,0,0,0,0,0,0,0,0,0,-1
34,14,7,0,4,0,0,0,3,0,0,0,0,0.4706,0.2647,3.9591,2.6106,0,0,1,1,0,0,1,0,0,0,0,0,0,-1
41,6,24,0,1,0,0,0,5,0,0,0,0,0.0,0.8293,3.8764,1.9183,0,1,0,0,0,0,0,0,0,2,1,1,1,-1
41,15,14,0,1,0,0,0,4,0,0,0,0,0.0,0.8537,3.6205,2.7396,0,1,0,0,0,0,0,0,0,0,0,0,0,-1
30,12,6,0,1,0,0,0,3,0,0,0,0,0.0,0.8333,4.0314,3.085,0,1,0,0,0,0,0,0,0,1,1,1,1,-1
29,9,8,0,1,0,0,0,3,0,0,0,0,0.0,0.8276,3.673,2.7255,0,1,0,0,0,0,0,0,0,0,0,0,0,-1
35,15,7,0,4,0,0,0,3,0,0,0,0,0.4857,0.2571,3.9433,2.4729,0,0,1,1,0,0,1,0,0,0,0,0,0,-1
32,9,11,0,1,0,0,0,4,0,0,0,0,0.0,0.8125,4.1014,2.9477,0,1,0,0,0,0,0,0,0,0,0,0,0,-1
30,11,0,6,1,0,0,0,2,1,0,0,1,0.0333,0.7667,4.2151,3.0958,0,1,0,0,0,0,0,0,0,0,0,0,0,-1
27,10,5,0,1,0,0,0,3,0,0,0,0,0.0,0.8148,3.8562,2.9219,0,1,0,0,0,0,0,0,0,0,0,0,0,-1
67,10,37,0,2,5,0,0,3,0,0,0,0,0.3433,0.4925,4.799,3.1219,1,1,0,0,0,0,0,0,0,0,0,0,0,-1
37,15,10,0,1,0,0,0,3,0,0,0,0,0.0,0.8649,4.1549,3.4566,0,1,0,0,0,0,0,0,0,0,0,0,0,-1
48,4,33,0,1,3,0,0,5,0,0,0,0,0.1042,0.6875,4.455,2.0,0,1,0,0,0,0,0,0,0,0,0,0,0,-1
41,5,24,0,1,2,0,0,4,0,0,0,0,0.0976,0.7073,4.1012,2.3219,0,1,0,0,0,0,0,0,0,0,0,0,0,-1
29,14,2,0,3,0,0,0,3,0,0,0,0,0.5517,0.1724,3.7454,2.4138,0,0,1,1,0,0,1,0,0,0,0,0,0,-1
43,7,7,16,1,0,0,0,3,1,0,0,1,0.0,0.814,4.1558,2.8074,0,1,0,0,0,0,0,0,0,0,0,0,0,-1
21,5,4,0,1,0,0,0,3,0,0,0,0,0.0,0.7619,3.749,1.9219,0,1,0,0,0,0,0,0,0,0,0,0,0,-1
39,8,20,0,1,0,0,0,5,0,0,0,0,0.0,0.8205,3.9653,2.75,0,1,0,0,0,0,0,0,0,1,1,0,0,-1
54,8,34,0,1,1,0,0,5,0,0,0,0,0.0,0.8519,4.1809,2.75,0,1,0,0,0,0,0,0,0,0,0,0,0,-1
31,6,0,12,1,0,0,0,2,1,0,0,1,0.0,0.8065,4.0181,2.585,0,1,0,0,0,0,0,0,0,0,0,0,0,-1
28,13,2,0,3,0,0,0,3,0,0,0,0,0.5357,0.1786,3.8249,2.8731,0,0,1,1,0,0,1,0,0,0,0,0,0,-1
84,21,47,0,2,6,0,0,4,0,0,0,0,0.25,0.5952,4.795,3.5945,0,1,0,0,0,0,0,0,0,1,1,0,0,-1
28,9,7,0,1,0,0,0,3,0,0,0,0,0.0,0.8214,3.8693,1.585,0,1,0,0,0,0,0,0,0,0,0,0,0,-1
26,13,6,0,3,0,0,0,3,0,0,0,0,0.4231,0.3077,3.8441,2.6612,0,0,1,0,0,0,1,0,0,0,0,0,0,-1
38,2,14,10,1,0,2,0,4,1,0,0,1,0.1842,0.5526,4.5965,1.0,0,1,0,0,0,0,0,0,0,0,0,0,0,-1
32,12,7,0,4,0,0,0,3,0,0,0,0,0.4375,0.2812,3.9886,2.6258,0,0,1,1,0,0,1,0,0,0,0,0,0,-1
47,9,27,0,1,2,0,0,5,0,0,0,0,0.1277,0.6809,4.3393,2.9477,0,1,0,0,0,0,0,0,0,0,0,0,0,-1
29,3,14,0,1,0,0,0,4,0,0,0,0,0.0,0.7931,3.7454,0.9183,0,1,0,0,0,0,0,0,0,0,0,0,0,-1
24,13,4,0,3,0,0,0,3,0,0,0,0,0.4167,0.2917,3.8554,2.8731,0,0,1,0,0,0,1,0,0,0,0,0,0,-1
31,12,0,6,1,0,0,0,2,1,0,0,1,0.0323,0.7742,4.0181,3.2516,0,1,0,0,0,0,0,0,0,0,0,0,0,-1
22,6,5,0,1,0,0,0,3,0,0,0,0,0.0,0.7727,3.7544,2.2516,0,1,0,0,0,0,0,0,0,0,0,0,0,-1
31,14,10,0,3,0,0,0,4,0,0,0,0,0.3548,0.3871,4.1069,2.7885,0,0,1,0,0,0,1,0,0,0,0,0,0,-1
29,8,9,0,1,0,0,0,3,0,0,0,0,0.0,0.8276,3.8664,2.75,0,1,0,0,0,0,0,0,0,0,0,0,0,-1
24,6,6,0,1,0,0,0,3,0,0,0,0,0.0,0.7917,3.8239,2.585,0,1,0,0,0,0,0,0,0,0,0,0,0,-1
33,15,6,0,1,0,0,0,3,0,0,0,0,0.0,0.8485,4.1879,3.3232,0,1,0,0,0,0,0,0,0,0,0,0,0,-1
33,13,7,0,4,0,0,0,3,0,0,0,0,0.4545,0.2727,4.0896,2.6612,0,0,1,1,0,0,1,0,0,0,0,0,0,-1
25,14,4,0,3,0,0,0,3,0,0,0,0,0.44,0.28,3.7533,2.8424,0,0,1,0,0,0,1,0,0,0,0,0,0,-1
31,11,8,0,1,0,0,0,3,0,0,0,0,0.0,0.8387,3.9134,3.0958,0,1,0,0,0,0,0,0,0,0,0,0,0,-1
24,4,5,0,2,0,0,0,3,0,0,0,0,0.0,0.75,3.6573,2.0,0,1,0,0,0,0,0,0,0,0,0,0,0,-1
27,12,2,0,3,0,0,0,3,0,0,0,0,0.5185,0.1852,3.7262,2.4591,0,0,1,1,0,0,1,0,0,0,0,0,0,-1
30,8,10,0,1,0,0,0,3,0,0,0,0,0.0,0.8333,3.6566,2.5,0,1,0,0,0,0,0,0,0,0,0,0,0,-1
33,13,7,0,4,0,0,0,3,0,0,0,0,0.4545,0.2727,3.8094,2.4493,0,0,1,1,0,0,1,0,0,0,0,0,0,-1
24,13,4,0,3,0,0,0,3,0,0,0,0,0.4583,0.25,3.8554,2.8731,0,0,1,0,0,0,1,0,0,0,0,0,0,-1
31,14,10,0,4,0,0,0,3,0,0,0,0,0.4516,0.2903,3.8976,2.5567,0,0,1,0,0,0,1,0,0,0,0,0,0,-1
25,4,9,0,1,0,0,0,3,0,0,0,0,0.0,0.8,3.7533,2.0,0,1,0,0,0,0,0,0,0,0,0,0,0,-1
36,15,9,0,1,0,0,0,3,0,0,0,0,0.0,0.8611,3.7947,2.8226,0,1,0,0,0,0,0,0,0,0,0,0,0,-1
65,10,37,0,2,4,0,0,3,0,0,0,0,0.3846,0.4615,4.7395,2.6464,1,1,0,0,0,0,0,0,0,0,0,0,0,-1
35,6,15,0,2,0,0,0,4,0,0,0,0,0.0,0.8,4.1363,2.585,0,1,0,0,0,0,0,0,0,0,0,0,0,-1
34,4,19,0,1,1,0,0,5,0,0,0,0,0.0,0.7647,3.8781,2.0,0,1,0,0,0,0,0,0,0,0,0,0,0,-1
23,6,6,0,1,0,0,0,3,0,0,0,0,0.0,0.7826,3.6753,1.9183,0,1,0,0,0,0,0,0,0,1,1,1,1,-1
28,3,14,0,1,0,0,0,4,0,0,0,0,0.0357,0.75,4.0216,1.585,0,1,0,0,0,0,1,0,0,0,0,0,0,-1
26,5,9,0,1,0,0,0,3,0,0,0,0,0.0,0.8077,3.8441,2.3219,0,1,0,0,0,0,0,0,0,0,0,0,0,-1
50,5,33,0,1,3,0,0,5,0,0,0,0,0.1,0.7,4.4371,2.3219,0,1,0,0,0,0,0,0,0,0,0,0,0,-1
42,17,13,0,1,2,0,0,4,0,0,0,0,0.0,0.8095,4.2228,3.6169,0,1,0,0,0,0,0,0,0,0,0,0,0,-1
21,5,5,0,1,0,0,0,3,0,0,0,0,0.0,0.7619,3.7849,2.3219,0,1,0,0,0,0,0,0,0,0,0,0,0,-1
29,14,2,0,3,0,0,0,3,0,0,0,0,0.5517,0.1724,3.7194,2.5027,0,0,1,1,0,0,1,0,0,0,0,0,0,-1
68,13,48,0,4,1,1,0,5,0,0,0,0,0.4559,0.3676,4.3478,2.5654,0,0,1,0,0,0,1,0,0,0,0,0,0,-1
49,13,29,0,3,0,0,0,4,0,0,0,0,0.2245,0.6122,3.5987,2.6612,0,0,1,0,0,0,1,0,0,0,0,0,0,-1
33,11,10,0,1,0,0,0,3,0,0,0,0,0.0,0.8485,4.165,3.2776,0,1,0,0,0,0,0,0,0,0,0,0,0,-1
30,15,2,0,3,0,0,0,3,0,0,0,0,0.5667,0.1667,3.7777,2.5493,0,0,1,1,0,0,1,0,0,0,0,0,0,-1
27,10,5,0,1,0,0,0,3,0,0,0,0,0.0,0.8148,3.7821,2.7219,0,1,0,0,0,0,0,0,0,0,0,0,0,-1
25,6,7,0,1,0,0,0,3,0,0,0,0,0.0,0.8,3.6733,2.2516,0,1,0,0,0,0,0,0,0,1,1,0,0,-1
32,12,7,0,4,0,0,0,3,0,0,0,0,0.4375,0.2812,4.0778,3.0221,0,0,1,1,0,0,1,0,0,0,0,0,0,-1
42,3,27,0,1,2,0,0,5,0,0,0,0,0.1429,0.6429,4.3657,1.585,0,1,0,0,0,0,0,0,0,0,0,0,0,-1
28,13,2,0,3,0,0,0,3,0,0,0,0,0.5357,0.1786,3.8424,3.027,0,0,1,1,0,0,1,0,0,0,0,0,0,-1
52,7,33,0,1,3,0,0,5,0,0,0,0,0.0962,0.7115,4.496,2.8074,0,1,0,0,0,0,0,0,0,0,0,0,0,-1
64,8,37,0,2,4,0,0,3,0,0,0,0,0.375,0.4688,4.6617,2.5,1,1,0,0,0,0,0,0,0,0,0,0,0,-1
37,13,12,0,4,0,1,0,3,0,0,0,0,0.4054,0.3243,4.0981,2.7193,0,0,1,1,0,0,1,0,0,0,0,0,0,-1
33,13,7,0,4,0,0,0,3,0,0,0,0,0.4545,0.2727,3.7377,2.3535,0,0,1,1,0,0,1,0,0,0,0,0,0,-1
33,8,14,0,1,0,0,0,4,0,0,0,0,0.0,0.8182,3.8849,2.4056,0,1,0,0,0,0,0,0,0,0,0,0,0,-1
69,10,47,0,2,4,0,0,4,0,0,0,0,0.3188,0.5217,4.7024,3.3219,0,0,0,0,0,0,0,0,0,1,1,0,0,-1
33,7,14,0,1,0,0,0,4,0,0,0,0,0.1212,0.697,4.4155,2.8074,0,1,0,0,0,0,0,0,0,0,0,0,0,-1
37,12,13,0,1,0,0,0,4,0,0,0,0,0.0,0.8378,3.8642,3.085,0,1,0,0,0,0,0,0,0,0,0,0,0,-1
25,5,8,0,1,0,0,0,3,0,0,0,0,0.0,0.8,3.6431,2.3219,0,1,0,0,0,0,0,0,0,0,0,0,0,-1
37,12,18,0,4,0,0,0,3,0,0,0,0,0.3243,0.4595,4.3038,2.4591,0,0,1,0,0,0,1,0,0,0,0,0,0,-1
35,7,0,12,1,0,0,0,2,1,0,0,1,0.0,0.8286,4.1043,2.8074,0,1,0,0,0,0,0,0,0,0,0,0,0,-1
34,14,7,0,4,0,0,0,3,0,0,0,0,0.4706,0.2647,3.9591,2.4956,0,0,1,1,0,0,1,0,0,0,0,0,0,-1
37,6,19,0,1,1,0,0,5,0,0,0,0,0.0,0.7838,4.0006,1.9183,0,1,0,0,0,0,0,0,0,0,0,0,0,-1
34,14,7,0,4,0,0,0,3,0,0,0,0,0.4706,0.2647,3.9254,2.6106,0,0,1,1,0,0,1,0,0,0,0,0,0,-1
38,5,15,0,3,0,1,0,3,0,0,0,0,0.2105,0.5789,4.4316,2.3219,1,1,0,0,0,0,1,0,0,0,0,0,0,-1
49,13,29,0,4,0,0,0,5,0,0,0,0,0.4082,0.3878,4.546,2.4493,0,0,1,0,0,0,1,0,0,0,0,0,0,-1
44,10,18,0,2,0,0,0,4,0,0,0,0,0.0909,0.7273,4.1635,2.7219,0,0,0,1,0,0,0,0,0,0,0,0,0,-1
84,14,58,0,4,4,0,0,5,0,0,0,0,0.0833,0.75,4.3697,3.5216,0,1,0,0,0,0,0,0,0,0,0,0,0,-1
29,7,10,0,1,0,0,0,3,0,0,0,0,0.0,0.8276,3.6595,2.5216,0,1,0,0,0,0,0,0,0,0,0,0,0,-1
68,13,48,0,4,1,1,0,5,0,0,0,0,0.4559,0.3676,4.3961,2.5654,0,0,1,0,0,0,1,0,0,0,0,0,0,-1
39,5,20,0,2,0,0,0,4,0,0,0,0,0.0,0.8205,3.9234,1.9219,0,1,0,0,0,0,0,0,0,0,0,0,0,-1
24,3,9,0,1,0,0,0,3,0,0,0,0,0.0,0.7917,3.8554,1.585,0,1,0,0,0,0,0,0,0,0,0,0,0,-1
87,28,47,0,2,8,0,0,4,0,0,0,0,0.2644,0.5632,4.7831,3.6281,0,0,0,0,0,0,0,0,0,1,1,0,0,-1
46,24,10,0,1,3,0,0,3,0,0,0,0,0.0,0.8261,4.1563,3.6887,0,1,0,0,0,0,0,0,0,0,0,0,0,-1
35,12,11,0,1,0,0,0,4,0,0,0,0,0.0,0.8286,3.843,3.2516,0,1,0,0,0,0,0,0,0,0,0,0,0,-1
32,8,12,0,1,0,0,0,4,0,0,0,0,0.0938,0.7188,4.2264,2.75,0,1,0,0,0,0,0,0,0,0,0,0,0,-1
90,8,70,0,1,1,0,0,4,0,0,0,0,0.5111,0.4111,4.5965,3.0,0,1,0,0,0,0,1,0,0,0,0,0,0,-1
221,14,200,0,4,0,0,0,3,0,0,0,0,0.362,0.6018,4.5603,2.8963,0,0,1,0,0,0,1,0,0,0,0,0,0,-1
88,26,47,0,2,6,0,0,4,0,0,0,0,0.1818,0.6705,4.6401,3.8441,0,1,0,0,0,0,0,0,0,1,1,0,0,-1
29,13,9,0,4,0,0,0,3,0,0,0,0,0.3448,0.3793,3.8573,2.6032,0,0,1,0,0,0,1,0,0,0,0,0,0,-1
44,6,26,0,1,1,0,0,6,0,0,0,0,0.0,0.7955,4.2656,2.585,0,1,0,0,0,0,0,0,0,0,0,0,0,-1
22,5,5,0,1,0,0,0,3,0,0,0,0,0.0,0.7727,3.5726,2.3219,0,1,0,0,0,0,0,0,0,0,0,0,0,-1
27,13,7,0,3,0,0,0,3,0,0,0,0,0.4074,0.3333,4.0323,2.7193,0,0,1,0,0,0,1,0,0,0,0,0,0,-1
21,4,6,0,1,0,0,0,3,0,0,0,0,0.0,0.7619,3.4633,2.0,0,1,0,0,0,0,0,0,0,0,0,0,0,-1
28,13,2,0,3,0,0,0,3,0,0,0,0,0.5357,0.1786,3.5122,2.4116,0,0,1,1,0,0,1,0,0,0,0,0,0,-1
76,11,1,42,2,4,0,0,3,1,0,0,1,0.4079,0.4342,4.6057,2.5949,1,1,0,0,0,0,1,0,0,0,0,0,0,-1
35,15,8,0,1,0,0,0,3,0,0,0,0,0.0,0.8571,3.8186,3.2402,0,1,0,0,0,0,0,0,0,0,0,0,0,-1
34,6,2,13,1,0,0,0,3,1,0,0,1,0.0,0.7647,4.0653,2.2516,0,1,0,0,0,0,0,0,0,0,0,0,0,-1
26,13,6,0,3,0,0,0,4,0,0,0,0,0.3846,0.3077,3.7962,2.8151,0,0,1,0,0,1,1,0,0,0,0,0,0,-1
19,3,5,0,1,0,0,0,3,0,0,0,0,0.0,0.7368,3.7871,1.585,0,1,0,0,0,0,0,0,0,0,0,0,0,-1
32,8,0,12,1,0,0,0,2,1,0,0,1,0.0,0.8125,4.1792,2.5,0,1,0,0,0,0,0,0,0,0,0,0,0,-1
23,3,8,0,1,0,0,0,3,0,0,0,0,0.0,0.7826,3.7294,1.585,0,1,0,0,0,0,0,0,0,1,1,0,0,-1
40,7,22,0,1,1,0,0,5,0,0,0,0,0.175,0.625,4.1062,2.8074,0,1,0,0,0,0,1,0,0,0,0,0,0,-1
47,21,14,0,1,1,0,0,4,0,0,0,0,0.0,0.8511,4.3149,3.8802,0,1,0,0,0,0,0,0,0,0,0,0,0,-1
29,14,2,0,3,0,0,0,3,0,0,0,0,0.5517,0.1724,3.7454,2.4138,0,0,1,1,0,0,1,0,0,0,0,0,0,-1
28,13,2,0,3,0,0,0,3,0,0,0,0,0.5357,0.1786,3.5122,2.4116,0,0,1,1,0,0,1,0,0,0,0,0,0,-1
42,12,18,0,4,0,0,0,4,0,0,0,0,0.3095,0.4524,4.3088,2.6887,0,0,1,1,0,0,1,0,0,0,0,0,0,-1
41,7,0,21,1,0,0,0,2,2,1,0,1,0.0,0.8049,4.3083,2.5216,0,1,0,0,0,0,0,0,0,0,0,0,0,-1
31,11,7,0,4,0,0,0,3,0,0,0,0,0.4194,0.2903,3.9621,2.4817,0,0,1,1,0,0,1,0,0,0,0,0,0,-1
83,14,1,42,2,5,0,0,3,1,0,0,1,0.2651,0.5783,4.8495,3.2359,1,1,0,0,0,0,0,0,0,0,0,0,0,-1
34,7,15,0,1,0,0,0,4,0,0,0,0,0.0,0.8235,3.7856,2.8074,0,1,0,0,0,0,0,0,0,0,0,0,0,-1
33,13,7,0,4,0,0,0,3,0,0,0,0,0.4545,0.2727,4.0289,2.6612,0,0,1,1,0,0,1,0,0,0,0,0,0,-1
25,11,7,0,3,0,0,0,3,0,0,0,0,0.44,0.28,3.8333,2.5949,0,0,1,0,0,0,1,0,0,0,0,0,0,-1
29,14,2,0,3,0,0,0,3,0,0,0,0,0.5517,0.1724,3.2747,2.217,0,0,1,1,0,0,1,0,0,0,0,0,0,-1
25,13,5,0,3,0,0,0,3,0,0,0,0,0.4,0.32,3.9435,2.8731,0,0,1,0,0,0,1,0,0,0,0,0,0,-1
39,11,7,8,1,0,0,0,3,1,0,0,1,0.0,0.8205,4.0285,2.8454,0,1,0,0,0,0,0,0,0,0,0,0,0,-1
33,10,7,0,1,0,0,0,3,0,0,0,0,0.0,0.8485,3.6196,2.7219,0,1,0,0,0,0,0,0,0,1,1,0,0,-1
42,6,24,0,1,0,0,0,5,0,0,0,0,0.0476,0.7857,4.2525,2.585,0,1,0,0,0,0,1,0,0,1,1,0,0,-1
24,13,4,0,3,0,0,0,3,0,0,0,0,0.5,0.2083,3.7721,2.8731,0,0,1,0,0,0,1,0,0,0,0,0,0,-1
34,14,7,0,4,0,0,0,3,0,0,0,0,0.4706,0.2647,3.9842,2.6456,0,0,1,1,0,0,1,0,0,0,0,0,0,-1
39,13,19,0,4,0,0,0,3,0,0,0,0,0.3077,0.4872,4.5287,2.6612,0,0,1,0,0,0,1,0,0,0,0,0,0,-1
39,6,21,0,1,0,0,0,5,0,0,0,0,0.1282,0.6923,4.0872,2.2516,0,1,0,0,0,0,0,0,0,0,0,0,0,-1
89,6,71,0,2,4,0,0,9,0,0,0,0,0.0225,0.7978,4.4669,2.585,0,1,0,0,0,0,0,0,0,0,0,0,0,-1
30,13,10,0,4,0,0,0,3,0,0,0,0,0.3333,0.4,4.0566,2.8151,0,0,1,0,0,0,1,0,0,0,0,0,0,-1
28,15,6,0,4,0,0,0,3,0,0,0,0,0.4643,0.25,3.5531,2.4989,0,0,1,0,0,0,1,0,0,0,0,0,0,-1
36,4,20,0,1,0,0,0,5,0,0,0,0,0.0,0.8056,4.2499,2.0,0,1,0,0,0,0,0,0,0,1,1,0,0,-1
79,9,48,0,3,4,0,0,4,0,0,0,0,0.2785,0.5696,4.7568,2.9477,1,1,0,0,0,0,0,0,0,0,0,0,0,-1
21,4,5,0,1,0,0,0,3,0,0,0,0,0.0,0.7619,3.6897,2.0,0,1,0,0,0,0,0,0,0,0,0,0,0,-1
25,7,6,0,1,0,0,0,3,0,0,0,0,0.0,0.8,3.6235,2.8074,0,1,0,0,0,0,0,0,0,0,0,0,0,-1
68,13,48,0,4,1,1,0,5,0,0,0,0,0.4412,0.3824,4.3431,2.5654,0,0,1,0,0,0,1,0,0,0,0,0,0,-1
32,6,12,0,2,0,0,0,4,0,0,0,0,0.0938,0.6875,4.1639,2.2516,0,1,0,0,0,0,0,0,0,0,0,0,0,-1
28,13,2,0,3,0,0,0,3,0,0,0,0,0.5357,0.1786,3.8249,2.7193,0,0,1,1,0,0,1,0,0,0,0,0,0,-1
30,6,10,0,2,0,0,0,3,0,0,0,0,0.0,0.8,3.9232,1.9183,0,1,0,0,0,0,0,0,0,1,1,1,1,-1
27,13,7,0,3,0,0,0,4,0,0,0,0,0.4074,0.2963,3.8842,2.8731,0,0,1,0,0,0,1,0,0,0,0,0,0,-1
68,13,48,0,4,1,1,0,5,0,0,0,0,0.3676,0.4559,4.4513,2.5654,0,0,1,0,0,0,1,0,0,0,0,0,0,-1
24,13,4,0,3,0,0,0,3,0,0,0,0,0.4167,0.2917,3.7721,2.8731,0,0,1,0,0,0,1,0,0,0,0,0,0,-1
32,12,7,0,4,0,0,0,3,0,0,0,0,0.4375,0.2812,4.0778,2.8554,0,0,1,1,0,0,1,0,0,0,0,0,0,-1
35,12,16,0,4,0,0,0,4,0,0,0,0,0.3143,0.4286,4.1934,2.8554,0,0,1,0,0,0,1,0,0,0,0,0,0,-1
33,11,10,0,1,0,0,0,3,0,0,0,0,0.0,0.8485,3.9226,3.2776,0,1,0,0,0,0,0,0,0,0,0,0,0,-1
45,9,24,0,1,0,0,0,5,0,0,0,0,0.0,0.8444,4.2167,3.1699,0,1,0,0,0,0,0,0,0,1,1,0,0,-1
34,14,7,0,4,0,0,0,3,0,0,0,0,0.4706,0.2647,4.0064,2.6106,0,0,1,1,0,0,1,0,0,0,0,0,0,-1
23,4,0,6,1,0,0,0,2,1,0,0,1,0.0435,0.6957,4.1757,2.0,0,1,0,0,0,0,0,0,0,0,0,0,0,-1
23,6,5,0,1,0,0,0,3,0,0,0,0,0.0,0.7826,3.882,2.2516,0,1,0,0,0,0,0,0,0,0,0,0,0,-1
25,5,8,0,1,0,0,0,3,0,0,0,0,0.0,0.8,3.6391,1.371,0,1,0,0,0,0,0,0,0,0,0,0,0,-1
30,9,9,0,1,0,0,0,3,0,0,0,0,0.0,0.8333,3.9647,3.1699,0,1,0,0,0,0,0,0,0,0,0,0,0,-1
29,13,4,0,1,0,0,0,3,0,0,0,0,0.0,0.8276,3.8404,3.027,0,1,0,0,0,0,0,0,0,0,0,0,0,-1
27,12,2,0,3,0,0,0,3,0,0,0,0,0.5185,0.1852,3.708,2.8554,0,0,1,1,0,0,1,0,0,0,0,0,0,-1
31,6,0,12,1,0,0,0,2,1,0,0,1,0.0,0.8065,4.0668,1.9183,0,1,0,0,0,0,0,0,0,0,0,0,0,-1
37,5,20,0,3,0,0,0,5,0,0,0,0,0.0811,0.6757,4.1114,2.3219,0,1,0,0,0,0,0,0,0,0,0,0,0,-1
25,13,5,0,3,0,0,0,3,0,0,0,0,0.4,0.32,3.8635,2.8731,0,0,1,0,0,0,1,0,0,0,0,0,0,-1
34,14,7,0,4,0,0,0,3,0,0,0,0,0.4706,0.2647,4.0209,2.8424,0,0,1,1,0,0,1,0,0,0,0,0,0,-1
29,3,14,0,1,0,0,0,4,0,0,0,0,0.1724,0.6207,4.3063,1.585,0,1,0,0,0,0,0,0,0,0,0,0,0,-1
27,12,2,0,3,0,0,0,3,0,0,0,0,0.5185,0.1852,3.6023,2.6258,0,0,1,1,0,0,1,0,0,0,0,0,0,-1
29,14,2,0,3,0,0,0,3,0,0,0,0,0.5517,0.1724,3.578,2.5567,0,0,1,1,0,0,1,0,0,0,0,0,0,-1
33,13,13,0,3,0,0,0,4,0,0,0,0,0.303,0.4545,4.1273,2.6612,0,0,1,0,0,0,1,0,0,0,0,0,0,-1
87,25,47,0,2,6,0,0,4,0,0,0,0,0.2414,0.6092,4.6936,3.8635,0,1,0,0,0,0,0,0,0,1,1,0,0,-1
36,15,9,0,1,0,0,0,4,0,0,0,0,0.0,0.8333,4.0515,3.3736,0,1,0,0,0,0,0,0,0,0,0,0,0,-1
24,13,4,0,3,0,0,0,3,0,0,0,0,0.4167,0.2917,3.7721,2.8731,0,0,1,0,0,0,1,0,0,0,0,0,0,-1
30,13,10,0,3,0,0,0,4,0,0,0,0,0.3333,0.4,4.0151,2.8731,0,0,1,0,0,0,1,0,0,0,0,0,0,-1
20,3,6,0,1,0,0,0,3,0,0,0,0,0.0,0.75,3.4087,1.585,0,1,0,0,0,0,0,0,0,0,0,0,0,-1
28,13,2,0,3,0,0,0,3,0,0,0,0,0.5357,0.1786,3.5567,2.7193,0,0,1,1,0,0,1,0,0,0,0,0,0,-1
64,9,37,0,2,4,0,0,3,0,0,0,0,0.2344,0.6094,4.7105,2.9477,1,1,0,0,0,0,0,0,0,0,0,0,0,-1
25,14,4,0,3,0,0,0,3,0,0,0,0,0.44,0.28,3.8031,2.7885,0,0,1,0,0,0,1,0,0,0,0,0,0,-1
25,11,7,0,3,0,0,0,3,0,0,0,0,0.56,0.16,3.6235,2.5949,0,0,1,0,0,0,1,0,0,0,0,0,0,-1
38,18,9,0,1,0,0,0,3,0,0,0,0,0.0,0.8684,4.0208,3.281,0,1,0,0,0,0,0,0,0,0,0,0,0,-1
38,3,20,0,2,0,0,0,5,0,0,0,0,0.0,0.7895,4.3039,1.585,0,1,0,0,0,0,0,0,0,1,1,0,0,-1
29,14,2,0,3,0,0,0,3,0,0,0,0,0.5517,0.1724,3.6504,2.6385,0,0,1,1,0,0,1,0,0,0,0,0,0,-1
30,15,2,0,3,0,0,0,3,0,0,0,0,0.5667,0.1667,3.6729,2.9232,0,0,1,1,0,0,1,0,0,0,0,0,0,-1
29,12,6,0,1,0,0,0,3,0,0,0,0,0.0,0.8276,3.8833,2.7516,0,1,0,0,0,0,0,0,0,0,0,0,0,-1
22,10,0,0,1,0,0,0,2,0,0,0,0,0.0,0.8182,3.6978,3.1219,0,1,0,0,0,0,0,0,0,0,0,0,0,-1
25,11,7,0,3,0,0,0,3,0,0,0,0,0.48,0.24,3.8333,2.5949,0,0,1,0,0,0,1,0,0,0,0,0,0,-1
24,13,4,0,3,0,0,0,3,0,0,0,0,0.4167,0.2917,3.7721,2.8731,0,0,1,0,0,0,1,0,0,0,0,0,0,-1
40,23,6,0,1,0,0,0,3,0,0,0,0,0.0,0.875,4.0251,3.4801,0,1,0,0,0,0,0,0,0,0,0,0,0,-1
24,3,10,0,1,0,0,0,3,0,0,0,0,0.0,0.7917,3.6054,1.585,0,1,0,0,0,0,0,0,0,0,0,0,0,-1
31,6,0,12,1,0,0,0,2,1,0,0,1,0.0,0.8065,4.1313,1.9183,0,1,0,0,0,0,0,0,0,0,0,0,0,-1
38,6,20,0,1,0,0,0,5,0,0,0,0,0.0,0.8158,4.2711,2.2516,0,1,0,0,0,0,0,0,0,1,1,0,0,-1
25,11,7,0,3,0,0,0,3,0,0,0,0,0.48,0.24,3.8031,2.5949,0,0,1,0,0,0,1,0,0,0,0,0,0,-1
28,13,2,0,3,0,0,0,3,0,0,0,0,0.5357,0.1786,3.8249,2.8731,0,0,1,1,0,0,1,0,0,0,0,0,0,-1
33,5,17,0,1,1,0,0,4,0,0,0,0,0.1515,0.6364,4.0438,1.9219,0,1,0,0,0,0,1,0,0,0,0,0,0,-1
29,12,5,0,3,0,0,0,3,0,0,0,0,0.5517,0.1724,3.7194,2.6258,0,0,1,1,0,0,1,0,0,0,0,0,0,-1
33,13,7,0,4,0,0,0,3,0,0,0,0,0.4545,0.2727,4.0061,2.8731,0,0,1,1,0,0,1,0,0,0,0,0,0,-1
27,12,2,0,3,0,0,0,3,0,0,0,0,0.5185,0.1852,3.5781,2.4591,0,0,1,1,0,0,1,0,0,0,0,0,0,-1
25,5,8,0,1,0,0,0,3,0,0,0,0,0.0,0.8,3.5933,1.9219,0,1,0,0,0,0,0,0,0,1,1,0,0,-1
31,13,6,0,1,0,0,0,3,0,0,0,0,0.0,0.8387,3.889,3.0851,0,1,0,0,0,0,0,0,0,0,0,0,0,-1
34,13,14,0,4,0,0,0,4,0,0,0,0,0.2941,0.4412,4.3228,3.027,0,0,1,0,0,0,1,0,0,0,0,0,0,-1
23,6,5,0,1,0,0,0,3,0,0,0,0,0.0,0.7826,3.7081,2.585,0,1,0,0,0,0,0,0,0,0,0,0,0,-1
25,8,5,0,1,0,0,0,3,0,0,0,0,0.0,0.8,3.9133,2.75,0,1,0,0,0,0,0,0,0,0,0,0,0,-1
38,8,19,0,2,0,0,0,4,0,0,0,0,0.0,0.8158,3.9354,2.75,0,0,0,0,0,0,0,0,0,0,0,0,0,-1
68,13,48,0,4,1,1,0,5,0,0,0,0,0.4265,0.3971,4.4219,2.5654,0,0,1,0,0,0,1,0,0,0,0,0,0,-1
26,9,5,0,1,0,0,0,3,0,0,0,0,0.0,0.8077,3.7483,2.6416,0,1,0,0,0,0,0,0,0,0,0,0,0,-1
34,3,20,0,1,0,0,0,4,0,0,0,0,0.0,0.8235,3.8888,1.585,0,1,0,0,0,0,0,0,0,0,0,0,0,-1
21,6,4,0,1,0,0,0,3,0,0,0,0,0.0,0.7619,3.5945,2.585,0,1,0,0,0,0,0,0,0,0,0,0,0,-1
29,14,8,0,4,0,0,0,3,0,0,0,0,0.4138,0.3103,3.8404,2.7534,0,0,1,0,0,0,1,0,0,0,0,0,0,-1
29,14,2,0,3,0,0,0,3,0,0,0,0,0.5517,0.1724,3.8313,2.8424,0,0,1,1,0,0,1,0,0,0,0,0,0,-1
34,14,7,0,4,0,0,0,3,0,0,0,0,0.4706,0.2647,3.8414,2.4956,0,0,1,1,0,0,1,0,0,0,0,0,0,-1
44,8,24,0,1,0,0,0,5,0,0,0,0,0.0,0.8409,4.0166,2.5,0,1,0,0,0,0,0,0,0,1,1,0,0,-1
34,16,6,0,1,0,0,0,3,0,0,0,0,0.0,0.8529,3.7604,3.2028,0,1,0,0,0,0,0,0,0,1,1,0,0,-1
49,13,29,0,4,0,0,0,5,0,0,0,0,0.4286,0.3673,4.4744,2.4493,0,0,1,0,0,0,1,0,0,0,0,0,0,-1
36,8,2,13,1,0,0,0,3,1,0,0,1,0.0,0.7778,4.0833,2.1556,0,1,0,0,0,0,0,0,0,0,0,0,0,-1
28,11,5,0,1,0,0,0,3,0,0,0,0,0.0,0.8214,3.8249,3.0272,0,1,0,0,0,0,0,0,0,0,0,0,0,-1
33,4,17,0,1,0,0,0,4,0,0,0,0,0.0,0.8182,4.0667,2.0,0,1,0,0,0,0,0,0,0,0,0,0,0,-1
64,9,37,0,2,4,0,0,3,0,0,0,0,0.3906,0.4531,4.5798,2.7255,1,1,0,0,0,0,1,0,0,0,0,0,0,-1
45,11,0,21,1,0,0,0,2,2,1,0,1,0.0,0.8222,4.447,3.0958,0,1,0,0,0,0,0,0,0,0,0,0,0,-1
36,16,8,0,1,0,0,0,3,0,0,0,0,0.0,0.8611,4.0651,3.625,0,1,0,0,0,0,0,0,0,0,0,0,0,-1
29,12,6,0,1,0,0,0,3,0,0,0,0,0.0,0.8276,3.9228,2.9183,0,1,0,0,0,0,0,0,0,0,0,0,0,-1
26,8,6,0,1,0,0,0,3,0,0,0,0,0.0,0.8077,4.027,2.75,0,1,0,0,0,0,0,0,0,0,0,0,0,-1
49,12,14,10,1,0,2,0,4,1,0,0,1,0.1429,0.6531,4.7113,3.0221,0,1,0,0,0,0,0,0,0,0,0,0,0,-1
33,12,9,0,4,0,0,0,3,0,0,0,0,0.4848,0.2424,3.7755,2.6887,0,0,1,1,0,0,1,0,0,0,0,0,0,-1
28,13,2,0,3,0,0,0,3,0,0,0,0,0.5357,0.1786,3.744,2.6612,0,0,1,1,0,0,1,0,0,0,0,0,0,-1
27,12,2,0,3,0,0,0,3,0,0,0,0,0.5185,0.1852,3.7821,2.5221,0,0,1,1,0,0,1,0,0,0,0,0,0,-1
82,9,48,0,3,4,0,0,4,0,0,0,0,0.2561,0.5976,4.816,2.9477,1,1,0,0,0,0,0,0,0,0,0,0,0,-1
24,13,4,0,3,0,0,0,3,0,0,0,0,0.4167,0.2917,3.8554,2.8731,0,0,1,0,0,0,1,0,0,0,0,0,0,-1
28,13,2,0,3,0,0,0,3,0,0,0,0,0.5357,0.1786,3.5567,2.2878,0,0,1,1,0,0,1,0,0,0,0,0,0,-1
24,2,11,0,1,0,0,0,4,0,0,0,0,0.0,0.75,3.7516,1.0,0,1,0,0,0,0,0,0,0,0,0,0,0,-1
30,15,2,0,3,0,0,0,3,0,0,0,0,0.5667,0.1667,3.8314,2.9232,0,0,1,1,0,0,1,0,0,0,0,0,0,-1
35,14,9,0,1,0,0,0,3,0,0,0,0,0.0,0.8571,3.9002,3.2359,0,1,0,0,0,0,0,0,0,0,0,0,0,-1
35,6,17,0,1,1,0,0,4,0,0,0,0,0.0,0.8,3.8786,2.2516,0,1,0,0,0,0,0,0,0,0,0,0,0,-1
26,9,5,0,1,0,0,0,3,0,0,0,0,0.0,0.8077,3.8441,2.9477,0,1,0,0,0,0,0,0,0,0,0,0,0,-1
36,7,15,0,2,0,0,0,4,0,0,0,0,0.0,0.8056,3.5941,2.2359,0,1,0,0,0,0,0,0,0,0,0,0,0,-1
27,12,2,0,3,0,0,0,3,0,0,0,0,0.5185,0.1852,3.6801,2.6258,0,0,1,1,0,0,1,0,0,0,0,0,0,-1
26,5,10,0,1,0,0,0,3,0,0,0,0,0.0,0.8077,3.6903,2.3219,0,1,0,0,0,0,0,0,0,0,0,0,0,-1
26,6,9,0,1,0,0,0,3,0,0,0,0,0.0,0.8077,3.8731,2.2516,0,1,0,0,0,0,0,0,0,0,0,0,0,-1
39,3,24,0,1,0,0,0,5,0,0,0,0,0.0,0.8205,4.1091,1.585,0,1,0,0,0,0,0,0,0,1,1,0,0,-1
41,7,22,0,1,1,0,0,5,0,0,0,0,0.1463,0.6585,3.9948,2.8074,0,1,0,0,0,0,0,0,0,0,0,0,0,-1
32,14,11,0,4,0,0,0,4,0,0,0,0,0.3438,0.375,4.1403,2.7885,0,0,1,0,0,0,1,0,0,0,0,0,0,-1
85,22,47,0,2,4,0,0,4,0,0,0,0,0.2588,0.6118,4.8339,3.3565,0,1,0,0,0,0,0,0,0,1,1,0,0,-1
28,13,2,0,3,0,0,0,3,0,0,0,0,0.5357,0.1786,3.6106,2.5074,0,0,1,1,0,0,1,0,0,0,0,0,0,-1
28,13,2,0,3,0,0,0,3,0,0,0,0,0.5357,0.1786,3.6726,2.6612,0,0,1,1,0,0,1,0,0,0,0,0,0,-1
52,6,19,0,2,0,0,0,4,0,0,0,0,0.0,0.8654,4.1738,1.9183,1,1,0,0,0,0,0,0,0,1,1,1,0,-1
39,8,19,0,1,0,0,0,4,0,0,0,0,0.0,0.8462,4.2336,3.0,0,1,0,0,0,0,0,0,0,0,0,0,0,-1
43,9,0,21,1,0,0,0,2,2,1,0,1,0.0,0.814,4.3389,2.7255,0,1,0,0,0,0,0,0,0,0,0,0,0,-1
29,14,8,0,4,0,0,0,3,0,0,0,0,0.3793,0.3448,3.8664,2.7534,0,0,1,0,0,0,1,0,0,0,0,0,0,-1
31,11,6,0,2,0,0,0,3,0,0,0,0,0.0,0.8065,4.0181,2.7322,0,1,0,0,0,0,0,0,0,0,0,0,0,-1
48,4,33,0,1,3,0,0,5,0,0,0,0,0.1042,0.6875,4.3559,2.0,0,1,0,0,0,0,0,0,0,0,0,0,0,-1
33,13,7,0,4,0,0,0,3,0,0,0,0,0.4545,0.2727,4.0289,2.8731,0,0,1,1,0,0,1,0,0,0,0,0,0,-1
25,4,9,0,1,0,0,0,3,0,0,0,0,0.08,0.72,4.0235,2.0,0,1,0,0,0,0,1,0,0,0,0,0,0,-1
27,13,2,0,3,0,0,0,3,0,0,0,0,0.5185,0.1852,3.5599,2.4116,0,0,1,1,0,0,1,0,0,0,0,0,0,-1
34,14,7,0,4,0,0,0,3,0,0,0,0,0.4706,0.2647,3.8781,2.6106,0,0,1,1,0,0,1,0,0,0,0,0,0,-1
32,12,7,0,4,0,0,0,3,0,0,0,0,0.4375,0.2812,3.9917,2.6258,0,0,1,1,0,0,1,0,0,0,0,0,0,-1
38,12,14,0,1,0,0,0,4,0,0,0,0,0.0,0.8421,3.8725,3.2516,0,1,0,0,0,0,0,0,0,0,0,0,0,-1
25,8,5,0,1,0,0,0,3,0,0,0,0,0.0,0.8,3.7337,2.75,0,1,0,0,0,0,0,0,0,0,0,0,0,-1
25,6,8,0,1,0,0,0,3,0,0,0,0,0.0,0.8,3.8031,1.9183,0,1,0,0,0,0,0,0,0,2,1,1,1,-1
37,7,7,10,1,0,0,0,3,1,0,0,1,0.0,0.8108,4.1753,2.5216,0,1,0,0,0,0,0,0,0,0,0,0,0,-1
36,13,11,0,2,0,0,0,3,0,0,0,0,0.0,0.8333,3.9512,2.9312,0,1,0,0,0,0,0,0,0,0,0,0,0,-1
36,3,21,0,1,0,0,0,5,0,0,0,0,0.1389,0.6667,4.0941,1.585,0,1,0,0,0,0,0,0,0,0,0,0,0,-1
44,10,22,0,1,0,1,0,4,0,0,0,0,0.0,0.8409,4.2805,2.8464,0,1,0,0,0,0,0,0,0,0,0,0,0,-1
33,13,7,0,4,0,0,0,3,0,0,0,0,0.4545,0.2727,3.9226,2.7193,0,0,1,1,0,0,1,0,0,0,0,0,0,-1
31,14,10,0,3,0,0,0,4,0,0,0,0,0.3871,0.3548,4.1958,2.9852,0,0,1,0,0,0,1,0,0,0,0,0,0,-1
31,11,7,0,4,0,0,0,3,0,0,0,0,0.4194,0.2903,4.0911,2.8454,0,0,1,1,0,0,1,0,0,0,0,0,0,-1
32,6,14,0,1,0,0,0,4,0,0,0,0,0.2188,0.5938,4.4139,2.2516,0,1,0,0,0,0,1,0,0,0,0,0,0,-1
64,10,37,0,2,4,0,0,3,0,0,0,0,0.2656,0.5781,4.611,2.5219,1,1,0,0,0,0,0,0,0,0,0,0,0,-1
31,10,10,0,1,0,0,0,4,0,0,0,0,0.1613,0.6452,3.9102,2.3219,0,0,0,0,0,0,1,0,0,0,0,0,0,-1
25,14,4,0,3,0,0,0,3,0,0,0,0,0.44,0.28,3.5329,2.306,0,0,1,0,0,0,1,0,0,0,0,0,0,-1
35,15,7,0,4,0,0,0,3,0,0,0,0,0.4857,0.2571,3.8046,2.6566,0,0,1,1,0,0,1,0,0,0,0,0,0,-1
28,13,2,0,3,0,0,0,3,0,0,0,0,0.5357,0.1786,3.6959,2.2878,0,0,1,1,0,0,1,0,0,0,0,0,0,-1
28,6,9,0,1,0,0,0,3,0,0,0,0,0.0,0.8214,4.0661,2.2516,0,1,0,0,0,0,0,0,0,1,1,1,1,-1
29,14,2,0,3,0,0,0,3,0,0,0,0,0.5517,0.1724,3.6244,2.4956,0,0,1,1,0,0,1,0,0,0,0,0,0,-1
33,6,15,0,1,0,0,0,4,0,0,0,0,0.0,0.8182,3.7865,2.585,0,1,0,0,0,0,0,0,0,0,0,0,0,-1
23,6,5,0,1,0,0,0,3,0,0,0,0,0.0,0.7826,3.5884,2.2516,0,1,0,0,0,0,0,0,0,0,0,0,0,-1
45,11,20,0,3,0,1,0,4,0,0,0,0,0.1333,0.6667,4.4302,2.6635,0,1,0,0,0,0,0,0,0,0,0,0,0,-1
70,5,1,42,2,4,0,0,3,1,0,0,1,0.3714,0.4571,4.597,2.3219,1,1,0,0,0,0,0,0,0,0,0,0,0,-1
29,14,2,0,3,0,0,0,3,0,0,0,0,0.5517,0.1724,3.5949,2.4138,0,0,1,1,0,0,1,0,0,0,0,0,0,-1
35,15,7,0,4,0,0,0,3,0,0,0,0,0.4857,0.2571,3.843,2.3656,0,0,1,1,0,0,1,0,0,0,0,0,0,-1
43,7,7,16,1,0,0,0,3,1,0,0,1,0.0,0.814,4.2023,2.5216,0,1,0,0,0,0,0,0,0,0,0,0,0,-1
27,7,8,0,1,0,0,0,3,0,0,0,0,0.037,0.7778,3.9023,2.8074,0,1,0,0,0,0,1,0,0,0,0,0,0,-1
67,11,37,0,2,4,0,0,3,0,0,0,0,0.2537,0.597,4.6796,3.2776,1,1,0,0,0,0,0,0,0,0,0,0,0,-1
34,6,2,13,1,0,0,0,3,1,0,0,1,0.0,0.7647,4.0431,2.2516,0,1,0,0,0,0,0,0,0,0,0,0,0,-1
36,13,11,0,3,0,1,0,3,0,0,0,0,0.3889,0.3611,4.2527,2.8151,0,0,1,1,0,0,1,0,0,0,0,0,0,-1
34,13,14,0,5,2,0,0,3,0,0,0,0,0.2941,0.3824,4.1134,2.8731,0,0,1,0,0,0,1,0,0,0,0,0,0,-1
31,2,11,0,3,0,0,0,3,0,0,0,0,0.0645,0.7097,4.0424,1.0,2,0,0,0,0,0,1,0,0,0,0,0,0,-1
35,15,7,0,4,0,0,0,3,0,0,0,0,0.4857,0.2571,3.8617,2.7396,0,0,1,1,0,0,1,0,0,0,0,0,0,-1
52,10,30,0,1,2,0,0,5,0,0,0,0,0.0962,0.7308,4.3634,2.7219,0,1,0,0,0,0,0,0,0,0,0,0,0,-1
30,12,6,0,3,0,0,0,3,0,0,0,0,0.5,0.2333,3.8314,2.6258,0,0,1,1,0,0,1,0,0,0,0,0,0,-1
33,10,12,0,1,0,0,0,3,0,0,0,0,0.0,0.8485,3.6771,2.9219,0,1,0,0,0,0,0,0,0,0,0,0,0,-1
33,16,5,0,1,0,0,0,3,0,0,0,0,0.0,0.8485,3.862,3.0778,0,1,0,0,0,0,0,0,0,0,0,0,0,-1
43,8,7,16,1,0,0,0,3,1,0,0,1,0.0,0.7907,4.3328,2.5,0,1,0,0,0,0,0,0,0,0,0,0,0,-1
30,12,7,0,1,0,0,0,3,0,0,0,0,0.0,0.8333,3.8062,2.9183,0,1,0,0,0,0,0,0,0,1,1,0,0,-1
42,11,19,0,1,1,0,0,5,0,0,0,0,0.0,0.8095,4.1869,3.2776,0,1,0,0,0,0,0,0,0,0,0,0,0,-1
33,13,7,0,4,0,0,0,3,0,0,0,0,0.4545,0.2727,4.0896,2.8151,0,0,1,1,0,0,1,0,0,0,0,0,0,-1
30,14,9,0,3,0,0,0,4,0,0,0,0,0.3667,0.3667,3.8981,2.6456,0,0,1,0,0,0,1,0,0,0,0,0,0,-1
23,4,0,6,1,0,0,0,2,1,0,0,1,0.0435,0.6957,4.0018,2.0,0,1,0,0,0,0,0,0,0,0,0,0,0,-1
22,3,7,0,1,0,0,0,3,0,0,0,0,0.0,0.7727,3.7888,1.585,0,1,0,0,0,0,0,0,0,1,1,0,0,-1
23,3,8,0,1,0,0,0,3,0,0,0,0,0.0,0.7826,3.6753,0.9183,0,1,0,0,0,0,0,0,0,0,0,0,0,-1
19,0,6,0,1,0,0,0,3,0,0,0,0,0.0,0.7368,3.6819,0.0,0,1,0,0,0,0,0,0,0,0,0,0,0,-1
36,8,2,13,1,0,0,0,3,1,0,0,1,0.0,0.7778,4.2601,2.75,0,1,0,0,0,0,0,0,0,0,0,0,0,-1
27,12,2,0,3,0,0,0,3,0,0,0,0,0.5185,0.1852,3.7821,2.6887,0,0,1,1,0,0,1,0,0,0,0,0,0,-1
35,9,14,0,1,0,0,0,4,0,0,0,0,0.1429,0.6857,4.3789,2.4194,0,1,0,0,0,0,0,0,0,0,0,0,0,-1
36,12,12,0,1,1,0,0,4,0,0,0,0,0.1111,0.6944,4.0095,2.8554,0,1,0,0,0,0,0,0,0,0,0,0,0,-1
34,14,7,0,4,0,0,0,3,0,0,0,0,0.4706,0.2647,3.9032,2.6456,0,0,1,1,0,0,1,0,0,0,0,0,0,-1
28,7,9,0,1,0,0,0,3,0,0,0,0,0.0,0.8214,3.9233,2.8074,0,1,0,0,0,0,0,0,0,0,0,0,0,-1
30,15,4,0,1,0,0,0,3,0,0,0,0,0.0,0.8333,3.8729,3.1899,0,0,0,0,0,0,0,0,0,0,0,0,0,-1
32,12,7,0,4,0,0,0,3,0,0,0,0,0.4375,0.2812,4.0778,2.5221,0,0,1,1,0,0,1,0,0,0,0,0,0,-1
22,5,5,0,1,0,0,0,3,0,0,0,0,0.0,0.7727,3.7888,2.3219,0,1,0,0,0,0,0,0,0,0,0,0,0,-1
34,14,7,0,4,0,0,0,3,0,0,0,0,0.4706,0.2647,4.0575,2.6995,0,0,1,1,0,0,1,0,0,0,0,0,0,-1
34,14,7,0,4,0,0,0,3,0,0,0,0,0.4706,0.2647,3.7004,2.0742,0,0,1,1,0,0,1,0,0,0,0,0,0,-1
40,12,21,0,4,0,0,0,4,0,0,0,0,0.275,0.5,3.8842,2.6258,0,0,1,0,0,0,1,0,0,0,0,0,0,-1
48,11,14,10,1,0,2,0,4,1,0,0,1,0.1458,0.6458,4.7878,3.2776,0,1,0,0,0,0,0,0,0,0,0,0,0,-1
23,2,6,0,2,0,0,0,3,0,0,0,0,0.0,0.7391,3.969,1.0,0,1,0,0,0,0,0,0,0,1,1,0,0,-1
28,13,2,0,3,0,0,0,3,0,0,0,0,0.5357,0.1786,3.655,2.4116,0,0,1,1,0,0,1,0,0,0,0,0,0,-1
37,11,15,0,1,0,0,0,4,0,0,0,0,0.0,0.8378,3.9254,3.0958,0,1,0,0,0,0,0,0,0,0,0,0,0,-1
22,3,8,0,1,0,0,0,3,0,0,0,0,0.0,0.7727,3.7544,1.585,0,1,0,0,0,0,0,0,0,1,1,0,0,-1
62,5,37,0,2,4,0,0,3,0,0,0,0,0.371,0.4677,4.7002,2.3219,1,1,0,0,0,0,0,0,0,0,0,0,0,-1
25,14,4,0,3,0,0,0,3,0,0,0,0,0.48,0.24,3.6431,2.6456,0,0,1,0,0,0,1,0,0,0,0,0,0,-1
25,14,4,0,3,0,0,0,3,0,0,0,0,0.44,0.28,3.9435,3.0391,0,0,1,0,0,0,1,0,0,0,0,0,0,-1
43,3,26,0,2,1,0,0,6,0,0,0,0,0.0,0.7674,4.1933,1.585,0,1,0,0,0,0,0,0,0,0,0,0,0,-1
38,16,10,0,1,0,0,0,3,0,0,0,0,0.0,0.8684,3.7352,3.0,0,1,0,0,0,0,0,0,0,0,0,0,0,-1
30,5,14,0,1,0,0,0,4,0,0,0,0,0.0,0.8,3.7899,2.3219,0,1,0,0,0,0,0,0,0,0,0,0,0,-1
34,14,7,0,4,0,0,0,3,0,0,0,0,0.4706,0.2647,4.0431,2.8963,0,0,1,1,0,0,1,0,0,0,0,0,0,-1
33,13,7,0,4,0,0,0,3,0,0,0,0,0.4545,0.2727,4.0667,2.6612,0,0,1,1,0,0,1,0,0,0,0,0,0,-1
30,14,9,0,4,0,0,0,3,0,0,0,0,0.4,0.3333,4.0817,3.0391,0,0,1,0,0,0,1,0,0,0,0,0,0,-1
28,7,9,0,1,0,0,0,3,0,0,0,0,0.0,0.8214,3.9677,2.8074,0,1,0,0,0,0,0,0,0,0,0,0,0,-1
36,8,2,13,1,0,0,0,3,1,0,0,1,0.0,0.7778,4.2045,2.75,0,1,0,0,0,0,0,0,0,0,0,0,0,-1
28,13,2,0,3,0,0,0,3,0,0,0,0,0.5357,0.1786,3.7534,2.6612,0,0,1,1,0,0,1,0,0,0,0,0,0,-1
35,14,14,0,4,1,0,0,3,0,0,0,0,0.4,0.3429,4.0687,2.7885,0,0,1,0,0,0,1,0,0,0,0,0,0,-1
28,6,10,0,1,0,0,0,3,0,0,0,0,0.0,0.8214,3.8424,1.7925,0,1,0,0,0,0,0,0,0,0,0,0,0,-1
34,14,7,0,4,0,0,0,3,0,0,0,0,0.4706,0.2647,3.9842,2.8963,0,0,1,1,0,0,1,0,0,0,0,0,0,-1
26,2,13,0,1,0,0,0,4,0,0,0,0,0.0,0.7692,3.7483,1.0,0,1,0,0,0,0,0,0,0,0,0,0,0,-1
39,11,9,0,2,1,0,0,3,0,0,0,0,0.0513,0.7692,4.2017,2.7322,1,1,0,0,0,0,0,0,0,0,0,0,0,-1
28,13,2,0,3,0,0,0,3,0,0,0,0,0.5357,0.1786,3.7265,2.6032,0,0,1,1,0,0,1,0,0,0,0,0,0,-1
26,14,0,0,1,0,0,0,2,0,0,0,0,0.0,0.8462,3.7672,3.182,0,1,0,0,0,0,0,0,0,0,0,0,0,-1
30,5,0,12,1,0,0,0,2,1,0,0,1,0.0,0.8,4.2566,1.9219,0,1,0,0,0,0,0,0,0,0,0,0,0,-1
35,11,17,0,4,0,0,0,4,0,0,0,0,0.2857,0.4571,4.3077,3.0272,0,0,1,0,0,0,1,0,0,0,0,0,0,-1
41,5,7,16,1,0,0,0,3,1,0,0,1,0.0,0.7805,4.269,2.3219,0,1,0,0,0,0,0,0,0,0,0,0,0,-1
29,8,6,0,2,0,0,0,3,0,0,0,0,0.1034,0.6897,4.2542,3.0,0,1,0,0,0,0,1,0,0,1,1,0,0,-1
35,14,14,0,5,0,0,0,3,0,0,0,0,0.3429,0.4,4.2046,2.7534,0,0,1,0,0,0,1,0,0,0,0,0,0,-1
32,12,8,0,1,0,0,0,3,0,0,0,0,0.0,0.8438,3.8278,2.9183,0,1,0,0,0,0,0,0,0,0,0,0,0,-1
41,12,22,0,4,0,0,0,4,0,0,0,0,0.2683,0.5122,4.2476,2.8554,0,0,1,0,0,0,1,0,0,0,0,0,0,-1
26,15,4,0,3,0,0,0,3,0,0,0,0,0.5385,0.1923,3.5805,2.5493,0,0,1,0,0,0,1,0,0,0,0,0,0,-1
26,5,9,0,1,0,0,0,3,0,0,0,0,0.0,0.8077,3.7483,2.3219,0,1,0,0,0,0,0,0,0,0,0,0,0,-1
42,2,28,0,1,1,0,0,4,0,0,0,0,0.0,0.8333,4.1776,1.0,0,1,0,0,0,0,0,0,0,0,0,0,0,-1
19,3,5,0,1,0,0,0,3,0,0,0,0,0.0,0.7368,3.5766,1.585,0,1,0,0,0,0,0,0,0,0,0,0,0,-1
29,14,8,0,4,0,0,0,3,0,0,0,0,0.4483,0.2759,3.8404,2.6106,0,0,1,0,0,0,1,0,0,0,0,0,0,-1
29,9,6,0,2,0,0,0,3,0,0,0,0,0.0,0.7931,4.0642,2.9477,0,1,0,0,0,0,0,0,0,0,0,0,0,-1
27,12,2,0,3,0,0,0,3,0,0,0,0,0.5185,0.1852,3.5003,2.1258,0,0,1,1,0,0,1,0,0,0,0,0,0,-1
28,7,6,0,2,0,0,0,3,0,0,0,0,0.0,0.7857,4.0391,2.5216,0,1,0,0,0,0,0,0,0,0,0,0,0,-1
32,7,13,0,1,0,0,0,4,0,0,0,0,0.0,0.8125,3.715,2.2359,0,1,0,0,0,0,0,0,0,0,0,0,0,-1
38,5,0,21,1,0,0,0,2,2,1,0,1,0.0,0.7895,4.3264,2.3219,0,1,0,0,0,0,0,0,0,0,0,0,0,-1
28,13,2,0,3,0,0,0,3,0,0,0,0,0.5357,0.1786,3.744,2.6032,0,0,1,1,0,0,1,0,0,0,0,0,0,-1
89,29,47,0,2,8,0,0,4,0,0,0,0,0.191,0.6404,4.6808,3.7194,0,1,0,0,0,0,0,0,0,1,1,0,0,-1
29,13,9,0,4,0,0,0,3,0,0,0,0,0.4138,0.3103,4.0473,2.9689,0,0,1,0,0,0,1,0,0,0,0,0,0,-1
35,8,15,0,1,0,0,0,4,0,0,0,0,0.0,0.8286,3.8074,2.75,0,1,0,0,0,0,0,0,0,0,0,0,0,-1
34,14,7,0,4,0,0,0,3,0,0,0,0,0.4706,0.2647,3.962,2.6106,0,0,1,1,0,0,1,0,0,0,0,0,0,-1
26,7,8,0,1,0,0,0,3,0,0,0,0,0.0,0.8077,3.8441,1.8424,0,1,0,0,0,0,0,0,0,0,0,0,0,-1
33,13,7,0,4,0,0,0,3,0,0,0,0,0.4545,0.2727,4.0289,2.8731,0,0,1,1,0,0,1,0,0,0,0,0,0,-1
25,2,12,0,1,0,0,0,4,0,0,0,0,0.04,0.72,3.8937,1.0,0,1,0,0,0,0,0,0,0,0,0,0,0,-1
35,14,14,0,5,0,0,0,3,0,0,0,0,0.3429,0.4,4.1259,2.7885,0,0,1,0,0,0,1,0,0,0,0,0,0,-1
29,14,2,0,3,0,0,0,3,0,0,0,0,0.5517,0.1724,3.7714,2.8963,0,0,1,1,0,0,1,0,0,0,0,0,0,-1
34,14,7,0,4,0,0,0,3,0,0,0,0,0.4706,0.2647,3.7412,2.5567,0,0,1,1,0,0,1,0,0,0,0,0,0,-1
81,12,1,42,2,5,0,0,3,1,0,0,1,0.284,0.5556,4.8504,3.2516,1,1,0,0,0,0,0,0,0,0,0,0,0,-1
33,15,11,0,3,0,1,0,3,0,0,0,0,0.3939,0.3636,4.3468,3.0062,0,0,1,0,0,0,1,0,0,0,0,0,0,-1
30,10,7,0,4,0,0,0,3,0,0,0,0,0.4,0.3,4.0151,2.6464,0,0,1,1,0,0,1,0,0,0,0,0,0,-1
30,15,2,0,3,0,0,0,3,0,0,0,0,0.5667,0.1667,3.8477,2.8226,0,0,1,1,0,0,1,0,0,0,0,0,0,-1
27,7,8,0,1,0,0,0,3,0,0,0,0,0.0,0.8148,3.6764,2.8074,0,1,0,0,0,0,0,0,0,0,0,0,0,-1
23,5,0,6,1,0,0,0,2,1,0,0,1,0.0435,0.6957,4.1757,2.3219,0,1,0,0,0,0,0,0,0,0,0,0,0,-1
29,14,2,0,3,0,0,0,3,0,0,0,0,0.5517,0.1724,3.6244,2.217,0,0,1,1,0,0,1,0,0,0,0,0,0,-1
28,14,7,0,3,0,1,0,3,0,0,0,0,0.5357,0.1786,3.7979,2.6995,0,0,1,0,0,0,1,0,0,0,0,0,0,-1
19,2,5,0,1,0,0,0,3,0,0,0,0,0.0,0.7368,3.5766,1.0,0,1,0,0,0,0,0,0,0,0,0,0,0,-1
35,15,7,0,4,0,0,0,3,0,0,0,0,0.4857,0.2571,3.8646,2.2389,0,0,1,1,0,0,1,0,0,0,0,0,0,-1
30,10,0,7,1,0,0,0,2,1,0,0,1,0.0,0.8,4.2566,3.1219,0,1,0,0,0,0,0,0,0,0,0,0,0,-1
28,13,2,0,3,0,0,0,3,0,0,0,0,0.5357,0.1786,3.4583,1.9878,0,0,1,1,0,0,1,0,0,0,0,0,0,-1
27,12,2,0,3,0,0,0,3,0,0,0,0,0.5185,0.1852,3.7821,2.8554,0,0,1,1,0,0,1,0,0,0,0,0,0,-1
54,14,33,0,3,0,0,0,4,0,0,0,0,0.2407,0.6111,3.8145,2.6106,0,0,1,0,0,0,1,0,0,0,0,0,0,-1
28,13,2,0,3,0,0,0,3,0,0,0,0,0.5357,0.1786,3.655,2.6612,0,0,1,1,0,0,1,0,0,0,0,0,0,-1
33,14,7,0,3,0,0,0,3,0,0,0,0,0.4545,0.303,4.0408,2.8424,0,0,1,1,0,0,1,0,0,0,0,0,0,-1
28,13,2,0,3,0,0,0,3,0,0,0,0,0.5357,0.1786,3.7265,2.6612,0,0,1,1,0,0,1,0,0,0,0,0,0,-1
33,13,7,0,4,0,0,0,3,0,0,0,0,0.4545,0.2727,3.87,2.6032,0,0,1,1,0,0,1,0,0,0,0,0,0,-1
31,11,9,0,1,0,0,0,3,0,0,0,0,0.0,0.8387,4.0181,3.0958,0,1,0,0,0,0,0,0,0,0,0,0,0,-1
34,14,7,0,4,0,0,0,3,0,0,0,0,0.4706,0.2647,4.0179,2.7534,0,0,1,1,0,0,1,0,0,0,0,0,0,-1
34,14,13,0,5,0,0,0,3,0,0,0,0,0.3235,0.4118,4.0101,2.7885,0,0,1,0,0,0,1,0,0,0,0,0,0,-1
25,9,4,0,1,0,0,0,3,0,0,0,0,0.0,0.8,4.1835,3.1699,0,1,0,0,0,0,0,0,0,0,0,0,0,-1
28,6,10,0,1,0,0,0,3,0,0,0,0,0.0357,0.7857,4.0836,2.585,0,1,0,0,0,0,1,0,0,0,0,0,0,-1
34,14,7,0,4,0,0,0,3,0,0,0,0,0.4706,0.2647,4.0209,2.6995,0,0,1,1,0,0,1,0,0,0,0,0,0,-1
77,10,48,0,3,4,0,0,4,0,0,0,0,0.2727,0.5714,4.7649,3.1219,1,1,0,0,0,0,0,0,0,0,0,0,0,-1
30,5,11,0,3,0,0,0,3,0,0,0,0,0.0,0.7667,3.9647,1.371,0,1,0,0,0,0,0,0,0,0,0,0,0,-1
44,3,30,0,1,2,0,0,5,0,0,0,0,0.1136,0.6818,4.2633,0.9183,0,1,0,0,0,0,0,0,0,0,0,0,0,-1
28,13,2,0,3,0,0,0,3,0,0,0,0,0.5357,0.1786,3.7265,2.9689,0,0,1,1,0,0,1,0,0,0,0,0,0,-1
48,3,33,0,1,3,0,0,5,0,0,0,0,0.1042,0.6875,4.5022,1.585,0,1,0,0,0,0,0,0,0,0,0,0,0,-1
27,12,2,0,3,0,0,0,3,0,0,0,0,0.5185,0.1852,3.8562,2.7925,0,0,1,1,0,0,1,0,0,0,0,0,0,-1
36,4,20,0,2,0,0,0,5,0,0,0,0,0.0278,0.75,3.9166,2.0,0,1,0,0,0,0,0,0,0,1,1,0,0,-1
33,13,7,0,4,0,0,0,3,0,0,0,0,0.4545,0.2727,4.0061,2.8151,0,0,1,1,0,0,1,0,0,0,0,0,0,-1
32,12,7,0,4,0,0,0,3,0,0,0,0,0.4375,0.2812,4.0153,2.6887,0,0,1,1,0,0,1,0,0,0,0,0,0,-1
81,19,47,0,2,6,0,0,4,0,0,0,0,0.2963,0.5432,4.7315,3.5111,0,1,0,0,0,0,0,0,0,1,1,0,0,-1
26,8,6,0,1,0,0,0,3,0,0,0,0,0.0,0.8077,3.9501,2.4056,0,1,0,0,0,0,0,0,0,0,0,0,0,-1
73,8,48,0,3,4,0,0,4,0,0,0,0,0.3014,0.5342,4.5288,2.75,1,1,0,0,0,0,0,0,0,0,0,0,0,-1
22,5,6,0,1,0,0,0,3,0,0,0,0,0.0,0.7727,3.6069,1.9219,0,1,0,0,0,0,0,0,0,0,0,0,0,-1
34,14,7,0,4,0,0,0,3,0,0,0,0,0.4706,0.2647,3.962,2.4956,0,0,1,1,0,0,1,0,0,0,0,0,0,-1
31,4,16,0,1,0,0,0,4,0,0,0,0,0.0,0.8065,3.889,2.0,0,1,0,0,0,0,0,0,0,0,0,0,0,-1
35,15,7,0,4,0,0,0,3,0,0,0,0,0.4857,0.2571,3.9002,2.6566,0,0,1,1,0,0,1,0,0,0,0,0,0,-1
41,5,16,0,4,0,0,0,4,0,0,0,0,0.0,0.7805,4.2291,2.3219,2,0,0,0,0,0,0,0,0,0,0,0,0,-1
29,14,2,0,3,0,0,0,3,0,0,0,0,0.5517,0.1724,3.6504,2.6995,0,0,1,1,0,0,1,0,0,0,0,0,0,-1
35,15,7,0,4,0,0,0,3,0,0,0,0,0.4857,0.2571,3.8506,2.4729,0,0,1,1,0,0,1,0,0,0,0,0,0,-1
33,13,8,0,1,0,0,0,3,0,0,0,0,0.0,0.8485,4.0061,3.0851,0,1,0,0,0,0,0,0,0,0,0,0,0,-1
43,12,19,0,1,0,0,0,4,0,0,0,0,0.0,0.8605,4.0315,2.8554,0,1,0,0,0,0,0,0,0,0,0,0,0,-1
28,13,2,0,3,0,0,0,3,0,0,0,0,0.5357,0.1786,3.8424,3.027,0,0,1,1,0,0,1,0,0,0,0,0,0,-1
34,14,7,0,4,0,0,0,3,0,0,0,0,0.4706,0.2647,3.9369,2.5567,0,0,1,1,0,0,1,0,0,0,0,0,0,-1
28,8,8,0,1,0,0,0,3,0,0,0,0,0.0,0.8214,3.8693,2.4056,0,1,0,0,0,0,0,0,0,0,0,0,0,-1
25,11,7,0,3,0,0,0,3,0,0,0,0,0.52,0.2,3.8333,2.5949,0,0,1,0,0,0,1,0,0,0,0,0,0,-1
33,13,7,0,4,0,0,0,3,0,0,0,0,0.4545,0.2727,4.1273,3.027,0,0,1,1,0,0,1,0,0,0,0,0,0,-1
49,18,19,0,1,1,0,0,5,0,0,0,0,0.0,0.8367,4.1659,3.3921,0,1,0,0,0,0,0,0,0,0,0,0,0,-1
23,13,1,0,3,0,0,0,3,0,0,0,0,0.4783,0.1739,3.5884,2.8731,0,0,1,1,0,0,1,0,0,0,0,0,0,-1
26,6,5,0,2,0,0,0,3,0,0,0,0,0.0,0.7692,3.6714,1.9183,0,1,0,0,0,0,0,0,0,1,1,1,1,-1
44,13,19,0,3,0,1,0,4,0,0,0,0,0.3182,0.4545,4.3885,2.8731,0,0,1,1,0,0,1,0,0,0,0,0,0,-1
33,12,9,0,1,1,0,0,3,0,0,0,0,0.0,0.8182,3.9344,3.085,0,1,0,0,0,0,0,0,0,0,0,0,0,-1
38,10,17,0,1,1,0,0,4,0,0,0,0,0.0,0.8158,4.0606,2.9219,0,1,0,0,0,0,0,0,0,0,0,0,0,-1
56,7,15,0,6,0,0,0,4,0,0,0,0,0.1964,0.6071,4.5479,2.8074,5,0,1,0,0,0,0,1,0,0,0,0,0,-1
32,12,7,0,4,0,0,0,3,0,0,0,0,0.4375,0.2812,4.1014,2.8554,0,0,1,1,0,0,1,0,0,0,0,0,0,-1
70,10,37,0,2,4,0,0,3,0,0,0,0,0.2429,0.6143,4.634,2.9219,1,1,0,0,0,0,0,0,0,0,0,0,0,-1
68,13,48,0,4,1,1,0,5,0,0,0,0,0.3824,0.4412,4.3682,2.5654,0,0,1,0,0,0,1,0,0,0,0,0,0,-1
28,13,2,0,3,0,0,0,3,0,0,0,0,0.5357,0.1786,3.7265,2.6612,0,0,1,1,0,0,1,0,0,0,0,0,0,-1
34,6,7,8,1,0,0,0,3,1,0,0,1,0.0,0.7941,4.1751,2.585,0,1,0,0,0,0,0,0,0,0,0,0,0,-1
32,14,11,0,4,0,0,0,3,0,0,0,0,0.3438,0.4062,4.0153,2.5567,0,0,1,0,0,0,1,0,0,0,0,0,0,-1
24,13,4,0,3,0,0,0,3,0,0,0,0,0.4167,0.2917,3.8554,2.8731,0,0,1,0,0,0,1,0,0,0,0,0,0,-1
39,11,9,0,2,1,0,0,3,0,0,0,0,0.0256,0.7949,4.3168,3.2776,1,1,0,0,0,0,0,0,0,0,0,0,0,-1
23,6,5,0,1,0,0,0,3,0,0,0,0,0.0,0.7826,3.5227,1.9183,0,1,0,0,0,0,0,0,0,0,0,0,0,-1
27,6,9,0,1,0,0,0,3,0,0,0,0,0.0,0.8148,3.8282,2.2516,0,1,0,0,0,0,0,0,0,0,0,0,0,-1
38,11,13,0,2,1,0,0,4,0,0,0,0,0.0,0.7895,4.2608,3.0958,0,1,0,0,0,0,0,0,0,0,0,0,0,-1
43,13,23,0,5,0,0,0,4,0,0,0,0,0.2326,0.5349,4.2374,2.5654,0,0,1,0,0,0,1,0,0,0,0,0,0,-1
34,14,7,0,4,0,0,0,3,0,0,0,0,0.4706,0.2647,3.8414,2.182,0,0,1,1,0,0,1,0,0,0,0,0,0,-1
29,8,9,0,1,0,0,0,3,0,0,0,0,0.0,0.8276,4.0902,2.75,0,1,0,0,0,0,0,0,0,0,0,0,0,-1
35,15,7,0,4,0,0,0,3,0,0,0,0,0.4857,0.2571,4.0116,2.4989,0,0,1,1,0,0,1,0,0,0,0,0,0,-1
27,7,8,0,1,0,0,0,3,0,0,0,0,0.0,0.8148,3.634,2.5216,0,1,0,0,0,0,0,0,0,0,0,0,0,-1
30,6,9,0,2,0,0,0,3,0,0,0,0,0.0,0.8,3.7232,2.2516,0,1,0,0,0,0,0,0,0,0,0,0,0,-1
35,3,20,0,1,0,0,0,4,0,0,0,0,0.0,0.8286,4.0004,1.585,0,1,0,0,0,0,0,0,0,0,0,0,0,-1
32,14,11,0,3,0,0,0,4,0,0,0,0,0.4062,0.3438,4.0778,2.7885,0,0,1,0,0,0,1,0,0,0,0,0,0,-1
39,15,12,0,1,0,0,0,4,0,0,0,0,0.0769,0.7692,4.3555,2.8729,0,1,0,0,0,0,0,0,0,0,0,0,0,-1
66,10,37,0,2,4,0,0,3,0,0,0,0,0.3333,0.5152,4.6787,3.1219,1,1,0,0,0,0,1,0,0,0,0,0,0,-1
39,12,15,0,1,0,0,0,4,0,0,0,0,0.0,0.8462,4.0066,3.4183,0,1,0,0,0,0,0,0,0,0,0,0,0,-1
38,8,7,10,1,0,0,0,3,1,0,0,1,0.0,0.8158,4.2082,2.75,0,1,0,0,0,0,0,0,0,0,0,0,0,-1
21,4,5,0,1,0,0,0,3,0,0,0,0,0.0,0.7619,3.5226,2.0,0,1,0,0,0,0,0,0,0,0,0,0,0,-1
34,14,7,0,4,0,0,0,3,0,0,0,0,0.4706,0.2647,3.9369,2.4956,0,0,1,1,0,0,1,0,0,0,0,0,0,-1
29,7,11,0,1,1,0,0,4,0,0,0,0,0.0,0.7586,3.9354,2.5216,0,1,0,0,0,0,0,0,0,0,0,0,0,-1
38,10,16,0,1,0,0,0,4,0,0,0,0,0.0,0.8421,4.0831,3.3219,0,1,0,0,0,0,0,0,0,0,0,0,0,-1
32,13,12,0,4,0,0,0,4,0,0,0,0,0.4375,0.2812,3.9139,2.8731,0,0,1,0,0,0,1,0,0,0,0,0,0,-1
28,13,2,0,3,0,0,0,3,0,0,0,0,0.5357,0.1786,3.6726,2.6032,0,0,1,1,0,0,1,0,0,0,0,0,0,-1
22,3,7,0,1,0,0,0,3,0,0,0,0,0.0,0.7727,3.4474,1.585,0,1,0,0,0,0,0,0,0,0,0,0,0,-1
23,6,5,0,1,0,0,0,3,0,0,0,0,0.087,0.6957,3.7623,2.585,0,1,0,0,0,0,1,0,0,0,0,0,0,-1
85,12,49,0,3,4,0,0,4,0,0,0,0,0.1882,0.6706,4.6037,3.085,1,1,0,0,0,0,0,0,0,0,0,0,0,-1
32,14,11,0,4,0,0,0,3,0,0,0,0,0.375,0.375,4.1167,2.8963,0,0,1,0,0,0,1,0,0,0,0,0,0,-1
22,3,0,7,1,0,0,0,2,1,0,0,1,0.0,0.7273,3.914,1.585,0,1,0,0,0,0,0,0,0,0,0,0,0,-1
27,12,2,0,3,0,0,0,3,0,0,0,0,0.5185,0.1852,3.7542,2.4591,0,0,1,1,0,0,1,0,0,0,0,0,0,-1
30,13,10,0,3,0,0,0,4,0,0,0,0,0.3333,0.4,4.1232,2.8151,0,0,1,0,0,0,1,0,0,0,0,0,0,-1
28,9,0,6,1,0,0,0,2,1,0,0,1,0.0357,0.75,4.0661,2.7255,0,1,0,0,0,0,0,0,0,0,0,0,0,-1
23,4,0,6,1,0,0,0,2,1,0,0,1,0.0435,0.6957,4.1757,2.0,0,1,0,0,0,0,0,0,0,0,0,0,0,-1
36,14,15,0,4,0,0,0,4,0,0,0,0,0.3333,0.4167,4.149,2.4138,0,0,1,0,0,0,1,0,0,0,0,0,0,-1
26,5,9,0,1,0,0,0,3,0,0,0,0,0.0,0.8077,3.9501,2.3219,0,1,0,0,0,0,0,0,0,0,0,0,0,-1
42,10,20,0,3,0,0,0,5,0,0,0,0,0.0714,0.7143,4.0533,2.9219,0,1,0,0,0,0,0,0,0,0,0,0,0,-1
92,32,47,0,2,8,0,0,4,0,0,0,0,0.1848,0.6522,4.7213,3.6289,0,1,0,0,0,0,0,0,0,1,1,0,0,-1
30,13,10,0,4,0,0,0,3,0,0,0,0,0.4333,0.3,3.9232,2.6032,0,0,1,0,0,0,1,0,0,0,0,0,0,-1
26,8,6,0,1,0,0,0,3,0,0,0,0,0.0,0.8077,4.0749,2.75,0,1,0,0,0,0,0,0,0,0,0,0,0,-1
29,14,8,0,4,0,0,0,3,0,0,0,0,0.3793,0.3448,3.7454,2.5027,0,0,1,0,0,0,1,0,0,0,0,0,0,-1
28,3,14,0,1,0,0,0,4,0,0,0,0,0.0,0.7857,3.7265,1.585,0,1,0,0,0,0,0,0,0,0,0,0,0,-1
44,8,7,16,1,0,0,0,3,1,0,0,1,0.0,0.7955,4.1724,2.25,0,1,0,0,0,0,0,0,0,0,0,0,0,-1
36,9,15,0,1,0,0,0,4,0,0,0,0,0.0,0.8333,4.1835,3.1699,0,1,0,0,0,0,0,0,0,0,0,0,0,-1
28,13,2,0,3,0,0,0,3,0,0,0,0,0.5357,0.1786,3.8249,2.5654,0,0,1,1,0,0,1,0,0,0,0,0,0,-1
50,9,30,0,1,2,0,0,5,0,0,0,0,0.1,0.72,4.2631,2.7255,0,1,0,0,0,0,0,0,0,0,0,0,0,-1
27,10,5,0,1,1,0,0,3,0,0,0,0,0.0,0.7778,3.8842,2.9219,0,1,0,0,0,0,0,0,0,0,0,0,0,-1
52,6,11,0,3,0,0,0,3,0,0,0,0,0.0192,0.8462,3.9996,2.2516,1,0,0,0,0,0,0,0,1,0,0,0,0,-1
28,9,7,0,1,0,0,0,3,0,0,0,0,0.0,0.8214,3.7534,2.7255,0,1,0,0,0,0,0,0,0,1,1,0,0,-1
38,8,7,10,1,0,0,0,3,1,0,0,1,0.0,0.8158,4.1787,3.0,0,1,0,0,0,0,0,0,0,0,0,0,0,-1
28,13,2,0,3,0,0,0,3,0,0,0,0,0.5357,0.1786,3.4992,2.2955,0,0,1,1,0,0,1,0,0,0,0,0,0,-1
30,6,12,0,1,0,0,0,3,0,0,0,0,0.0,0.8333,3.9899,2.585,0,1,0,0,0,0,0,0,0,0,0,0,0,-1
90,30,47,0,2,8,0,0,4,0,0,0,0,0.1778,0.6556,4.7099,3.6981,0,1,0,0,0,0,0,0,0,1,1,0,0,-1
36,11,18,0,4,0,0,0,4,0,0,0,0,0.2778,0.4722,4.3712,3.0272,0,0,1,0,0,0,1,0,0,0,0,0,0,-1
24,13,4,0,3,0,0,0,3,0,0,0,0,0.4167,0.2917,3.8554,2.8731,0,0,1,0,0,0,1,0,0,0,0,0,0,-1
24,13,4,0,3,0,0,0,3,0,0,0,0,0.4583,0.25,3.7406,2.8731,0,0,1,0,0,0,1,0,0,0,0,0,0,-1
36,11,13,0,1,0,0,0,4,0,0,0,0,0.0,0.8333,4.0277,2.7322,0,1,0,0,0,0,0,0,0,0,0,0,0,-1
24,5,0,6,1,0,0,0,2,1,0,0,1,0.0417,0.7083,3.7721,2.3219,0,1,0,0,0,0,0,0,0,0,0,0,0,-1
27,12,2,0,3,0,0,0,3,0,0,0,0,0.5185,0.1852,3.7542,2.3962,0,0,1,1,0,0,1,0,0,0,0,0,0,-1
30,15,2,0,3,0,0,0,3,0,0,0,0,0.5667,0.1667,3.6729,2.7899,0,0,1,1,0,0,1,0,0,0,0,0,0,-1
48,12,7,16,1,0,0,0,3,1,0,0,1,0.0,0.8125,4.3895,3.4183,0,1,0,0,0,0,0,0,0,0,0,0,0,-1
38,11,15,0,1,0,0,0,4,0,0,0,0,0.0,0.8421,3.7223,3.0958,0,1,0,0,0,0,0,0,0,0,0,0,0,-1
34,14,7,0,4,0,0,0,3,0,0,0,0,0.4706,0.2647,3.8414,2.6106,0,0,1,1,0,0,1,0,0,0,0,0,0,-1
26,4,10,0,1,0,0,0,3,0,0,0,0,0.0,0.8077,3.7962,2.0,0,1,0,0,0,0,0,0,0,0,0,0,0,-1
49,7,30,0,1,2,0,0,5,0,0,0,0,0.102,0.7143,4.3183,2.5216,0,1,0,0,0,0,0,0,0,0,0,0,0,-1
29,14,2,0,3,0,0,0,3,0,0,0,0,0.5517,0.1724,3.7194,2.9852,0,0,1,1,0,0,1,0,0,0,0,0,0,-1
27,8,8,0,1,0,0,0,3,0,0,0,0,0.0,0.8148,4.0043,3.0,0,1,0,0,0,0,0,0,0,0,0,0,0,-1
28,13,2,0,3,0,0,0,3,0,0,0,0,0.5357,0.1786,3.6726,2.5074,0,0,1,1,0,0,1,0,0,0,0,0,0,-1
31,11,7,0,4,0,0,0,3,0,0,0,0,0.4194,0.2903,3.9378,2.6635,0,0,1,1,0,0,1,0,0,0,0,0,0,-1
29,14,2,0,3,0,0,0,3,0,0,0,0,0.5517,0.1724,3.8404,2.4677,0,0,1,1,0,0,1,0,0,0,0,0,0,-1
48,12,24,0,1,0,0,0,5,0,0,0,0,0.0,0.8542,4.0719,3.0221,0,1,0,0,0,0,0,0,0,0,0,0,0,-1
29,14,2,0,3,0,0,0,3,0,0,0,0,0.5517,0.1724,3.8573,2.8424,0,0,1,1,0,0,1,0,0,0,0,0,0,-1
33,13,7,0,4,0,0,0,3,0,0,0,0,0.4545,0.2727,4.0289,2.8731,0,0,1,1,0,0,1,0,0,0,0,0,0,-1
29,14,2,0,3,0,0,0,3,0,0,0,0,0.5517,0.1724,3.5076,1.9212,0,0,1,1,0,0,1,0,0,0,0,0,0,-1
26,13,6,0,3,0,0,0,4,0,0,0,0,0.4231,0.2692,3.9022,2.8731,0,0,1,0,0,1,1,0,0,0,0,0,0,-1
23,3,8,0,1,0,0,0,3,0,0,0,0,0.0,0.7826,3.7081,1.585,0,1,0,0,0,0,0,0,0,0,0,0,0,-1
34,14,7,0,4,0,0,0,3,0,0,0,0,0.4706,0.2647,4.0431,3.0391,0,0,1,1,0,0,1,0,0,0,0,0,0,-1
29,8,9,0,1,0,0,0,3,0,0,0,0,0.0345,0.7931,4.0733,3.0,0,1,0,0,0,0,1,0,0,0,0,0,0,-1
27,3,12,0,1,0,0,0,3,0,0,0,0,0.0,0.8148,3.708,1.585,0,1,0,0,0,0,0,0,0,0,0,0,0,-1
39,10,14,0,1,0,0,0,4,0,0,0,0,0.1026,0.7436,4.6313,3.1219,0,1,0,0,0,0,0,0,0,0,0,0,0,-1
24,5,0,6,1,0,0,0,2,1,0,0,1,0.0417,0.7083,4.0535,2.3219,0,1,0,0,0,0,0,0,0,0,0,0,0,-1
37,17,8,0,1,0,0,0,3,0,0,0,0,0.0,0.8649,3.8642,3.1751,0,1,0,0,0,0,0,0,0,0,0,0,0,-1
37,3,0,21,1,0,0,0,2,2,1,0,1,0.0,0.7838,4.3374,1.585,0,1,0,0,0,0,0,0,0,0,0,0,0,-1
60,5,37,0,2,4,0,0,3,0,0,0,0,0.3833,0.45,4.5484,2.3219,1,1,0,0,0,0,0,0,0,0,0,0,0,-1
24,7,5,0,1,1,0,0,3,0,0,0,0,0.0,0.75,3.8554,2.8074,0,1,0,0,0,0,0,0,0,0,0,0,0,-1
28,9,7,0,1,0,0,0,3,0,0,0,0,0.0,0.8214,3.8154,2.4194,0,1,0,0,0,0,0,0,0,1,1,0,0,-1
29,12,5,0,1,0,0,0,3,0,0,0,0,0.0,0.8276,4.0044,3.585,0,1,0,0,0,0,0,0,0,0,0,0,0,-1
31,13,11,0,3,0,0,0,4,0,0,0,0,0.3226,0.4194,4.0668,3.027,0,0,1,0,0,0,1,0,0,0,0,0,0,-1
95,26,1,42,2,4,0,0,3,1,0,0,1,0.2421,0.6316,4.8662,3.2728,1,1,0,0,0,0,0,0,0,0,0,0,0,-1
33,14,12,0,4,0,0,0,3,0,0,0,0,0.3636,0.3939,4.0667,2.6456,0,0,1,0,0,0,1,0,0,0,0,0,0,-1
28,13,2,0,3,0,0,0,3,0,0,0,0,0.5357,0.1786,3.5261,2.6612,0,0,1,1,0,0,1,0,0,0,0,0,0,-1
40,12,16,0,1,0,0,0,4,0,0,0,0,0.0,0.85,4.1464,3.085,0,1,0,0,0,0,0,0,0,0,0,0,0,-1
32,12,7,0,4,0,0,0,3,0,0,0,0,0.4375,0.2812,3.84,2.2213,0,0,1,1,0,0,1,0,0,0,0,0,0,-1
29,4,13,0,1,0,0,0,4,0,0,0,0,0.0,0.7931,4.0044,2.0,0,1,0,0,0,0,0,0,0,0,0,0,0,-1
32,15,10,0,3,0,0,0,3,0,0,0,0,0.4062,0.375,4.0542,2.6062,0,0,1,0,0,0,1,0,0,0,0,0,0,-1
34,14,7,0,4,0,0,0,3,0,0,0,0,0.4706,0.2647,3.9591,2.4956,0,0,1,1,0,0,1,0,0,0,0,0,0,-1
31,4,12,0,2,0,0,0,3,0,0,0,0,0.0,0.8065,3.704,1.5,1,1,0,0,0,0,0,0,0,0,0,0,0,-1
30,15,8,0,3,0,0,0,3,0,0,0,0,0.4667,0.3,3.8029,2.5493,0,0,1,0,0,0,1,0,0,0,0,0,0,-1
30,5,13,0,1,0,0,0,4,0,0,0,0,0.0,0.8,3.8947,1.9219,0,1,0,0,0,0,0,0,0,0,0,0,0,-1
43,6,14,10,1,0,2,0,4,1,0,0,1,0.1628,0.6047,4.7751,2.2516,0,1,0,0,0,0,0,0,0,0,0,0,0,-1
36,13,11,0,4,0,1,0,3,0,0,0,0,0.4444,0.2778,3.9194,2.7193,0,0,1,1,0,0,1,0,0,0,0,0,0,-1
29,8,9,0,1,0,0,0,3,0,0,0,0,0.0,0.8276,3.8833,2.75,0,1,0,0,0,0,0,0,0,0,0,0,0,-1
26,4,8,0,2,0,0,0,3,0,0,0,0,0.0,0.7692,3.9022,1.5,0,1,0,0,0,0,0,0,0,0,0,0,0,-1
26,11,2,0,3,0,0,0,3,0,0,0,0,0.5,0.1923,3.6133,2.4131,0,0,1,1,0,0,1,0,0,0,0,0,0,-1
34,4,7,10,1,0,0,0,3,1,0,0,1,0.0,0.7941,4.2561,2.0,0,1,0,0,0,0,0,0,0,0,0,0,0,-1
33,12,9,0,1,0,0,0,3,0,0,0,0,0.0,0.8485,3.7267,2.6887,0,1,0,0,0,0,0,0,0,0,0,0,0,-1
25,13,5,0,3,0,0,0,3,0,0,0,0,0.44,0.28,3.8333,2.8151,0,0,1,0,0,0,1,0,0,0,0,0,0,-1
38,16,10,0,1,2,0,0,3,0,0,0,0,0.0,0.8158,4.0761,3.3278,0,1,0,0,0,0,0,0,0,0,0,0,0,-1
91,31,47,0,2,7,0,0,4,0,0,0,0,0.2198,0.6264,4.6895,3.8245,0,1,0,0,0,0,0,0,0,1,1,0,0,-1
45,18,15,0,1,0,0,0,4,0,0,0,0,0.0,0.8667,4.0243,3.5724,0,1,0,0,0,0,0,0,0,0,0,0,0,-1
23,3,6,0,2,0,0,0,3,0,0,0,0,0.0,0.7391,3.7623,1.585,0,1,0,0,0,0,0,0,0,0,0,0,0,-1
35,18,5,0,1,0,0,0,3,0,0,0,0,0.0,0.8571,3.9002,3.1972,0,1,0,0,0,0,0,0,0,0,0,0,0,-1
35,7,5,0,3,0,0,0,3,0,0,0,0,0.0,0.8,4.0931,2.1281,1,0,0,0,0,0,0,0,0,0,0,0,0,-1
35,9,14,0,1,0,0,0,4,0,0,0,0,0.1429,0.6857,4.4576,2.9477,0,1,0,0,0,0,0,0,0,0,0,0,0,-1
26,7,0,6,1,0,0,0,2,1,0,0,1,0.0385,0.7308,4.1329,2.8074,0,1,0,0,0,0,0,0,0,0,0,0,0,-1
42,9,21,0,1,0,0,0,5,0,0,0,0,0.119,0.7143,4.2641,2.6416,0,1,0,0,0,0,0,0,0,0,0,0,0,-1
23,3,8,0,1,0,0,0,3,0,0,0,0,0.0,0.7826,3.969,1.585,0,1,0,0,0,0,0,0,0,0,0,0,0,-1
33,13,7,0,4,0,0,0,3,0,0,0,0,0.4545,0.2727,4.0667,3.027,0,0,1,1,0,0,1,0,0,0,0,0,0,-1
72,8,1,42,2,4,0,0,3,1,0,0,1,0.3056,0.5278,4.8729,2.5,1,1,0,0,0,0,0,0,0,0,0,0,0,-1
35,15,7,0,4,0,0,0,3,0,0,0,0,0.4857,0.2571,3.8757,2.4159,0,0,1,1,0,0,1,0,0,0,0,0,0,-1
39,10,17,0,1,1,0,0,4,0,0,0,0,0.0,0.8205,4.1823,3.1219,0,1,0,0,0,0,0,0,0,0,0,0,0,-1
39,6,21,0,1,1,0,0,4,0,0,0,0,0.0,0.8205,3.9966,2.585,0,1,0,0,0,0,0,0,0,0,0,0,0,-1
25,13,5,0,3,0,0,0,3,0,0,0,0,0.4,0.32,3.9435,2.8731,0,0,1,0,0,0,1,0,0,0,0,0,0,-1
83,20,45,0,2,6,0,0,4,0,0,0,0,0.253,0.5904,4.6916,3.6842,0,1,0,0,0,0,0,0,0,0,0,0,0,-1
43,13,23,0,4,0,0,0,4,0,0,0,0,0.2326,0.5581,4.4609,2.6612,0,0,1,0,0,0,1,0,0,0,0,0,0,-1
41,5,14,10,1,0,2,0,4,1,0,0,1,0.1707,0.5854,4.6378,2.3219,0,1,0,0,0,0,0,0,0,0,0,0,0,-1
27,14,6,0,4,0,0,0,3,0,0,0,0,0.4444,0.2593,3.4542,2.4138,0,0,1,0,0,0,1,0,0,0,0,0,0,-1
32,5,15,0,1,0,0,0,4,0,0,0,0,0.0625,0.75,3.6678,2.3219,0,1,0,0,0,0,1,0,0,0,0,0,0,-1
39,5,22,0,1,0,1,0,4,0,0,0,0,0.0,0.8205,4.3236,2.3219,0,1,0,0,0,0,0,0,0,0,0,0,0,-1
28,13,2,0,3,0,0,0,3,0,0,0,0,0.5357,0.1786,3.655,2.6032,0,0,1,1,0,0,1,0,0,0,0,0,0,-1
36,11,18,0,4,0,0,0,4,0,0,0,0,0.2778,0.4722,4.0378,2.6635,0,0,1,0,0,0,1,0,0,0,0,0,0,-1
75,19,37,0,2,4,0,0,3,0,0,0,0,0.24,0.6267,4.5962,3.2158,1,1,0,0,0,0,0,0,0,0,0,0,0,-1
37,9,14,0,2,0,0,0,4,0,0,0,0,0.0,0.8108,3.8074,2.0588,0,1,0,0,0,0,0,0,0,0,0,0,0,-1
26,2,12,0,1,0,0,0,4,0,0,0,0,0.1154,0.6538,4.1329,1.0,0,1,0,0,0,0,0,0,0,0,0,0,0,-1
21,0,8,0,1,0,0,0,3,0,0,0,0,0.0,0.7619,3.5945,0.0,0,1,0,0,0,0,0,0,0,0,0,0,0,-1
29,14,2,0,3,0,0,0,3,0,0,0,0,0.5517,0.1724,3.6933,2.8963,0,0,1,1,0,0,1,0,0,0,0,0,0,-1
34,13,9,0,1,1,0,0,4,0,0,0,0,0.0,0.7941,3.9842,3.5466,0,1,0,0,0,0,0,0,0,0,0,0,0,-1
50,17,21,0,1,1,0,0,4,0,0,0,0,0.0,0.86,4.1913,3.4548,0,1,0,0,0,0,0,0,0,0,0,0,0,-1
33,13,7,0,4,0,0,0,3,0,0,0,0,0.4545,0.2727,4.1502,2.8151,0,0,1,1,0,0,1,0,0,0,0,0,0,-1
31,11,7,0,4,0,0,0,3,0,0,0,0,0.4194,0.2903,3.9779,2.8454,0,0,1,1,0,0,1,0,0,0,0,0,0,-1
27,13,7,0,4,0,0,0,3,0,0,0,0,0.3704,0.3333,3.8842,2.8151,0,0,1,0,0,0,1,0,0,0,0,0,0,-1
25,13,5,0,3,0,0,0,3,0,0,0,0,0.4,0.32,3.8333,2.8731,0,0,1,0,0,0,1,0,0,0,0,0,0,-1
29,14,2,0,3,0,0,0,3,0,0,0,0,0.5517,0.1724,3.5554,2.5027,0,0,1,1,0,0,1,0,0,0,0,0,0,-1
36,15,10,0,1,0,0,0,3,0,0,0,0,0.0,0.8611,4.1626,3.5069,0,1,0,0,0,0,0,0,0,0,0,0,0,-1
27,4,8,0,2,0,0,0,3,0,0,0,0,0.0,0.7778,3.708,2.0,0,1,0,0,0,0,0,0,0,0,0,0,0,-1
28,13,2,0,3,0,0,0,3,0,0,0,0,0.5357,0.1786,3.8693,3.027,0,0,1,1,0,0,1,0,0,0,0,0,0,-1
25,9,5,0,1,0,0,0,3,0,0,0,0,0.0,0.8,3.8333,2.6416,0,1,0,0,0,0,0,0,0,0,0,0,0,-1
23,6,5,0,1,0,0,0,3,0,0,0,0,0.0,0.7826,3.8492,2.2516,0,1,0,0,0,0,0,0,0,0,0,0,0,-1
32,0,19,0,1,1,0,0,5,0,0,0,0,0.0,0.75,3.8164,0.0,0,1,0,0,0,0,0,0,0,0,0,0,0,-1
28,13,2,0,3,0,0,0,3,0,0,0,0,0.5357,0.1786,3.8693,2.8731,0,0,1,1,0,0,1,0,0,0,0,0,0,-1
33,14,12,0,4,0,0,0,3,0,0,0,0,0.3939,0.3636,3.9603,2.6456,0,0,1,0,0,0,1,0,0,0,0,0,0,-1
33,13,7,0,4,0,0,0,3,0,0,0,0,0.4545,0.2727,3.9912,2.5654,0,0,1,1,0,0,1,0,0,0,0,0,0,-1
29,14,2,0,3,0,0,0,3,0,0,0,0,0.5517,0.1724,3.7194,2.6106,0,0,1,1,0,0,1,0,0,0,0,0,0,-1
28,13,2,0,3,0,0,0,3,0,0,0,0,0.5357,0.1786,3.7534,2.6612,0,0,1,1,0,0,1,0,0,0,0,0,0,-1
22,4,7,0,1,0,0,0,3,0,0,0,0,0.0,0.7727,3.8797,2.0,0,1,0,0,0,0,0,0,0,0,0,0,0,-1
29,13,9,0,3,0,0,0,4,0,0,0,0,0.3448,0.3793,3.9783,2.8731,0,0,1,0,0,0,1,0,0,0,0,0,0,-1
28,13,2,0,3,0,0,0,3,0,0,0,0,0.5357,0.1786,3.6281,2.6612,0,0,1,1,0,0,1,0,0,0,0,0,0,-1
26,11,2,0,3,0,0,0,3,0,0,0,0,0.5,0.1923,3.8731,2.8454,0,0,1,1,0,0,1,0,0,0,0,0,0,-1
44,5,19,0,3,0,1,0,4,0,0,0,0,0.0455,0.75,4.3565,2.3219,2,0,0,0,0,0,0,0,0,0,0,0,0,-1
33,7,14,0,1,0,0,0,4,0,0,0,0,0.0,0.8182,3.7636,2.5216,0,1,0,0,0,0,0,0,0,0,0,0,0,-1
65,14,40,0,3,0,0,0,4,0,0,0,0,0.0,0.8769,4.3201,2.9502,0,1,0,0,0,0,0,0,0,0,0,0,0,-1
24,8,5,0,1,0,0,0,3,0,0,0,0,0.0,0.7917,3.9387,2.75,0,1,0,0,0,0,0,0,0,0,0,0,0,-1
29,14,2,0,3,0,0,0,3,0,0,0,0,0.5517,0.1724,3.6504,2.6995,0,0,1,1,0,0,1,0,0,0,0,0,0,-1
27,12,2,0,3,0,0,0,3,0,0,0,0,0.5185,0.1852,3.5744,2.5221,0,0,1,1,0,0,1,0,0,0,0,0,0,-1
46,15,20,0,1,0,0,0,5,0,0,0,0,0.0,0.8478,4.1727,3.1069,0,1,0,0,0,0,0,0,0,1,1,0,0,-1
38,7,8,0,3,0,0,0,3,0,0,0,0,0.0,0.8158,4.1158,2.1281,1,0,0,0,0,0,0,0,0,0,0,0,0,-1
37,11,12,0,2,1,0,0,4,0,0,0,0,0.0811,0.7027,4.52,3.0272,0,1,0,0,0,0,0,0,0,1,1,0,0,-1
31,11,7,0,4,0,0,0,3,0,0,0,0,0.4194,0.2903,3.8732,2.2999,0,0,1,1,0,0,1,0,0,0,0,0,0,-1
37,10,8,0,2,0,0,0,3,0,0,0,0,0.0,0.8378,4.0006,3.1219,1,1,0,0,0,0,0,0,0,0,0,0,0,-1
36,6,7,10,1,0,0,0,3,1,0,0,1,0.0,0.8056,4.2181,2.2516,0,1,0,0,0,0,0,0,0,0,0,0,0,-1
64,7,37,0,2,4,0,0,3,0,0,0,0,0.3125,0.5312,4.6659,2.5216,1,1,0,0,0,0,0,0,0,0,0,0,0,-1
27,10,5,0,1,0,0,0,3,0,0,0,0,0.1111,0.7037,4.0043,2.8464,0,1,0,0,0,0,1,0,0,0,0,0,0,-1
23,14,2,0,3,0,0,0,3,0,0,0,0,0.4783,0.2174,3.4686,2.5567,0,0,1,0,0,0,1,0,0,0,0,0,0,-1
36,14,15,0,4,0,0,0,4,0,0,0,0,0.3889,0.3611,4.0487,2.7885,0,0,1,0,0,0,1,0,0,0,0,0,0,-1
24,4,8,0,1,0,0,0,3,0,0,0,0,0.0,0.7917,3.7721,2.0,0,1,0,0,0,0,0,0,0,1,1,0,0,-1
30,9,9,0,1,0,0,0,3,0,0,0,0,0.0,0.8333,4.1899,3.1699,0,1,0,0,0,0,0,0,0,0,0,0,0,-1
27,12,2,0,3,0,0,0,3,0,0,0,0,0.5185,0.1852,3.606,2.3554,0,0,1,1,0,0,1,0,0,0,0,0,0,-1
23,4,0,6,1,0,0,0,2,1,0,0,1,0.0435,0.6957,3.9362,2.0,0,1,0,0,0,0,0,0,0,0,0,0,0,-1
31,13,11,0,3,0,0,0,4,0,0,0,0,0.3226,0.4194,4.1313,3.027,0,0,1,0,0,0,1,0,0,0,0,0,0,-1
39,14,14,0,1,0,0,0,4,0,0,0,0,0.1026,0.7436,4.3749,3.2359,0,1,0,0,0,0,0,0,0,0,0,0,0,-1
26,14,5,0,3,0,0,0,3,0,0,0,0,0.5,0.2308,3.8441,2.8963,0,0,1,0,0,0,1,0,0,0,0,0,0,-1
42,6,7,16,1,0,0,0,3,1,0,0,1,0.0,0.8095,4.1276,2.2516,0,1,0,0,0,0,0,0,0,0,0,0,0,-1
33,5,16,0,1,0,0,0,4,0,0,0,0,0.0,0.8182,3.82,1.371,0,1,0,0,0,0,0,0,0,0,0,0,0,-1
88,26,47,0,2,7,0,0,4,0,0,0,0,0.2159,0.625,4.4971,3.5364,0,1,0,0,0,0,0,0,0,1,1,0,0,-1
24,7,5,0,1,0,0,0,3,0,0,0,0,0.0,0.7917,3.7406,2.5216,0,1,0,0,0,0,0,0,0,0,0,0,0,-1
33,7,14,0,1,0,0,0,4,0,0,0,0,0.1818,0.6364,4.3549,2.8074,0,1,0,0,0,0,1,0,0,0,0,0,0,-1
68,13,48,0,4,1,1,0,5,0,0,0,0,0.4118,0.4118,4.5249,2.5654,0,0,1,0,0,0,1,0,0,0,0,0,0,-1
36,3,21,0,1,0,0,0,5,0,0,0,0,0.1389,0.6667,4.0176,1.585,0,1,0,0,0,0,0,0,0,0,0,0,0,-1
23,3,8,0,1,0,0,0,3,0,0,0,0,0.0,0.7826,3.7623,0.9183,0,1,0,0,0,0,0,0,0,0,0,0,0,-1
37,7,7,0,2,0,0,0,3,0,0,0,0,0.1622,0.6486,4.52,2.5216,1,0,0,1,0,0,0,0,0,0,0,0,0,-1
32,12,7,0,4,0,0,0,3,0,0,0,0,0.4375,0.2812,3.9764,2.8554,0,0,1,1,0,0,1,0,0,0,0,0,0,-1
47,15,25,0,4,0,0,0,4,0,0,0,0,0.383,0.4255,4.2485,2.6892,0,0,1,0,0,0,1,0,0,0,0,0,0,-1
44,8,7,16,1,0,0,0,3,1,0,0,1,0.0,0.8182,4.3885,3.0,0,1,0,0,0,0,0,0,0,0,0,0,0,-1
27,10,5,0,1,0,0,0,3,0,0,0,0,0.0,0.8148,3.6521,2.6464,0,1,0,0,0,0,0,0,0,0,0,0,0,-1
22,2,8,0,1,0,0,0,3,0,0,0,0,0.0,0.7727,3.8797,1.0,0,1,0,0,0,0,0,0,0,0,0,0,0,-1
25,13,5,0,3,0,0,0,3,0,0,0,0,0.44,0.28,3.9435,2.8731,0,0,1,0,0,0,1,0,0,0,0,0,0,-1
43,4,7,16,2,0,0,0,3,1,0,0,1,0.0,0.7907,4.2863,2.0,0,1,0,0,0,0,0,0,0,0,0,0,0,-1
34,13,9,0,1,1,0,0,3,0,0,0,0,0.0,0.8235,4.1241,3.3927,0,1,0,0,0,0,0,0,0,0,0,0,0,-1
42,15,15,0,1,0,0,0,4,0,0,0,0,0.0,0.8571,4.0916,3.0566,0,1,0,0,0,0,0,0,0,0,0,0,0,-1
27,12,2,0,3,0,0,0,3,0,0,0,0,0.5185,0.1852,3.5879,2.6887,0,0,1,1,0,0,1,0,0,0,0,0,0,-1
34,9,13,0,1,0,0,0,4,0,0,0,0,0.0,0.8235,3.8888,2.9477,0,1,0,0,0,0,0,0,0,0,0,0,0,-1
34,14,7,0,4,0,0,0,3,0,0,0,0,0.4706,0.2647,3.9176,2.6456,0,0,1,1,0,0,1,0,0,0,0,0,0,-1
26,13,6,0,3,0,0,0,3,0,0,0,0,0.3846,0.3462,3.998,2.8151,0,0,1,0,0,0,1,0,0,0,0,0,0,-1
37,9,16,0,1,0,0,0,4,0,0,0,0,0.0,0.8378,3.905,2.4194,0,1,0,0,0,0,0,0,0,0,0,0,0,-1
26,15,4,0,3,0,0,0,3,0,0,0,0,0.4615,0.2692,3.8731,2.9232,0,0,1,0,0,0,1,0,0,0,0,0,0,-1
36,9,12,0,2,0,0,0,3,0,0,0,0,0.0,0.8333,3.8984,2.7255,0,1,0,0,0,0,0,0,0,0,0,0,0,-1
29,14,2,0,3,0,0,0,3,0,0,0,0,0.5517,0.1724,3.6335,2.4138,0,0,1,1,0,0,1,0,0,0,0,0,0,-1
27,8,5,0,2,0,0,0,3,0,0,0,0,0.0,0.7778,3.8842,2.75,1,1,0,0,0,0,0,0,0,0,0,1,0,-1
28,13,2,0,3,0,0,0,3,0,0,0,0,0.5357,0.1786,3.6245,2.2878,0,0,1,1,0,0,1,0,0,0,0,0,0,-1
37,3,22,0,1,1,0,0,5,0,0,0,0,0.1622,0.6216,4.1291,1.585,0,1,0,0,0,0,0,0,0,0,0,0,0,-1
39,13,13,0,4,0,0,0,4,0,0,0,0,0.4103,0.3333,4.0034,2.7193,0,0,1,1,0,0,1,0,0,0,0,0,0,-1
27,12,2,0,3,0,0,0,3,0,0,0,0,0.5185,0.1852,3.7821,2.8554,0,0,1,1,0,0,1,0,0,0,0,0,0,-1
32,6,14,0,1,0,0,0,4,0,0,0,0,0.0,0.8125,3.9261,2.2516,0,1,0,0,0,0,0,0,0,0,0,0,0,-1
33,13,7,0,4,0,0,0,3,0,0,0,0,0.4545,0.2727,3.9683,2.3535,0,0,1,1,0,0,1,0,0,0,0,0,0,-1
24,6,7,0,1,0,0,0,3,0,0,0,0,0.0,0.7917,3.7721,2.585,0,1,0,0,0,0,0,0,0,0,0,0,0,-1
25,7,6,0,1,0,0,0,3,0,0,0,0,0.0,0.8,3.9435,2.5216,0,1,0,0,0,0,0,0,0,0,0,0,0,-1
27,12,2,0,3,0,0,0,3,0,0,0,0,0.5185,0.1852,3.7542,2.6258,0,0,1,1,0,0,1,0,0,0,0,0,0,-1
30,5,14,0,1,0,0,0,4,0,0,0,0,0.0,0.8,4.0817,2.3219,0,1,0,0,0,0,0,0,0,0,0,0,0,-1
44,7,14,10,1,0,2,0,4,1,0,0,1,0.1591,0.6136,4.715,2.8074,0,1,0,0,0,0,0,0,0,0,0,0,0,-1
29,14,2,0,3,0,0,0,3,0,0,0,0,0.5517,0.1724,3.7454,2.5567,0,0,1,1,0,0,1,0,0,0,0,0,0,-1
30,15,2,0,3,0,0,0,3,0,0,0,0,0.5667,0.1667,3.7144,2.8226,0,0,1,1,0,0,1,0,0,0,0,0,0,-1
37,17,9,0,1,1,0,0,3,0,0,0,0,0.0,0.8378,3.9492,3.1019,0,1,0,0,0,0,0,0,0,0,0,0,0,-1
30,10,8,0,1,0,0,0,3,0,0,0,0,0.0,0.8333,3.7111,2.6464,0,1,0,0,0,0,0,0,0,0,0,0,0,-1
28,13,2,0,3,0,0,0,3,0,0,0,0,0.5357,0.1786,3.5297,2.2878,0,0,1,1,0,0,1,0,0,0,0,0,0,-1
35,15,7,0,4,0,0,0,3,0,0,0,0,0.4857,0.2571,3.9077,2.6062,0,0,1,1,0,0,1,0,0,0,0,0,0,-1
28,11,10,0,4,0,0,0,3,0,0,0,0,0.3214,0.3929,4.2804,3.0272,0,0,1,0,0,0,1,0,0,0,0,0,0,-1
32,15,10,0,4,0,0,0,3,0,0,0,0,0.375,0.375,4.2028,3.0062,0,0,1,0,0,0,1,0,0,0,0,0,0,-1
43,8,24,0,1,2,0,0,4,0,0,0,0,0.093,0.7209,4.1444,2.5,0,1,0,0,0,0,0,0,0,0,0,0,0,-1
28,13,2,0,3,0,0,0,3,0,0,0,0,0.5357,0.1786,3.744,2.6612,0,0,1,1,0,0,1,0,0,0,0,0,0,-1
36,19,5,0,1,0,0,0,3,0,0,0,0,0.0,0.8611,4.128,3.4058,0,1,0,0,0,0,0,0,0,0,0,0,0,-1
38,4,22,0,1,0,1,0,4,0,0,0,0,0.0,0.8158,4.1658,2.0,0,1,0,0,0,0,0,0,0,0,0,0,0,-1
24,13,4,0,3,0,0,0,3,0,0,0,0,0.4167,0.2917,3.8554,2.8731,0,0,1,0,0,0,1,0,0,0,0,0,0,-1
25,4,9,0,1,0,0,0,3,0,0,0,0,0.0,0.8,3.7035,2.0,0,1,0,0,0,0,0,0,0,0,0,0,0,-1
32,12,7,0,4,0,0,0,3,0,0,0,0,0.4375,0.2812,3.6792,2.1258,0,0,1,1,0,0,1,0,0,0,0,0,0,-1
28,13,2,0,3,0,0,0,3,0,0,0,0,0.5357,0.1786,3.5567,2.5074,0,0,1,1,0,0,1,0,0,0,0,0,0,-1
25,14,4,0,3,0,0,0,3,0,0,0,0,0.52,0.2,3.4227,2.306,0,0,1,0,0,0,1,0,0,0,0,0,0,-1
42,17,13,0,1,0,0,0,4,0,0,0,0,0.0,0.8571,3.9401,3.3372,0,1,0,0,0,0,0,0,0,0,0,0,0,-1
45,5,28,0,1,1,0,0,4,0,0,0,0,0.0,0.8444,4.1082,2.3219,0,1,0,0,0,0,0,0,0,0,0,0,0,-1
31,9,10,0,1,0,0,0,3,0,0,0,0,0.0,0.8387,4.0582,2.6416,0,1,0,0,0,0,0,0,0,0,0,0,0,-1
29,9,0,7,1,1,0,0,2,1,0,0,1,0.0,0.7586,4.0642,2.4194,0,1,0,0,0,0,0,0,0,0,0,0,0,-1
39,14,13,0,4,0,0,0,3,0,0,0,0,0.4103,0.359,4.1698,2.6106,0,0,1,1,0,0,1,0,0,0,0,0,0,-1
35,15,7,0,4,0,0,0,3,0,0,0,0,0.4857,0.2571,3.9789,2.4226,0,0,1,1,0,0,1,0,0,0,0,0,0,-1
83,21,47,0,2,6,0,0,4,0,0,0,0,0.253,0.5904,4.649,3.4992,0,1,0,0,0,0,0,0,0,1,1,0,0,-1
28,13,2,0,3,0,0,0,3,0,0,0,0,0.5357,0.1786,3.8249,2.6612,0,0,1,1,0,0,1,0,0,0,0,0,0,-1
32,8,0,12,1,0,0,0,2,1,0,0,1,0.0,0.8125,4.1639,2.5,0,1,0,0,0,0,0,0,0,0,0,0,0,-1
36,6,13,0,2,0,0,0,3,0,0,0,0,0.0,0.8333,3.8401,2.2516,1,1,0,0,0,0,0,0,0,0,0,0,0,-1
20,4,5,0,1,0,0,0,3,0,0,0,0,0.0,0.75,3.5842,1.5,0,1,0,0,0,0,0,0,0,0,0,0,0,-1
29,14,2,0,3,0,0,0,3,0,0,0,0,0.5517,0.1724,3.6764,2.7534,0,0,1,1,0,0,1,0,0,0,0,0,0,-1
27,12,2,0,3,0,0,0,3,0,0,0,0,0.5185,0.1852,3.7542,2.6258,0,0,1,1,0,0,1,0,0,0,0,0,0,-1
29,14,2,0,3,0,0,0,3,0,0,0,0,0.5517,0.1724,3.7194,2.5027,0,0,1,1,0,0,1,0,0,0,0,0,0,-1
42,19,11,0,1,0,0,0,4,0,0,0,0,0.0,0.8571,4.1596,3.2866,0,1,0,0,0,0,0,0,0,0,0,1,1,-1
25,3,11,0,1,0,0,0,4,0,0,0,0,0.0,0.76,3.8635,1.585,0,1,0,0,0,0,0,0,0,0,0,0,0,-1
26,9,5,0,1,0,0,0,3,0,0,0,0,0.0,0.8077,3.7193,2.7255,0,1,0,0,0,0,0,0,0,0,0,0,0,-1
46,9,14,10,1,1,2,0,4,1,0,0,1,0.1522,0.6087,4.7929,2.4194,0,1,0,0,0,0,0,0,0,0,0,0,0,-1
43,13,23,0,5,0,0,0,4,0,0,0,0,0.2326,0.5349,4.3129,2.8151,0,0,1,0,0,0,1,0,0,0,0,0,0,-1
34,10,12,0,1,0,0,0,4,0,0,0,0,0.1176,0.7059,4.1019,3.1219,0,1,0,0,0,0,0,0,0,0,0,0,0,-1
39,15,17,0,4,0,1,0,4,0,0,0,0,0.3077,0.4359,4.3943,3.0062,0,0,1,0,0,0,1,0,0,0,0,0,0,-1
31,7,12,0,1,0,0,0,4,0,0,0,0,0.0968,0.7097,4.3492,2.5216,0,1,0,0,0,0,0,0,0,0,0,0,0,-1
89,27,47,0,2,6,0,0,4,0,0,0,0,0.2247,0.6292,4.7345,3.8842,0,1,0,0,0,0,0,0,0,1,1,0,0,-1
35,14,14,0,5,2,0,0,3,0,0,0,0,0.3714,0.3143,4.0903,2.6106,0,0,1,0,0,0,1,0,0,0,0,0,0,-1
29,11,6,0,1,0,0,0,3,0,0,0,0,0.0,0.8276,3.8539,2.8454,0,1,0,0,0,0,0,0,0,0,0,0,0,-1
24,7,5,0,1,0,0,0,3,0,0,0,0,0.0,0.7917,3.7721,2.5216,0,1,0,0,0,0,0,0,0,0,0,0,0,-1
27,5,10,0,1,0,0,0,3,0,0,0,0,0.0,0.8148,3.8842,2.3219,0,1,0,0,0,0,0,0,0,0,0,0,0,-1
32,12,7,0,4,0,0,0,3,0,0,0,0,0.4375,0.2812,3.8514,2.3554,0,0,1,1,0,0,1,0,0,0,0,0,0,-1
25,13,5,0,3,0,0,0,3,0,0,0,0,0.44,0.28,3.8333,2.8731,0,0,1,0,0,0,1,0,0,0,0,0,0,-1
26,6,6,0,2,0,0,0,3,0,0,0,0,0.0,0.7692,3.9501,2.2516,0,1,0,0,0,0,0,0,0,1,1,1,1,-1
24,0,11,0,1,0,0,0,4,0,0,0,0,0.0,0.75,3.7202,0.0,0,1,0,0,0,0,0,0,0,0,0,0,0,-1
28,14,7,0,3,0,0,0,3,0,0,0,0,0.3929,0.3571,3.7709,2.7885,0,0,1,0,0,0,1,0,0,0,0,0,0,-1
31,12,12,0,4,0,0,0,3,0,0,0,0,0.3226,0.4194,4.0668,2.6258,0,0,1,0,0,0,1,0,0,0,0,0,0,-1
34,14,7,0,4,0,0,0,3,0,0,0,0,0.4706,0.2647,3.9032,2.6995,0,0,1,1,0,0,1,0,0,0,0,0,0,-1
68,13,16,0,3,3,0,0,4,0,0,0,0,0.0294,0.8088,4.5852,3.3927,1,0,0,0,0,0,0,0,0,0,0,0,0,-1
44,15,22,0,4,0,0,0,4,0,0,0,0,0.3182,0.4773,4.4706,2.7899,0,0,1,0,0,0,1,0,0,0,0,0,0,-1
68,7,37,0,2,4,0,0,3,0,0,0,0,0.2941,0.5588,4.7156,2.8074,1,1,0,0,0,0,0,0,1,0,0,0,0,-1
35,15,7,0,4,0,0,0,3,0,0,0,0,0.4857,0.2571,3.9573,2.5559,0,0,1,1,0,0,1,0,0,0,0,0,0,-1
20,4,5,0,1,0,0,0,3,0,0,0,0,0.0,0.75,3.6464,2.0,0,1,0,0,0,0,0,0,0,0,0,0,0,-1
32,11,9,0,1,0,0,0,3,0,0,0,0,0.0,0.8438,3.8789,3.0958,0,1,0,0,0,0,0,0,0,0,0,0,0,-1
45,3,28,0,2,1,0,0,4,0,0,0,0,0.0,0.8222,4.125,1.585,0,1,0,0,0,0,0,0,0,0,0,0,0,-1
30,10,8,0,1,0,0,0,3,0,0,0,0,0.0,0.8333,3.9647,2.7219,0,1,0,0,0,0,0,0,0,0,0,0,0,-1
74,13,37,0,2,4,0,0,3,0,0,0,0,0.3784,0.4865,4.7277,3.027,1,1,0,0,0,0,1,0,0,0,0,0,0,-1
49,7,30,0,1,2,0,0,5,0,0,0,0,0.102,0.7143,4.469,2.5216,0,1,0,0,0,0,0,0,0,0,0,0,0,-1
42,9,21,0,1,1,0,0,4,0,0,0,0,0.0,0.8333,4.112,3.1699,0,1,0,0,0,0,0,0,0,0,0,0,0,-1
26,5,9,0,1,1,0,0,3,0,0,0,0,0.0,0.7692,3.8253,2.3219,0,1,0,0,0,0,0,0,0,0,0,0,0,-1
29,12,5,0,1,0,0,0,3,0,0,0,0,0.0,0.8276,3.9523,3.085,0,1,0,0,0,0,0,0,0,0,0,0,0,-1
28,13,8,0,4,0,0,0,3,0,0,0,0,0.3929,0.3214,3.9677,2.9689,0,0,1,0,0,0,1,0,0,0,0,0,0,-1
37,6,7,8,2,0,0,0,3,1,0,0,1,0.0,0.7838,4.1345,1.9183,0,1,0,0,0,0,0,0,0,1,1,1,1,-1
33,12,9,0,1,0,0,0,3,0,0,0,0,0.0,0.8485,3.8849,3.4183,0,1,0,0,0,0,0,0,0,0,0,0,0,-1
28,13,2,0,3,0,0,0,3,0,0,0,0,0.5357,0.1786,3.8154,2.8151,0,0,1,1,0,0,1,0,0,0,0,0,0,-1
25,7,6,0,1,0,0,0,3,0,0,0,0,0.08,0.72,3.8635,2.5216,0,1,0,0,0,0,1,0,0,0,0,0,0,-1
25,5,0,7,1,0,0,0,2,1,0,0,1,0.12,0.64,4.2439,1.9219,0,1,0,0,0,0,1,0,0,0,0,0,0,-1
28,13,2,0,3,0,0,0,3,0,0,0,0,0.5357,0.1786,3.8424,2.7193,0,0,1,1,0,0,1,0,0,0,0,0,0,-1
29,14,2,0,3,0,0,0,3,0,0,0,0,0.5517,0.1724,3.7159,2.7534,0,0,1,1,0,0,1,0,0,0,0,0,0,-1
33,9,13,0,1,1,0,0,4,0,0,0,0,0.0,0.7879,4.1502,3.1699,0,1,0,0,0,0,0,0,0,0,0,0,0,-1
38,5,21,0,1,1,0,0,4,0,0,0,0,0.0,0.8158,4.0632,2.3219,0,1,0,0,0,0,0,0,0,0,0,0,0,-1
25,11,7,0,3,0,0,0,3,0,0,0,0,0.48,0.24,3.7835,2.5949,0,0,1,0,0,0,1,0,0,0,0,0,0,-1
78,6,60,0,2,0,0,0,9,0,0,0,0,0.0,0.8462,4.2801,2.585,0,1,0,0,0,0,0,0,0,0,0,0,0,-1
24,7,5,0,1,1,0,0,3,0,0,0,0,0.0,0.75,3.8554,2.5216,0,1,0,0,0,0,0,0,0,0,0,0,0,-1
24,13,4,0,3,0,0,0,3,0,0,0,0,0.4167,0.2917,3.8554,2.8731,0,0,1,0,0,0,1,0,0,0,0,0,0,-1
38,11,15,0,1,0,0,0,4,0,0,0,0,0.0,0.8421,3.6749,3.2776,0,1,0,0,0,0,0,0,0,0,0,0,0,-1
28,4,13,0,1,0,0,0,4,0,0,0,0,0.0,0.7857,4.0931,2.0,0,1,0,0,0,0,0,0,0,0,0,0,0,-1
32,6,14,0,1,0,0,0,3,0,0,0,0,0.0,0.8438,4.0542,2.585,0,1,0,0,0,0,0,0,0,0,0,0,0,-1
26,9,5,0,1,0,0,0,3,0,0,0,0,0.0,0.8077,3.8731,2.9477,0,1,0,0,0,0,0,0,0,0,0,0,0,-1
32,12,7,0,4,0,0,0,3,0,0,0,0,0.4375,0.2812,4.0153,2.6887,0,0,1,1,0,0,1,0,0,0,0,0,0,-1
27,9,6,0,1,0,0,0,3,0,0,0,0,0.0,0.8148,3.606,2.5033,0,1,0,0,0,0,0,0,0,0,0,0,0,-1
28,13,2,0,3,0,0,0,3,0,0,0,0,0.5357,0.1786,3.7265,2.6612,0,0,1,1,0,0,1,0,0,0,0,0,0,-1
19,3,5,0,1,0,0,0,3,0,0,0,0,0.0,0.7368,3.5766,1.585,0,1,0,0,0,0,0,0,0,0,0,0,0,-1
27,7,0,7,1,0,0,0,2,1,0,0,1,0.0,0.7778,4.2084,2.8074,0,1,0,0,0,0,0,0,0,0,0,0,0,-1
35,12,11,0,1,0,0,0,4,0,0,0,0,0.0,0.8286,3.7259,2.7516,0,1,0,0,0,0,0,0,0,0,0,0,0,-1
29,13,9,0,3,0,0,0,4,0,0,0,0,0.3448,0.3793,4.0473,2.6612,0,0,1,0,0,0,1,0,0,0,0,0,0,-1
51,6,33,0,1,3,0,0,5,0,0,0,0,0.098,0.7059,4.4836,2.585,0,1,0,0,0,0,0,0,0,0,0,0,0,-1
29,14,2,0,3,0,0,0,3,0,0,0,0,0.5517,0.1724,3.7623,2.8424,0,0,1,1,0,0,1,0,0,0,0,0,0,-1
22,6,4,0,1,0,0,0,3,0,0,0,0,0.0455,0.7273,3.7544,2.2516,0,1,0,0,0,0,1,0,0,0,0,0,0,-1
30,15,2,0,3,0,0,0,3,0,0,0,0,0.5667,0.1667,3.8477,2.6892,0,0,1,1,0,0,1,0,0,0,0,0,0,-1
28,6,7,0,2,0,0,0,3,0,0,0,0,0.0,0.7857,3.7534,1.9183,0,1,0,0,0,0,0,0,0,2,1,1,1,-1
48,11,22,0,1,0,1,0,4,0,0,0,0,0.0417,0.8125,4.33,3.0958,0,1,0,0,0,0,1,0,0,0,0,0,0,-1
41,6,1,10,2,1,0,0,3,1,0,0,1,0.0488,0.7317,4.3083,2.2516,1,1,0,0,0,0,0,0,0,0,0,0,0,-1
36,10,14,0,1,0,0,0,4,0,0,0,0,0.1111,0.7222,4.1762,2.7219,0,1,0,0,0,0,0,0,0,0,0,0,0,-1
31,10,9,0,1,0,0,0,3,0,0,0,0,0.0,0.8387,3.5263,2.7219,0,1,0,0,0,0,0,0,0,0,0,0,0,-1
33,11,15,0,4,0,0,0,5,0,0,0,0,0.2727,0.4242,3.9047,2.6635,0,0,1,0,0,0,1,0,0,0,0,0,0,-1
33,13,7,0,4,0,0,0,3,0,0,0,0,0.4545,0.2727,3.9683,2.5654,0,0,1,1,0,0,1,0,0,0,0,0,0,-1
27,8,8,0,1,0,0,0,3,0,0,0,0,0.0,0.8148,3.8842,3.0,0,1,0,0,0,0,0,0,0,1,1,0,0,-1
29,15,2,0,3,0,0,0,3,0,0,0,0,0.5517,0.1724,3.8144,2.6062,0,0,1,1,0,0,1,0,0,0,0,0,0,-1
27,14,6,0,3,0,0,0,3,0,0,0,0,0.4815,0.2593,3.8562,2.8963,0,0,1,0,0,0,1,0,0,0,0,0,0,-1
29,14,2,0,3,0,0,0,3,0,0,0,0,0.5517,0.1724,3.5554,2.6456,0,0,1,1,0,0,1,0,0,0,0,0,0,-1
28,3,0,12,1,0,0,0,2,1,0,0,1,0.0,0.7857,4.1375,1.585,0,1,0,0,0,0,0,0,0,0,0,0,0,-1
29,14,2,0,3,0,0,0,3,0,0,0,0,0.5517,0.1724,3.7454,2.6995,0,0,1,1,0,0,1,0,0,0,0,0,0,-1
81,10,48,0,3,5,0,0,4,0,0,0,0,0.2593,0.5802,4.7043,2.9219,1,1,0,0,0,0,0,0,0,0,0,0,0,-1
34,14,7,0,4,0,0,0,3,0,0,0,0,0.4706,0.2647,3.9987,2.6995,0,0,1,1,0,0,1,0,0,0,0,0,0,-1
22,4,4,0,2,0,0,0,3,0,0,0,0,0.0,0.7273,3.6635,2.0,0,1,0,0,0,0,0,0,0,0,0,0,0,-1
34,14,7,0,4,0,0,0,3,0,0,0,0,0.4706,0.2647,4.0545,2.4956,0,0,1,1,0,0,1,0,0,0,0,0,0,-1
27,10,5,0,1,0,0,0,3,0,0,0,0,0.0,0.8148,3.9764,2.6464,0,1,0,0,0,0,0,0,0,0,0,0,0,-1
29,14,2,0,3,0,0,0,3,0,0,0,0,0.5517,0.1724,3.8573,2.9852,0,0,1,1,0,0,1,0,0,0,0,0,0,-1
28,13,2,0,3,0,0,0,3,0,0,0,0,0.5357,0.1786,3.655,2.5654,0,0,1,1,0,0,1,0,0,0,0,0,0,-1
29,14,2,0,3,0,0,0,3,0,0,0,0,0.5517,0.1724,3.5294,2.5567,0,0,1,1,0,0,1,0,0,0,0,0,0,-1
33,13,7,0,4,0,0,0,3,0,0,0,0,0.4545,0.2727,3.9226,2.6612,0,0,1,1,0,0,1,0,0,0,0,0,0,-1
24,6,6,0,1,0,0,0,3,0,0,0,0,0.0,0.7917,3.7721,1.7925,0,1,0,0,0,0,0,0,0,0,0,0,0,-1
24,4,9,0,1,0,0,0,3,0,0,0,0,0.0,0.7917,3.6258,2.0,0,1,0,0,0,0,0,0,0,0,0,0,0,-1
40,13,20,0,4,0,0,0,4,0,0,0,0,0.25,0.525,4.3531,2.8151,0,0,1,0,0,0,1,0,0,0,0,0,0,-1
34,9,10,0,2,0,0,0,3,0,0,0,0,0.0,0.8235,4.0797,2.6416,1,1,0,0,0,0,0,0,0,0,0,0,0,-1
31,12,0,6,1,0,0,0,2,1,0,0,1,0.0323,0.7742,4.1958,3.1887,0,1,0,0,0,0,0,0,0,0,0,0,0,-1
25,14,4,0,3,0,0,0,3,0,0,0,0,0.48,0.24,3.8635,3.0391,0,0,1,0,0,0,1,0,0,0,0,0,0,-1
30,13,10,0,4,0,0,0,3,0,0,0,0,0.3333,0.4,3.9899,2.5074,0,0,1,0,0,0,1,0,0,0,0,0,0,-1
31,3,13,0,2,0,0,0,4,0,0,0,0,0.0,0.7742,4.0023,0.0,0,1,0,0,0,0,0,0,0,0,0,0,0,-1
65,9,37,0,2,4,0,0,3,0,0,0,0,0.4154,0.4308,4.5493,2.7255,1,1,0,0,0,0,1,0,0,0,0,0,0,-1
40,4,24,0,1,0,0,0,5,0,0,0,0,0.0,0.825,4.0037,1.5,0,1,0,0,0,0,0,0,0,0,0,0,0,-1
61,6,20,0,3,0,0,0,4,0,0,0,0,0.0,0.8689,4.0318,2.2516,1,0,0,0,0,0,0,0,1,0,0,0,0,-1
32,4,17,0,1,0,0,0,4,0,0,0,0,0.0,0.8125,4.0778,2.0,0,1,0,0,0,0,0,0,0,0,0,0,0,-1
62,5,37,0,2,4,0,0,3,0,0,0,0,0.371,0.4677,4.6675,1.9219,1,1,0,0,0,0,0,0,0,0,0,0,0,-1
28,13,8,0,3,0,1,0,3,0,0,0,0,0.3571,0.3571,4.0836,2.8731,0,0,1,0,0,0,1,0,0,0,0,0,0,-1
37,9,16,0,1,0,0,0,4,0,0,0,0,0.0,0.8378,4.0672,2.9477,0,1,0,0,0,0,0,0,0,0,0,0,0,-1
28,14,7,0,4,0,0,0,3,0,0,0,0,0.3929,0.3214,3.8249,2.8424,0,0,1,0,0,0,1,0,0,0,0,0,0,-1
49,17,20,0,2,0,0,0,5,0,0,0,0,0.0204,0.8163,4.0026,3.1019,0,1,0,0,0,0,0,0,0,1,1,0,0,-1
30,6,13,0,1,0,0,0,4,0,0,0,0,0.0,0.8,3.7232,1.9183,0,1,0,0,0,0,0,0,0,1,1,1,1,-1
29,14,2,0,3,0,0,0,3,0,0,0,0,0.5517,0.1724,3.4126,2.0202,0,0,1,1,0,0,1,0,0,0,0,0,0,-1
30,7,5,0,2,0,0,0,3,0,0,0,0,0.0667,0.7333,4.3232,2.5216,1,0,0,0,0,0,0,0,0,0,0,0,0,-1
25,6,0,6,1,0,0,0,2,1,0,0,1,0.04,0.72,4.1639,2.585,0,1,0,0,0,0,0,0,0,0,0,0,0,-1
86,24,47,0,2,6,0,0,4,0,0,0,0,0.2442,0.6047,4.8124,3.7721,0,1,0,0,0,0,0,0,0,1,1,0,0,-1
30,5,13,0,1,0,0,0,4,0,0,0,0,0.0,0.8,3.8566,2.3219,0,1,0,0,0,0,0,0,0,0,0,0,0,-1
36,13,16,0,4,0,0,0,3,0,0,0,0,0.2778,0.5,4.1972,2.8151,0,0,1,0,0,0,1,0,0,0,0,0,0,-1
41,13,16,0,3,0,0,0,4,0,0,0,0,0.3659,0.4146,4.3059,2.8731,0,0,1,1,0,0,1,0,0,0,0,0,0,-1
29,14,2,0,3,0,0,0,3,0,0,0,0,0.5517,0.1724,3.7883,2.6995,0,0,1,1,0,0,1,0,0,0,0,0,0,-1
40,5,20,0,2,0,0,0,5,0,0,0,0,0.0,0.8,4.2251,2.3219,0,1,0,0,0,0,0,0,0,1,1,0,0,-1
29,11,6,0,1,0,0,0,3,0,0,0,0,0.0,0.8276,3.9263,2.914,0,1,0,0,0,0,0,0,0,0,0,0,0,-1
31,11,8,0,1,0,0,0,3,0,0,0,0,0.0,0.8387,3.6837,2.914,0,1,0,0,0,0,0,0,0,1,1,0,0,-1
68,13,48,0,4,1,1,0,5,0,0,0,0,0.3824,0.4412,4.3631,2.5654,0,0,1,0,0,0,1,0,0,0,0,0,0,-1
38,2,24,0,1,0,0,0,5,0,0,0,0,0.0263,0.7895,4.0708,1.0,0,1,0,0,0,0,1,0,0,0,0,0,0,-1
58,6,40,0,1,5,0,0,4,0,0,0,0,0.2759,0.5345,4.3813,1.9183,0,1,0,0,0,0,0,0,0,0,0,0,0,-1
25,11,7,0,3,0,0,0,3,0,0,0,0,0.48,0.24,3.7533,2.5949,0,0,1,0,0,0,1,0,0,0,0,0,0,-1
23,3,8,0,1,0,0,0,3,0,0,0,0,0.0,0.7826,3.882,1.585,0,1,0,0,0,0,0,0,0,0,0,0,0,-1
29,14,2,0,3,0,0,0,3,0,0,0,0,0.5517,0.1724,3.7454,2.7534,0,0,1,1,0,0,1,0,0,0,0,0,0,-1
29,14,2,0,3,0,0,0,3,0,0,0,0,0.5517,0.1724,3.8573,2.8963,0,0,1,1,0,0,1,0,0,0,0,0,0,-1
44,10,15,0,3,0,0,0,4,0,0,0,0,0.1136,0.7045,4.2522,3.3219,1,0,0,0,0,0,1,0,1,0,0,0,0,-1
30,7,9,0,2,0,0,0,3,0,0,0,0,0.0,0.8,3.9232,2.5216,0,1,0,0,0,0,0,0,0,0,0,0,0,-1
34,14,7,0,4,0,0,0,3,0,0,0,0,0.4706,0.2647,4.0797,2.8424,0,0,1,1,0,0,1,0,0,0,0,0,0,-1
30,15,2,0,3,0,0,0,3,0,0,0,0,0.5667,0.1667,3.4477,2.1056,0,0,1,1,0,0,1,0,0,0,0,0,0,-1
33,13,7,0,4,0,0,0,3,0,0,0,0,0.4545,0.2727,3.8471,2.3535,0,0,1,1,0,0,1,0,0,0,0,0,0,-1
35,10,13,0,1,0,0,0,4,0,0,0,0,0.0,0.8286,4.1147,2.9219,0,1,0,0,0,0,0,0,0,0,0,0,0,-1
27,6,6,0,2,0,0,0,3,0,0,0,0,0.0,0.7778,3.6158,2.585,0,1,0,0,0,0,0,0,0,0,0,0,0,-1
27,6,9,0,1,0,0,0,3,0,0,0,0,0.0,0.8148,3.6899,2.585,0,1,0,0,0,0,0,0,0,0,0,0,0,-1
25,13,5,0,3,0,0,0,3,0,0,0,0,0.4,0.32,3.8333,2.8731,0,0,1,0,0,0,1,0,0,0,0,0,0,-1
25,13,5,0,3,0,0,0,3,0,0,0,0,0.4,0.32,3.9435,2.8731,0,0,1,0,0,0,1,0,0,0,0,0,0,-1
39,6,19,0,2,1,0,0,5,0,0,0,0,0.0,0.7692,4.1091,1.9183,0,1,0,0,0,0,0,0,0,1,1,1,1,-1
24,12,5,0,3,0,0,0,3,0,0,0,0,0.375,0.3333,3.8239,2.7925,0,0,1,0,0,0,1,0,0,0,0,0,0,-1
47,7,7,16,2,0,0,0,3,1,0,0,1,0.0,0.8085,4.2729,2.8074,1,1,0,0,0,0,0,0,0,0,0,0,0,-1
57,7,20,0,3,0,0,0,6,0,0,0,0,0.0,0.8246,4.1698,2.5216,2,1,0,0,0,0,0,0,0,0,0,0,0,-1
35,11,12,0,1,0,0,0,4,0,0,0,0,0.0,0.8286,3.9142,3.0958,0,1,0,0,0,0,0,0,0,0,0,0,0,-1
51,13,31,0,4,0,0,0,4,0,0,0,0,0.4706,0.3529,4.3191,2.8151,0,0,1,0,0,0,1,0,0,0,0,0,0,-1
25,4,9,0,1,0,0,0,4,0,0,0,0,0.0,0.76,3.9737,2.0,0,1,0,0,0,0,0,0,0,0,0,0,0,-1
45,24,9,0,1,2,0,0,4,0,0,0,0,0.0,0.8222,3.9472,3.7202,0,1,0,0,0,0,0,0,0,0,0,0,0,-1
27,12,2,0,3,0,0,0,3,0,0,0,0,0.5185,0.1852,3.7542,2.6887,0,0,1,1,0,0,1,0,0,0,0,0,0,-1
33,13,7,0,4,0,0,0,3,0,0,0,0,0.4545,0.2727,4.0061,2.6032,0,0,1,1,0,0,1,0,0,0,0,0,0,-1
28,11,10,0,4,0,0,0,3,0,0,0,0,0.2857,0.4286,4.209,3.0272,0,0,1,0,0,0,1,0,0,0,0,0,0,-1
28,13,2,0,3,0,0,0,3,0,0,0,0,0.5357,0.1786,3.655,2.4493,0,0,1,1,0,0,1,0,0,0,0,0,0,-1
50,13,30,0,4,0,0,0,4,0,0,0,0,0.46,0.36,4.3035,2.8151,0,0,1,0,0,0,1,0,0,0,0,0,0,-1
33,15,11,0,4,0,0,0,3,0,0,0,0,0.3939,0.3636,4.1502,3.0062,0,0,1,0,0,0,1,0,0,0,0,0,0,-1
44,10,22,0,1,1,0,0,5,0,0,0,0,0.1364,0.6818,4.235,2.9219,0,1,0,0,0,0,0,0,0,0,0,0,0,-1
24,6,6,0,1,0,0,0,3,0,0,0,0,0.0,0.7917,3.6531,1.9183,0,1,0,0,0,0,0,0,0,0,0,0,0,-1
21,4,5,0,1,0,0,0,3,0,0,0,0,0.0,0.7619,3.5226,2.0,0,1,0,0,0,0,0,0,0,0,0,0,0,-1
28,13,2,0,3,0,0,0,3,0,0,0,0,0.5357,0.1786,3.3963,2.1039,0,0,1,1,0,0,1,0,0,0,0,0,0,-1
24,7,5,0,1,0,0,0,3,0,0,0,0,0.0,0.7917,3.7406,2.2359,0,1,0,0,0,0,0,0,0,0,0,0,0,-1
29,14,8,0,4,0,0,0,3,0,0,0,0,0.3793,0.3448,3.7194,2.8424,0,0,1,0,0,0,1,0,0,0,0,0,0,-1
87,25,47,0,2,4,0,0,4,0,0,0,0,0.2069,0.6667,4.5357,3.3493,0,1,0,0,0,0,0,0,0,1,1,0,0,-1
56,12,33,0,1,3,0,0,5,0,0,0,0,0.0893,0.7321,4.368,3.2516,0,1,0,0,0,0,0,0,0,0,0,0,0,-1
54,22,20,0,2,1,0,0,5,0,0,0,0,0.0185,0.8148,4.0744,3.3908,0,1,0,0,0,0,0,0,0,1,1,0,0,-1
68,13,37,0,2,4,0,0,3,0,0,0,0,0.3088,0.5441,4.7493,2.9312,1,1,0,0,0,0,0,0,0,0,0,0,0,-1
45,16,17,0,1,2,0,0,4,0,0,0,0,0.0,0.8222,4.0724,3.5,0,1,0,0,0,0,0,0,0,0,0,0,0,-1
33,13,7,0,4,0,0,0,3,0,0,0,0,0.4545,0.2727,4.0061,2.8731,0,0,1,1,0,0,1,0,0,0,0,0,0,-1
22,4,6,0,1,0,0,0,3,0,0,0,0,0.0455,0.7273,3.8797,2.0,0,1,0,0,0,0,1,0,0,0,0,0,0,-1
29,11,6,0,1,0,0,0,3,0,0,0,0,0.0,0.8276,4.1163,2.914,0,1,0,0,0,0,0,0,0,1,1,0,0,-1
68,13,48,0,4,1,1,0,5,0,0,0,0,0.4706,0.3529,4.3742,2.5654,0,0,1,0,0,0,1,0,0,0,0,0,0,-1
44,6,24,0,2,2,0,0,4,0,0,0,0,0.0909,0.7045,4.0792,1.9183,0,1,0,0,0,0,0,0,0,1,1,1,1,-1
34,14,7,0,4,0,0,0,3,0,0,0,0,0.4706,0.2647,3.9842,2.9852,0,0,1,1,0,0,1,0,0,0,0,0,0,-1
26,14,5,0,3,0,0,0,3,0,0,0,0,0.4231,0.3077,3.8731,2.8963,0,0,1,0,0,0,1,0,0,0,0,0,0,-1
28,13,2,0,3,0,0,0,3,0,0,0,0,0.5357,0.1786,3.7709,2.8151,0,0,1,1,0,0,1,0,0,0,0,0,0,-1
34,14,7,0,4,0,0,0,3,0,0,0,0,0.4706,0.2647,3.9369,2.2988,0,0,1,1,0,0,1,0,0,0,0,0,0,-1
28,13,2,0,3,0,0,0,3,0,0,0,0,0.5357,0.1786,3.4992,2.4493,0,0,1,1,0,0,1,0,0,0,0,0,0,-1
31,7,12,0,1,0,0,0,3,0,0,0,0,0.0,0.8387,3.9779,2.5216,0,1,0,0,0,0,0,0,0,0,0,0,0,-1
34,14,7,0,4,0,0,0,3,0,0,0,0,0.4706,0.2647,3.9987,2.8424,0,0,1,1,0,0,1,0,0,0,0,0,0,-1
29,14,2,0,3,0,0,0,3,0,0,0,0,0.5517,0.1724,3.578,2.6106,0,0,1,1,0,0,1,0,0,0,0,0,0,-1
25,8,6,0,1,1,0,0,3,0,0,0,0,0.0,0.76,3.9933,2.75,0,1,0,0,0,0,0,0,0,0,0,0,0,-1
39,13,19,0,4,0,0,0,5,0,0,0,0,0.3077,0.4359,4.0385,2.8151,0,0,1,0,0,0,1,0,0,0,0,0,0,-1
37,16,9,0,1,2,0,0,3,0,0,0,0,0.0,0.8108,4.2834,3.5778,0,1,0,0,0,0,0,0,0,0,0,0,0,-1
35,5,15,0,2,0,0,0,4,0,0,0,0,0.0286,0.7714,4.2861,2.3219,0,1,0,0,0,0,1,0,0,0,0,0,0,-1
30,15,2,0,3,0,0,0,3,0,0,0,0,0.5667,0.1667,3.7396,2.5559,0,0,1,1,0,0,1,0,0,0,0,0,0,-1
33,12,9,0,4,0,0,0,3,0,0,0,0,0.4848,0.2424,3.87,2.6887,0,0,1,1,0,0,1,0,0,0,0,0,0,-1
76,16,42,0,2,5,0,0,4,0,0,0,0,0.2632,0.5789,4.6506,3.5,0,1,0,0,0,0,0,0,0,0,0,0,0,-1
31,6,13,0,1,0,0,0,4,0,0,0,0,0.0,0.8065,4.1313,2.585,0,1,0,0,0,0,0,0,0,0,0,0,0,-1
35,10,14,0,1,0,0,0,4,0,0,0,0,0.0,0.8286,3.5113,2.6464,0,1,0,0,0,0,0,0,0,0,0,0,0,-1
43,12,23,0,5,0,0,0,4,0,0,0,0,0.2093,0.5581,4.2199,2.4591,0,1,1,0,0,0,1,0,0,0,0,0,0,-1
32,6,15,0,1,0,0,0,4,0,0,0,0,0.0,0.8125,3.7386,2.2516,0,1,0,0,0,0,0,0,0,0,0,0,0,-1
33,13,7,0,4,0,0,0,3,0,0,0,0,0.4545,0.2727,3.7984,2.4416,0,0,1,1,0,0,1,0,0,0,0,0,0,-1
84,11,48,0,3,4,0,0,4,0,0,0,0,0.25,0.6071,4.8173,3.0958,1,0,0,0,0,0,0,0,0,0,0,0,0,-1
28,13,8,0,4,0,0,0,3,0,0,0,0,0.3571,0.3571,3.8963,2.8731,0,0,1,0,0,0,1,0,0,0,0,0,0,-1
37,4,22,0,1,1,0,0,5,0,0,0,0,0.1622,0.6216,4.075,2.0,0,1,0,0,0,0,0,0,0,0,0,0,0,-1
32,11,10,0,2,1,0,0,3,0,0,0,0,0.0625,0.7188,4.1792,3.4594,0,0,0,0,0,0,0,0,0,0,0,0,0,-1
36,13,16,0,4,0,0,0,4,0,0,0,0,0.3056,0.4444,4.2255,2.8151,0,0,1,0,0,0,1,0,0,0,0,0,0,-1
32,12,8,0,1,0,0,0,3,0,0,0,0,0.0,0.8438,4.0542,3.0221,0,1,0,0,0,0,0,0,0,0,0,0,0,-1
40,12,16,0,1,0,0,0,4,0,0,0,0,0.0,0.85,3.9848,2.9183,0,1,0,0,0,0,0,0,0,0,0,0,0,-1
33,4,17,0,1,1,0,0,4,0,0,0,0,0.0,0.7879,3.695,0.8113,0,1,0,0,0,0,0,0,0,0,0,0,0,-1
33,13,7,0,4,0,0,0,3,0,0,0,0,0.4545,0.2727,3.9424,2.5654,0,0,1,1,0,0,1,0,0,0,0,0,0,-1
40,15,13,0,1,0,0,0,4,0,0,0,0,0.05,0.8,4.1031,3.5069,0,1,0,0,0,0,1,0,0,0,0,0,0,-1
32,0,14,0,1,0,0,0,4,0,0,0,0,0.125,0.6875,4.3514,0.0,0,1,0,0,0,0,0,0,0,0,0,0,0,-1
23,7,5,0,1,0,0,0,3,0,0,0,0,0.0,0.7826,3.8492,2.5216,0,1,0,0,0,0,0,0,0,0,0,0,0,-1
78,12,48,0,3,4,0,0,4,0,0,0,0,0.2308,0.6154,4.6821,3.0221,1,1,0,0,0,0,0,0,0,1,1,0,0,-1
34,14,7,0,4,0,0,0,3,0,0,0,0,0.4706,0.2647,3.8192,2.2988,0,0,1,1,0,0,1,0,0,0,0,0,0,-1
38,13,18,0,4,0,0,0,4,0,0,0,0,0.2895,0.4737,4.3661,2.8151,0,0,1,0,0,0,1,0,0,0,0,0,0,-1
25,11,7,0,3,0,0,0,3,0,0,0,0,0.52,0.2,3.7231,2.5949,0,0,1,0,0,0,1,0,0,0,0,0,0,-1
26,14,5,0,3,0,0,0,3,0,0,0,0,0.4231,0.3077,3.6322,2.306,0,0,1,0,0,0,1,0,0,0,0,0,0,-1
36,11,0,12,1,0,0,0,2,1,0,0,1,0.0,0.8333,4.086,3.0958,0,1,0,0,0,0,0,0,0,0,0,0,0,-1
32,14,11,0,4,0,0,0,3,0,0,0,0,0.375,0.375,4.0778,2.7534,0,0,1,0,0,0,1,0,0,0,0,0,0,-1
34,14,8,0,1,0,0,0,3,0,0,0,0,0.0,0.8529,3.9398,2.6995,0,1,0,0,0,0,0,0,0,0,0,0,0,-1
59,15,32,0,3,0,0,0,5,0,0,0,0,0.4407,0.3898,4.5499,2.7396,0,0,1,1,0,0,1,0,0,0,0,0,0,-1
25,9,5,0,1,0,0,0,3,0,0,0,0,0.0,0.8,3.5591,2.7255,0,1,0,0,0,0,0,0,0,0,0,0,0,-1
27,7,8,0,1,0,0,0,3,0,0,0,0,0.0,0.8148,3.8562,2.8074,0,1,0,0,0,0,0,0,0,0,0,0,0,-1
31,4,16,0,1,0,0,0,4,0,0,0,0,0.0,0.8065,3.8574,2.0,0,1,0,0,0,0,0,0,0,1,1,0,0,-1
29,14,2,0,3,0,0,0,3,0,0,0,0,0.5517,0.1724,3.8144,2.6456,0,0,1,1,0,0,1,0,0,0,0,0,0,-1
28,13,2,0,3,0,0,0,3,0,0,0,0,0.5357,0.1786,3.5261,2.2878,0,0,1,1,0,0,1,0,0,0,0,0,0,-1
25,4,9,0,1,0,0,0,3,0,0,0,0,0.0,0.8,3.7231,1.5,0,1,0,0,0,0,0,0,0,0,0,0,0,-1
32,12,7,0,4,0,0,0,3,0,0,0,0,0.4375,0.2812,3.8514,2.5221,0,0,1,1,0,0,1,0,0,0,0,0,0,-1
29,14,2,0,3,0,0,0,3,0,0,0,0,0.5517,0.1724,3.8144,2.7534,0,0,1,1,0,0,1,0,0,0,0,0,0,-1
15,3,0,0,1,0,0,0,2,0,0,0,0,0.0,0.7333,3.6402,1.585,0,1,0,0,0,0,0,0,0,0,0,0,0,-1
30,8,10,0,1,0,0,0,3,0,0,0,0,0.0,0.8333,3.9232,2.75,0,1,0,0,0,0,0,0,0,0,0,0,0,-1
99,39,47,0,2,8,0,0,4,0,0,0,0,0.1616,0.6869,4.6303,3.6308,0,1,0,0,0,0,0,0,0,1,1,0,0,-1
25,13,5,0,3,0,0,0,3,0,0,0,0,0.4,0.32,3.9435,2.8731,0,0,1,0,0,0,1,0,0,0,0,0,0,-1
43,10,14,0,3,0,0,0,4,0,0,0,0,0.0698,0.7442,4.1734,3.3219,1,0,0,0,0,0,1,0,1,0,0,0,0,-1
27,14,6,0,3,0,0,0,3,0,0,0,0,0.4074,0.3333,3.9303,2.6995,0,0,1,0,0,0,1,0,0,0,0,0,0,-1
69,9,42,0,2,5,0,0,4,0,0,0,0,0.2609,0.5652,4.7803,3.1699,0,1,0,0,0,0,0,0,0,0,0,0,0,-1
28,7,10,0,1,0,0,0,3,0,0,0,0,0.0,0.8214,3.9408,2.8074,0,1,0,0,0,0,0,0,0,0,0,0,0,-1
42,6,24,0,1,0,0,0,5,0,0,0,0,0.0,0.8333,3.976,2.585,0,1,0,0,0,0,0,0,0,0,0,0,0,-1
35,15,7,0,4,0,0,0,3,0,0,0,0,0.4857,0.2571,3.99,2.6389,0,0,1,1,0,0,1,0,0,0,0,0,0,-1
29,6,9,0,2,0,0,0,3,0,0,0,0,0.0,0.7931,3.8144,2.585,0,1,0,0,0,0,0,0,0,0,0,0,0,-1
46,11,20,0,4,0,0,0,5,0,0,0,0,0.0652,0.7174,4.2411,2.914,0,1,0,0,0,0,0,0,0,0,0,0,0,-1
35,14,9,0,1,1,0,0,3,0,0,0,0,0.0,0.8286,3.9929,3.182,0,1,0,0,0,0,0,0,0,0,0,0,0,-1
29,14,2,0,3,0,0,0,3,0,0,0,0,0.5517,0.1724,3.4604,2.6456,0,0,1,1,0,0,1,0,0,0,0,0,0,-1
23,5,6,0,1,0,0,0,3,0,0,0,0,0.0,0.7826,3.8492,1.9219,0,1,0,0,0,0,0,0,0,0,0,0,0,-1
35,15,7,0,4,0,0,0,3,0,0,0,0,0.4857,0.2571,4.0116,3.0062,0,0,1,1,0,0,1,0,0,0,0,0,0,-1
28,13,2,0,3,0,0,0,3,0,0,0,0,0.5357,0.1786,3.6245,2.5074,0,0,1,1,0,0,1,0,0,0,0,0,0,-1
39,11,16,0,1,0,0,0,4,0,0,0,0,0.0,0.8462,4.0066,3.0272,0,1,0,0,0,0,0,0,0,0,0,0,0,-1
35,15,7,0,4,0,0,0,3,0,0,0,0,0.4857,0.2571,3.7859,2.2892,0,0,1,1,0,0,1,0,0,0,0,0,0,-1
29,14,2,0,3,0,0,0,3,0,0,0,0,0.5517,0.1724,3.6075,2.6456,0,0,1,1,0,0,1,0,0,0,0,0,0,-1
33,5,14,0,2,0,0,0,4,0,0,0,0,0.1212,0.6667,4.3777,2.3219,0,1,0,0,0,0,0,0,0,0,0,0,0,-1
23,3,8,0,1,0,0,0,3,0,0,0,0,0.0,0.7826,3.8492,1.585,0,1,0,0,0,0,0,0,0,0,0,0,0,-1
45,7,27,0,1,2,0,0,5,0,0,0,0,0.1333,0.6667,4.2946,2.5216,0,1,0,0,0,0,0,0,0,0,0,0,0,-1
39,11,7,8,1,0,0,0,3,1,0,0,1,0.0,0.8205,4.2436,2.5949,0,1,0,0,0,0,0,0,0,0,0,0,0,-1
39,15,12,0,4,0,0,0,3,0,0,0,0,0.4103,0.359,4.2849,2.6892,0,0,1,1,0,0,1,0,0,0,0,0,0,-1
30,3,15,0,1,0,0,0,4,0,0,0,0,0.0,0.8,4.0402,1.585,0,1,0,0,0,0,0,0,0,0,0,0,0,-1
69,14,37,0,2,4,0,0,3,0,0,0,0,0.2899,0.5652,4.8891,3.3788,1,1,0,0,0,0,0,0,0,0,0,0,0,-1
78,8,49,0,3,4,0,0,4,0,0,0,0,0.2436,0.6026,4.7708,3.0,1,1,0,0,0,0,0,0,0,0,0,0,0,-1
33,2,19,0,1,1,0,0,5,0,0,0,0,0.0303,0.7273,4.0179,1.0,0,1,0,0,0,0,1,0,0,0,0,0,0,-1
85,25,47,0,2,6,0,0,4,0,0,0,0,0.2353,0.6118,4.7703,3.5591,0,1,0,0,0,0,0,0,0,1,1,0,0,-1
53,8,33,0,1,3,0,0,5,0,0,0,0,0.0943,0.717,4.3327,2.4056,0,1,0,0,0,0,0,0,0,0,0,0,0,-1
31,12,7,0,1,0,0,0,3,0,0,0,0,0.0,0.8387,3.8647,3.085,0,1,0,0,0,0,0,0,0,0,0,0,0,-1
34,9,13,0,1,0,0,0,4,0,0,0,0,0.0,0.8235,4.1241,3.1699,0,1,0,0,0,0,0,0,0,0,0,0,0,-1
34,13,14,0,3,0,0,0,4,0,0,0,0,0.3235,0.4412,4.3594,3.027,0,0,1,0,0,0,1,0,0,0,0,0,0,-1
32,3,17,0,1,1,0,0,4,0,0,0,0,0.0,0.7812,3.9056,1.585,0,1,0,0,0,0,0,0,0,0,0,0,0,-1
40,4,24,0,1,2,0,0,4,0,0,0,0,0.1,0.7,4.0153,2.0,0,1,0,0,0,0,0,0,0,0,0,0,0,-1
28,4,12,0,1,0,0,0,4,0,0,0,0,0.0,0.7857,3.8693,2.0,0,1,0,0,0,0,0,0,0,0,0,0,0,-1
31,11,5,0,2,0,0,0,3,0,0,0,0,0.0,0.8065,3.8087,2.3685,0,1,0,0,0,0,0,0,0,0,0,0,0,-1
30,14,9,0,4,0,0,0,3,0,0,0,0,0.4667,0.2667,3.9899,2.8424,0,0,1,0,0,0,1,0,0,0,0,0,0,-1
42,6,14,10,1,0,2,0,4,1,0,0,1,0.1667,0.5952,4.6421,2.2516,0,1,0,0,0,0,0,0,0,0,0,0,0,-1
52,19,21,0,1,1,0,0,4,0,0,0,0,0.0,0.8654,4.0969,3.5369,0,1,0,0,0,0,0,0,0,0,0,0,0,-1
32,3,17,0,1,1,0,0,4,0,0,0,0,0.0,0.7812,3.7653,1.585,0,1,0,0,0,0,0,0,0,0,0,0,0,-1
25,3,8,0,2,0,0,0,3,0,0,0,0,0.0,0.76,3.5933,0.9183,0,1,0,0,0,0,0,0,0,0,0,0,0,-1
34,15,8,0,1,0,0,0,3,0,0,0,0,0.0,0.8529,4.2195,3.3736,0,1,0,0,0,0,0,0,0,0,0,0,0,-1
33,13,7,0,4,0,0,0,3,0,0,0,0,0.4545,0.2727,4.0896,2.8731,0,0,1,1,0,0,1,0,0,0,0,0,0,-1
33,13,7,0,4,0,0,0,3,0,0,0,0,0.4545,0.2727,4.0667,2.8151,0,0,1,1,0,0,1,0,0,0,0,0,0,-1
34,13,9,0,1,0,0,0,3,0,0,0,0,0.0,0.8529,4.0209,3.0851,0,1,0,0,0,0,0,0,0,0,0,0,0,-1
29,10,7,0,1,0,0,0,3,0,0,0,0,0.0,0.8276,3.9263,2.9219,0,1,0,0,0,0,0,0,0,0,0,0,0,-1
25,14,4,0,3,0,0,0,3,0,0,0,0,0.44,0.28,3.9435,3.0391,0,0,1,0,0,0,1,0,0,0,0,0,0,-1
35,13,15,0,4,0,0,0,3,0,0,0,0,0.2857,0.4857,4.2861,2.8731,0,0,1,0,0,0,1,0,0,0,0,0,0,-1
33,6,13,0,2,0,0,0,4,0,0,0,0,0.0,0.7879,4.1124,2.2516,0,1,0,0,0,0,0,0,0,0,0,0,0,-1
30,9,9,0,1,0,0,0,3,0,0,0,0,0.0,0.8333,3.8314,3.1699,0,1,0,0,0,0,0,0,0,0,0,0,0,-1
53,11,31,0,2,1,2,0,4,0,0,0,0,0.0,0.8113,4.209,2.8454,0,0,0,0,0,0,0,0,0,0,0,0,0,-1
27,4,8,0,2,0,0,0,3,0,0,0,0,0.0,0.7778,3.8842,2.0,0,1,0,0,0,0,0,0,0,0,0,0,0,-1
35,15,7,0,4,0,0,0,3,0,0,0,0,0.4857,0.2571,4.0004,2.7899,0,0,1,1,0,0,1,0,0,0,0,0,0,-1
27,15,0,0,1,0,0,0,2,0,0,0,0,0.0,0.8519,3.7821,3.1396,0,1,0,0,0,0,0,0,0,0,0,0,0,-1
43,7,7,16,1,0,0,0,3,1,0,0,1,0.0,0.7907,4.2687,2.8074,0,1,0,0,0,0,0,0,0,0,0,0,0,-1
26,8,6,0,1,0,0,0,3,0,0,0,0,0.0,0.8077,3.8441,2.75,0,1,0,0,0,0,0,0,0,0,0,0,0,-1
32,13,12,0,3,0,0,0,4,0,0,0,0,0.3125,0.4375,4.0778,2.6612,0,0,1,0,0,0,1,0,0,0,0,0,0,-1
35,15,7,0,4,0,0,0,3,0,0,0,0,0.4857,0.2571,4.0116,2.5493,0,0,1,1,0,0,1,0,0,0,0,0,0,-1
29,3,14,0,1,0,0,0,4,0,0,0,0,0.1724,0.6207,4.4442,1.585,0,1,0,0,0,0,0,0,0,0,0,0,0,-1
65,8,37,0,2,4,0,0,3,0,0,0,0,0.2615,0.5846,4.5009,2.75,1,1,0,0,0,0,1,0,0,0,0,0,0,-1
37,5,7,10,2,0,0,0,3,1,0,0,1,0.0,0.7838,4.3038,2.3219,0,1,0,0,0,0,0,0,0,0,0,0,0,-1
82,13,1,42,2,5,0,0,3,1,0,0,1,0.2317,0.6098,4.6494,3.2389,1,1,0,0,0,0,0,0,0,0,0,0,0,-1
28,13,2,0,3,0,0,0,3,0,0,0,0,0.5357,0.1786,3.7265,2.6612,0,0,1,1,0,0,1,0,0,0,0,0,0,-1
51,15,24,0,1,0,0,0,5,0,0,0,0,0.0,0.8627,4.1063,3.0062,0,1,0,0,0,0,0,0,0,0,0,0,0,-1
42,7,7,16,1,0,0,0,3,1,0,0,1,0.0,0.8095,4.2408,2.8074,0,1,0,0,0,0,0,0,0,0,0,0,0,-1
28,5,11,0,1,0,0,0,4,0,0,0,0,0.0,0.7857,3.7804,2.3219,0,1,0,0,0,0,0,0,0,0,0,0,0,-1
27,6,10,0,1,0,0,0,3,0,0,0,0,0.0,0.8148,3.9303,2.585,0,1,0,0,0,0,0,0,0,0,0,0,0,-1
51,12,27,0,1,2,0,0,5,0,0,0,0,0.1176,0.7059,4.3344,3.085,0,1,0,0,0,0,0,0,0,0,0,0,0,-1
43,5,7,16,2,1,0,0,3,1,0,0,1,0.0,0.7442,4.3969,2.3219,0,1,0,0,0,0,0,0,0,0,0,0,0,-1
34,9,13,0,1,0,0,0,4,0,0,0,0,0.0,0.8235,4.0431,2.9477,0,1,0,0,0,0,0,0,0,0,0,0,0,-1
35,11,10,0,2,0,0,0,3,0,0,0,0,0.0,0.8286,4.0284,3.0958,0,1,0,0,0,0,0,0,0,0,0,0,0,-1
32,12,8,0,1,0,0,0,3,0,0,0,0,0.0,0.8438,4.0275,3.1887,0,1,0,0,0,0,0,0,0,0,0,0,0,-1
26,5,9,0,1,0,0,0,3,0,0,0,0,0.0,0.8077,3.5514,1.9219,0,1,0,0,0,0,0,0,0,0,0,0,0,-1
25,11,7,0,3,0,0,0,3,0,0,0,0,0.4,0.32,3.8333,2.5949,0,0,1,0,0,0,1,0,0,0,0,0,0,-1
28,13,2,0,3,0,0,0,3,0,0,0,0,0.5357,0.1786,3.7709,2.8731,0,0,1,1,0,0,1,0,0,0,0,0,0,-1
51,3,33,0,2,3,0,0,5,0,0,0,0,0.098,0.6863,4.5357,1.585,0,1,0,0,0,0,0,0,0,0,0,0,0,-1
30,5,14,0,1,0,0,0,4,0,0,0,0,0.1667,0.6333,4.3484,2.3219,0,1,0,0,0,0,0,0,0,0,0,0,0,-1
25,5,8,0,1,0,0,0,3,0,0,0,0,0.0,0.8,3.7231,1.9219,0,1,0,0,0,0,0,0,0,1,1,0,0,-1
39,20,0,6,1,0,0,0,2,1,0,0,1,0.0256,0.8205,4.3655,3.6842,0,1,0,0,0,0,0,0,0,0,0,0,0,-1
29,14,2,0,3,0,0,0,3,0,0,0,0,0.5517,0.1724,3.6244,2.7534,0,0,1,1,0,0,1,0,0,0,0,0,0,-1
22,4,6,0,1,0,0,0,3,0,0,0,0,0.0455,0.7273,3.7544,1.5,0,1,0,0,0,0,1,0,0,0,0,0,0,-1
25,6,7,0,1,0,0,0,3,0,0,0,0,0.0,0.8,4.0235,2.585,0,1,0,0,0,0,0,0,0,1,1,0,0,-1
29,12,10,0,4,0,0,0,3,0,0,0,0,0.3103,0.4138,3.9783,2.6258,0,0,1,0,0,0,1,0,0,0,0,0,0,-1
39,7,20,0,3,0,0,0,5,0,0,0,0,0.0769,0.6923,4.1798,2.8074,0,1,0,0,0,0,0,0,0,0,0,0,0,-1
29,14,2,0,3,0,0,0,3,0,0,0,0,0.5517,0.1724,3.7194,2.7534,0,0,1,1,0,0,1,0,0,0,0,0,0,-1
43,14,22,0,4,0,0,0,4,0,0,0,0,0.3023,0.4884,4.1909,2.8424,0,0,1,0,0,0,1,0,0,0,0,0,0,-1
22,2,8,0,1,0,0,0,3,0,0,0,0,0.0,0.7727,3.9706,1.0,0,1,0,0,0,0,0,0,0,0,0,0,0,-1
27,12,2,0,3,0,0,0,3,0,0,0,0,0.5185,0.1852,3.7821,2.6887,0,0,1,1,0,0,1,0,0,0,0,0,0,-1
35,7,5,0,2,0,0,0,3,0,0,0,0,0.2,0.6,4.5363,2.5216,1,0,0,1,0,0,0,0,0,0,0,0,0,-1
44,12,20,0,1,0,0,0,5,0,0,0,0,0.0,0.8409,4.3088,3.085,0,1,0,0,0,0,0,0,0,1,1,0,0,-1
33,13,7,0,4,0,0,0,3,0,0,0,0,0.4545,0.2727,3.9077,2.8151,0,0,1,1,0,0,1,0,0,0,0,0,0,-1
30,12,6,0,1,0,0,0,3,0,0,0,0,0.0,0.8333,4.0151,3.0221,0,1,0,0,0,0,0,0,0,0,0,0,0,-1
30,15,2,0,3,0,0,0,3,0,0,0,0,0.5667,0.1667,3.6193,2.3656,0,0,1,1,0,0,1,0,0,0,0,0,0,-1
38,6,7,10,2,0,0,0,3,1,0,0,1,0.0,0.7895,4.1556,2.2516,0,1,0,0,0,0,0,0,0,0,0,0,0,-1
35,12,16,0,3,0,0,0,4,0,0,0,0,0.2571,0.5143,4.0931,2.6258,0,0,1,0,0,0,1,0,0,0,0,0,0,-1
34,14,7,0,4,0,0,0,3,0,0,0,0,0.4706,0.2647,3.8192,2.6106,0,0,1,1,0,0,1,0,0,0,0,0,0,-1
32,12,7,0,4,0,0,0,3,0,0,0,0,0.4375,0.2812,4.0153,2.8554,0,0,1,1,0,0,1,0,0,0,0,0,0,-1
23,5,6,0,1,0,0,0,3,0,0,0,0,0.0,0.7826,3.7294,2.3219,0,1,0,0,0,0,0,0,0,0,0,0,0,-1
28,13,2,0,3,0,0,0,3,0,0,0,0,0.5357,0.1786,3.3527,2.2578,0,0,1,1,0,0,1,0,0,0,0,0,0,-1
37,14,16,0,4,0,0,0,4,0,0,0,0,0.2973,0.4595,4.2293,2.7885,0,0,1,0,0,0,1,0,0,0,0,0,0,-1
27,7,8,0,1,0,0,0,3,0,0,0,0,0.0,0.8148,3.9582,2.8074,0,1,0,0,0,0,0,0,0,1,1,0,0,-1
24,5,8,0,1,1,0,0,3,0,0,0,0,0.0,0.75,3.9702,1.9219,0,1,0,0,0,0,0,0,0,0,0,0,0,-1
36,2,16,0,3,0,0,0,3,0,0,0,0,0.1389,0.6667,4.3292,1.0,2,0,0,0,0,0,1,0,0,0,0,0,0,-1
27,7,8,0,1,0,0,0,3,0,0,0,0,0.0,0.8148,3.9121,2.8074,0,1,0,0,0,0,0,0,0,0,0,0,0,-1
26,2,12,0,1,0,0,0,4,0,0,0,0,0.0,0.7692,3.9022,1.0,0,1,0,0,0,0,0,0,0,0,0,0,0,-1
53,13,28,0,1,1,0,0,4,0,0,0,0,0.0,0.8679,4.147,2.9689,0,1,0,0,0,0,0,0,0,0,0,0,0,-1
25,5,9,0,1,0,0,0,3,0,0,0,0,0.0,0.8,3.7231,2.3219,0,1,0,0,0,0,0,0,0,0,0,0,0,-1
25,13,5,0,3,0,0,0,3,0,0,0,0,0.44,0.28,3.8635,2.8731,0,0,1,0,0,0,1,0,0,0,0,0,0,-1
41,6,24,0,1,0,0,0,5,0,0,0,0,0.0,0.8293,4.0531,2.2516,0,1,0,0,0,0,0,0,0,1,1,1,1,-1
18,2,4,0,1,0,0,0,3,0,0,0,0,0.0,0.7222,3.4613,1.0,0,1,0,0,0,0,0,0,0,0,0,0,0,-1
44,12,21,0,1,0,0,0,5,0,0,0,0,0.1136,0.7273,4.2067,3.0221,0,1,0,0,0,0,0,0,0,0,0,0,0,-1
34,8,14,0,1,0,0,0,3,0,0,0,0,0.0,0.8529,3.9957,2.75,0,1,0,0,0,0,0,0,0,0,0,0,0,-1
39,14,18,0,4,0,0,0,4,0,0,0,0,0.3077,0.4615,4.253,2.9852,0,0,1,0,0,0,1,0,0,0,0,0,0,-1
68,13,48,0,4,1,1,0,5,0,0,0,0,0.4265,0.3971,4.3499,2.5654,0,0,1,0,0,0,1,0,0,0,0,0,0,-1
33,5,16,0,1,0,0,0,4,0,0,0,0,0.0,0.8182,3.9455,1.9219,0,1,0,0,0,0,0,0,0,0,0,0,0,-1
35,0,22,0,1,0,1,0,4,0,0,0,0,0.0,0.8,4.0144,0.0,0,1,0,0,0,0,0,0,0,0,0,0,0,-1
26,12,7,0,3,0,0,0,3,0,0,0,0,0.3846,0.3462,3.921,2.6887,0,0,1,0,0,0,1,0,0,0,0,0,0,-1
34,5,14,0,2,0,0,0,3,0,0,0,0,0.0,0.8235,4.0209,1.9219,0,1,0,0,0,0,0,0,0,0,0,0,0,-1
27,13,2,0,3,0,0,0,3,0,0,0,0,0.5185,0.1852,3.7821,2.8151,0,0,1,1,0,0,1,0,0,0,0,0,0,-1
25,4,8,0,1,0,0,0,3,0,0,0,0,0.0,0.8,3.6129,2.0,0,1,0,0,0,0,0,0,0,0,0,0,0,-1
49,18,19,0,1,1,0,0,4,0,0,0,0,0.0,0.8571,4.1713,3.3502,0,1,0,0,0,0,0,0,0,0,0,0,0,-1
35,15,7,0,4,0,0,0,3,0,0,0,0,0.4857,0.2571,4.036,2.6566,0,0,1,1,0,0,1,0,0,0,0,0,0,-1
30,14,9,0,3,0,0,0,4,0,0,0,0,0.4,0.3333,3.8981,2.8424,0,0,1,0,0,0,1,0,0,0,0,0,0,-1
45,12,20,0,3,0,0,0,4,0,0,0,0,0.0,0.8222,3.9187,3.085,1,0,0,0,0,0,0,0,0,0,0,0,0,-1
38,6,21,0,1,1,0,0,4,0,0,0,0,0.0,0.8158,4.0632,1.9183,0,1,0,0,0,0,0,0,0,1,1,1,1,-1
29,14,2,0,3,0,0,0,3,0,0,0,0,0.5517,0.1724,3.6504,2.8424,0,0,1,1,0,0,1,0,0,0,0,0,0,-1
21,5,5,0,1,0,0,0,3,0,0,0,0,0.0,0.7619,3.4273,2.3219,0,1,0,0,0,0,0,0,0,0,0,0,0,-1
33,13,7,0,4,0,0,0,3,0,0,0,0,0.4545,0.2727,4.0289,2.8151,0,0,1,1,0,0,1,0,0,0,0,0,0,-1
29,9,0,7,1,0,0,0,2,1,0,0,1,0.0,0.7931,4.1163,2.9477,0,1,0,0,0,0,0,0,0,0,0,0,0,-1
24,4,8,0,1,0,0,0,3,0,0,0,0,0.0,0.7917,3.6573,2.0,0,1,0,0,0,0,0,0,0,0,0,0,0,-1
81,8,49,0,3,4,0,0,4,0,0,0,0,0.1975,0.6543,4.7484,3.0,1,1,0,0,0,0,0,0,0,0,0,0,0,-1
30,13,5,0,1,0,0,0,3,0,0,0,0,0.0,0.8333,4.0729,3.3927,0,1,0,0,0,0,0,0,0,0,0,0,0,-1
35,7,5,0,2,0,0,0,3,0,0,0,0,0.0,0.8286,4.1147,2.1281,1,0,0,0,0,0,0,0,0,0,0,0,0,-1
28,13,2,0,3,0,0,0,3,0,0,0,0,0.5357,0.1786,3.8693,2.8731,0,0,1,1,0,0,1,0,0,0,0,0,0,-1
36,10,19,0,4,0,0,0,4,0,0,0,0,0.2778,0.4722,4.0724,2.4464,0,0,1,0,0,0,1,0,0,0,0,0,0,-1
21,5,5,0,1,0,0,0,3,0,0,0,0,0.0,0.7619,3.749,2.3219,0,1,0,0,0,0,0,0,0,0,0,0,0,-1
32,5,7,8,1,0,0,0,3,1,0,0,1,0.0,0.7812,3.9917,2.3219,0,1,0,0,0,0,0,0,0,0,0,0,0,-1
25,13,5,0,3,0,0,0,3,0,0,0,0,0.44,0.28,3.7835,2.8731,0,0,1,0,0,0,1,0,0,0,0,0,0,-1
33,13,7,0,4,0,0,0,3,0,0,0,0,0.4545,0.2727,4.0896,2.8731,0,0,1,1,0,0,1,0,0,0,0,0,0,-1
51,17,0,21,1,0,0,0,2,2,1,0,1,0.0,0.8431,4.3171,3.1751,0,1,0,0,0,0,0,0,0,0,0,0,0,-1
61,6,20,0,3,0,0,0,4,0,0,0,0,0.0328,0.8361,4.1302,2.2516,1,0,0,0,0,0,0,0,1,0,0,0,0,-1
34,10,0,12,1,1,0,0,2,1,0,0,1,0.0294,0.7647,4.477,3.1219,0,1,0,0,0,0,1,0,0,0,0,0,0,-1
41,10,19,0,4,0,0,0,4,0,0,0,0,0.3415,0.4146,4.1291,2.4464,0,0,1,1,0,0,1,0,0,0,0,0,0,-1
29,14,2,0,3,0,0,0,3,0,0,0,0,0.5517,0.1724,3.6504,2.6995,0,0,1,1,0,0,1,0,0,0,0,0,0,-1
37,15,15,0,4,0,0,0,4,0,0,0,0,0.3784,0.3784,4.2497,3.0062,0,0,1,0,0,0,1,0,0,0,0,0,0,-1
53,20,21,0,1,2,0,0,4,0,0,0,0,0.0,0.8491,4.152,3.3414,0,1,0,0,0,0,0,0,0,0,0,0,0,-1
20,4,5,0,1,0,0,0,3,0,0,0,0,0.0,0.75,3.6842,2.0,0,1,0,0,0,0,0,0,0,0,0,0,0,-1
62,8,37,0,2,4,0,0,3,0,0,0,0,0.3871,0.4516,4.5448,3.0,1,1,0,0,0,0,0,0,0,0,0,0,0,-1
34,14,7,0,4,0,0,0,3,0,0,0,0,0.4706,0.2647,3.8414,2.2988,0,0,1,1,0,0,1,0,0,0,0,0,0,-1
80,13,48,0,3,4,0,0,4,0,0,0,0,0.225,0.625,4.7282,3.3927,1,0,0,0,0,0,0,0,0,1,1,0,0,-1
40,13,20,0,3,0,0,0,4,0,0,0,0,0.25,0.55,4.4653,3.027,0,0,1,0,0,0,1,0,0,0,0,0,0,-1
36,14,8,0,2,0,0,0,3,0,0,0,0,0.0,0.8333,3.8191,2.9852,0,1,0,0,0,0,0,0,0,0,0,0,0,-1
33,13,7,0,4,0,0,0,3,0,0,0,0,0.4545,0.2727,3.7984,2.5654,0,0,1,1,0,0,1,0,0,0,0,0,0,-1
29,13,9,0,3,0,0,0,3,0,0,0,0,0.3793,0.3793,3.9263,2.6612,0,0,1,0,0,0,1,0,0,0,0,0,0,-1
28,14,7,0,3,0,0,0,3,0,0,0,0,0.3929,0.3571,3.9677,2.7534,0,0,1,0,0,0,1,0,0,0,0,0,0,-1
25,8,5,0,1,0,0,0,3,0,0,0,0,0.0,0.8,4.0235,2.75,0,1,0,0,0,0,0,0,0,0,0,0,0,-1
25,13,5,0,3,0,0,0,3,0,0,0,0,0.4,0.32,3.8333,2.8731,0,0,1,0,0,0,1,0,0,0,0,0,0,-1
27,12,2,0,3,0,0,0,3,0,0,0,0,0.5185,0.1852,3.736,2.3554,0,0,1,1,0,0,1,0,0,0,0,0,0,-1
37,9,7,8,1,0,0,0,3,1,0,0,1,0.0,0.8108,4.1008,2.9477,0,1,0,0,0,0,0,0,0,0,0,0,0,-1
31,11,7,0,4,0,0,0,3,0,0,0,0,0.4194,0.2903,4.0266,2.2999,0,0,1,1,0,0,1,0,0,0,0,0,0,-1
34,3,20,0,1,0,0,0,4,0,0,0,0,0.0,0.8235,4.1019,1.585,0,1,0,0,0,0,0,0,0,0,0,0,0,-1
37,13,12,0,4,0,1,0,3,0,0,0,0,0.4054,0.3243,3.9927,2.7193,0,0,1,1,0,0,1,0,0,0,0,0,0,-1
36,15,9,0,1,0,0,0,3,0,0,0,0,0.0,0.8611,3.8984,3.2402,0,1,0,0,0,0,0,0,0,0,0,0,0,-1
30,15,2,0,3,0,0,0,3,0,0,0,0,0.5667,0.1667,3.7777,2.4989,0,0,1,1,0,0,1,0,0,0,0,0,0,-1
23,6,5,0,1,0,0,0,3,0,0,0,0,0.0,0.7826,3.8492,2.585,0,1,0,0,0,0,0,0,0,0,0,0,0,-1
26,14,5,0,3,0,0,0,3,0,0,0,0,0.4615,0.2692,3.7381,2.5027,0,0,1,0,0,0,1,0,0,0,0,0,0,-1
33,13,7,0,4,0,0,0,3,0,0,0,0,0.4545,0.2727,3.859,2.8151,0,0,1,1,0,0,1,0,0,0,0,0,0,-1
35,15,7,0,4,0,0,0,3,0,0,0,0,0.4857,0.2571,3.8402,2.6062,0,0,1,1,0,0,1,0,0,0,0,0,0,-1
27,6,9,0,1,0,0,0,3,0,0,0,0,0.0,0.8148,3.8562,1.7925,0,1,0,0,0,0,0,0,0,0,0,0,0,-1
26,0,6,0,1,0,0,0,3,0,0,0,0,0.0,0.8077,3.8731,0.0,0,1,0,0,0,0,0,0,0,1,1,0,0,-1
39,7,20,0,2,0,0,0,5,0,0,0,0,0.0256,0.7692,3.8115,2.5216,0,1,0,0,0,0,0,0,0,1,1,0,0,-1
23,6,6,0,1,0,0,0,3,0,0,0,0,0.0,0.7826,3.5555,1.9183,0,1,0,0,0,0,0,0,0,2,1,1,1,-1
39,8,20,0,1,0,0,0,5,0,0,0,0,0.0,0.8205,4.173,2.5,0,1,0,0,0,0,0,0,0,1,1,0,0,-1
25,7,6,0,1,0,0,0,3,0,0,0,0,0.0,0.8,3.6235,2.2359,0,1,0,0,0,0,0,0,0,0,0,0,0,-1
38,16,6,0,1,0,0,0,3,0,0,0,0,0.0,0.8684,3.9811,3.4528,0,1,0,0,0,0,0,0,0,1,1,0,0,-1
39,14,13,0,4,0,0,0,3,0,0,0,0,0.4103,0.359,4.221,2.6106,0,0,1,1,0,0,1,0,0,0,0,0,0,-1
25,4,10,0,1,0,0,0,3,0,0,0,0,0.0,0.8,3.7231,2.0,0,1,0,0,0,0,0,0,0,0,0,0,0,-1
28,13,2,0,3,0,0,0,3,0,0,0,0,0.5357,0.1786,3.8693,2.8731,0,0,1,1,0,0,1,0,0,0,0,0,0,-1
27,2,13,0,1,0,0,0,4,0,0,0,0,0.0,0.7778,3.8842,1.0,0,1,0,0,0,0,0,0,0,0,0,0,0,-1
23,4,0,6,1,0,0,0,2,1,0,0,1,0.0435,0.6957,3.969,1.5,0,1,0,0,0,0,0,0,0,0,0,0,0,-1
25,13,5,0,3,0,0,0,3,0,0,0,0,0.4,0.32,3.9435,2.8731,0,0,1,0,0,0,1,0,0,0,0,0,0,-1
33,13,7,0,4,0,0,0,3,0,0,0,0,0.4545,0.2727,3.9912,2.5654,0,0,1,1,0,0,1,0,0,0,0,0,0,-1
84,15,1,42,2,5,0,0,3,1,0,0,1,0.2143,0.631,4.8652,3.5069,1,1,0,0,0,0,0,0,0,0,0,0,0,-1
35,15,7,0,4,0,0,0,3,0,0,0,0,0.4857,0.2571,3.9789,2.4729,0,0,1,1,0,0,1,0,0,0,0,0,0,-1
35,13,15,0,3,0,0,0,4,0,0,0,0,0.2857,0.4857,4.1719,2.4116,0,0,1,0,0,0,1,0,0,0,0,0,0,-1
38,10,2,13,1,0,0,0,3,1,0,0,1,0.0,0.7895,4.1986,3.1219,0,1,0,0,0,0,0,0,0,0,0,0,0,-1
45,14,24,0,4,0,0,0,4,0,0,0,0,0.2889,0.5111,4.1781,2.3527,0,0,1,0,0,0,1,0,0,0,0,0,0,-1
72,8,1,42,2,4,0,0,3,1,0,0,1,0.3333,0.5,4.7859,2.75,1,1,0,0,0,0,0,0,0,0,0,0,0,-1
28,10,6,0,1,0,0,0,3,0,0,0,0,0.0,0.8214,4.1375,3.1219,0,1,0,0,0,0,0,0,0,0,0,0,0,-1
35,15,8,0,1,0,0,0,3,0,0,0,0,0.0,0.8571,3.843,3.3232,0,1,0,0,0,0,0,0,0,0,0,0,0,-1
71,14,37,0,2,4,0,0,3,0,0,0,0,0.2676,0.5915,4.6727,3.0391,1,1,0,0,0,0,0,0,0,0,0,0,0,-1
29,14,8,0,4,0,0,0,3,0,0,0,0,0.4138,0.3103,3.8144,2.8424,0,0,1,0,0,0,1,0,0,0,0,0,0,-1
29,9,8,0,1,0,0,0,3,0,0,0,0,0.1379,0.6897,3.8144,2.7255,0,1,0,0,0,0,1,0,0,1,1,0,0,-1
30,13,10,0,4,0,0,0,3,0,0,0,0,0.4,0.3333,4.0566,2.8151,0,0,1,0,0,0,1,0,0,0,0,0,0,-1
35,3,20,0,2,0,0,0,5,0,0,0,0,0.0286,0.7429,3.9656,1.585,0,1,0,0,0,0,0,0,0,1,1,0,0,-1
37,5,20,0,3,0,0,0,5,0,0,0,0,0.0811,0.6757,4.1114,2.3219,0,1,0,0,0,0,0,0,0,0,0,0,0,-1
40,4,24,0,1,0,0,0,5,0,0,0,0,0.0,0.825,4.1062,1.5,0,1,0,0,0,0,0,0,0,1,1,0,0,-1
53,8,33,0,1,3,0,0,5,0,0,0,0,0.0943,0.717,4.3884,2.75,0,1,0,0,0,0,0,0,0,0,0,0,0,-1
43,6,14,10,1,0,2,0,4,1,0,0,1,0.186,0.5814,4.8681,2.585,0,1,0,0,0,0,1,0,0,0,0,0,0,-1
52,11,34,0,4,0,3,0,4,0,0,0,0,0.1538,0.6154,4.3952,2.8454,0,0,1,0,0,0,1,0,0,0,0,0,0,-1
74,6,1,42,2,4,0,0,3,1,0,0,1,0.2568,0.5811,4.6723,2.2516,1,1,0,0,0,0,1,0,0,0,0,0,0,-1
40,8,17,0,2,0,0,0,4,0,0,0,0,0.0,0.825,4.0751,2.1556,0,1,0,0,0,0,0,0,0,0,0,0,0,-1
28,13,2,0,3,0,0,0,3,0,0,0,0,0.5357,0.1786,3.6995,2.8731,0,0,1,1,0,0,1,0,0,0,0,0,0,-1
27,10,5,0,1,0,0,0,3,0,0,0,0,0.0,0.8148,3.708,2.9219,0,1,0,0,0,0,0,0,0,0,0,0,0,-1
31,14,10,0,3,0,0,0,4,0,0,0,0,0.3548,0.3871,3.7844,2.4138,0,0,1,0,0,0,1,0,0,0,0,0,0,-1
22,3,8,0,1,0,0,0,3,0,0,0,0,0.0,0.7727,3.2433,1.585,0,1,0,0,0,0,0,0,0,0,0,0,0,-1
39,6,21,0,1,1,0,0,4,0,0,0,0,0.0,0.8205,4.0798,1.7925,0,1,0,0,0,0,0,0,0,0,0,0,0,-1
27,8,0,6,1,0,0,0,2,1,0,0,1,0.037,0.7407,4.0043,2.75,0,1,0,0,0,0,0,0,0,0,0,0,0,-1
31,11,7,0,4,0,0,0,3,0,0,0,0,0.4194,0.2903,4.0023,2.6635,0,0,1,1,0,0,1,0,0,0,0,0,0,-1
32,7,14,0,1,0,0,0,3,0,0,0,0,0.0,0.8438,3.965,2.5216,0,1,0,0,0,0,0,0,0,0,0,0,0,-1
34,11,11,0,2,0,0,0,3,0,0,0,0,0.0,0.8235,4.0323,2.914,0,1,0,0,0,0,0,0,0,0,0,0,0,-1
49,13,24,0,1,2,0,0,4,0,0,0,0,0.0816,0.7551,4.3928,3.1808,0,1,0,0,0,0,0,0,0,0,0,0,0,-1
37,10,15,0,1,0,0,0,4,0,0,0,0,0.0,0.8378,4.1549,2.5219,0,1,0,0,0,0,0,0,0,0,0,0,0,-1
29,7,10,0,1,0,0,0,3,0,0,0,0,0.0,0.8276,3.8404,2.8074,0,1,0,0,0,0,0,0,0,0,0,0,0,-1
33,13,7,0,4,0,0,0,3,0,0,0,0,0.4545,0.2727,4.0667,3.027,0,0,1,1,0,0,1,0,0,0,0,0,0,-1
27,13,7,0,3,0,0,0,3,0,0,0,0,0.4444,0.2963,3.9764,2.6032,0,0,1,0,0,0,1,0,0,0,0,0,0,-1
28,7,9,0,1,0,0,0,3,0,0,0,0,0.0,0.8214,4.0122,2.8074,0,1,0,0,0,0,0,0,0,0,0,0,0,-1
31,11,7,0,4,0,0,0,3,0,0,0,0,0.4194,0.2903,3.8732,2.4131,0,0,1,1,0,0,1,0,0,0,0,0,0,-1
31,13,6,0,1,0,0,0,3,0,0,0,0,0.0,0.8387,4.1069,3.5466,0,1,0,0,0,0,0,0,0,0,0,0,0,-1
88,28,47,0,2,8,0,0,4,0,0,0,0,0.25,0.5795,4.6139,3.6281,0,1,0,0,0,0,0,0,0,1,1,0,0,-1
29,14,2,0,3,0,0,0,3,0,0,0,0,0.5517,0.1724,3.6504,2.5027,0,0,1,1,0,0,1,0,0,0,0,0,0,-1
28,13,2,0,3,0,0,0,3,0,0,0,0,0.5357,0.1786,3.5531,2.3535,0,0,1,1,0,0,1,0,0,0,0,0,0,-1
84,21,47,0,2,7,0,0,4,0,0,0,0,0.3214,0.5119,4.7374,3.6538,0,1,0,0,0,0,0,0,0,1,1,0,0,-1
44,5,7,16,2,0,0,0,3,1,0,0,1,0.0,0.7727,4.3736,1.9219,0,1,0,0,0,0,0,0,0,0,0,0,0,-1
27,13,7,0,3,0,0,0,3,0,0,0,0,0.3704,0.3704,3.8003,2.6032,0,0,1,0,0,0,1,0,0,0,0,0,0,-1
27,12,2,0,3,0,0,0,3,0,0,0,0,0.5185,0.1852,3.5282,2.3554,0,0,1,1,0,0,1,0,0,0,0,0,0,-1
34,14,7,0,4,0,0,0,3,0,0,0,0,0.4706,0.2647,3.8781,2.6106,0,0,1,1,0,0,1,0,0,0,0,0,0,-1
24,6,6,0,1,0,0,0,3,0,0,0,0,0.0,0.7917,3.7721,2.2516,0,1,0,0,0,0,0,0,0,1,1,0,0,-1
25,11,7,0,3,0,0,0,3,0,0,0,0,0.44,0.28,3.9133,2.5949,0,0,1,0,0,0,1,0,0,0,0,0,0,-1
28,14,7,0,3,0,0,0,3,0,0,0,0,0.3929,0.3571,4.0391,2.8963,0,0,1,0,0,0,1,0,0,0,0,0,0,-1
33,13,7,0,4,0,0,0,3,0,0,0,0,0.4545,0.2727,3.9832,2.6612,0,0,1,1,0,0,1,0,0,0,0,0,0,-1
35,14,9,0,1,0,0,0,3,0,0,0,0,0.0,0.8571,3.9789,3.182,0,1,0,0,0,0,0,0,0,0,0,0,0,-1
71,16,37,0,2,4,0,0,3,0,0,0,0,0.3239,0.5352,4.6174,3.2028,1,1,0,0,0,0,0,0,0,0,0,0,0,-1
25,5,9,0,1,0,0,0,4,0,0,0,0,0.0,0.76,3.8137,2.3219,0,1,0,0,0,0,0,0,0,0,0,0,0,-1
25,6,8,0,1,0,0,0,3,0,0,0,0,0.0,0.8,3.7337,1.9183,0,1,0,0,0,0,0,0,0,1,1,1,1,-1
25,13,5,0,3,0,0,0,3,0,0,0,0,0.4,0.32,3.9435,2.8731,0,0,1,0,0,0,1,0,0,0,0,0,0,-1
33,3,19,0,1,0,0,0,4,0,0,0,0,0.0,0.8182,4.0289,1.585,0,1,0,0,0,0,0,0,0,0,0,0,0,-1
38,14,12,0,1,0,0,0,4,0,0,0,0,0.0,0.8421,3.8656,2.8963,0,1,0,0,0,0,0,0,0,0,0,0,0,-1
37,14,16,0,4,0,0,0,4,0,0,0,0,0.3514,0.4054,3.8509,2.2709,0,0,1,0,0,0,1,0,0,0,0,0,0,-1
93,6,60,14,2,3,2,0,8,1,0,0,1,0.0538,0.7527,4.7253,2.585,0,1,0,0,0,0,0,0,0,0,0,0,0,-1
29,4,13,0,1,0,0,0,4,0,0,0,0,0.0,0.7931,4.1423,2.0,0,1,0,0,0,0,0,0,0,0,0,0,0,-1
27,7,8,0,1,0,0,0,3,0,0,0,0,0.0,0.8148,3.708,2.5216,0,1,0,0,0,0,0,0,0,0,0,0,0,-1
60,5,37,0,2,4,0,0,3,0,0,0,0,0.3167,0.5167,4.5335,1.9219,1,1,0,0,0,0,0,0,0,0,0,0,0,-1
32,12,13,0,4,0,0,0,3,0,0,0,0,0.375,0.375,4.2653,2.8554,0,0,1,0,0,0,1,0,0,0,0,0,0,-1
42,6,7,16,1,0,0,0,3,1,0,0,1,0.0,0.8095,3.9191,2.585,0,1,0,0,0,0,0,0,0,0,0,0,0,-1
84,21,47,0,2,6,0,0,4,0,0,0,0,0.2262,0.619,4.6939,3.6897,0,1,0,0,0,0,0,0,0,1,1,0,0,-1
30,15,2,0,3,0,0,0,3,0,0,0,0,0.5667,0.1667,3.4477,2.5493,0,0,1,1,0,0,1,0,0,0,0,0,0,-1
31,6,13,0,1,0,0,0,4,0,0,0,0,0.0,0.8065,3.7844,1.9183,0,1,0,0,0,0,0,0,0,0,0,0,0,-1
27,12,2,0,3,0,0,0,3,0,0,0,0,0.5185,0.1852,3.5319,2.4591,0,0,1,1,0,0,1,0,0,0,0,0,0,-1
26,5,9,0,1,0,0,0,3,0,0,0,0,0.0,0.8077,3.7962,1.9219,0,1,0,0,0,0,0,0,0,0,0,0,0,-1
33,13,7,0,4,0,0,0,3,0,0,0,0,0.4545,0.2727,3.8243,2.1997,0,0,1,1,0,0,1,0,0,0,0,0,0,-1
41,9,20,0,3,0,0,0,5,0,0,0,0,0.0732,0.7073,4.1227,3.1699,0,1,0,0,0,0,0,0,0,0,0,0,0,-1
33,5,12,0,1,1,0,0,3,0,0,0,0,0.0,0.8182,3.8391,2.3219,0,1,0,0,0,0,0,0,0,0,0,0,0,-1
52,10,30,0,1,2,0,0,5,0,0,0,0,0.0962,0.7308,4.4266,2.4464,0,1,0,0,0,0,0,0,0,0,0,1,1,-1
32,12,6,0,2,0,0,0,3,0,0,0,0,0.0,0.8125,3.9528,3.2516,0,1,0,0,0,0,0,0,0,0,0,0,0,-1
69,12,37,0,2,4,0,0,3,0,0,0,0,0.2754,0.5797,4.5484,2.8554,1,1,0,0,0,0,0,0,0,0,0,0,0,-1
22,3,0,6,1,0,0,0,2,1,0,0,1,0.0455,0.6818,4.0958,0.9183,0,1,0,0,0,0,0,0,0,0,0,0,0,-1
29,13,9,0,4,0,0,0,3,0,0,0,0,0.4138,0.3103,4.0473,2.9689,0,0,1,0,0,0,1,0,0,0,0,0,0,-1
25,2,8,0,2,0,0,0,3,0,0,0,0,0.0,0.76,4.0537,1.0,0,1,0,0,0,0,0,0,0,0,0,0,0,-1
24,8,4,0,1,0,0,0,3,0,0,0,0,0.0,0.7917,3.7721,2.75,0,1,0,0,0,0,0,0,0,0,0,0,0,-1
30,8,10,0,1,0,0,0,3,0,0,0,0,0.0,0.8333,3.8314,3.0,0,1,0,0,0,0,0,0,0,0,0,0,0,-1
42,15,15,0,1,0,0,0,4,0,0,0,0,0.0,0.8571,4.1392,3.3232,0,1,0,0,0,0,0,0,0,0,0,1,1,-1
25,11,7,0,3,0,0,0,3,0,0,0,0,0.4,0.32,3.7533,2.5949,0,0,1,0,0,0,1,0,0,0,0,0,0,-1
75,15,42,0,2,5,0,0,4,0,0,0,0,0.24,0.6,4.5993,3.5899,0,1,0,0,0,0,0,0,0,0,0,0,0,-1
29,14,2,0,3,0,0,0,3,0,0,0,0,0.5517,0.1724,3.5554,2.7534,0,0,1,1,0,0,1,0,0,0,0,0,0,-1
23,12,4,0,3,0,0,0,3,0,0,0,0,0.4783,0.2174,3.6753,2.8554,0,0,1,0,0,0,1,0,0,0,0,0,0,-1
91,16,48,0,3,4,0,0,4,0,0,0,0,0.1978,0.6703,4.7214,3.4528,1,1,0,0,0,0,0,0,0,1,1,0,0,-1
29,9,8,0,1,0,0,0,3,0,0,0,0,0.0,0.8276,3.7454,2.9477,0,1,0,0,0,0,0,0,0,0,0,0,0,-1
38,13,18,0,4,0,0,0,4,0,0,0,0,0.2895,0.4737,4.4386,2.8151,0,0,1,0,0,0,1,0,0,0,0,0,0,-1
85,23,47,0,2,6,0,0,4,0,0,0,0,0.2118,0.6353,4.6429,3.5884,0,1,0,0,0,0,0,0,0,1,1,0,0,-1
29,14,2,0,3,0,0,0,3,0,0,0,0,0.5517,0.1724,3.8313,2.6456,0,0,1,1,0,0,1,0,0,0,0,0,0,-1
44,13,19,0,1,1,0,0,5,0,0,0,0,0.0,0.8182,4.0621,3.027,0,1,0,0,0,0,0,0,0,0,0,0,0,-1
23,12,4,0,3,0,0,0,3,0,0,0,0,0.3913,0.3043,3.5555,2.6887,0,0,1,0,0,0,1,0,0,0,0,0,0,-1
26,2,12,0,1,0,0,0,4,0,0,0,0,0.1154,0.6538,4.162,1.0,0,1,0,0,0,0,0,0,0,0,0,0,0,-1
48,13,28,0,4,0,0,0,5,0,0,0,0,0.4375,0.3542,4.3116,2.4493,0,0,1,0,0,0,1,0,0,0,0,0,0,-1
24,7,5,0,1,0,0,0,3,0,0,0,0,0.0,0.7917,3.5221,2.5216,0,1,0,0,0,0,0,0,0,0,0,0,0,-1
33,13,7,0,4,0,0,0,3,0,0,0,0,0.4545,0.2727,3.9683,2.5654,0,0,1,1,0,0,1,0,0,0,0,0,0,-1
32,7,13,0,1,0,0,0,4,0,0,0,0,0.0,0.8125,4.0625,2.8074,0,1,0,0,0,0,0,0,0,0,0,0,0,-1
65,9,37,0,2,4,0,0,3,0,0,0,0,0.3538,0.4923,4.7204,2.7255,1,1,0,0,0,0,1,0,0,0,0,0,0,-1
78,15,47,0,2,4,0,0,4,0,0,0,0,0.2821,0.5769,4.7758,3.5069,0,1,0,0,0,0,0,0,0,1,1,0,0,-1
41,3,27,0,1,2,0,0,5,0,0,0,0,0.1463,0.6341,4.3338,1.585,0,1,0,0,0,0,0,0,0,0,0,0,0,-1
43,19,12,0,1,0,0,0,4,0,0,0,0,0.0698,0.7907,4.5364,3.5111,0,1,0,0,0,0,0,0,0,0,0,0,0,-1
33,7,14,0,1,0,0,0,4,0,0,0,0,0.1515,0.6667,4.3926,2.2359,0,1,0,0,0,0,0,0,0,0,0,0,0,-1
29,14,2,0,3,0,0,0,3,0,0,0,0,0.5517,0.1724,3.7623,2.6456,0,0,1,1,0,0,1,0,0,0,0,0,0,-1
18,1,6,0,1,0,0,0,3,0,0,0,0,0.0556,0.6667,3.4613,0.0,0,1,0,0,0,0,1,0,0,0,0,0,0,-1
32,12,7,0,4,0,0,0,3,0,0,0,0,0.4375,0.2812,3.8431,2.5221,0,0,1,1,0,0,1,0,0,0,0,0,0,-1
66,9,37,0,2,4,0,0,3,0,0,0,0,0.2727,0.5758,4.6916,2.6416,1,1,0,0,0,0,0,0,0,0,0,0,0,-1
32,12,7,0,4,0,0,0,3,0,0,0,0,0.4375,0.2812,3.8278,2.5221,0,0,1,1,0,0,1,0,0,0,0,0,0,-1
36,11,15,0,2,0,0,0,5,0,0,0,0,0.0833,0.6944,4.0969,3.0958,0,0,0,0,0,0,1,0,0,0,0,0,0,-1
30,13,10,0,4,0,0,0,4,0,0,0,0,0.3333,0.3667,3.9736,3.027,0,0,1,0,0,0,1,0,0,0,0,0,0,-1
28,8,8,0,1,0,0,0,3,0,0,0,0,0.0,0.8214,3.7265,3.0,0,1,0,0,0,0,0,0,0,0,0,0,0,-1
36,11,13,0,1,0,0,0,4,0,0,0,0,0.0,0.8333,4.0515,2.914,0,1,0,0,0,0,0,0,0,0,0,0,0,-1
32,14,11,0,3,0,0,0,4,0,0,0,0,0.4062,0.3438,4.2028,3.0391,0,0,1,0,0,0,1,0,0,0,0,0,0,-1
47,15,25,0,4,0,1,0,4,0,0,0,0,0.2766,0.5106,4.5759,2.7899,0,0,1,0,0,0,1,0,0,0,0,0,0,-1
49,13,29,0,4,0,0,0,5,0,0,0,0,0.4694,0.3265,4.3191,2.4493,0,0,1,0,0,0,1,0,0,0,0,0,0,-1
38,15,16,0,3,0,1,0,4,0,0,0,0,0.3421,0.4211,4.524,3.0062,0,0,1,0,0,0,1,0,0,0,0,0,0,-1
85,14,48,0,3,4,0,0,4,0,0,0,0,0.2706,0.5882,4.7158,3.3788,1,0,0,0,0,0,0,0,0,0,0,0,0,-1
33,4,17,0,1,0,0,0,4,0,0,0,0,0.0,0.8182,3.9603,2.0,0,1,0,0,0,0,0,0,0,0,0,0,0,-1
40,14,14,0,1,0,0,0,4,0,0,0,0,0.0,0.85,3.9562,3.2359,0,1,0,0,0,0,0,0,0,0,0,0,0,-1
35,16,7,0,1,0,0,0,3,0,0,0,0,0.0,0.8571,3.9929,3.2028,0,1,0,0,0,0,0,0,0,0,0,0,0,-1
38,18,0,7,1,0,0,0,2,1,0,0,1,0.0,0.8421,4.1883,3.3083,0,1,0,0,0,0,0,0,0,0,0,0,0,-1
28,13,2,0,3,0,0,0,3,0,0,0,0,0.5357,0.1786,3.8693,2.6612,0,0,1,1,0,0,1,0,0,0,0,0,0,-1
28,13,2,0,3,0,0,0,3,0,0,0,0,0.5357,0.1786,3.6726,2.6612,0,0,1,1,0,0,1,0,0,0,0,0,0,-1
24,3,6,0,2,0,0,0,3,0,0,0,0,0.0,0.75,3.8035,1.585,0,1,0,0,0,0,0,0,0,0,0,0,0,-1
85,12,50,0,3,4,0,0,4,0,0,0,0,0.1882,0.6706,4.7737,3.0221,1,1,0,0,0,0,0,0,0,1,1,0,0,-1
37,3,22,0,1,0,1,0,4,0,0,0,0,0.0,0.8108,4.1858,1.585,0,1,0,0,0,0,0,0,0,0,0,0,0,-1
31,13,11,0,4,0,0,0,3,0,0,0,0,0.3548,0.3871,4.2202,2.8731,0,0,1,0,0,0,1,0,0,0,0,0,0,-1
35,12,16,0,3,0,1,0,4,0,0,0,0,0.2857,0.4571,4.3433,2.4591,0,0,1,0,0,0,1,0,0,0,0,0,0,-1
82,22,47,0,2,6,0,0,4,0,0,0,0,0.2195,0.622,4.6964,3.6635,0,1,0,0,0,0,0,0,0,1,1,0,0,-1
24,5,7,0,1,0,0,0,3,0,0,0,0,0.0,0.7917,3.9387,1.9219,0,1,0,0,0,0,0,0,0,0,0,0,0,-1
34,14,7,0,4,0,0,0,3,0,0,0,0,0.4706,0.2647,3.962,2.7534,0,0,1,1,0,0,1,0,0,0,0,0,0,-1
76,13,48,0,3,4,0,0,4,0,0,0,0,0.2368,0.6053,4.6014,3.3927,1,1,0,0,0,0,0,0,0,1,1,0,0,-1
24,4,8,0,1,0,0,0,3,0,0,0,0,0.0,0.7917,3.7721,1.5,0,1,0,0,0,0,0,0,0,0,0,0,0,-1
33,13,7,0,4,0,0,0,3,0,0,0,0,0.4545,0.2727,3.9683,2.8151,0,0,1,1,0,0,1,0,0,0,0,0,0,-1
42,14,21,0,4,0,0,0,4,0,0,0,0,0.2857,0.5,4.0644,2.7885,0,0,1,0,0,0,1,0,0,0,0,0,0,-1
43,18,13,0,1,0,0,0,4,0,0,0,0,0.0,0.8605,4.1581,3.4613,0,1,0,0,0,0,0,0,0,0,0,0,0,-1
37,12,14,0,1,1,0,0,4,0,0,0,0,0.0,0.8108,4.006,2.8554,0,1,0,0,0,0,0,0,0,0,0,0,0,-1
46,10,17,0,3,0,0,0,4,0,0,0,0,0.0435,0.7826,4.1621,3.3219,1,0,0,0,0,0,1,0,1,0,0,0,0,-1
28,13,2,0,3,0,0,0,3,0,0,0,0,0.5357,0.1786,3.8963,2.8151,0,0,1,1,0,0,1,0,0,0,0,0,0,-1
28,13,2,0,3,0,0,0,3,0,0,0,0,0.5357,0.1786,3.6959,2.8731,0,0,1,1,0,0,1,0,0,0,0,0,0,-1
28,13,2,0,3,0,0,0,3,0,0,0,0,0.5357,0.1786,3.6995,2.8151,0,0,1,1,0,0,1,0,0,0,0,0,0,-1
27,4,11,0,1,0,0,0,4,0,0,0,0,0.0,0.7778,3.866,2.0,0,1,0,0,0,0,0,0,0,0,0,0,0,-1
27,3,9,0,2,0,0,0,3,0,0,0,0,0.0,0.7778,3.8562,1.585,0,1,0,0,0,0,0,0,0,0,0,0,0,-1
24,13,4,0,3,0,0,0,3,0,0,0,0,0.4583,0.25,3.8554,2.8731,0,0,1,0,0,0,1,0,0,0,0,0,0,-1
27,3,13,0,1,0,0,0,4,0,0,0,0,0.037,0.7407,3.866,1.585,0,1,0,0,0,0,1,0,0,0,0,0,0,-1
25,8,5,0,1,0,0,0,3,0,0,0,0,0.0,0.8,3.8635,2.75,0,1,0,0,0,0,0,0,0,0,0,0,0,-1
42,14,16,0,1,0,0,0,4,0,0,0,0,0.0,0.8571,4.1003,2.8424,0,1,0,0,0,0,0,0,0,0,0,0,0,-1
29,14,2,0,3,0,0,0,3,0,0,0,0,0.5517,0.1724,3.7454,2.8424,0,0,1,1,0,0,1,0,0,0,0,0,0,-1
35,15,7,0,4,0,0,0,3,0,0,0,0,0.4857,0.2571,3.9573,2.4989,0,0,1,1,0,0,1,0,0,0,0,0,0,-1
31,11,7,0,4,0,0,0,3,0,0,0,0,0.4194,0.2903,3.7199,2.4131,0,0,1,1,0,0,1,0,0,0,0,0,0,-1
33,13,7,0,4,0,0,0,3,0,0,0,0,0.4545,0.2727,3.7259,2.4493,0,0,1,1,0,0,1,0,0,0,0,0,0,-1
32,12,7,0,4,0,0,0,3,0,0,0,0,0.4375,0.2812,3.8903,2.2296,0,0,1,1,0,0,1,0,0,0,0,0,0,-1
27,12,2,0,3,0,0,0,3,0,0,0,0,0.5185,0.1852,3.5781,2.4591,0,0,1,1,0,0,1,0,0,0,0,0,0,-1
23,7,4,0,1,0,0,0,3,0,0,0,0,0.0,0.7826,3.7623,2.5216,0,1,0,0,0,0,0,0,0,0,0,0,0,-1
27,8,7,0,1,0,0,0,3,0,0,0,0,0.0,0.8148,4.0043,2.5,0,1,0,0,0,0,0,0,0,0,0,0,0,-1
39,12,20,0,4,0,0,0,4,0,0,0,0,0.2821,0.4872,4.2917,2.6887,0,0,1,0,0,0,1,0,0,0,0,0,0,-1
29,14,2,0,3,0,0,0,3,0,0,0,0,0.5517,0.1724,3.9094,2.7534,0,0,1,1,0,0,1,0,0,0,0,0,0,-1
32,13,12,0,3,0,2,0,3,0,0,0,0,0.4375,0.2812,4.007,2.6612,0,0,1,0,0,0,1,0,0,0,0,0,0,-1
40,12,7,8,1,0,0,0,3,1,0,0,1,0.0,0.825,4.2276,2.8554,0,1,0,0,0,0,0,0,0,0,0,0,0,-1
26,14,5,0,3,0,0,0,3,0,0,0,0,0.4231,0.3077,3.9501,3.0391,0,0,1,0,0,0,1,0,0,0,0,0,0,-1
26,9,5,0,1,0,0,0,3,0,0,0,0,0.0,0.8077,3.9501,2.7255,0,1,0,0,0,0,0,0,0,0,0,0,0,-1
33,10,8,0,2,0,0,0,3,0,0,0,0,0.0,0.8182,4.0438,3.3219,0,1,0,0,0,0,0,0,0,0,0,0,0,-1
50,13,30,0,3,0,0,0,4,0,0,0,0,0.24,0.6,3.6833,2.6612,0,0,1,0,0,0,1,0,0,0,0,0,0,-1
23,3,9,0,1,0,0,0,3,0,0,0,0,0.0,0.7826,3.5227,1.585,0,1,0,0,0,0,0,0,0,0,0,0,0,-1
25,4,9,0,1,0,0,0,3,0,0,0,0,0.0,0.8,3.7835,2.0,0,1,0,0,0,0,0,0,0,0,0,0,0,-1
39,8,19,0,1,1,0,0,5,0,0,0,0,0.0,0.7949,4.0359,2.4056,0,1,0,0,0,0,0,0,0,0,0,0,0,-1
27,10,5,0,1,0,0,0,3,0,0,0,0,0.0,0.8148,3.9023,3.3219,0,1,0,0,0,0,0,0,0,0,0,0,0,-1
27,14,6,0,4,0,0,0,3,0,0,0,0,0.4444,0.2593,3.8101,3.0391,0,0,1,0,0,0,1,0,0,0,0,0,0,-1
25,14,4,0,3,0,0,0,3,0,0,0,0,0.44,0.28,3.5329,2.306,0,0,1,0,0,0,1,0,0,0,0,0,0,-1
28,4,9,0,2,0,0,0,3,0,0,0,0,0.0,0.7857,3.9408,1.5,0,1,0,0,0,0,0,0,0,0,0,0,0,-1
29,14,2,0,3,0,0,0,3,0,0,0,0,0.5517,0.1724,3.3142,2.2988,0,0,1,1,0,0,1,0,0,0,0,0,0,-1
33,16,5,0,1,0,0,0,3,0,0,0,0,0.0,0.8485,4.0438,3.625,0,1,0,0,0,0,0,0,0,0,0,0,0,-1
28,5,10,0,1,0,0,0,3,0,0,0,0,0.0,0.8214,4.0122,2.3219,0,1,0,0,0,0,0,0,0,0,0,0,0,-1
31,11,7,0,4,0,0,0,3,0,0,0,0,0.4194,0.2903,4.0023,2.8454,0,0,1,1,0,0,1,0,0,0,0,0,0,-1
25,13,5,0,3,0,0,0,3,0,0,0,0,0.48,0.24,3.8333,2.8731,0,0,1,0,0,0,1,0,0,0,0,0,0,-1
41,17,12,0,1,0,0,0,4,0,0,0,0,0.0732,0.7805,4.3451,3.0131,0,1,0,0,0,0,0,0,0,0,0,0,0,-1
37,7,7,0,2,0,0,0,3,0,0,0,0,0.0,0.8378,4.317,2.5216,1,0,0,0,0,0,0,0,0,0,0,0,0,-1
30,9,9,0,1,0,0,0,3,0,0,0,0,0.0,0.8333,3.6281,2.4194,0,1,0,0,0,0,0,0,0,0,0,0,0,-1
32,9,11,0,2,0,0,0,3,0,0,0,0,0.0,0.8125,4.0542,2.9477,0,1,0,0,0,0,0,0,0,0,0,0,0,-1
24,3,9,0,1,0,0,0,3,0,0,0,0,0.0,0.7917,3.6258,0.9183,0,1,0,0,0,0,0,0,0,0,0,0,0,-1
37,11,12,0,2,0,0,0,3,0,0,0,0,0.0,0.8378,3.8438,3.0958,0,1,0,0,0,0,0,0,0,0,0,0,0,-1
26,14,5,0,3,0,0,0,3,0,0,0,0,0.5385,0.1923,3.5553,2.6456,0,0,1,0,0,0,1,0,0,0,0,0,0,-1
26,14,5,0,3,0,0,0,3,0,0,0,0,0.4615,0.2692,3.6284,2.2988,0,0,1,0,0,0,1,0,0,0,0,0,0,-1
73,6,40,14,2,1,1,0,8,1,0,0,1,0.0,0.7945,4.7462,2.585,0,1,0,0,0,0,0,0,0,0,0,0,0,-1
34,11,12,0,2,1,0,0,3,0,0,0,0,0.0,0.7941,4.0353,3.4594,0,0,0,0,0,0,0,0,0,0,0,0,0,-1
35,9,14,0,1,0,0,0,4,0,0,0,0,0.0,0.8286,3.9217,2.7255,0,1,0,0,0,0,0,0,0,0,0,0,0,-1
28,6,11,0,2,0,0,0,3,0,0,0,0,0.0,0.7857,4.0391,2.585,0,1,0,0,0,0,0,0,0,0,0,0,0,-1
33,6,15,0,1,0,0,0,4,0,0,0,0,0.0303,0.7879,3.695,2.585,0,1,0,0,0,0,1,0,0,0,0,0,0,-1
33,9,12,0,1,0,0,0,4,0,0,0,0,0.0,0.8182,3.7636,2.4194,0,1,0,0,0,0,0,0,0,0,0,0,0,-1
47,5,30,0,1,2,0,0,5,0,0,0,0,0.1064,0.7021,4.4348,2.3219,0,1,0,0,0,0,0,0,0,0,0,0,0,-1
52,13,27,0,2,1,0,0,4,0,0,0,0,0.0,0.8462,4.2217,3.5466,0,1,0,0,0,0,0,0,0,0,0,0,0,-1
42,10,20,0,1,0,0,0,5,0,0,0,0,0.0,0.8333,4.2704,3.1219,0,1,0,0,0,0,0,0,0,1,1,0,0,-1
27,5,11,0,1,0,0,0,4,0,0,0,0,0.0,0.7778,3.838,2.3219,0,1,0,0,0,0,0,0,0,0,0,0,0,-1
46,10,24,0,1,0,0,0,5,0,0,0,0,0.0,0.8478,4.0295,2.9219,0,1,0,0,0,0,0,0,0,1,1,0,0,-1
33,13,13,0,3,0,0,0,4,0,0,0,0,0.3333,0.4242,3.9077,2.4116,0,0,1,0,0,0,1,0,0,0,0,0,0,-1
33,7,14,0,1,0,0,0,4,0,0,0,0,0.0,0.8182,4.1243,2.1281,0,1,0,0,0,0,0,0,0,0,0,0,0,-1
46,8,26,0,1,1,0,0,6,0,0,0,0,0.087,0.7174,4.5884,2.75,0,1,0,0,0,0,1,0,0,0,0,0,0,-1
26,14,5,0,3,0,0,0,3,0,0,0,0,0.4231,0.3077,3.6322,2.306,0,0,1,0,0,0,1,0,0,0,0,0,0,-1
33,13,7,0,4,0,0,0,3,0,0,0,0,0.4545,0.2727,3.9455,2.8151,0,0,1,1,0,0,1,0,0,0,0,0,0,-1
28,5,11,0,1,0,0,0,4,0,0,0,0,0.0,0.7857,3.8074,1.9219,0,1,0,0,0,0,0,0,0,0,0,0,0,-1
43,11,21,0,1,0,0,0,5,0,0,0,0,0.1163,0.7209,4.3395,3.2776,0,1,0,0,0,0,0,0,0,0,0,0,0,-1
29,12,10,0,3,0,0,0,4,0,0,0,0,0.3448,0.3793,3.9523,2.2296,0,0,1,0,0,0,1,0,0,0,0,0,0,-1
33,13,8,0,3,0,0,0,3,0,0,0,0,0.4848,0.2727,4.0209,2.8731,0,0,1,1,0,0,1,0,0,0,0,0,0,-1
82,13,1,42,2,5,0,0,3,1,0,0,1,0.2439,0.5976,4.8131,3.2389,1,1,0,0,0,0,0,0,0,0,0,0,0,-1
24,13,4,0,3,0,0,0,3,0,0,0,0,0.4167,0.2917,3.7721,2.8731,0,0,1,0,0,0,1,0,0,0,0,0,0,-1
34,14,7,0,4,0,0,0,3,0,0,0,0,0.4706,0.2647,3.5647,2.156,0,0,1,1,0,0,1,0,0,0,0,0,0,-1
34,14,7,0,4,0,0,0,3,0,0,0,0,0.4706,0.2647,4.0064,2.7534,0,0,1,1,0,0,1,0,0,0,0,0,0,-1
35,15,7,0,4,0,0,0,3,0,0,0,0,0.4857,0.2571,3.783,2.3899,0,0,1,1,0,0,1,0,0,0,0,0,0,-1
33,13,7,0,4,0,0,0,3,0,0,0,0,0.4545,0.2727,4.0518,2.4116,0,0,1,1,0,0,1,0,0,0,0,0,0,-1
32,12,7,0,4,0,0,0,3,0,0,0,0,0.4375,0.2812,4.1639,3.0221,0,0,1,1,0,0,1,0,0,0,0,0,0,-1
30,15,2,0,3,0,0,0,3,0,0,0,0,0.5667,0.1667,3.7396,2.6062,0,0,1,1,0,0,1,0,0,0,0,0,0,-1
40,6,0,21,1,0,0,0,2,2,1,0,1,0.0,0.8,4.3653,2.585,0,1,0,0,0,0,0,0,0,0,0,0,0,-1
87,25,47,0,2,7,0,0,4,0,0,0,0,0.2529,0.5862,4.8003,3.7835,0,1,0,0,0,0,0,0,0,1,1,0,0,-1
23,14,2,0,3,0,0,0,3,0,0,0,0,0.4783,0.2174,3.4144,2.4677,0,0,1,0,0,0,1,0,0,0,0,0,0,-1
48,3,34,0,1,1,0,0,5,0,0,0,0,0.0,0.8333,4.1395,1.585,0,1,0,0,0,0,0,0,0,0,0,0,0,-1
86,14,48,0,3,4,0,0,4,0,0,0,0,0.2674,0.593,4.8385,3.3788,1,1,0,0,0,0,0,0,0,0,0,0,0,-1
44,12,20,0,1,0,0,0,4,0,0,0,0,0.0,0.8636,3.9906,3.0221,0,1,0,0,0,0,0,0,0,0,0,0,0,-1
34,11,11,0,2,0,0,0,3,0,0,0,0,0.0,0.8235,3.7275,2.8454,0,1,0,0,0,0,0,0,0,0,0,0,0,-1
29,14,2,0,3,0,0,0,3,0,0,0,0,0.5517,0.1724,3.8144,2.7885,0,0,1,1,0,0,1,0,0,0,0,0,0,-1
45,11,22,0,1,0,1,0,4,0,0,0,0,0.0,0.8444,4.2225,2.7322,0,1,0,0,0,0,0,0,0,0,0,0,0,-1
28,13,2,0,3,0,0,0,3,0,0,0,0,0.5357,0.1786,3.8693,2.6612,0,0,1,1,0,0,1,0,0,0,0,0,0,-1
40,13,20,0,4,0,0,0,4,0,0,0,0,0.25,0.525,3.7653,2.4116,0,0,1,0,0,0,1,0,0,0,0,0,0,-1
37,15,15,0,4,0,1,0,3,0,0,0,0,0.3784,0.3784,4.3242,2.9232,0,0,1,0,0,0,1,0,0,0,0,0,0,-1
28,13,8,0,3,0,0,0,3,0,0,0,0,0.3571,0.3929,3.9852,2.6032,0,0,1,0,0,0,1,0,0,0,0,0,0,-1
33,14,7,0,4,0,0,0,3,0,0,0,0,0.4545,0.2727,3.9683,2.7534,0,0,1,1,0,0,1,0,0,0,0,0,0,-1
97,28,1,42,2,4,0,0,3,1,0,0,1,0.2268,0.6495,4.8332,3.2265,1,1,0,0,0,0,0,0,0,0,0,0,0,-1
32,8,10,0,2,0,0,0,3,0,0,0,0,0.0,0.8125,3.8585,2.4056,0,1,0,0,0,0,0,0,0,0,0,0,0,-1
64,6,23,0,3,0,1,0,4,0,0,0,0,0.0625,0.7969,4.2526,2.2516,1,0,0,0,0,0,0,0,1,0,0,0,0,-1
28,13,2,0,3,0,0,0,3,0,0,0,0,0.5357,0.1786,3.7709,2.6032,0,0,1,1,0,0,1,0,0,0,0,0,0,-1
40,8,20,0,1,0,0,0,5,0,0,0,0,0.0,0.825,4.1628,2.5,0,1,0,0,0,0,0,0,0,1,1,0,0,-1
32,5,15,0,1,0,0,0,4,0,0,0,0,0.0,0.8125,3.7653,2.3219,0,1,0,0,0,0,0,0,0,0,0,0,0,-1
24,2,10,0,1,0,0,0,3,0,0,0,0,0.0,0.7917,3.6887,1.0,0,1,0,0,0,0,0,0,0,0,0,0,0,-1
36,7,10,0,3,0,0,0,4,0,0,0,0,0.0278,0.75,4.086,2.5216,1,0,0,0,0,0,0,0,0,0,0,0,0,-1
35,11,13,0,1,0,0,0,4,0,0,0,0,0.0,0.8286,4.022,3.0958,0,1,0,0,0,0,0,0,0,0,0,0,0,-1
37,12,13,0,1,0,0,0,4,0,0,0,0,0.0,0.8378,3.7931,2.6887,0,1,0,0,0,0,0,0,0,0,0,0,0,-1
19,4,4,0,1,0,0,0,3,0,0,0,0,0.0,0.7368,3.2866,1.5,0,1,0,0,0,0,0,0,0,0,0,0,0,-1
26,11,2,0,3,0,0,0,3,0,0,0,0,0.5,0.1923,3.7672,2.5949,0,0,1,1,0,0,1,0,0,0,0,0,0,-1
34,14,7,0,4,0,0,0,3,0,0,0,0,0.4706,0.2647,3.9842,2.6106,0,0,1,1,0,0,1,0,0,0,0,0,0,-1
44,18,14,0,1,0,0,0,3,0,0,0,0,0.0,0.8864,4.1121,3.5724,0,1,0,0,0,0,0,0,0,0,0,0,0,-1
38,12,14,0,1,0,0,0,4,0,0,0,0,0.1053,0.7368,4.4912,3.085,0,1,0,0,0,0,0,0,0,0,0,0,0,-1
87,25,47,0,2,7,0,0,4,0,0,0,0,0.2184,0.6207,4.6635,3.6431,0,1,0,0,0,0,0,0,0,1,1,0,0,-1
32,12,7,0,4,0,0,0,3,0,0,0,0,0.4375,0.2812,4.0153,2.6887,0,0,1,1,0,0,1,0,0,0,0,0,0,-1
28,13,8,0,3,0,0,0,4,0,0,0,0,0.3929,0.3214,3.9677,2.8151,0,0,1,0,0,0,1,0,0,0,0,0,0,-1
45,14,24,0,4,0,0,0,4,0,0,0,0,0.3556,0.4444,4.4914,2.8424,0,0,1,0,0,0,1,0,0,0,0,0,0,-1
29,12,10,0,3,0,0,0,4,0,0,0,0,0.3793,0.3448,3.8404,2.2296,0,0,1,0,0,0,1,0,0,0,0,0,0,-1
28,13,2,0,3,0,0,0,3,0,0,0,0,0.5357,0.1786,3.7265,2.8151,0,0,1,1,0,0,1,0,0,0,0,0,0,-1
26,8,6,0,1,0,0,0,3,0,0,0,0,0.0,0.8077,3.921,2.75,0,1,0,0,0,0,0,0,0,0,0,0,0,-1
24,3,9,0,1,0,0,0,3,0,0,0,0,0.0,0.7917,3.7721,1.585,0,1,0,0,0,0,0,0,0,0,0,0,0,-1
89,30,47,0,2,8,0,0,4,0,0,0,0,0.236,0.5955,4.7574,3.6981,0,0,0,0,0,0,0,0,0,1,1,0,0,-1
54,6,32,0,2,0,3,0,4,0,0,0,0,0.2222,0.5741,4.4791,2.585,0,0,0,1,0,0,0,0,0,0,0,0,0,-1
29,14,2,0,3,0,0,0,3,0,0,0,0,0.5517,0.1724,3.7623,2.6995,0,0,1,1,0,0,1,0,0,0,0,0,0,-1
39,12,15,0,1,0,0,0,4,0,0,0,0,0.0,0.8462,4.1698,3.085,0,1,0,0,0,0,0,0,0,0,0,0,0,-1
26,8,6,0,1,0,0,0,3,0,0,0,0,0.0385,0.7692,3.9501,2.5,0,1,0,0,0,0,1,0,0,0,0,0,0,-1
24,12,5,0,3,0,0,0,3,0,0,0,0,0.375,0.3333,3.7406,2.7925,0,0,1,0,0,0,1,0,0,0,0,0,0,-1
70,9,37,0,2,4,0,0,3,0,0,0,0,0.2714,0.5857,4.7075,2.4194,1,1,0,0,0,0,0,0,0,0,0,0,0,-1
35,18,5,0,1,2,0,0,3,0,0,0,0,0.0,0.8,3.8786,3.3921,0,1,0,0,0,0,0,0,0,0,0,0,0,-1
29,14,2,0,3,0,0,0,3,0,0,0,0,0.5517,0.1724,3.6244,2.6106,0,0,1,1,0,0,1,0,0,0,0,0,0,-1
31,5,15,0,1,0,0,0,4,0,0,0,0,0.0,0.8065,3.7199,2.3219,0,1,0,0,0,0,0,0,0,0,0,0,0,-1
33,13,7,0,4,0,0,0,3,0,0,0,0,0.4545,0.2727,4.0896,2.8731,0,0,1,1,0,0,1,0,0,0,0,0,0,-1
34,10,13,0,2,2,0,0,3,0,0,0,0,0.0588,0.7059,4.1973,2.8464,0,0,0,0,0,0,0,0,1,0,0,0,0,-1
34,14,7,0,4,0,0,0,3,0,0,0,0,0.4706,0.2647,4.0431,2.7885,0,0,1,1,0,0,1,0,0,0,0,0,0,-1
27,3,11,0,1,0,0,0,4,0,0,0,0,0.0,0.7778,3.6582,1.585,0,1,0,0,0,0,0,0,1,0,0,0,0,-1
28,10,5,0,3,0,0,0,3,0,0,0,0,0.4286,0.2857,3.7265,2.371,0,0,1,1,0,0,1,0,0,0,0,0,0,-1
38,6,20,0,1,0,0,0,4,0,0,0,0,0.0,0.8421,3.9649,2.2516,0,1,0,0,0,0,0,0,0,0,0,0,0,-1
39,7,20,0,1,0,0,0,5,0,0,0,0,0.0,0.8205,4.1285,2.5216,0,1,0,0,0,0,0,0,0,1,1,0,0,-1
27,7,8,0,1,0,0,0,3,0,0,0,0,0.0,0.8148,3.7821,2.5216,0,1,0,0,0,0,0,0,0,0,0,0,0,-1
29,14,2,0,3,0,0,0,3,0,0,0,0,0.5517,0.1724,3.5949,2.2988,0,0,1,1,0,0,1,0,0,0,0,0,0,-1
25,14,4,0,3,0,0,0,3,0,0,0,0,0.44,0.28,3.6431,2.8424,0,0,1,0,0,0,1,0,0,0,0,0,0,-1
29,14,2,0,3,0,0,0,3,0,0,0,0,0.5517,0.1724,3.5125,2.2988,0,0,1,1,0,0,1,0,0,0,0,0,0,-1
48,13,7,16,1,1,0,0,3,1,0,0,1,0.0,0.7917,4.2747,3.0851,0,1,0,0,0,0,0,0,0,0,0,0,0,-1
22,3,8,0,1,0,0,0,3,0,0,0,0,0.0,0.7727,3.6635,1.585,0,1,0,0,0,0,0,0,0,1,1,0,0,-1
32,4,16,0,1,0,0,0,4,0,0,0,0,0.0,0.8125,3.715,1.5,0,1,0,0,0,0,0,0,0,0,0,0,0,-1
28,13,2,0,3,0,0,0,3,0,0,0,0,0.5357,0.1786,3.7979,2.8731,0,0,1,1,0,0,1,0,0,0,0,0,0,-1
26,6,8,0,1,0,0,0,3,0,0,0,0,0.0,0.8077,3.5035,1.7925,0,1,0,0,0,0,0,0,0,0,0,0,0,-1
31,8,8,0,3,0,0,0,3,0,0,0,0,0.0645,0.7097,4.0826,2.5,1,0,0,0,0,0,1,0,1,0,0,0,0,-1
25,13,5,0,3,0,0,0,3,0,0,0,0,0.4,0.32,3.8635,2.8731,0,0,1,0,0,0,1,0,0,0,0,0,0,-1
42,14,21,0,3,0,2,0,3,0,0,0,0,0.2619,0.5238,4.368,2.6456,0,0,1,0,0,0,1,0,0,0,0,0,0,-1
46,10,7,16,1,0,0,0,3,1,0,0,1,0.0,0.8261,3.9966,2.4464,0,1,0,0,0,0,0,0,0,0,0,0,0,-1
63,8,37,0,2,4,0,0,3,0,0,0,0,0.3175,0.5238,4.4501,1.8113,1,1,0,0,0,0,0,0,0,0,0,0,0,-1
36,7,7,10,1,0,0,0,3,1,0,0,1,0.0,0.8056,3.954,1.8424,0,1,0,0,0,0,0,0,0,0,0,0,0,-1
28,7,9,0,1,0,0,0,3,0,0,0,0,0.0,0.8214,3.7534,2.5216,0,1,0,0,0,0,0,0,0,0,0,0,0,-1
33,5,7,8,1,0,0,0,3,1,0,0,1,0.0,0.7879,3.9455,1.5219,0,1,0,0,0,0,0,0,0,0,0,0,0,-1
26,7,7,0,1,0,0,0,3,0,0,0,0,0.0385,0.7692,3.8731,2.5216,0,1,0,0,0,0,1,0,0,0,0,0,0,-1
41,9,20,0,1,0,0,0,5,0,0,0,0,0.0,0.8293,4.2482,2.7255,0,1,0,0,0,0,0,0,0,1,1,0,0,-1
36,10,14,0,1,0,0,0,4,0,0,0,0,0.0,0.8333,3.8292,2.7219,0,1,0,0,0,0,0,0,0,0,0,0,0,-1
35,15,7,0,4,0,0,0,3,0,0,0,0,0.4857,0.2571,3.9433,2.6062,0,0,1,1,0,0,1,0,0,0,0,0,0,-1
29,8,9,0,1,0,0,0,3,0,0,0,0,0.0,0.8276,3.6244,2.5,0,1,0,0,0,0,0,0,0,0,0,0,0,-1
38,17,9,0,1,1,0,0,3,0,0,0,0,0.0,0.8421,4.1062,3.7345,0,1,0,0,0,0,0,0,0,0,0,0,0,-1
40,3,22,0,2,1,0,0,5,0,0,0,0,0.15,0.625,4.2037,0.0,0,1,0,0,0,0,0,0,0,0,0,0,0,-1
38,8,2,13,2,0,0,0,3,1,0,0,1,0.0,0.7632,4.3264,2.75,0,1,0,0,0,0,0,0,0,0,0,0,0,-1
32,12,0,7,1,0,0,0,2,1,0,0,1,0.0,0.8125,4.0778,2.8554,0,1,0,0,0,0,0,0,0,0,0,1,1,-1
33,10,11,0,1,0,0,0,4,0,0,0,0,0.0,0.8182,3.6987,2.6464,0,1,0,0,0,0,0,0,0,0,0,0,0,-1
22,6,4,0,1,0,0,0,3,0,0,0,0,0.0,0.7727,3.6292,1.9183,0,1,0,0,0,0,0,0,0,0,0,0,0,-1
94,6,76,0,2,3,1,0,10,0,0,0,0,0.0213,0.7979,4.5004,2.585,0,1,0,0,0,0,0,0,0,0,0,0,0,-1
38,6,15,0,2,0,0,0,3,0,0,0,0,0.0,0.8421,3.9984,2.2516,1,1,0,0,0,0,0,0,0,0,0,0,0,-1
32,12,7,0,4,0,0,0,3,0,0,0,0,0.4375,0.2812,3.9764,2.6258,0,0,1,1,0,0,1,0,0,0,0,0,0,-1
26,5,10,0,1,0,0,0,3,0,0,0,0,0.0,0.8077,3.9501,2.3219,0,1,0,0,0,0,0,0,0,0,0,0,0,-1
30,13,5,0,3,0,0,0,3,0,0,0,0,0.4667,0.2667,3.7777,2.6032,0,0,1,1,0,0,1,0,0,0,0,0,0,-1
33,13,7,0,4,0,0,0,3,0,0,0,0,0.4545,0.2727,4.0289,2.8151,0,0,1,1,0,0,1,0,0,0,0,0,0,-1
23,0,10,0,1,0,0,0,3,0,0,0,0,0.0,0.7826,3.8164,0.0,0,1,0,0,0,0,0,0,0,0,0,0,0,-1
35,14,9,0,1,0,0,0,3,0,0,0,0,0.0,0.8571,4.1287,3.3788,0,1,0,0,0,0,0,0,0,0,0,0,0,-1
47,19,7,8,1,0,0,0,3,1,0,0,1,0.0,0.8511,4.2828,3.4714,0,1,0,0,0,0,0,0,0,0,0,0,0,-1
26,4,10,0,1,0,0,0,3,0,0,0,0,0.0,0.8077,3.8253,2.0,0,1,0,0,0,0,0,0,0,0,0,0,0,-1
21,3,0,6,1,0,0,0,2,1,0,0,1,0.0476,0.6667,4.0114,1.585,0,1,0,0,0,0,0,0,0,0,0,0,0,-1
23,6,5,0,1,0,0,0,3,0,0,0,0,0.0,0.7826,3.5014,1.7925,0,1,0,0,0,0,0,0,0,0,0,0,0,-1
31,13,11,0,3,0,0,0,4,0,0,0,0,0.3548,0.3871,4.2202,3.027,0,0,1,0,0,0,1,0,0,0,0,0,0,-1
25,14,4,0,3,0,0,0,3,0,0,0,0,0.44,0.28,3.4529,2.306,0,0,1,0,0,0,1,0,0,0,0,0,0,-1
33,13,7,0,4,0,0,0,3,0,0,0,0,0.4545,0.2727,3.7755,2.4116,0,0,1,1,0,0,1,0,0,0,0,0,0,-1
30,10,8,0,1,0,0,0,3,0,0,0,0,0.0,0.8333,4.2566,3.1219,0,1,0,0,0,0,0,0,0,0,0,0,0,-1
36,10,14,0,1,0,0,0,4,0,0,0,0,0.0,0.8333,3.9959,2.6464,0,1,0,0,0,0,0,0,0,0,0,0,0,-1
25,11,7,0,3,0,0,0,3,0,0,0,0,0.48,0.24,3.8333,2.5949,0,0,1,0,0,0,1,0,0,0,0,0,0,-1
28,13,2,0,3,0,0,0,3,0,0,0,0,0.5357,0.1786,3.6995,2.5654,0,0,1,1,0,0,1,0,0,0,0,0,0,-1
36,16,8,0,1,0,0,0,3,0,0,0,0,0.0,0.8611,3.7426,3.3278,0,1,0,0,0,0,0,0,0,0,0,0,0,-1
32,7,13,0,1,0,0,0,4,0,0,0,0,0.0,0.8125,3.8514,2.8074,0,1,0,0,0,0,0,0,0,0,0,0,0,-1
38,14,17,0,4,0,0,0,4,0,0,0,0,0.2895,0.4737,4.2608,2.6456,0,0,1,0,0,0,1,0,0,0,0,0,0,-1
39,6,22,0,1,0,1,0,4,0,0,0,0,0.0,0.8205,4.1604,1.9183,0,1,0,0,0,0,0,0,0,1,1,1,1,-1
42,16,14,0,1,0,0,0,4,0,0,0,0,0.119,0.7381,4.5289,2.9528,0,1,0,0,0,0,0,0,0,0,0,0,0,-1
36,4,21,0,1,1,0,0,4,0,0,0,0,0.0,0.8056,4.0169,1.5,0,1,0,0,0,0,0,0,0,0,0,0,0,-1
27,12,2,0,3,0,0,0,3,0,0,0,0,0.5185,0.1852,3.6801,2.6887,0,0,1,1,0,0,1,0,0,0,0,0,0,-1
32,4,14,0,2,0,0,0,4,0,0,0,0,0.125,0.6562,4.3514,2.0,0,1,0,0,0,0,0,0,0,0,0,0,0,-1
35,15,7,0,4,0,0,0,3,0,0,0,0,0.4857,0.2571,3.8214,2.2892,0,0,1,1,0,0,1,0,0,0,0,0,0,-1
32,12,7,0,4,0,0,0,3,0,0,0,0,0.4375,0.2812,3.8903,2.6258,0,0,1,1,0,0,1,0,0,0,0,0,0,-1
52,12,28,0,1,1,0,0,4,0,0,0,0,0.0,0.8654,4.2413,3.0221,0,1,0,0,0,0,0,0,0,0,0,0,0,-1
25,13,5,0,3,0,0,0,3,0,0,0,0,0.4,0.32,3.9435,2.8731,0,0,1,0,0,0,1,0,0,0,0,0,0,-1
35,9,14,0,1,0,0,0,3,0,0,0,0,0.0,0.8571,3.9929,2.9477,0,1,0,0,0,0,0,0,0,0,0,0,0,-1
33,13,7,0,4,0,0,0,3,0,0,0,0,0.4545,0.2727,3.9077,2.5074,0,0,1,1,0,0,1,0,0,0,0,0,0,-1
62,2,11,0,3,1,0,0,3,0,0,0,0,0.3548,0.5161,4.8107,1.0,1,1,0,0,0,0,1,0,0,0,0,0,0,-1
39,7,9,0,2,0,0,0,4,0,0,0,0,0.0513,0.7692,4.3875,2.5216,1,0,0,0,0,0,0,0,0,0,0,0,0,-1
47,11,24,0,1,0,0,0,5,0,0,0,0,0.0,0.8511,4.1027,3.0958,0,1,0,0,0,0,0,0,0,1,1,0,0,-1
26,14,5,0,3,0,0,0,3,0,0,0,0,0.4615,0.2692,3.7193,2.6106,0,0,1,0,0,0,1,0,0,0,0,0,0,-1
37,3,20,0,2,0,0,0,4,0,0,0,0,0.0,0.8108,4.0672,1.585,0,1,0,0,0,0,0,0,0,0,0,0,0,-1
18,2,5,0,1,0,0,0,3,0,0,0,0,0.0,0.7222,3.5724,1.0,0,1,0,0,0,0,0,0,0,0,0,0,0,-1
30,9,9,0,1,1,0,0,3,0,0,0,0,0.0,0.8,3.9362,2.6416,0,1,0,0,0,0,0,0,0,0,0,0,0,-1
67,10,37,0,2,4,0,0,3,0,0,0,0,0.2537,0.597,4.4543,2.9219,1,1,0,0,0,0,1,0,0,0,0,0,0,-1
25,8,5,0,1,0,0,0,3,0,0,0,0,0.0,0.8,3.8635,2.5,0,1,0,0,0,0,0,0,0,0,0,0,0,-1
48,9,7,16,2,0,0,0,3,1,0,0,1,0.0,0.7917,4.3219,2.5033,0,1,0,0,0,0,0,0,0,0,0,0,0,-1
31,9,10,0,1,0,0,0,3,0,0,0,0,0.0,0.8387,3.7199,2.9477,0,1,0,0,0,0,0,0,0,0,0,0,0,-1
34,13,9,0,1,0,0,0,3,0,0,0,0,0.0,0.8529,4.0209,3.2389,0,1,0,0,0,0,0,0,0,0,0,0,0,-1
28,13,2,0,3,0,0,0,3,0,0,0,0,0.5357,0.1786,3.5531,2.1997,0,0,1,1,0,0,1,0,0,0,0,0,0,-1
25,5,8,0,1,0,0,0,3,0,0,0,0,0.0,0.8,3.8333,1.9219,0,1,0,0,0,0,0,0,0,0,0,0,0,-1
45,8,25,0,3,0,2,0,3,0,0,0,0,0.0667,0.7333,4.2801,2.5,0,1,0,0,0,0,0,0,0,0,0,0,0,-1
31,13,6,0,3,0,0,0,3,0,0,0,0,0.5161,0.2258,3.9134,2.6032,0,0,1,1,0,0,1,0,0,0,0,0,0,-1
25,5,8,0,1,0,0,0,3,0,0,0,0,0.0,0.8,3.9435,2.3219,0,1,0,0,0,0,0,0,0,1,1,0,0,-1
28,13,8,0,3,0,0,0,4,0,0,0,0,0.4643,0.25,3.8518,2.7193,0,0,1,0,0,0,1,0,0,0,0,0,0,-1
32,5,15,0,1,0,0,0,4,0,0,0,0,0.0,0.8125,4.1792,2.3219,0,1,0,0,0,0,0,0,0,0,0,0,0,-1
22,13,2,0,3,0,0,0,3,0,0,0,0,0.4545,0.2273,3.6635,2.8731,0,0,1,0,0,0,1,0,0,0,0,0,0,-1
39,4,24,0,1,0,0,0,5,0,0,0,0,0.0,0.8205,3.8491,1.5,0,1,0,0,0,0,0,0,0,0,0,0,0,-1
43,14,22,0,4,0,0,0,4,0,0,0,0,0.2558,0.5349,4.2749,2.8424,0,0,1,0,0,0,1,0,0,0,0,0,0,-1
30,9,9,0,1,0,0,0,3,0,0,0,0,0.0,0.8333,3.7647,2.9477,0,1,0,0,0,0,0,0,0,0,0,0,0,-1
43,7,24,0,1,0,0,0,5,0,0,0,0,0.0,0.8372,4.1093,2.5216,0,1,0,0,0,0,0,0,0,1,1,0,0,-1
31,13,11,0,3,0,1,0,3,0,0,0,0,0.3548,0.3871,4.236,2.8731,0,0,1,0,0,0,1,0,0,0,0,0,0,-1
26,8,6,0,1,0,0,0,3,0,0,0,0,0.0,0.8077,4.027,2.75,0,1,0,0,0,0,0,0,0,0,0,0,0,-1
34,14,7,0,4,0,0,0,3,0,0,0,0,0.4706,0.2647,3.9842,2.6106,0,0,1,1,0,0,1,0,0,0,0,0,0,-1
35,8,2,13,1,0,0,0,3,1,0,0,1,0.0,0.7714,4.229,3.0,0,1,0,0,0,0,0,0,0,0,0,0,0,-1
29,14,2,0,3,0,0,0,3,0,0,0,0,0.5517,0.1724,3.5259,2.6106,0,0,1,1,0,0,1,0,0,0,0,0,0,-1
25,7,6,0,1,0,0,0,3,0,0,0,0,0.0,0.8,3.9933,2.5216,0,1,0,0,0,0,0,0,0,1,1,0,0,-1
87,25,47,0,2,6,0,0,4,0,0,0,0,0.2529,0.5977,4.6399,3.5933,0,1,0,0,0,0,0,0,0,1,1,0,0,-1
35,4,16,0,2,0,0,0,4,0,0,0,0,0.0,0.8,4.0576,2.0,0,1,0,0,0,0,0,0,0,0,0,0,0,-1
66,9,37,0,2,4,0,0,3,0,0,0,0,0.2273,0.6212,4.5937,2.4194,1,1,0,0,0,0,0,0,0,0,0,0,0,-1
36,15,9,0,1,0,0,0,3,0,0,0,0,0.0,0.8611,3.9676,2.8729,0,1,0,0,0,0,0,0,0,0,0,0,0,-1
27,12,2,0,3,0,0,0,3,0,0,0,0,0.5185,0.1852,3.6521,2.6258,0,0,1,1,0,0,1,0,0,0,0,0,0,-1
108,14,87,0,4,0,0,0,4,0,0,0,0,0.5556,0.3611,3.7426,2.6456,0,0,1,0,0,0,1,0,0,0,0,0,0,-1
48,12,24,0,1,1,0,0,5,0,0,0,0,0.0,0.8333,4.2207,2.8554,0,1,0,0,0,0,0,0,0,0,0,0,0,-1
59,15,30,0,2,2,0,0,5,0,0,0,0,0.0847,0.7458,4.4549,3.5069,0,1,0,0,0,0,0,0,0,0,0,0,0,-1
32,12,7,0,4,0,0,0,3,0,0,0,0,0.4375,0.2812,3.9292,2.6887,0,0,1,1,0,0,1,0,0,0,0,0,0,-1
27,9,6,0,1,0,0,0,3,0,0,0,0,0.0,0.8148,3.8842,3.1699,0,1,0,0,0,0,0,0,0,0,0,0,0,-1
34,6,17,0,1,1,0,0,4,0,0,0,0,0.0,0.7941,3.7634,2.2516,0,1,0,0,0,0,0,0,0,0,0,0,0,-1
30,15,2,0,3,0,0,0,3,0,0,0,0,0.5667,0.1667,3.8314,2.7899,0,0,1,1,0,0,1,0,0,0,0,0,0,-1
27,12,2,0,3,0,0,0,3,0,0,0,0,0.5185,0.1852,3.634,2.3554,0,0,1,1,0,0,1,0,0,0,0,0,0,-1
25,5,8,0,1,0,0,0,3,0,0,0,0,0.0,0.8,3.9737,2.3219,0,1,0,0,0,0,0,0,0,0,0,0,0,-1
31,7,13,0,1,0,0,0,4,0,0,0,0,0.0,0.8065,3.8245,2.8074,0,1,0,0,0,0,0,0,0,0,0,0,0,-1
24,13,4,0,3,0,0,0,3,0,0,0,0,0.4583,0.25,3.7406,2.8731,0,0,1,0,0,0,1,0,0,0,0,0,0,-1
28,8,6,0,2,1,0,0,3,0,0,0,0,0.0,0.75,3.9677,2.4056,0,1,0,0,0,0,0,0,0,0,0,0,0,-1
44,5,28,0,1,1,0,0,4,0,0,0,0,0.0,0.8409,4.1552,2.3219,0,1,0,0,0,0,0,0,0,0,0,0,0,-1
26,4,10,0,1,0,0,0,3,0,0,0,0,0.0,0.8077,3.8731,2.0,0,1,0,0,0,0,0,0,0,0,0,0,0,-1
32,12,7,0,4,0,0,0,3,0,0,0,0,0.4375,0.2812,3.8431,2.6258,0,0,1,1,0,0,1,0,0,0,0,0,0,-1
45,11,0,21,1,0,0,0,2,2,1,0,1,0.0,0.8222,4.3304,2.7322,0,1,0,0,0,0,0,0,0,0,0,0,0,-1
33,11,10,0,1,0,0,0,3,0,0,0,0,0.0,0.8485,3.8967,2.8454,0,1,0,0,0,0,0,0,0,0,0,0,0,-1
34,14,7,0,4,0,0,0,3,0,0,0,0,0.4706,0.2647,4.0431,2.8424,0,0,1,1,0,0,1,0,0,0,0,0,0,-1
28,8,8,0,1,0,0,0,3,0,0,0,0,0.0,0.8214,3.8963,2.75,0,1,0,0,0,0,0,0,0,1,1,0,0,-1
25,7,6,0,1,0,0,0,3,0,0,0,0,0.0,0.8,4.1035,2.8074,0,1,0,0,0,0,0,0,0,0,0,0,0,-1
27,12,2,0,3,0,0,0,3,0,0,0,0,0.5185,0.1852,3.708,2.6258,0,0,1,1,0,0,1,0,0,0,0,0,0,-1
34,14,7,0,4,0,0,0,3,0,0,0,0,0.4706,0.2647,3.9987,2.9852,0,0,1,1,0,0,1,0,0,0,0,0,0,-1
35,4,20,0,1,0,0,0,5,0,0,0,0,0.0,0.8,3.9253,1.5,0,1,0,0,0,0,0,0,0,1,1,0,0,-1
29,14,2,0,3,0,0,0,3,0,0,0,0,0.5517,0.1724,3.6673,2.6995,0,0,1,1,0,0,1,0,0,0,0,0,0,-1
27,14,6,0,3,0,0,0,3,0,0,0,0,0.4815,0.2593,3.7542,2.5027,0,0,1,0,0,0,1,0,0,0,0,0,0,-1
40,4,7,16,1,0,0,0,3,1,0,0,1,0.0,0.775,4.2842,2.0,0,1,0,0,0,0,0,0,0,0,0,0,0,-1
32,11,9,0,1,1,0,0,3,0,0,0,0,0.0,0.8125,4.0306,3.0958,0,1,0,0,0,0,0,0,0,0,0,0,0,-1
22,5,5,0,1,0,0,0,3,0,0,0,0,0.0,0.7727,3.8454,2.3219,0,1,0,0,0,0,0,0,0,0,0,0,0,-1
39,3,15,0,3,0,1,0,3,0,0,0,0,0.1538,0.641,4.6119,0.9183,1,1,0,0,0,0,0,0,0,0,0,0,0,-1
32,9,8,0,1,0,0,0,3,0,0,0,0,0.0,0.8438,3.8278,2.7255,0,1,0,0,0,0,0,0,0,0,0,0,0,-1
43,7,24,0,1,0,0,0,5,0,0,0,0,0.0,0.8372,4.1825,2.2359,0,1,0,0,0,0,0,0,0,0,0,0,0,-1
29,13,4,0,3,0,0,0,3,0,0,0,0,0.5517,0.1724,3.7454,2.6032,0,0,1,1,0,0,1,0,0,0,0,0,0,-1
34,14,7,0,4,0,0,0,3,0,0,0,0,0.4706,0.2647,3.8781,2.6995,0,0,1,1,0,0,1,0,0,0,0,0,0,-1
33,13,7,0,4,0,0,0,3,0,0,0,0,0.4545,0.2727,3.8014,2.2878,0,0,1,1,0,0,1,0,0,0,0,0,0,-1
28,5,11,0,1,0,0,0,4,0,0,0,0,0.0,0.7857,3.655,2.3219,0,1,0,0,0,0,0,0,0,0,0,0,0,-1
24,13,4,0,3,0,0,0,3,0,0,0,0,0.4167,0.2917,3.8554,2.8731,0,0,1,0,0,0,1,0,0,0,0,0,0,-1
31,9,10,0,1,0,0,0,3,0,0,0,0,0.0968,0.7419,3.889,2.6416,0,1,0,0,0,0,1,0,0,0,0,0,0,-1
29,14,2,0,3,0,0,0,3,0,0,0,0,0.5517,0.1724,3.578,2.3527,0,0,1,1,0,0,1,0,0,0,0,0,0,-1
43,16,15,0,1,0,0,0,4,0,0,0,0,0.0,0.8605,3.9408,3.3278,0,1,0,0,0,0,0,0,0,0,0,1,1,-1
35,15,7,0,4,0,0,0,3,0,0,0,0,0.4857,0.2571,3.9573,2.8159,0,0,1,1,0,0,1,0,0,0,0,0,0,-1
40,6,22,0,1,1,0,0,5,0,0,0,0,0.15,0.65,4.1914,2.2516,0,1,0,0,0,0,0,0,0,0,0,0,0,-1
47,7,28,0,1,1,0,0,4,0,0,0,0,0.0,0.8511,4.0483,2.2359,0,1,0,0,0,0,0,0,0,0,0,0,0,-1
44,20,12,0,1,0,0,0,3,0,0,0,0,0.0,0.8864,4.2716,3.6219,0,1,0,0,0,0,0,0,0,0,0,0,0,-1
25,4,9,0,1,0,0,0,3,0,0,0,0,0.0,0.8,3.8635,1.5,0,1,0,0,0,0,0,0,0,0,0,0,0,-1
81,19,47,0,2,4,0,0,4,0,0,0,0,0.284,0.5802,4.6559,3.1953,0,1,0,0,0,0,0,0,0,1,1,0,0,-1
36,13,16,0,3,0,1,0,4,0,0,0,0,0.3889,0.3611,4.1972,2.6612,0,0,1,0,0,0,1,0,0,0,0,0,0,-1
49,9,28,0,1,1,0,0,4,0,0,0,0,0.0204,0.8367,4.1396,2.6416,0,1,0,0,0,0,1,0,0,0,0,0,0,-1
32,12,7,0,4,0,0,0,3,0,0,0,0,0.4375,0.2812,3.9292,2.6887,0,0,1,1,0,0,1,0,0,0,0,0,0,-1
38,10,12,0,1,0,0,0,4,0,0,0,0,0.0789,0.7632,4.3462,2.9219,0,1,0,0,0,0,0,0,0,0,0,0,0,-1
30,15,2,0,3,0,0,0,3,0,0,0,0,0.5667,0.1667,3.5362,2.6566,0,0,1,1,0,0,1,0,0,0,0,0,0,-1
30,9,9,0,1,1,0,0,3,0,0,0,0,0.0,0.8,4.0981,2.5033,0,1,0,0,0,0,0,0,0,0,0,0,0,-1
35,14,14,0,4,0,0,0,4,0,0,0,0,0.3143,0.4286,4.0791,2.4138,0,0,1,0,0,0,1,0,0,0,0,0,0,-1
47,11,24,0,1,2,0,0,4,0,0,0,0,0.0851,0.7447,4.1696,2.914,0,1,0,0,0,0,0,0,0,0,0,0,0,-1
27,12,2,0,3,0,0,0,3,0,0,0,0,0.5185,0.1852,3.6619,2.4591,0,0,1,1,0,0,1,0,0,0,0,0,0,-1
22,5,5,0,1,0,0,0,3,0,0,0,0,0.0,0.7727,3.6292,1.9219,0,1,0,0,0,0,0,0,0,0,0,0,0,-1
30,11,7,0,1,0,0,0,3,0,0,0,0,0.0,0.8333,4.1899,3.2776,0,1,0,0,0,0,0,0,0,0,0,0,0,-1
29,14,2,0,3,0,0,0,3,0,0,0,0,0.5517,0.1724,3.552,2.2988,0,0,1,1,0,0,1,0,0,0,0,0,0,-1
28,7,9,0,1,0,0,0,3,0,0,0,0,0.0,0.8214,3.9947,2.5216,0,1,0,0,0,0,0,0,0,0,0,0,0,-1
29,14,2,0,3,0,0,0,3,0,0,0,0,0.5517,0.1724,3.7849,2.4956,0,0,1,1,0,0,1,0,0,0,0,0,0,-1
25,4,9,0,1,0,0,0,3,0,0,0,0,0.0,0.8,3.6089,1.5,0,1,0,0,0,0,0,0,0,0,0,0,0,-1
38,7,20,0,2,0,0,0,5,0,0,0,0,0.0263,0.7632,4.1132,2.5216,0,1,0,0,0,0,0,0,0,1,1,0,0,-1
40,4,7,16,1,0,0,0,3,1,0,0,1,0.0,0.8,4.1251,2.0,0,1,0,0,0,0,0,0,0,0,0,0,0,-1
33,13,7,0,4,0,0,0,3,0,0,0,0,0.4545,0.2727,3.8361,2.5654,0,0,1,1,0,0,1,0,0,0,0,0,0,-1
67,6,34,0,3,1,0,0,5,0,0,0,0,0.0,0.8507,4.2174,1.9183,2,1,0,0,0,0,0,0,0,1,1,1,0,-1
39,12,20,0,4,0,0,0,4,0,0,0,0,0.2308,0.5385,3.8234,2.6258,0,0,1,0,0,0,1,0,0,0,0,0,0,-1
38,13,13,0,1,0,0,0,4,0,0,0,0,0.0,0.8421,4.1486,3.027,0,1,0,0,0,0,0,0,0,0,0,0,0,-1
33,13,7,0,4,0,0,0,3,0,0,0,0,0.4545,0.2727,4.0667,2.6612,0,0,1,1,0,0,1,0,0,0,0,0,0,-1
43,10,21,0,1,0,0,0,5,0,0,0,0,0.1163,0.7209,4.293,2.9219,0,1,0,0,0,0,0,0,0,0,0,0,0,-1
81,12,1,42,2,5,0,0,3,1,0,0,1,0.2716,0.5679,4.8799,3.0221,1,1,0,0,0,0,0,0,0,0,0,0,0,-1
23,7,4,0,1,0,0,0,3,0,0,0,0,0.0,0.7826,4.056,2.8074,0,1,0,0,0,0,0,0,0,0,0,0,0,-1
34,8,14,0,1,0,0,0,4,0,0,0,0,0.1176,0.7059,4.3816,2.75,0,1,0,0,0,0,0,0,0,0,0,0,0,-1
31,11,7,0,4,0,0,0,3,0,0,0,0,0.4194,0.2903,3.5421,2.1181,0,0,1,1,0,0,1,0,0,0,0,0,0,-1
46,10,24,0,1,0,0,0,5,0,0,0,0,0.0652,0.7826,4.363,3.1219,0,1,0,0,0,0,1,0,0,1,1,0,0,-1
29,14,2,0,3,0,0,0,3,0,0,0,0,0.5517,0.1724,3.6504,2.4488,0,0,1,1,0,0,1,0,0,0,0,0,0,-1
51,6,10,0,2,0,1,0,3,0,0,0,0,0.0,0.8627,3.899,2.2516,1,0,0,0,0,0,0,0,1,0,0,0,0,-1
34,14,7,0,4,0,0,0,3,0,0,0,0,0.4706,0.2647,4.0209,2.8963,0,0,1,1,0,0,1,0,0,0,0,0,0,-1
56,12,33,0,1,4,0,0,5,0,0,0,0,0.0893,0.7143,4.5935,3.4183,0,1,0,0,0,0,0,0,0,0,0,0,0,-1
26,6,5,0,2,0,0,0,3,0,0,0,0,0.0,0.7692,3.7962,1.9183,0,1,0,0,0,0,0,0,0,1,1,1,1,-1
24,7,5,0,1,0,0,0,3,0,0,0,0,0.0,0.7917,3.6573,2.5216,0,1,0,0,0,0,0,0,0,0,0,0,0,-1
28,13,2,0,3,0,0,0,3,0,0,0,0,0.5357,0.1786,3.8424,2.8151,0,0,1,1,0,0,1,0,0,0,0,0,0,-1
33,10,11,0,1,0,0,0,4,0,0,0,0,0.0,0.8182,3.8818,3.1219,0,1,0,0,0,0,0,0,0,0,0,0,0,-1
23,12,4,0,3,0,0,0,3,0,0,0,0,0.4783,0.2174,3.6425,2.4591,0,0,1,0,0,0,1,0,0,0,0,0,0,-1
86,24,47,0,2,6,0,0,4,0,0,0,0,0.2558,0.593,4.6907,3.6887,0,1,0,0,0,0,0,0,0,1,1,0,0,-1
30,13,5,0,1,0,0,0,3,0,0,0,0,0.0,0.8333,4.0981,3.3927,0,1,0,0,0,0,0,0,0,0,0,0,0,-1
69,9,47,0,2,4,0,0,4,0,0,0,0,0.2174,0.6232,4.6297,2.4194,0,1,0,0,0,0,0,0,0,1,1,0,0,-1
38,14,12,0,3,0,1,0,3,0,0,0,0,0.4211,0.3421,4.3989,2.7534,0,0,1,1,0,0,1,0,0,0,0,0,0,-1
85,23,47,0,2,4,0,0,4,0,0,0,0,0.1882,0.6824,4.6342,3.7081,0,1,0,0,0,0,0,0,0,1,1,0,0,-1
34,14,7,0,4,0,0,0,3,0,0,0,0,0.4706,0.2647,3.7941,2.4138,0,0,1,1,0,0,1,0,0,0,0,0,0,-1
44,6,27,0,1,2,0,0,5,0,0,0,0,0.1364,0.6591,4.3431,1.9183,0,1,0,0,0,0,0,0,0,1,1,1,1,-1
34,6,7,8,1,0,0,0,3,1,0,0,1,0.0,0.7941,4.1241,2.585,0,1,0,0,0,0,0,0,0,0,0,0,0,-1
33,13,7,0,4,0,0,0,3,0,0,0,0,0.4545,0.2727,3.9226,2.4493,0,0,1,1,0,0,1,0,0,0,0,0,0,-1
22,5,5,0,1,0,0,0,3,0,0,0,0,0.0,0.7727,3.9706,2.3219,0,1,0,0,0,0,0,0,0,0,0,0,0,-1
73,8,1,42,2,4,0,0,3,1,0,0,1,0.2877,0.5479,4.8077,2.5,1,1,0,0,0,0,0,0,0,0,0,0,0,-1
29,14,8,0,4,0,0,0,3,0,0,0,0,0.3793,0.3448,3.6764,2.7885,0,0,1,0,0,0,1,0,0,0,0,0,0,-1
25,14,4,0,3,0,0,0,3,0,0,0,0,0.44,0.28,3.5329,2.306,0,0,1,0,0,0,1,0,0,0,0,0,0,-1
29,6,11,0,1,0,0,0,4,0,0,0,0,0.0,0.7931,3.647,2.2516,0,1,0,0,0,0,0,0,0,0,0,0,0,-1
84,13,48,0,3,4,0,0,4,0,0,0,0,0.2738,0.5833,4.6448,3.027,1,0,0,0,0,0,0,0,0,0,0,0,0,-1
29,9,8,0,1,0,0,0,3,0,0,0,0,0.0,0.8276,3.7025,2.7255,0,1,0,0,0,0,0,0,0,0,0,0,0,-1
34,14,7,0,4,0,0,0,3,0,0,0,0,0.4706,0.2647,3.8666,2.6106,0,0,1,1,0,0,1,0,0,0,0,0,0,-1
33,12,9,0,1,0,0,0,3,0,0,0,0,0.0,0.8485,4.1421,3.085,0,1,0,0,0,0,0,0,0,0,0,0,0,-1
27,13,7,0,4,0,0,0,3,0,0,0,0,0.3704,0.3333,3.8101,2.8151,0,0,1,0,0,0,1,0,0,0,0,0,0,-1
34,13,14,0,4,0,1,0,3,0,0,0,0,0.4118,0.3235,4.1163,2.6612,0,0,1,0,0,0,1,0,0,1,1,0,0,-1
56,20,24,0,1,2,0,0,5,0,0,0,0,0.0,0.8393,4.2591,3.4087,0,1,0,0,0,0,0,0,0,0,0,0,0,-1
29,7,8,0,2,0,0,0,3,0,0,0,0,0.0,0.7931,3.8144,2.2359,0,1,0,0,0,0,0,0,0,0,0,0,0,-1
26,6,9,0,1,0,0,0,3,0,0,0,0,0.0,0.8077,3.4595,2.2516,0,1,0,0,0,0,0,0,0,0,0,0,0,-1
29,14,2,0,3,0,0,0,3,0,0,0,0,0.5517,0.1724,3.7363,2.8424,0,0,1,1,0,0,1,0,0,0,0,0,0,-1
41,9,20,0,2,0,0,0,5,0,0,0,0,0.0244,0.7805,3.9948,2.9477,0,1,0,0,0,0,0,0,0,1,1,0,0,-1
30,3,16,0,1,0,0,0,4,0,0,0,0,0.0,0.8,3.8314,1.585,0,1,0,0,0,0,0,0,0,0,0,0,0,-1
32,12,7,0,4,0,0,0,3,0,0,0,0,0.4375,0.2812,4.0153,2.8554,0,0,1,1,0,0,1,0,0,0,0,0,0,-1
22,5,6,0,1,0,0,0,3,0,0,0,0,0.0,0.7727,3.6978,2.3219,0,1,0,0,0,0,0,0,0,0,0,0,0,-1
27,12,2,0,3,0,0,0,3,0,0,0,0,0.5185,0.1852,3.3983,2.1887,0,0,1,1,0,0,1,0,0,0,0,0,0,-1
25,2,4,0,3,0,0,0,3,0,0,0,0,0.0,0.72,3.9133,1.0,2,0,0,0,0,0,0,0,0,0,0,0,0,-1
32,12,7,0,4,0,0,0,3,0,0,0,0,0.4375,0.2812,3.84,2.6258,0,0,1,1,0,0,1,0,0,0,0,0,0,-1
43,5,24,0,2,0,0,0,5,0,0,0,0,0.0,0.814,4.0163,2.3219,0,1,0,0,0,0,0,0,0,0,0,0,0,-1
28,13,2,0,3,0,0,0,3,0,0,0,0,0.5357,0.1786,3.7979,2.7193,0,0,1,1,0,0,1,0,0,0,0,0,0,-1
40,9,19,0,1,0,0,0,4,0,0,0,0,0.0,0.85,4.0439,2.4194,0,1,0,0,0,0,0,0,0,0,0,0,0,-1
34,8,11,0,2,0,0,0,4,0,0,0,0,0.0,0.7941,3.6176,2.75,0,1,0,0,0,0,0,0,0,0,0,0,0,-1
64,12,45,0,4,0,0,0,4,0,0,0,0,0.1875,0.6719,4.4526,2.8554,0,0,1,0,0,0,1,0,0,0,0,0,0,-1
30,10,8,0,1,0,0,0,3,0,0,0,0,0.0,0.8333,3.7144,3.1219,0,1,0,0,0,0,0,0,0,0,0,0,0,-1
29,13,9,0,3,0,0,0,4,0,0,0,0,0.3448,0.3793,3.9094,2.6612,0,0,1,0,0,0,1,0,0,0,0,0,0,-1
32,15,5,0,1,0,0,0,3,0,0,0,0,0.0,0.8438,4.1167,3.1899,0,1,0,0,0,0,0,0,0,0,0,0,0,-1
45,10,24,0,1,0,0,0,5,0,0,0,0,0.0,0.8444,4.073,3.1219,0,1,0,0,0,0,0,0,0,0,0,0,0,-1
35,18,5,0,1,0,0,0,3,0,0,0,0,0.0,0.8571,3.9002,3.4613,0,1,0,0,0,0,0,0,0,0,0,0,0,-1
42,17,0,12,1,0,0,0,2,1,0,0,1,0.0,0.8571,4.2884,3.2195,0,1,0,0,0,0,0,0,0,0,0,0,0,-1
51,6,33,0,2,3,0,0,7,0,0,0,0,0.0588,0.6863,4.4044,2.585,0,1,0,0,0,0,0,0,0,0,0,0,0,-1
27,8,8,0,1,0,0,0,3,0,0,0,0,0.0,0.8148,3.8842,2.5,0,1,0,0,0,0,0,0,0,1,1,0,0,-1
41,4,14,10,1,0,2,0,4,1,0,0,1,0.1707,0.5854,4.705,2.0,0,1,0,0,0,0,0,0,0,0,0,0,0,-1
24,2,10,0,1,0,0,0,3,0,0,0,0,0.0,0.7917,3.6258,1.0,0,1,0,0,0,0,0,0,0,0,0,0,0,-1
42,12,23,0,4,0,0,0,4,0,0,0,0,0.2381,0.5476,4.3267,2.8554,0,0,1,0,0,0,1,0,0,0,0,0,0,-1
43,7,13,0,3,0,0,0,3,0,0,0,0,0.1395,0.6744,4.4083,2.5216,1,0,0,1,0,0,0,0,0,0,0,0,0,-1
29,12,5,0,1,0,0,0,3,0,0,0,0,0.0,0.8276,3.9094,3.085,0,1,0,0,0,0,0,0,0,0,0,0,0,-1
68,11,37,0,2,4,0,0,3,0,0,0,0,0.2794,0.5735,4.7489,2.914,1,1,0,0,0,0,0,0,0,0,0,0,0,-1
30,10,8,0,1,0,0,0,3,0,0,0,0,0.0,0.8333,3.8062,2.8464,0,1,0,0,0,0,0,0,0,0,0,0,0,-1
29,13,9,0,3,0,1,0,3,0,0,0,0,0.3448,0.3793,3.9002,2.6612,0,0,1,0,0,0,1,0,0,0,0,0,0,-1
35,15,7,0,4,0,0,0,3,0,0,0,0,0.4857,0.2571,3.9357,2.6892,0,0,1,1,0,0,1,0,0,0,0,0,0,-1
44,9,7,16,1,0,0,0,3,1,0,0,1,0.0,0.8182,4.0272,2.7255,0,1,0,0,0,0,0,0,0,0,0,0,0,-1
33,16,5,0,1,0,0,0,3,0,0,0,0,0.0,0.8485,4.1273,3.625,0,1,0,0,0,0,0,0,0,0,0,0,0,-1
40,14,14,0,3,0,1,0,3,0,0,0,0,0.425,0.35,4.3251,2.8424,0,0,1,1,0,0,1,0,0,0,0,0,0,-1
23,7,4,0,1,0,0,0,3,0,0,0,0,0.0,0.7826,3.969,2.5216,0,1,0,0,0,0,0,0,0,0,0,0,0,-1
27,3,10,0,2,0,0,0,3,0,0,0,0,0.0,0.7778,3.8562,1.585,0,1,0,0,0,0,0,0,0,0,0,0,0,-1
40,14,19,0,4,0,0,0,4,0,0,0,0,0.325,0.45,4.2342,2.7885,0,0,1,0,0,0,1,0,0,0,0,0,0,-1
29,13,9,0,3,0,0,0,3,0,0,0,0,0.4138,0.3448,3.9263,2.6612,0,0,1,0,0,0,1,0,0,0,0,0,0,-1
28,13,2,0,3,0,0,0,3,0,0,0,0,0.5357,0.1786,3.8424,2.8151,0,0,1,1,0,0,1,0,0,0,0,0,0,-1
39,15,12,0,1,0,0,0,4,0,0,0,0,0.1026,0.7436,4.2404,3.3232,0,1,0,0,0,0,0,0,0,0,0,0,0,-1
41,7,22,0,1,0,1,0,4,0,0,0,0,0.0,0.8293,4.1435,2.8074,0,1,0,0,0,0,0,0,0,0,0,0,0,-1
80,6,3,52,2,0,2,0,3,2,1,0,1,0.05,0.8,5.1763,1.9183,1,1,0,0,0,0,0,0,0,1,1,1,0,-1
26,6,8,0,1,0,0,0,3,0,0,0,0,0.0,0.8077,3.8731,2.585,0,1,0,0,0,0,0,0,0,0,0,0,0,-1
33,2,17,0,2,0,0,0,4,0,0,0,0,0.0,0.7879,4.1044,1.0,0,1,0,0,0,0,0,0,0,0,0,0,0,-1
29,7,10,0,1,0,0,0,3,0,0,0,0,0.0,0.8276,4.0733,2.5216,0,1,0,0,0,0,0,0,0,0,0,0,0,-1
99,39,47,0,2,8,0,0,4,0,0,0,0,0.1919,0.6566,4.7024,3.7889,0,1,0,0,0,0,0,0,0,1,1,0,0,-1
34,14,7,0,4,0,0,0,3,0,0,0,0,0.4706,0.2647,3.9369,2.4956,0,0,1,1,0,0,1,0,0,0,0,0,0,-1
28,13,2,0,3,0,0,0,3,0,0,0,0,0.5357,0.1786,3.8693,2.8151,0,0,1,1,0,0,1,0,0,0,0,0,0,-1
21,0,0,6,1,0,0,0,2,1,0,0,1,0.0476,0.6667,3.8209,0.0,0,1,0,0,0,0,0,0,0,0,0,0,0,-1
31,14,10,0,3,0,1,0,3,0,0,0,0,0.3871,0.3548,4.0668,2.6106,0,0,1,0,0,0,1,0,0,0,0,0,0,-1
27,9,6,0,1,1,0,0,3,0,0,0,0,0.0,0.7778,4.0043,2.4194,0,1,0,0,0,0,0,0,0,0,0,0,0,-1
26,5,9,0,1,0,0,0,4,0,0,0,0,0.0769,0.6923,4.027,2.3219,0,1,0,0,0,0,1,0,0,0,0,0,0,-1
40,4,7,16,1,0,0,0,3,1,0,0,1,0.0,0.775,4.2653,2.0,0,1,0,0,0,0,0,0,0,0,0,0,0,-1
40,10,7,10,1,0,0,0,3,1,0,0,1,0.0,0.825,4.1373,2.9219,0,1,0,0,0,0,0,0,0,0,0,0,0,-1
68,11,37,0,2,4,0,0,3,0,0,0,0,0.1912,0.6618,4.4801,3.0958,1,1,0,0,0,0,0,0,0,0,0,0,0,-1
38,13,13,0,4,0,0,0,3,0,0,0,0,0.3684,0.3947,4.1486,2.8151,0,0,1,1,0,0,1,0,0,0,0,0,0,-1
48,8,28,0,1,1,0,0,4,0,0,0,0,0.0,0.8542,4.0226,2.4056,0,1,0,0,0,0,0,0,0,0,0,0,0,-1
40,9,19,0,1,1,0,0,5,0,0,0,0,0.0,0.8,4.1062,2.9477,0,1,0,0,0,0,0,0,0,0,0,0,0,-1
90,28,47,0,2,7,0,0,4,0,0,0,0,0.1889,0.6556,4.6802,3.8693,0,1,0,0,0,0,0,0,0,1,1,0,0,-1
29,14,2,0,3,0,0,0,3,0,0,0,0,0.5517,0.1724,3.552,2.3249,0,0,1,1,0,0,1,0,0,0,0,0,0,-1
72,7,1,42,2,4,0,0,3,1,0,0,1,0.3056,0.5278,4.5289,2.2359,1,1,0,0,0,0,0,0,0,0,0,0,0,-1
68,13,37,0,2,4,0,0,3,0,0,0,0,0.2941,0.5588,4.673,3.2389,1,1,0,0,0,0,0,0,0,0,0,0,0,-1
37,11,14,0,1,0,0,0,4,0,0,0,0,0.1081,0.7297,4.6485,3.2776,0,1,0,0,0,0,0,0,0,0,0,0,0,-1
50,8,30,0,1,2,0,0,5,0,0,0,0,0.1,0.72,4.4962,2.75,0,1,0,0,0,0,0,0,0,0,0,0,0,-1
28,13,2,0,3,0,0,0,3,0,0,0,0,0.5357,0.1786,3.6281,2.5654,0,0,1,1,0,0,1,0,0,0,0,0,0,-1
43,9,9,0,2,2,0,0,3,0,0,0,0,0.0465,0.7674,4.1909,2.9477,1,1,0,0,0,0,0,0,0,0,0,0,0,-1
20,1,8,0,1,0,0,0,3,0,0,0,0,0.0,0.75,3.5842,0.0,0,1,0,0,0,0,0,0,0,0,0,0,0,-1
48,13,24,0,1,3,0,0,4,0,0,0,0,0.0833,0.7292,4.1135,2.9312,0,1,0,0,0,0,0,0,0,0,0,0,0,-1
34,14,7,0,4,0,0,0,3,0,0,0,0,0.4706,0.2647,3.8781,2.6995,0,0,1,1,0,0,1,0,0,0,0,0,0,-1
36,8,2,13,1,0,0,0,3,1,0,0,1,0.0,0.7778,4.149,2.5,0,1,0,0,0,0,0,0,0,0,0,0,0,-1
39,8,19,0,1,1,0,0,5,0,0,0,0,0.0,0.7949,4.0259,3.0,0,1,0,0,0,0,0,0,0,0,0,0,0,-1
43,7,7,16,1,0,0,0,3,1,0,0,1,0.0,0.814,4.0338,2.2359,0,1,0,0,0,0,0,0,0,0,0,0,0,-1
27,3,12,0,1,0,0,0,4,0,0,0,0,0.0,0.7778,3.8842,1.585,0,1,0,0,0,0,0,0,0,0,0,0,0,-1
32,9,4,0,2,0,0,0,3,0,0,0,0,0.0,0.8125,3.9528,2.9477,1,1,0,0,0,0,0,0,0,0,0,0,0,-1
25,11,7,0,3,0,0,0,3,0,0,0,0,0.48,0.24,3.9133,2.5949,0,0,1,0,0,0,1,0,0,0,0,0,0,-1
29,14,2,0,3,0,0,0,3,0,0,0,0,0.5517,0.1724,3.8573,2.9852,0,0,1,1,0,0,1,0,0,0,0,0,0,-1
40,14,14,0,4,0,0,0,3,0,0,0,0,0.375,0.4,4.2342,2.6106,0,0,1,1,0,0,1,0,0,0,0,0,0,-1
28,13,2,0,3,0,0,0,3,0,0,0,0,0.5357,0.1786,3.6726,2.8151,0,0,1,1,0,0,1,0,0,0,0,0,0,-1
33,5,16,0,1,0,0,0,4,0,0,0,0,0.0,0.8182,3.859,2.3219,0,1,0,0,0,0,0,0,0,0,0,0,0,-1
25,3,10,0,1,0,0,0,3,0,0,0,0,0.0,0.8,3.8137,1.585,0,1,0,0,0,0,0,0,0,0,0,0,0,-1
25,2,8,0,2,0,0,0,3,0,0,0,0,0.0,0.76,3.7533,1.0,0,1,0,0,0,0,0,0,0,0,0,0,0,-1
32,14,11,0,3,0,1,0,3,0,0,0,0,0.375,0.375,4.1945,2.6456,0,0,1,0,0,0,1,0,0,0,0,0,0,-1
49,13,29,0,3,0,0,0,4,0,0,0,0,0.2245,0.6122,3.5987,2.6612,0,0,1,0,0,0,1,0,0,0,0,0,0,-1
30,13,10,0,4,0,0,0,3,0,0,0,0,0.3667,0.3667,4.0314,2.6612,0,0,1,0,0,0,1,0,0,0,0,0,0,-1
69,12,37,0,2,4,0,0,3,0,0,0,0,0.3188,0.5362,4.8202,2.7516,1,1,0,0,0,0,0,0,0,0,0,0,0,-1
45,9,24,0,1,0,0,0,5,0,0,0,0,0.0,0.8444,4.0811,2.6416,0,1,0,0,0,0,0,0,0,0,0,0,0,-1
27,12,2,0,3,0,0,0,3,0,0,0,0,0.5185,0.1852,3.6521,2.3962,0,0,1,1,0,0,1,0,0,0,0,0,0,-1
27,12,2,0,3,0,0,0,3,0,0,0,0,0.5185,0.1852,3.6801,2.6887,0,0,1,1,0,0,1,0,0,0,0,0,0,-1
68,13,16,0,3,3,1,0,4,0,0,0,0,0.0,0.8235,4.5008,3.3927,1,0,0,0,0,0,0,0,0,0,0,0,0,-1
25,5,8,0,1,0,0,0,3,0,0,0,0,0.0,0.8,3.7533,2.3219,0,1,0,0,0,0,0,0,0,0,0,0,0,-1
32,13,12,0,3,0,0,0,4,0,0,0,0,0.3438,0.4062,4.1167,2.6612,0,0,1,0,0,0,1,0,0,0,0,0,0,-1
59,13,34,0,1,1,0,0,5,0,0,0,0,0.0,0.8644,4.2982,3.2389,0,1,0,0,0,0,0,0,0,0,0,0,0,-1
33,13,7,0,4,0,0,0,3,0,0,0,0,0.4545,0.2727,3.9077,2.5654,0,0,1,1,0,0,1,0,0,0,0,0,0,-1
28,13,2,0,3,0,0,0,3,0,0,0,0,0.5357,0.1786,3.7979,2.8151,0,0,1,1,0,0,1,0,0,0,0,0,0,-1
25,11,7,0,3,0,0,0,3,0,0,0,0,0.48,0.24,3.8333,2.5949,0,0,1,0,0,0,1,0,0,0,0,0,0,-1
96,27,1,42,2,4,0,0,3,1,0,0,1,0.2188,0.6562,4.7962,3.6521,1,1,0,0,0,0,0,0,0,0,0,0,0,-1
86,14,48,0,3,4,0,0,4,0,0,0,0,0.2674,0.593,4.7775,3.6645,1,1,0,0,0,0,0,0,0,0,0,0,0,-1
24,6,6,0,1,0,0,0,3,0,0,0,0,0.0,0.7917,4.0221,2.585,0,1,0,0,0,0,0,0,0,0,0,0,0,-1
26,7,0,6,1,0,0,0,2,1,0,0,1,0.0385,0.7308,4.056,2.5216,0,1,0,0,0,0,0,0,0,0,0,0,0,-1
31,2,17,0,1,1,0,0,4,0,0,0,0,0.0,0.7742,3.8002,1.0,0,1,0,0,0,0,0,0,0,0,0,0,0,-1
22,5,5,0,1,0,0,0,3,0,0,0,0,0.0,0.7727,3.7544,2.3219,0,1,0,0,0,0,0,0,0,0,0,0,0,-1
31,6,14,0,1,0,0,0,4,0,0,0,0,0.1613,0.6452,4.2445,2.2516,0,1,0,0,0,0,0,0,0,0,0,0,0,-1
47,15,20,0,1,2,0,0,4,0,0,0,0,0.0,0.8298,4.1816,3.2402,0,1,0,0,0,0,0,0,0,0,0,0,0,-1
25,11,7,0,3,0,0,0,3,0,0,0,0,0.44,0.28,3.5591,2.5949,0,0,1,0,0,0,1,0,0,0,0,0,0,-1
42,9,5,0,2,0,0,0,3,0,0,0,0,0.0,0.8571,3.8322,2.9477,1,0,0,0,0,0,0,0,0,0,0,0,0,-1
25,13,5,0,3,0,0,0,3,0,0,0,0,0.44,0.28,3.8635,2.8731,0,0,1,0,0,0,1,0,0,0,0,0,0,-1
27,12,2,0,3,0,0,0,3,0,0,0,0,0.5185,0.1852,3.8842,2.8554,0,0,1,1,0,0,1,0,0,0,0,0,0,-1
43,5,26,0,1,2,0,0,6,0,0,0,0,0.0233,0.7442,4.3328,2.3219,0,1,0,0,0,0,1,0,0,0,0,0,0,-1
29,9,8,0,1,0,0,0,3,0,0,0,0,0.0,0.8276,4.1592,2.4194,0,1,0,0,0,0,0,0,0,0,0,0,0,-1
72,6,54,0,2,0,0,0,9,0,0,0,0,0.0,0.8333,4.3053,2.585,0,1,0,0,0,0,0,0,0,1,1,0,0,-1
28,14,7,0,3,0,0,0,3,0,0,0,0,0.4286,0.3214,3.8424,2.8424,0,0,1,0,0,0,1,0,0,0,0,0,0,-1
32,12,7,0,4,0,0,0,3,0,0,0,0,0.4375,0.2812,3.9764,2.5221,0,0,1,1,0,0,1,0,0,0,0,0,0,-1
32,10,10,0,1,1,0,0,3,0,0,0,0,0.0,0.8125,3.9681,3.1219,0,1,0,0,0,0,0,0,0,0,0,0,0,-1
28,3,0,12,1,0,0,0,2,1,0,0,1,0.0,0.7857,4.1106,1.585,0,1,0,0,0,0,0,0,0,0,0,0,0,-1
67,10,37,0,2,4,0,0,3,0,0,0,0,0.3433,0.5075,4.7677,2.6464,1,1,0,0,0,0,1,0,0,0,0,0,0,-1
30,15,2,0,3,0,0,0,3,0,0,0,0,0.5667,0.1667,3.7899,2.6566,0,0,1,1,0,0,1,0,0,0,0,0,0,-1
25,9,4,0,1,0,0,0,3,0,0,0,0,0.0,0.8,3.9737,2.9477,0,1,0,0,0,0,0,0,0,0,0,0,0,-1
29,10,0,7,1,1,0,0,2,1,0,0,1,0.0,0.7586,4.0902,3.1219,0,1,0,0,0,0,0,0,0,0,0,0,0,-1
48,16,20,0,2,0,0,0,5,0,0,0,0,0.0208,0.8125,4.1455,3.25,0,1,0,0,0,0,0,0,0,1,1,0,0,-1
84,11,50,0,3,4,0,0,4,0,0,0,0,0.2024,0.6548,4.8086,2.914,1,1,0,0,0,0,0,0,0,1,1,0,0,-1
28,13,3,0,3,0,0,0,3,0,0,0,0,0.5,0.2143,3.7265,2.6612,0,0,1,1,0,0,1,0,0,0,0,0,0,-1
27,12,2,0,3,0,0,0,3,0,0,0,0,0.5185,0.1852,3.7821,2.7925,0,0,1,1,0,0,1,0,0,0,0,0,0,-1
32,4,16,0,1,0,0,0,4,0,0,0,0,0.0,0.8125,3.8278,2.0,0,1,0,0,0,0,0,0,0,0,0,0,0,-1
52,21,20,0,1,1,0,0,5,0,0,0,0,0.0,0.8462,4.2986,3.6538,0,1,0,0,0,0,0,0,0,1,1,0,0,-1
31,11,7,0,4,0,0,0,3,0,0,0,0,0.4194,0.2903,3.8489,2.4817,0,0,1,1,0,0,1,0,0,0,0,0,0,-1
35,15,7,0,4,0,0,0,3,0,0,0,0,0.5143,0.2286,4.0116,2.5493,0,0,1,1,0,0,1,0,0,0,0,0,0,-1
50,6,33,0,1,3,0,0,5,0,0,0,0,0.1,0.7,4.304,2.585,0,1,0,0,0,0,0,0,0,0,0,0,0,-1
29,14,2,0,3,0,0,0,3,0,0,0,0,0.5517,0.1724,3.7454,2.7885,0,0,1,1,0,0,1,0,0,0,0,0,0,-1
27,7,8,0,1,0,0,0,3,0,0,0,0,0.0,0.8148,3.9121,2.5216,0,1,0,0,0,0,0,0,0,0,0,0,0,-1
32,12,7,0,4,0,0,0,3,0,0,0,0,0.4375,0.2812,4.0778,2.6887,0,0,1,1,0,0,1,0,0,0,0,0,0,-1
34,14,7,0,4,0,0,0,3,0,0,0,0,0.4706,0.2647,3.9842,2.4138,0,0,1,1,0,0,1,0,0,0,0,0,0,-1
24,14,3,0,3,0,0,0,3,0,0,0,0,0.4583,0.25,3.6573,2.8963,0,0,1,0,0,0,1,0,0,0,0,0,0,-1
39,7,9,0,2,0,0,0,4,0,0,0,0,0.0,0.8205,4.2017,2.5216,1,0,0,0,0,0,0,0,0,0,0,0,0,-1
34,13,9,0,1,0,0,0,3,0,0,0,0,0.0,0.8529,3.932,2.8731,0,1,0,0,0,0,0,0,0,0,0,0,0,-1
34,14,7,0,4,0,0,0,3,0,0,0,0,0.4706,0.2647,3.9032,2.8424,0,0,1,1,0,0,1,0,0,0,0,0,0,-1
31,11,8,0,1,0,0,0,3,0,0,0,0,0.0,0.8387,4.0181,3.2776,0,1,0,0,0,0,0,0,0,0,0,0,0,-1
46,12,22,0,1,1,0,0,5,0,0,0,0,0.1304,0.6957,4.1377,3.2516,0,1,0,0,0,0,0,0,0,0,0,0,0,-1
42,14,21,0,4,0,0,0,4,0,0,0,0,0.2619,0.5238,3.9395,2.5027,0,0,1,0,0,0,1,0,0,0,0,0,0,-1
29,9,8,0,1,0,0,0,3,0,0,0,0,0.0,0.8276,3.7714,2.4194,0,1,0,0,0,0,0,0,0,0,0,0,0,-1
27,5,9,0,1,0,0,0,3,0,0,0,0,0.0,0.8148,3.8562,1.5219,0,1,0,0,0,0,0,0,1,0,0,0,0,-1
27,11,5,0,1,1,0,0,3,0,0,0,0,0.0,0.7778,3.9303,3.4594,0,1,0,0,0,0,0,0,0,0,0,0,0,-1
37,14,16,0,4,0,0,0,4,0,0,0,0,0.3514,0.4054,3.936,2.2709,0,0,1,0,0,0,1,0,0,0,0,0,0,-1
33,13,7,0,4,0,0,0,3,0,0,0,0,0.4545,0.2727,3.9306,2.4116,0,0,1,1,0,0,1,0,0,0,0,0,0,-1
35,13,15,0,5,2,0,0,3,0,0,0,0,0.3143,0.3714,4.183,3.027,0,0,1,0,0,0,1,0,0,0,0,0,0,-1
29,14,2,0,3,0,0,0,3,0,0,0,0,0.5517,0.1724,3.8313,2.8424,0,0,1,1,0,0,1,0,0,0,0,0,0,-1
55,18,14,10,1,0,2,0,4,1,0,0,1,0.1273,0.6909,4.6045,3.1552,0,1,0,0,0,0,0,0,0,0,0,0,0,-1
28,13,2,0,3,0,0,0,3,0,0,0,0,0.5357,0.1786,3.6281,2.6612,0,0,1,1,0,0,1,0,0,0,0,0,0,-1
34,14,7,0,4,0,0,0,3,0,0,0,0,0.4706,0.2647,3.9842,2.7534,0,0,1,1,0,0,1,0,0,0,0,0,0,-1
29,9,9,0,1,0,0,0,3,0,0,0,0,0.0,0.8276,3.9002,2.9477,0,1,0,0,0,0,0,0,0,0,0,0,0,-1
29,6,11,0,1,0,0,0,4,0,0,0,0,0.0,0.7931,3.8925,2.2516,0,1,0,0,0,0,0,0,0,0,0,0,0,-1
33,13,7,0,4,0,0,0,3,0,0,0,0,0.4545,0.2727,3.7865,2.4116,0,0,1,1,0,0,1,0,0,0,0,0,0,-1
30,6,4,0,2,0,0,0,3,0,0,0,0,0.0,0.8,3.9111,2.2516,1,1,0,0,0,0,0,0,0,0,0,0,0,-1
30,13,5,0,1,0,0,0,3,0,0,0,0,0.0,0.8333,3.9362,3.1808,0,1,0,0,0,0,0,0,0,0,0,0,0,-1
33,13,7,0,4,0,0,0,3,0,0,0,0,0.4545,0.2727,3.9226,2.6612,0,0,1,1,0,0,1,0,0,0,0,0,0,-1
28,13,2,0,3,0,0,0,3,0,0,0,0,0.5357,0.1786,3.6011,2.6612,0,0,1,1,0,0,1,0,0,0,0,0,0,-1
29,14,2,0,3,0,0,0,3,0,0,0,0,0.5517,0.1724,3.7454,2.7885,0,0,1,1,0,0,1,0,0,0,0,0,0,-1
70,11,37,0,2,4,0,0,3,0,0,0,0,0.3143,0.5429,4.7259,2.7322,1,1,0,0,0,0,0,0,0,0,0,0,0,-1
28,14,7,0,3,0,1,0,3,0,0,0,0,0.5357,0.1786,3.6995,2.6456,0,0,1,0,0,0,1,0,0,0,0,0,0,-1
35,12,16,0,4,0,0,0,4,0,0,0,0,0.2571,0.4857,4.1934,2.8554,0,0,1,0,0,0,1,0,0,0,0,0,0,-1
68,13,48,0,4,1,1,0,5,0,0,0,0,0.3971,0.4265,4.5101,2.5654,0,0,1,0,0,0,1,0,0,0,0,0,0,-1
51,6,33,0,1,3,0,0,5,0,0,0,0,0.1176,0.6863,4.5285,2.585,0,1,0,0,0,0,1,0,0,0,0,0,0,-1
25,14,4,0,3,0,0,0,3,0,0,0,0,0.44,0.28,3.4529,2.306,0,0,1,0,0,0,1,0,0,0,0,0,0,-1
28,11,5,0,1,0,0,0,3,0,0,0,0,0.0,0.8214,3.5742,2.4817,0,1,0,0,0,0,0,0,0,0,0,0,0,-1
34,14,7,0,4,0,0,0,3,0,0,0,0,0.4706,0.2647,4.0209,2.6456,0,0,1,1,0,0,1,0,0,0,0,0,0,-1
27,8,7,0,1,0,0,0,3,0,0,0,0,0.0,0.8148,4.0323,2.75,0,1,0,0,0,0,0,0,0,1,1,0,0,-1
41,9,20,0,2,0,0,0,5,0,0,0,0,0.0244,0.7805,4.169,3.1699,0,1,0,0,0,0,0,0,0,1,1,0,0,-1
24,13,4,0,3,0,0,0,3,0,0,0,0,0.5,0.2083,3.7406,2.8731,0,0,1,0,0,0,1,0,0,0,0,0,0,-1
26,3,11,0,1,0,0,0,4,0,0,0,0,0.0385,0.7308,4.056,1.585,0,1,0,0,0,0,1,0,0,0,0,0,0,-1
26,14,5,0,3,0,0,0,3,0,0,0,0,0.4231,0.3077,3.6322,2.306,0,0,1,0,0,0,1,0,0,0,0,0,0,-1
23,6,5,0,1,0,0,0,3,0,0,0,0,0.0,0.7826,3.7623,2.2516,0,1,0,0,0,0,0,0,0,0,0,0,0,-1
87,13,50,0,3,4,0,0,4,0,0,0,0,0.1839,0.6782,4.756,3.5466,1,1,0,0,0,0,0,0,0,1,1,0,0,-1
24,4,8,0,1,0,0,0,3,0,0,0,0,0.0,0.7917,3.8239,2.0,0,1,0,0,0,0,0,0,0,1,1,0,0,-1
43,10,21,0,4,0,0,0,4,0,0,0,0,0.2791,0.4884,4.3565,2.4464,0,0,1,1,0,0,1,0,0,0,0,0,0,-1
28,13,2,0,3,0,0,0,3,0,0,0,0,0.5357,0.1786,3.6995,2.8151,0,0,1,1,0,0,1,0,0,0,0,0,0,-1
33,13,7,0,4,0,0,0,3,0,0,0,0,0.4545,0.2727,4.0896,2.8731,0,0,1,1,0,0,1,0,0,0,0,0,0,-1
41,14,20,0,4,0,0,0,4,0,0,0,0,0.2683,0.5122,4.1316,2.7885,0,0,1,0,0,0,1,0,0,0,0,0,0,-1
25,13,5,0,3,0,0,0,3,0,0,0,0,0.48,0.24,3.8635,2.8731,0,0,1,0,0,0,1,0,0,0,0,0,0,-1
25,13,5,0,3,0,0,0,3,0,0,0,0,0.4,0.32,3.8333,2.8151,0,0,1,0,0,0,1,0,0,0,0,0,0,-1
28,13,2,0,3,0,0,0,3,0,0,0,0,0.5357,0.1786,3.6106,2.6612,0,0,1,1,0,0,1,0,0,0,0,0,0,-1
42,6,7,16,1,0,0,0,3,1,0,0,1,0.0,0.8095,4.2821,2.585,0,1,0,0,0,0,0,0,0,0,0,0,0,-1
34,14,13,0,4,1,0,0,3,0,0,0,0,0.4118,0.3235,4.0545,2.7885,0,0,1,0,0,0,1,0,0,0,0,0,0,-1
36,11,18,0,4,0,0,0,4,0,0,0,0,0.2222,0.5278,4.2391,2.4131,0,0,1,0,0,0,1,0,0,0,0,0,0,-1
33,13,7,0,4,0,0,0,3,0,0,0,0,0.4545,0.2727,3.9912,2.5074,0,0,1,1,0,0,1,0,0,0,0,0,0,-1
43,5,26,0,1,1,0,0,6,0,0,0,0,0.0,0.7907,4.2222,1.9219,0,1,0,0,0,0,0,0,0,0,0,0,0,-1
25,13,5,0,3,0,0,0,3,0,0,0,0,0.44,0.28,3.8635,2.8731,0,0,1,0,0,0,1,0,0,0,0,0,0,-1
48,24,0,12,1,0,0,0,2,1,0,0,1,0.0,0.875,4.2458,3.7202,0,1,0,0,0,0,0,0,0,0,0,0,0,-1
28,7,9,0,1,0,0,0,3,0,0,0,0,0.0,0.8214,3.7943,2.2359,0,1,0,0,0,0,0,0,0,0,0,0,0,-1
19,3,5,0,1,0,0,0,3,0,0,0,0,0.0,0.7368,3.2866,1.585,0,1,0,0,0,0,0,0,0,0,0,0,0,-1
36,12,17,0,5,2,0,0,3,0,0,0,0,0.3056,0.3889,4.382,2.8554,0,0,1,0,0,0,1,0,0,0,0,0,0,-1
34,13,14,0,4,0,0,0,4,0,0,0,0,0.3529,0.3824,4.0431,2.8731,0,0,1,0,0,0,1,0,0,0,0,0,0,-1
32,13,7,0,3,0,0,0,3,0,0,0,0,0.4375,0.3125,4.1167,2.8731,0,0,1,1,0,0,1,0,0,0,0,0,0,-1
29,13,9,0,4,0,0,0,3,0,0,0,0,0.4138,0.3103,3.8573,2.8151,0,0,1,0,0,0,1,0,0,0,0,0,0,-1
27,7,2,0,2,0,0,0,3,0,0,0,0,0.037,0.7407,4.2084,2.5216,1,0,0,0,0,0,0,0,0,0,0,0,0,-1
45,9,24,0,1,0,0,0,5,0,0,0,0,0.0,0.8444,4.189,2.9477,0,1,0,0,0,0,0,0,0,1,1,0,0,-1
40,13,8,0,3,0,0,0,3,0,0,0,0,0.0,0.825,4.0873,3.3927,1,1,0,0,0,0,0,0,0,0,0,0,0,-1
29,14,2,0,3,0,0,0,3,0,0,0,0,0.5517,0.1724,3.7883,2.8963,0,0,1,1,0,0,1,0,0,0,0,0,0,-1
28,13,2,0,3,0,0,0,3,0,0,0,0,0.5357,0.1786,3.7265,2.5654,0,0,1,1,0,0,1,0,0,0,0,0,0,-1
23,12,4,0,3,0,0,0,3,0,0,0,0,0.3913,0.3043,3.7294,2.6258,0,0,1,0,0,0,1,0,0,0,0,0,0,-1
29,14,2,0,3,0,0,0,3,0,0,0,0,0.5517,0.1724,3.7194,2.8424,0,0,1,1,0,0,1,0,0,0,0,0,0,-1
36,13,16,0,4,0,0,0,4,0,0,0,0,0.2778,0.4722,4.1626,2.4493,0,0,1,0,0,0,1,0,0,0,0,0,0,-1
25,14,4,0,3,0,0,0,3,0,0,0,0,0.44,0.28,3.4227,2.306,0,0,1,0,0,0,1,0,0,0,0,0,0,-1
76,10,48,0,3,4,0,0,4,0,0,0,0,0.2763,0.5658,4.8164,3.3219,1,0,0,0,0,0,0,0,0,0,0,0,0,-1
32,4,14,0,2,0,0,0,4,0,0,0,0,0.0,0.7812,4.0153,2.0,0,1,0,0,0,0,0,0,0,0,0,0,0,-1
28,3,0,12,1,0,0,0,2,1,0,0,1,0.0,0.7857,4.0391,1.585,0,1,0,0,0,0,0,0,0,0,0,0,0,-1
20,3,5,0,1,0,0,0,3,0,0,0,0,0.0,0.75,3.6842,1.585,0,1,0,0,0,0,0,0,0,0,0,0,0,-1
31,10,9,0,1,0,0,0,3,0,0,0,0,0.0,0.8387,3.7357,2.9219,0,1,0,0,0,0,0,0,0,0,0,0,0,-1
34,11,16,0,4,0,0,0,5,0,0,0,0,0.2941,0.4118,3.9003,2.6635,0,0,1,0,0,0,1,0,0,0,0,0,0,-1
44,9,7,16,1,1,0,0,3,1,0,0,1,0.0455,0.75,4.0643,2.9477,0,1,0,0,0,0,1,0,0,0,0,0,0,-1
32,12,7,0,4,0,0,0,3,0,0,0,0,0.4375,0.2812,3.84,2.3554,0,0,1,1,0,0,1,0,0,0,0,0,0,-1
38,12,11,0,2,0,0,0,4,0,0,0,0,0.0526,0.7632,4.0702,3.085,1,0,0,0,0,0,0,0,0,0,0,0,0,-1
92,15,26,38,2,0,0,0,4,1,0,0,1,0.2065,0.6957,4.6663,2.7396,0,1,0,0,0,0,1,0,0,0,0,0,0,-1
38,17,9,0,1,2,0,0,3,0,0,0,0,0.0,0.8158,4.001,3.1019,0,1,0,0,0,0,0,0,0,0,0,0,0,-1
28,13,2,0,3,0,0,0,3,0,0,0,0,0.5357,0.1786,3.8424,2.8151,0,0,1,1,0,0,1,0,0,0,0,0,0,-1
30,7,12,0,1,0,0,0,4,0,0,0,0,0.0,0.8,3.9484,2.5216,0,1,0,0,0,0,0,0,0,0,0,0,0,-1
31,7,9,0,2,0,0,0,3,0,0,0,0,0.0,0.8065,4.1069,2.5216,0,1,0,0,0,0,0,0,0,0,0,0,0,-1
28,6,8,0,2,0,0,0,3,0,0,0,0,0.0,0.7857,3.8693,1.9183,0,1,0,0,0,0,0,0,0,2,1,1,1,-1
36,11,0,12,1,0,0,0,2,1,0,0,1,0.0,0.8333,4.2737,3.0958,0,1,0,0,0,0,0,0,0,0,0,0,0,-1
24,8,5,0,1,0,0,0,3,0,0,0,0,0.0,0.7917,3.8035,2.75,0,1,0,0,0,0,0,0,0,0,0,0,0,-1
37,9,16,0,1,0,0,0,4,0,0,0,0,0.0,0.8378,3.936,3.1699,0,1,0,0,0,0,0,0,0,0,0,0,0,-1
25,6,0,6,1,0,0,0,2,1,0,0,1,0.04,0.72,4.0039,2.585,0,1,0,0,0,0,0,0,0,0,0,0,0,-1
30,15,2,0,3,0,0,0,3,0,0,0,0,0.5667,0.1667,3.6859,2.7899,0,0,1,1,0,0,1,0,0,0,0,0,0,-1
32,3,7,10,1,0,0,0,3,1,0,0,1,0.0,0.7812,4.2264,1.585,0,1,0,0,0,0,0,0,0,0,0,0,0,-1
35,15,7,0,4,0,0,0,3,0,0,0,0,0.4857,0.2571,3.8402,2.6826,0,0,1,1,0,0,1,0,0,0,0,0,0,-1
25,4,9,0,1,0,0,0,3,0,0,0,0,0.0,0.8,3.9133,1.5,0,1,0,0,0,0,0,0,0,0,0,0,0,-1
48,4,33,0,1,3,0,0,5,0,0,0,0,0.1042,0.6875,4.4885,2.0,0,1,0,0,0,0,0,0,0,0,0,0,0,-1
71,6,1,42,2,4,0,0,3,1,0,0,1,0.3521,0.4789,4.7707,1.7925,1,1,0,0,0,0,0,0,0,0,0,0,0,-1
57,14,31,0,5,1,0,0,4,0,0,0,0,0.2632,0.5263,4.5104,2.7534,0,0,1,1,0,0,1,0,0,0,0,0,0,-1
21,4,5,0,1,0,0,0,3,0,0,0,0,0.0,0.7619,3.7849,2.0,0,1,0,0,0,0,0,0,0,0,0,0,0,-1
79,16,47,0,2,6,0,0,4,0,0,0,0,0.2911,0.5443,4.6144,3.5778,0,1,0,0,0,0,0,0,0,1,1,0,0,-1
71,6,38,14,2,1,1,0,9,1,0,0,1,0.0,0.7746,4.5522,2.585,0,1,0,0,0,0,0,0,0,0,0,0,0,-1
29,14,2,0,3,0,0,0,3,0,0,0,0,0.5517,0.1724,3.7623,2.5027,0,0,1,1,0,0,1,0,0,0,0,0,0,-1
46,12,0,21,1,0,0,0,2,2,1,0,1,0.0,0.8261,4.2818,2.6258,0,1,0,0,0,0,0,0,0,0,0,0,0,-1
29,6,12,0,1,0,0,0,4,0,0,0,0,0.0,0.7931,3.8573,2.2516,0,1,0,0,0,0,0,0,0,0,0,0,0,-1
35,9,14,0,1,0,0,0,3,0,0,0,0,0.0,0.8571,4.05,2.7255,0,1,0,0,0,0,0,0,0,0,0,0,0,-1
58,14,37,0,3,0,0,0,4,0,0,0,0,0.2241,0.6379,3.9658,2.6106,0,0,1,0,0,0,1,0,0,0,0,0,0,-1
25,7,6,0,1,0,0,0,3,0,0,0,0,0.0,0.8,3.8635,2.8074,0,1,0,0,0,0,0,0,0,0,0,0,0,-1
36,14,10,0,4,0,0,0,3,0,0,0,0,0.4167,0.3333,4.086,2.8424,0,0,1,1,0,0,1,0,0,0,0,0,0,-1
28,13,2,0,3,0,0,0,3,0,0,0,0,0.5357,0.1786,3.7979,2.4493,0,0,1,1,0,0,1,0,0,0,0,0,0,-1
63,9,37,0,2,4,0,0,3,0,0,0,0,0.3492,0.4921,4.6116,2.7255,1,1,0,0,0,0,0,0,0,0,0,0,0,-1
30,14,9,0,4,0,0,0,3,0,0,0,0,0.4,0.3333,3.9647,2.8424,0,0,1,0,0,0,1,0,0,0,0,0,0,-1
28,13,2,0,3,0,0,0,3,0,0,0,0,0.5357,0.1786,3.7265,2.5074,0,0,1,1,0,0,1,0,0,0,0,0,0,-1
70,15,37,0,2,4,0,0,3,0,0,0,0,0.2143,0.6429,4.5774,3.1899,1,1,0,0,0,0,0,0,0,0,0,0,0,-1
28,11,5,0,1,0,0,0,3,0,0,0,0,0.0,0.8214,3.7979,3.0958,0,1,0,0,0,0,0,0,0,0,0,0,0,-1
39,12,20,0,4,0,0,0,4,0,0,0,0,0.2821,0.4872,4.2404,2.5221,0,0,1,0,0,0,1,0,0,0,0,0,0,-1
34,14,7,0,4,0,0,0,3,0,0,0,0,0.4706,0.2647,3.962,2.6106,0,0,1,1,0,0,1,0,0,0,0,0,0,-1
24,13,4,0,3,0,0,0,3,0,0,0,0,0.4167,0.2917,3.8554,2.8731,0,0,1,0,0,0,1,0,0,0,0,0,0,-1
36,6,7,10,1,0,0,0,3,1,0,0,1,0.0,0.8056,4.0651,2.2516,0,1,0,0,0,0,0,0,0,0,0,0,0,-1
33,13,7,0,4,0,0,0,3,0,0,0,0,0.4545,0.2727,4.0061,2.6612,0,0,1,1,0,0,1,0,0,0,0,0,0,-1
88,28,47,0,2,8,0,0,4,0,0,0,0,0.2841,0.5455,4.684,3.6281,0,1,0,0,0,0,0,0,0,1,1,0,0,-1
67,11,37,0,2,4,0,0,3,0,0,0,0,0.3433,0.5075,4.7677,3.2776,1,1,0,0,0,0,1,0,0,0,0,0,0,-1
34,4,7,10,1,0,0,0,3,1,0,0,1,0.0,0.7941,4.1019,1.5,0,1,0,0,0,0,0,0,0,0,0,0,0,-1
30,4,14,0,1,0,0,0,4,0,0,0,0,0.1667,0.6333,4.4402,2.0,0,1,0,0,0,0,0,0,0,0,0,0,0,-1
27,12,2,0,3,0,0,0,3,0,0,0,0,0.5185,0.1852,3.634,2.3962,0,0,1,1,0,0,1,0,0,0,0,0,0,-1
27,7,8,0,1,0,0,0,3,0,0,0,0,0.0,0.8148,3.7542,2.5216,0,1,0,0,0,0,0,0,0,0,0,0,0,-1
29,14,2,0,3,0,0,0,3,0,0,0,0,0.5517,0.1724,3.6764,2.6106,0,0,1,1,0,0,1,0,0,0,0,0,0,-1
29,10,0,6,1,0,0,0,2,1,0,0,1,0.0345,0.7586,3.8573,2.5219,0,1,0,0,0,0,0,0,0,0,0,0,0,-1
44,10,22,0,1,1,0,0,5,0,0,0,0,0.1364,0.6818,4.3065,2.7219,0,1,0,0,0,0,0,0,0,0,0,0,0,-1
32,7,13,0,1,0,0,0,4,0,0,0,0,0.0,0.8125,3.7806,2.5216,0,1,0,0,0,0,0,0,0,0,0,0,0,-1
28,11,10,0,4,0,0,0,3,0,0,0,0,0.3571,0.3571,4.1375,3.0272,0,0,1,0,0,0,1,0,0,0,0,0,0,-1
30,11,7,0,1,0,0,0,3,0,0,0,0,0.0,0.8333,4.0314,3.0958,0,1,0,0,0,0,0,0,0,0,0,0,0,-1
79,13,48,0,3,4,0,0,4,0,0,0,0,0.2278,0.6203,4.6766,3.3927,1,0,0,0,0,0,0,0,0,1,1,0,0,-1
35,6,17,0,1,0,0,0,4,0,0,0,0,0.0,0.8286,4.1147,2.585,0,1,0,0,0,0,0,0,0,0,0,0,0,-1
35,14,14,0,4,0,1,0,3,0,0,0,0,0.3143,0.4286,4.1859,2.8424,0,0,1,0,0,0,1,0,0,0,0,0,0,-1
86,15,48,0,3,4,0,0,4,0,0,0,0,0.2674,0.593,4.759,3.3232,1,0,0,0,0,0,0,0,0,0,0,0,0,-1
46,12,0,21,1,0,0,0,2,2,1,0,1,0.0,0.8261,4.2925,3.085,0,1,0,0,0,0,0,0,0,0,0,0,0,-1
49,12,14,10,1,0,2,0,4,1,0,0,1,0.1429,0.6531,4.6859,3.085,0,1,0,0,0,0,0,0,0,0,0,0,0,-1
34,14,7,0,4,0,0,0,3,0,0,0,0,0.4706,0.2647,3.881,2.0202,0,0,1,1,0,0,1,0,0,0,0,0,0,-1
26,5,9,0,1,0,0,0,3,0,0,0,0,0.0,0.8077,3.6133,1.9219,0,1,0,0,0,0,0,0,0,0,0,0,0,-1
86,12,49,0,3,5,0,0,4,0,0,0,0,0.2209,0.6279,4.8127,3.4183,1,1,0,0,0,0,1,0,0,0,0,0,0,-1
68,13,48,0,4,1,1,0,5,0,0,0,0,0.4265,0.3971,4.4102,2.5654,0,0,1,0,0,0,1,0,0,0,0,0,0,-1
33,12,9,0,1,0,0,0,3,0,0,0,0,0.0,0.8485,4.0438,3.4183,0,1,0,0,0,0,0,0,0,0,0,0,0,-1
29,3,11,0,2,0,0,0,4,0,0,0,0,0.0,0.7586,3.7285,0.9183,0,1,0,0,0,0,0,0,0,0,0,0,0,-1
43,6,26,0,1,1,0,0,6,0,0,0,0,0.0,0.7907,4.2313,1.9183,0,1,0,0,0,0,0,0,0,1,1,1,1,-1
29,14,2,0,3,0,0,0,3,0,0,0,0,0.5517,0.1724,3.7454,2.5567,0,0,1,1,0,0,1,0,0,0,0,0,0,-1
29,14,2,0,3,0,0,0,3,0,0,0,0,0.5517,0.1724,3.6075,2.5567,0,0,1,1,0,0,1,0,0,0,0,0,0,-1
70,13,45,0,2,4,0,0,4,0,0,0,0,0.2571,0.5857,4.618,3.027,0,1,0,0,0,0,0,0,0,0,0,0,0,-1
27,10,5,0,1,0,0,0,3,0,0,0,0,0.0,0.8148,3.9303,2.7219,0,1,0,0,0,0,0,0,0,0,0,0,0,-1
29,4,0,12,1,0,0,0,2,1,0,0,1,0.0,0.7931,4.2113,2.0,0,1,0,0,0,0,0,0,0,0,0,0,0,-1
30,15,2,0,3,0,0,0,3,0,0,0,0,0.5667,0.1667,3.8314,2.7396,0,0,1,1,0,0,1,0,0,0,0,0,0,-1
25,11,7,0,3,0,0,0,3,0,0,0,0,0.36,0.36,3.8333,2.5949,0,0,1,0,0,0,1,0,0,0,0,0,0,-1
27,12,2,0,3,0,0,0,3,0,0,0,0,0.5185,0.1852,3.634,2.6258,0,0,1,1,0,0,1,0,0,0,0,0,0,-1
29,14,2,0,3,0,0,0,3,0,0,0,0,0.5517,0.1724,3.7883,2.6995,0,0,1,1,0,0,1,0,0,0,0,0,0,-1
64,4,37,0,2,4,0,0,3,0,0,0,0,0.3125,0.5312,4.6423,2.0,1,1,0,0,0,0,0,0,0,0,0,0,0,-1
35,15,7,0,4,0,0,0,3,0,0,0,0,0.4857,0.2571,3.9002,2.6062,0,0,1,1,0,0,1,0,0,0,0,0,0,-1
54,9,33,0,1,3,0,0,5,0,0,0,0,0.0926,0.7222,4.4032,2.9477,0,1,0,0,0,0,0,0,0,0,0,0,0,-1
29,14,2,0,3,0,0,0,3,0,0,0,0,0.5517,0.1724,3.5554,2.6456,0,0,1,1,0,0,1,0,0,0,0,0,0,-1
37,19,0,6,1,2,0,0,2,1,0,0,1,0.027,0.7568,3.9862,3.0708,0,1,0,0,0,0,0,0,0,0,0,0,0,-1
40,9,19,0,1,0,0,0,4,0,0,0,0,0.0,0.85,4.1342,2.9477,0,1,0,0,0,0,0,0,0,0,0,0,0,-1
42,8,22,0,1,0,1,0,4,0,0,0,0,0.0,0.8333,4.1299,2.5,0,1,0,0,0,0,0,0,0,0,0,0,0,-1
30,14,9,0,4,0,0,0,3,0,0,0,0,0.3667,0.3667,3.9232,2.7534,0,0,1,0,0,0,1,0,0,0,0,0,0,-1
42,6,24,0,1,0,0,0,5,0,0,0,0,0.0,0.8333,4.1213,2.585,0,1,0,0,0,0,0,0,0,0,0,0,0,-1
92,32,47,0,2,8,0,0,4,0,0,0,0,0.2065,0.6304,4.7087,3.5695,0,1,0,0,0,0,0,0,0,1,1,0,0,-1
25,4,10,0,1,0,0,0,3,0,0,0,0,0.0,0.8,3.6733,1.5,0,1,0,0,0,0,0,0,0,0,0,0,0,-1
31,8,11,0,1,0,0,0,4,0,0,0,0,0.0,0.8065,3.7844,2.5,0,1,0,0,0,0,0,0,0,0,0,0,0,-1
35,7,10,0,2,0,0,0,4,0,0,0,0,0.0571,0.7429,4.3293,2.5216,1,0,0,0,0,0,0,0,0,0,0,0,0,-1
38,10,21,0,4,0,0,0,4,0,0,0,0,0.2105,0.5526,4.1556,2.4464,0,0,1,0,0,0,1,0,0,0,0,0,0,-1
29,14,2,0,3,0,0,0,3,0,0,0,0,0.5517,0.1724,3.8573,2.8424,0,0,1,1,0,0,1,0,0,0,0,0,0,-1
39,11,7,8,1,0,0,0,3,1,0,0,1,0.0,0.8205,4.2849,3.0958,0,1,0,0,0,0,0,0,0,0,0,0,0,-1
37,3,22,0,1,0,1,0,4,0,0,0,0,0.0,0.8108,4.2161,1.585,0,1,0,0,0,0,0,0,0,0,0,0,0,-1
34,14,7,0,4,0,0,0,3,0,0,0,0,0.4706,0.2647,4.0179,2.6106,0,0,1,1,0,0,1,0,0,0,0,0,0,-1
34,14,7,0,4,0,0,0,3,0,0,0,0,0.4706,0.2647,3.881,2.0742,0,0,1,1,0,0,1,0,0,0,0,0,0,-1
33,3,11,0,3,0,0,0,3,0,0,0,0,0.0,0.7879,4.1879,1.585,1,1,0,0,0,0,0,0,0,0,0,0,0,-1
22,13,2,0,3,0,0,0,3,0,0,0,0,0.4545,0.2273,3.6292,2.8151,0,0,1,0,0,0,1,0,0,0,0,0,0,-1
78,13,1,42,2,4,0,0,3,1,0,0,1,0.3462,0.5,4.888,3.1808,1,1,0,0,0,0,1,0,0,0,0,0,0,-1
86,14,48,0,3,4,0,0,4,0,0,0,0,0.2674,0.593,4.8298,3.6645,1,1,0,0,0,0,0,0,0,0,0,0,0,-1
30,15,2,0,3,0,0,0,3,0,0,0,0,0.5667,0.1667,3.5111,2.4226,0,0,1,1,0,0,1,0,0,0,0,0,0,-1
54,18,7,16,1,0,0,0,3,1,0,0,1,0.0,0.8519,4.218,3.4613,0,1,0,0,0,0,0,0,0,0,0,0,0,-1
28,13,2,0,3,0,0,0,3,0,0,0,0,0.5357,0.1786,3.7709,2.8151,0,0,1,1,0,0,1,0,0,0,0,0,0,-1
28,13,2,0,3,0,0,0,3,0,0,0,0,0.5357,0.1786,3.5976,2.4116,0,0,1,1,0,0,1,0,0,0,0,0,0,-1
23,4,0,6,1,0,0,0,2,1,0,0,1,0.0435,0.6957,4.0018,2.0,0,1,0,0,0,0,0,0,0,0,0,0,0,-1
63,11,40,0,1,4,0,0,4,0,0,0,0,0.254,0.5873,4.5403,2.6635,0,1,0,0,0,0,0,0,0,0,0,0,0,-1
33,13,7,0,4,0,0,0,3,0,0,0,0,0.4545,0.2727,3.9455,2.3535,0,0,1,1,0,0,1,0,0,0,0,0,0,-1
35,15,7,0,4,0,0,0,3,0,0,0,0,0.4857,0.2571,3.7287,2.1056,0,0,1,1,0,0,1,0,0,0,0,0,0,-1
25,14,4,0,3,0,0,0,3,0,0,0,0,0.44,0.28,3.7835,2.8963,0,0,1,0,0,0,1,0,0,0,0,0,0,-1
22,4,6,0,1,0,0,0,3,0,0,0,0,0.0,0.7727,3.6292,1.5,0,1,0,0,0,0,0,0,0,0,0,0,0,-1
25,7,6,0,1,0,0,0,3,0,0,0,0,0.0,0.8,3.7835,2.8074,0,1,0,0,0,0,0,0,0,0,0,0,0,-1
28,13,8,0,3,0,0,0,3,0,0,0,0,0.3571,0.3929,4.0122,2.8731,0,0,1,0,0,0,1,0,0,0,0,0,0,-1
25,11,7,0,3,0,0,0,3,0,0,0,0,0.48,0.24,3.6235,2.5949,0,0,1,0,0,0,1,0,0,0,0,0,0,-1
27,13,7,0,3,0,0,0,3,0,0,0,0,0.4074,0.3333,4.0043,2.8151,0,0,1,0,0,0,1,0,0,0,0,0,0,-1
39,18,9,0,1,2,0,0,3,0,0,0,0,0.0,0.8205,3.9972,3.4613,0,1,0,0,0,0,0,0,0,0,0,0,0,-1
30,10,8,0,1,0,0,0,3,0,0,0,0,0.0,0.8333,4.0062,3.1219,0,1,0,0,0,0,0,0,0,0,0,0,0,-1
39,14,13,0,4,0,0,0,3,0,0,0,0,0.3846,0.3846,4.0385,2.6106,0,0,1,1,0,0,1,0,0,0,0,0,0,-1
28,13,2,0,3,0,0,0,3,0,0,0,0,0.5357,0.1786,3.4547,2.3535,0,0,1,1,0,0,1,0,0,0,0,0,0,-1
47,8,27,0,1,2,0,0,5,0,0,0,0,0.1277,0.6809,4.3601,2.1556,0,1,0,0,0,0,0,0,0,0,0,0,0,-1
34,14,7,0,4,0,0,0,3,0,0,0,0,0.4706,0.2647,3.8402,2.217,0,0,1,1,0,0,1,0,0,0,0,0,0,-1
25,3,0,6,2,0,0,0,2,1,0,0,1,0.04,0.68,3.9737,1.585,0,1,0,0,0,0,0,0,0,0,0,0,0,-1
68,10,37,0,2,4,0,0,3,0,0,0,0,0.3824,0.4706,4.7142,3.1219,1,1,0,0,0,0,1,0,0,0,0,0,0,-1
31,12,0,6,1,0,0,0,2,1,0,0,1,0.0323,0.7742,4.18,3.0221,0,1,0,0,0,0,0,0,0,0,0,0,0,-1
45,9,7,16,1,0,0,0,3,1,0,0,1,0.0,0.8,4.2144,2.7255,0,1,0,0,0,0,0,0,0,0,0,0,0,-1
22,3,8,0,1,0,0,0,3,0,0,0,0,0.0,0.7727,3.6635,1.585,0,1,0,0,0,0,0,0,0,1,1,0,0,-1
30,3,16,0,1,0,0,0,4,0,0,0,0,0.0,0.8,3.5866,0.9183,0,1,0,0,0,0,0,0,0,0,0,0,0,-1
47,3,30,0,2,2,0,0,5,0,0,0,0,0.1064,0.6809,4.4006,0.0,0,1,0,0,0,0,0,0,0,0,0,0,0,-1
61,14,34,0,1,2,0,0,5,0,0,0,0,0.0,0.8525,4.1948,3.1281,0,1,0,0,0,0,0,0,0,0,0,0,0,-1
33,13,7,0,4,0,0,0,3,0,0,0,0,0.4545,0.2727,4.0061,2.8731,0,0,1,1,0,0,1,0,0,0,0,0,0,-1
33,13,7,0,4,0,0,0,3,0,0,0,0,0.4545,0.2727,4.0061,2.6612,0,0,1,1,0,0,1,0,0,0,0,0,0,-1
28,13,2,0,3,0,0,0,3,0,0,0,0,0.5357,0.1786,3.6106,2.2578,0,0,1,1,0,0,1,0,0,0,0,0,0,-1
28,2,14,0,1,0,0,0,4,0,0,0,0,0.0,0.7857,3.8963,1.0,0,1,0,0,0,0,0,0,0,0,0,0,0,-1
31,14,10,0,4,0,0,0,3,0,0,0,0,0.3548,0.3871,4.1069,2.6456,0,0,1,0,0,0,1,0,0,0,0,0,0,-1
28,13,2,0,3,0,0,0,3,0,0,0,0,0.5357,0.1786,3.6281,2.6612,0,0,1,1,0,0,1,0,0,0,0,0,0,-1
35,11,13,0,1,0,0,0,4,0,0,0,0,0.0,0.8286,3.9217,3.0958,0,1,0,0,0,0,0,0,0,0,0,0,0,-1
45,9,7,16,1,0,0,0,3,1,0,0,1,0.0,0.8222,4.1191,2.7255,0,1,0,0,0,0,0,0,0,0,0,0,0,-1
41,5,7,16,1,0,0,0,3,1,0,0,1,0.0,0.8049,4.0037,1.9219,0,1,0,0,0,0,0,0,0,0,0,0,0,-1
32,8,12,0,1,0,0,0,4,0,0,0,0,0.125,0.6875,4.0625,2.75,0,1,0,0,0,0,0,0,0,0,0,0,0,-1
74,8,27,0,6,5,0,0,3,0,0,0,0,0.0541,0.7432,4.4556,3.0,2,1,0,0,0,0,0,0,0,0,0,0,0,-1
35,15,7,0,4,0,0,0,3,0,0,0,0,0.4857,0.2571,3.9002,2.6826,0,0,1,1,0,0,1,0,0,0,0,0,0,-1
85,11,48,0,3,4,0,0,4,0,0,0,0,0.2471,0.6118,4.8841,3.0958,1,1,0,0,0,0,0,0,0,0,0,0,0,-1
40,13,15,0,1,0,0,0,4,0,0,0,0,0.0,0.85,3.774,2.8151,0,1,0,0,0,0,0,0,0,0,0,0,0,-1
33,10,11,0,1,0,0,0,4,0,0,0,0,0.0,0.8182,3.8243,2.6464,0,1,0,0,0,0,0,0,0,0,0,0,0,-1
35,15,7,0,4,0,0,0,3,0,0,0,0,0.4857,0.2571,3.8402,2.4226,0,0,1,1,0,0,1,0,0,0,0,0,0,-1
26,14,5,0,3,0,0,0,3,0,0,0,0,0.4231,0.3077,3.9501,3.0391,0,0,1,0,0,0,1,0,0,0,0,0,0,-1
23,6,5,0,1,0,0,0,3,0,0,0,0,0.0,0.7826,3.7294,2.585,0,1,0,0,0,0,0,0,0,0,0,0,0,-1
29,14,2,0,3,0,0,0,3,0,0,0,0,0.5517,0.1724,3.6504,2.7885,0,0,1,1,0,0,1,0,0,0,0,0,0,-1
29,13,9,0,4,0,0,0,3,0,0,0,0,0.3793,0.3448,3.9783,2.6612,0,0,1,0,0,0,1,0,0,0,0,0,0,-1
32,15,10,0,3,0,0,0,3,0,0,0,0,0.4375,0.3438,4.0542,2.6062,0,0,1,0,0,0,1,0,0,0,0,0,0,-1
35,18,5,0,1,0,0,0,3,0,0,0,0,0.0,0.8571,4.0116,3.3083,0,1,0,0,0,0,0,0,0,0,0,0,0,-1
38,8,7,10,1,0,0,0,3,1,0,0,1,0.0,0.8158,4.1857,2.75,0,1,0,0,0,0,0,0,0,0,0,0,0,-1
22,3,8,0,1,0,0,0,3,0,0,0,0,0.0,0.7727,3.8797,1.585,0,1,0,0,0,0,0,0,0,0,0,0,0,-1
30,7,11,0,1,0,0,0,4,0,0,0,0,0.0,0.8,3.8281,2.5216,0,1,0,0,0,0,0,0,0,0,0,0,0,-1
25,13,5,0,3,0,0,0,3,0,0,0,0,0.44,0.28,3.8635,2.8731,0,0,1,0,0,0,1,0,0,0,0,0,0,-1
39,7,20,0,2,0,0,0,5,0,0,0,0,0.0256,0.7692,4.0359,2.8074,0,1,0,0,0,0,0,0,0,1,1,1,0,-1
32,12,13,0,4,0,0,0,3,0,0,0,0,0.2812,0.4688,4.2653,2.8554,0,0,1,0,0,0,1,0,0,0,0,0,0,-1
37,3,22,0,1,0,1,0,4,0,0,0,0,0.0,0.8108,4.0645,0.9183,0,1,0,0,0,0,0,0,0,0,0,0,0,-1
42,12,18,0,4,0,0,0,4,0,0,0,0,0.3095,0.4524,4.2791,2.6887,0,0,1,1,0,0,1,0,0,0,0,0,0,-1
43,9,22,0,1,1,0,0,5,0,0,0,0,0.1395,0.6744,4.2755,3.1699,0,1,0,0,0,0,0,0,0,0,0,0,0,-1
30,9,9,0,1,0,0,0,4,0,0,0,0,0.0,0.8,4.0151,2.7255,0,1,0,0,0,0,0,0,0,0,0,0,0,-1
25,10,2,0,3,0,0,0,3,0,0,0,0,0.48,0.2,3.5133,2.4464,0,0,1,1,0,0,1,0,0,0,0,0,0,-1
91,22,1,42,2,4,0,0,3,1,0,0,1,0.2857,0.5824,4.9504,3.6247,1,1,0,0,0,0,0,0,0,0,0,0,0,-1
28,7,9,0,1,0,0,0,3,0,0,0,0,0.0,0.8214,3.9408,2.2359,0,1,0,0,0,0,0,0,0,0,0,0,0,-1
24,5,0,6,1,0,0,0,2,1,0,0,1,0.0417,0.7083,4.1368,1.9219,0,1,0,0,0,0,0,0,0,0,0,0,0,-1
32,12,7,0,4,0,0,0,3,0,0,0,0,0.4375,0.2812,3.9292,2.5221,0,0,1,1,0,0,1,0,0,0,0,0,0,-1
28,13,2,0,3,0,0,0,3,0,0,0,0,0.5357,0.1786,3.4992,2.3535,0,0,1,1,0,0,1,0,0,0,0,0,0,-1
35,13,15,0,4,0,0,0,3,0,0,0,0,0.3714,0.4,4.2074,2.6612,0,0,1,0,0,0,1,0,0,0,0,0,0,-1
50,11,21,0,2,1,0,0,4,0,0,0,0,0.0,0.84,4.2615,3.2776,0,1,0,0,0,0,0,0,0,0,0,0,0,-1
30,15,2,0,3,0,0,0,3,0,0,0,0,0.5667,0.1667,3.7396,2.6826,0,0,1,1,0,0,1,0,0,0,0,0,0,-1
33,15,6,0,1,0,0,0,3,0,0,0,0,0.0,0.8485,3.9424,3.1069,0,1,0,0,0,0,0,0,0,0,0,0,0,-1
30,6,0,12,1,0,0,0,2,1,0,0,1,0.0,0.8,3.9647,2.2516,0,1,0,0,0,0,0,0,0,0,0,0,0,-1
34,11,16,0,4,0,0,0,3,0,0,0,0,0.2353,0.5294,4.1019,2.6635,0,0,1,0,0,0,1,0,0,0,0,0,0,-1
33,5,16,0,1,0,0,0,4,0,0,0,0,0.0,0.8182,4.0061,2.3219,0,1,0,0,0,0,0,0,0,0,0,0,0,-1
36,13,16,0,4,0,0,0,4,0,0,0,0,0.2778,0.4722,4.2601,2.6612,0,0,1,0,0,0,1,0,0,0,0,0,0,-1
37,6,14,0,2,0,0,0,3,0,0,0,0,0.0,0.8378,3.9696,2.2516,1,1,0,0,0,0,0,0,0,0,0,0,0,-1
33,13,7,0,4,0,0,0,3,0,0,0,0,0.4545,0.2727,3.9196,2.6032,0,0,1,1,0,0,1,0,0,0,0,0,0,-1
34,7,7,8,1,0,0,0,3,1,0,0,1,0.0,0.7941,4.1163,2.5216,0,1,0,0,0,0,0,0,0,0,0,0,0,-1
28,8,9,0,1,0,0,0,4,0,0,0,0,0.0,0.7857,3.8249,2.75,0,1,0,0,0,0,0,0,0,0,0,0,0,-1
28,7,9,0,1,0,0,0,3,0,0,0,0,0.0,0.8214,3.5801,2.1281,0,1,0,0,0,0,0,0,0,0,0,0,0,-1
53,7,24,0,3,0,0,0,4,0,0,0,0,0.0,0.8491,4.2213,2.5216,1,0,0,0,0,0,0,0,0,0,0,0,0,-1
35,10,11,0,2,1,0,0,3,0,0,0,0,0.0,0.8,4.1643,3.1219,0,1,0,0,0,0,0,0,0,0,0,0,0,-1
25,11,7,0,3,0,1,0,3,0,0,0,0,0.48,0.2,3.7533,2.8454,0,0,1,0,0,0,1,0,0,0,0,0,0,-1
36,6,7,10,1,0,0,0,3,1,0,0,1,0.0,0.8056,4.0277,1.9183,0,1,0,0,0,0,0,0,0,0,0,0,0,-1
64,11,37,0,2,4,0,0,3,0,0,0,0,0.3125,0.5312,4.6716,3.0958,1,1,0,0,0,0,0,0,0,0,0,0,0,-1
22,3,7,0,1,0,0,0,3,0,0,0,0,0.0,0.7727,3.7544,1.585,0,1,0,0,0,0,0,0,0,0,0,0,0,-1
27,7,8,0,1,0,0,0,3,0,0,0,0,0.0,0.8148,3.838,2.8074,0,1,0,0,0,0,0,0,0,1,1,0,0,-1
28,13,8,0,4,0,0,0,3,0,0,0,0,0.3571,0.3571,3.9233,2.8731,0,0,1,0,0,0,1,0,0,0,0,0,0,-1
25,11,7,0,3,0,0,0,3,0,0,0,0,0.44,0.28,3.7533,2.5949,0,0,1,0,0,0,1,0,0,0,0,0,0,-1
28,13,2,0,3,0,0,0,3,0,0,0,0,0.5357,0.1786,3.5976,2.4116,0,0,1,1,0,0,1,0,0,0,0,0,0,-1
29,15,7,0,3,0,0,0,3,0,0,0,0,0.4138,0.3448,3.9002,2.8226,0,0,1,0,0,0,1,0,0,0,0,0,0,-1
29,14,2,0,3,0,0,0,3,0,0,0,0,0.5517,0.1724,3.6075,2.6456,0,0,1,1,0,0,1,0,0,0,0,0,0,-1
39,3,7,16,1,0,0,0,3,1,0,0,1,0.0,0.7949,4.2017,1.585,0,1,0,0,0,0,0,0,0,0,0,0,0,-1
43,15,21,0,3,0,2,0,3,0,0,0,0,0.2791,0.5116,4.6119,3.0062,0,0,1,0,0,0,1,0,0,0,0,0,0,-1
26,14,5,0,3,0,0,0,3,0,0,0,0,0.4615,0.2692,3.6322,2.306,0,0,1,0,0,0,1,0,0,0,0,0,0,-1
24,13,4,0,3,0,0,0,3,0,0,0,0,0.4583,0.25,3.7721,2.8731,0,0,1,0,0,0,1,0,0,0,0,0,0,-1
68,11,37,0,2,4,0,0,3,0,0,0,0,0.3676,0.4853,4.6428,2.914,1,1,0,0,0,0,0,0,0,0,0,0,0,-1
29,14,2,0,3,0,0,0,3,0,0,0,0,0.5517,0.1724,3.578,2.3527,0,0,1,1,0,0,1,0,0,0,0,0,0,-1
27,12,2,0,3,0,0,0,3,0,0,0,0,0.5185,0.1852,3.6521,2.6258,0,0,1,1,0,0,1,0,0,0,0,0,0,-1
26,14,5,0,3,0,0,0,3,0,0,0,0,0.4615,0.2692,3.5074,2.306,0,0,1,0,0,0,1,0,0,0,0,0,0,-1
33,13,7,0,4,0,0,0,3,0,0,0,0,0.4545,0.2727,3.8849,2.4493,0,0,1,1,0,0,1,0,0,0,0,0,0,-1
32,16,4,0,1,1,0,0,3,0,0,0,0,0.0,0.8125,3.965,3.3278,0,1,0,0,0,0,0,0,0,0,0,0,0,-1
76,11,1,42,2,4,0,0,3,1,0,0,1,0.25,0.5921,4.8377,3.0958,1,1,0,0,0,0,1,0,0,0,0,0,0,-1
33,13,7,0,4,0,0,0,3,0,0,0,0,0.4545,0.2727,3.9683,2.8151,0,0,1,1,0,0,1,0,0,0,0,0,0,-1
29,11,6,0,1,0,0,0,3,0,0,0,0,0.0,0.8276,3.7454,3.0958,0,1,0,0,0,0,0,0,0,0,0,0,0,-1
37,15,15,0,3,0,1,0,4,0,0,0,0,0.4054,0.3514,4.2834,3.0062,0,0,1,0,0,0,1,0,0,0,0,0,0,-1
31,8,11,0,1,0,0,0,4,0,0,0,0,0.0,0.8065,3.7166,2.75,0,1,0,0,0,0,0,0,0,0,0,0,0,-1
33,9,12,0,1,0,0,0,4,0,0,0,0,0.0909,0.7273,4.4155,2.4194,0,1,0,0,0,0,0,0,0,0,0,0,0,-1
79,9,50,0,3,4,0,0,4,0,0,0,0,0.2025,0.6456,4.7812,2.9477,1,1,0,0,0,0,0,0,0,1,1,0,0,-1
33,13,7,0,4,0,0,0,3,0,0,0,0,0.4545,0.2727,4.1273,2.9689,0,0,1,1,0,0,1,0,0,0,0,0,0,-1
25,13,5,0,3,0,0,0,3,0,0,0,0,0.4,0.32,3.9435,2.8731,0,0,1,0,0,0,1,0,0,0,0,0,0,-1
29,8,9,0,1,0,0,0,3,0,0,0,0,0.0,0.8276,3.8109,2.4056,0,1,0,0,0,0,0,0,0,0,0,0,0,-1
28,13,2,0,3,0,0,0,3,0,0,0,0,0.5357,0.1786,3.7979,2.8151,0,0,1,1,0,0,1,0,0,0,0,0,0,-1
29,9,0,7,1,0,0,0,2,1,0,0,1,0.0,0.7931,4.2802,3.1699,0,1,0,0,0,0,0,0,0,0,0,0,0,-1
40,4,7,16,1,0,0,0,3,1,0,0,1,0.0,0.775,4.3464,2.0,0,1,0,0,0,0,0,0,0,0,0,0,0,-1
23,3,5,0,2,0,0,0,3,0,0,0,0,0.0,0.7391,3.5555,1.585,0,1,0,0,0,0,0,0,0,0,0,0,0,-1
68,13,37,0,2,4,0,0,3,0,0,0,0,0.3235,0.5294,4.8265,3.3927,1,1,0,0,0,0,0,0,0,0,0,0,0,-1
35,15,7,0,4,0,0,0,3,0,0,0,0,0.4857,0.2571,3.9002,2.7396,0,0,1,1,0,0,1,0,0,0,0,0,0,-1
28,13,2,0,3,0,0,0,3,0,0,0,0,0.5357,0.1786,3.7265,2.7193,0,0,1,1,0,0,1,0,0,0,0,0,0,-1
29,9,9,0,1,0,0,0,3,0,0,0,0,0.0,0.8276,3.7623,2.9477,0,1,0,0,0,0,0,0,0,0,0,0,0,-1
34,13,14,0,4,0,0,0,4,0,0,0,0,0.2941,0.4412,4.2639,3.027,0,0,1,0,0,0,1,0,0,0,0,0,0,-1
29,14,2,0,3,0,0,0,3,0,0,0,0,0.5517,0.1724,3.7623,2.6456,0,0,1,1,0,0,1,0,0,0,0,0,0,-1
25,6,0,6,1,0,0,0,2,1,0,0,1,0.04,0.72,4.0839,2.2516,0,1,0,0,0,0,0,0,0,0,0,0,0,-1
27,8,8,0,1,0,0,0,3,0,0,0,0,0.0,0.8148,3.9023,2.75,0,1,0,0,0,0,0,0,0,0,0,0,0,-1
29,8,9,0,1,0,0,0,3,0,0,0,0,0.0,0.8276,3.9094,2.4056,0,1,0,0,0,0,0,0,0,0,0,0,0,-1
27,14,6,0,3,0,0,0,3,0,0,0,0,0.4074,0.3333,4.0323,2.8963,0,0,1,0,0,0,1,0,0,0,0,0,0,-1
22,5,5,0,1,0,0,0,3,0,0,0,0,0.0,0.7727,3.5383,2.3219,0,1,0,0,0,0,0,0,0,0,0,0,0,-1
34,14,7,0,4,0,0,0,3,0,0,0,0,0.4706,0.2647,3.9003,2.3527,0,0,1,1,0,0,1,0,0,0,0,0,0,-1
27,13,7,0,3,0,0,0,3,0,0,0,0,0.3704,0.3704,4.0323,2.8731,0,0,1,0,0,0,1,0,0,0,0,0,0,-1
39,4,7,16,1,0,0,0,3,1,0,0,1,0.0,0.7949,4.0191,2.0,0,1,0,0,0,0,0,0,0,0,0,0,0,-1
33,14,12,0,3,0,0,0,4,0,0,0,0,0.3333,0.4242,4.2108,2.9852,0,0,1,0,0,0,1,0,0,0,0,0,0,-1
27,12,2,0,3,0,0,0,3,0,0,0,0,0.5185,0.1852,3.7542,2.6887,0,0,1,1,0,0,1,0,0,0,0,0,0,-1
28,5,11,0,1,0,0,0,4,0,0,0,0,0.0,0.7857,3.7534,1.9219,0,1,0,0,0,0,0,0,0,0,0,0,0,-1
32,4,17,0,1,1,0,0,4,0,0,0,0,0.0,0.7812,3.6014,2.0,0,1,0,0,0,0,0,0,0,0,0,0,0,-1
36,9,15,0,1,0,0,0,4,0,0,0,0,0.0,0.8333,3.8366,2.9477,0,1,0,0,0,0,0,0,0,0,0,0,0,-1
25,9,4,0,1,0,0,0,3,0,0,0,0,0.0,0.8,3.8137,2.7255,0,1,0,0,0,0,0,0,0,0,0,0,0,-1
32,11,9,0,1,0,0,0,3,0,0,0,0,0.0,0.8438,3.9764,3.2776,0,1,0,0,0,0,0,0,0,0,0,0,0,-1
32,10,10,0,1,0,0,0,3,0,0,0,0,0.0,0.8438,3.9917,3.1219,0,1,0,0,0,0,0,0,0,0,0,0,0,-1
20,3,6,0,1,0,0,0,3,0,0,0,0,0.0,0.75,3.6842,1.585,0,1,0,0,0,0,0,0,0,0,0,0,0,-1
27,11,9,0,4,0,0,0,3,0,0,0,0,0.3704,0.3333,4.0603,3.0272,0,0,1,0,0,0,1,0,0,0,0,0,0,-1
29,5,12,0,1,0,0,0,4,0,0,0,0,0.0,0.7931,4.0044,1.9219,0,1,0,0,0,0,0,0,0,0,0,0,0,-1
40,10,7,10,1,0,0,0,3,1,0,0,1,0.0,0.825,4.2276,2.9219,0,1,0,0,0,0,0,0,0,0,0,0,0,-1
41,2,28,0,1,1,0,0,4,0,0,0,0,0.0488,0.7805,4.1804,1.0,0,1,0,0,0,0,1,0,0,0,0,0,0,-1
27,6,10,0,1,0,0,0,3,0,0,0,0,0.0,0.8148,3.8562,2.2516,0,1,0,0,0,0,0,0,0,0,0,0,0,-1
86,12,49,0,3,5,0,0,4,0,0,0,0,0.1977,0.6512,4.6276,3.0221,1,1,0,0,0,0,0,0,0,0,0,0,0,-1
24,13,4,0,3,0,0,0,3,0,0,0,0,0.4167,0.2917,3.8239,3.027,0,0,1,0,0,0,1,0,0,0,0,0,0,-1
30,13,10,0,4,0,0,0,3,0,0,0,0,0.3333,0.4,3.8729,2.6032,0,0,1,0,0,0,1,0,0,0,0,0,0,-1
68,13,48,0,4,1,1,0,5,0,0,0,0,0.4706,0.3529,4.3538,2.5654,0,0,1,0,0,0,1,0,0,0,0,0,0,-1
42,14,21,0,4,0,0,0,4,0,0,0,0,0.2619,0.5238,4.1955,2.7885,0,0,1,0,0,0,1,0,0,0,0,0,0,-1
39,13,14,0,4,0,1,0,3,0,0,0,0,0.3846,0.359,4.1604,2.7193,0,0,1,1,0,0,1,0,0,0,0,0,0,-1
68,13,48,0,4,1,1,0,5,0,0,0,0,0.4706,0.3529,4.1362,2.5654,0,0,1,0,0,0,1,0,0,0,0,0,0,-1
26,11,2,0,3,0,0,0,3,0,0,0,0,0.5,0.1923,3.6903,2.6635,0,0,1,1,0,0,1,0,0,0,0,0,0,-1
34,14,7,0,4,0,0,0,3,0,0,0,0,0.4706,0.2647,3.9032,2.6995,0,0,1,1,0,0,1,0,0,0,0,0,0,-1
24,13,4,0,3,0,0,0,3,0,0,0,0,0.4167,0.2917,3.8554,2.8731,0,0,1,0,0,0,1,0,0,0,0,0,0,-1
24,13,4,0,3,0,0,0,3,0,0,0,0,0.4167,0.2917,3.8554,2.8731,0,0,1,0,0,0,1,0,0,0,0,0,0,-1
31,13,6,0,4,0,0,0,3,0,0,0,0,0.4839,0.2258,3.7166,2.7193,0,0,1,1,0,0,1,0,0,0,0,0,0,-1
44,8,7,16,1,0,0,0,3,1,0,0,1,0.0,0.8182,4.2179,3.0,0,1,0,0,0,0,0,0,0,0,0,0,0,-1
28,14,7,0,4,0,0,0,3,0,0,0,0,0.3929,0.3214,3.7804,2.6106,0,0,1,0,0,0,1,0,0,0,0,0,0,-1
25,13,5,0,3,0,0,0,3,0,0,0,0,0.44,0.28,3.8635,2.8731,0,0,1,0,0,0,1,0,0,0,0,0,0,-1
25,11,7,0,3,0,0,0,3,0,0,0,0,0.48,0.24,3.6391,2.5949,0,0,1,0,0,0,1,0,0,0,0,0,0,-1
23,5,6,0,1,0,0,0,3,0,0,0,0,0.0,0.7826,3.6753,2.3219,0,1,0,0,0,0,0,0,0,0,0,0,0,-1
85,16,1,42,2,5,0,0,3,1,0,0,1,0.2824,0.5647,4.778,3.3278,1,1,0,0,0,0,0,0,0,0,0,0,0,-1
27,9,7,0,1,0,0,0,3,0,0,0,0,0.0,0.8148,4.0043,3.1699,0,1,0,0,0,0,0,0,0,0,0,0,0,-1
28,9,0,6,1,0,0,0,2,1,0,0,1,0.0357,0.75,4.1106,2.5033,0,1,0,0,0,0,0,0,0,0,0,0,0,-1
44,14,7,10,1,0,0,0,3,1,0,0,1,0.0,0.8409,4.3088,3.3788,0,1,0,0,0,0,0,0,0,0,0,0,0,-1
39,9,7,10,1,0,0,0,3,1,0,0,1,0.0,0.8205,4.2655,2.5033,0,1,0,0,0,0,0,0,0,0,0,0,0,-1
33,13,7,0,4,0,0,0,3,0,0,0,0,0.4545,0.2727,3.8094,2.6032,0,0,1,1,0,0,1,0,0,0,0,0,0,-1
46,10,24,0,1,0,0,0,5,0,0,0,0,0.0,0.8478,4.2012,2.9219,0,1,0,0,0,0,0,0,0,0,0,0,0,-1
49,12,30,0,3,0,0,0,4,0,0,0,0,0.2449,0.5918,3.5987,2.8554,0,0,1,0,0,0,1,0,0,0,0,0,0,-1
42,9,0,21,1,0,0,0,2,2,1,0,1,0.0,0.8095,4.3564,2.5033,0,1,0,0,0,0,0,0,0,0,0,0,0,-1
40,12,7,8,1,0,0,0,3,1,0,0,1,0.0,0.825,4.2276,2.9183,0,1,0,0,0,0,0,0,0,0,0,0,0,-1
30,13,10,0,3,0,0,0,4,0,0,0,0,0.3333,0.4,4.0566,3.027,0,0,1,0,0,0,1,0,0,0,0,0,0,-1
41,5,7,16,1,0,0,0,3,1,0,0,1,0.0,0.8049,4.0948,1.9219,0,1,0,0,0,0,0,0,0,0,0,0,0,-1
49,13,29,0,4,0,0,0,5,0,0,0,0,0.4694,0.3265,4.3753,2.4493,0,0,1,0,0,0,1,0,0,0,0,0,0,-1
87,14,50,0,3,4,0,0,4,0,0,0,0,0.1839,0.6782,4.6894,3.0391,1,0,0,0,0,0,0,0,0,1,1,0,0,-1
29,14,2,0,3,0,0,0,3,0,0,0,0,0.5517,0.1724,3.6933,2.6995,0,0,1,1,0,0,1,0,0,0,0,0,0,-1
34,14,7,0,4,0,0,0,3,0,0,0,0,0.4706,0.2647,3.8222,2.3527,0,0,1,1,0,0,1,0,0,0,0,0,0,-1
33,13,7,0,4,0,0,0,3,0,0,0,0,0.4545,0.2727,3.9424,2.2878,0,0,1,1,0,0,1,0,0,0,0,0,0,-1
40,13,20,0,3,0,0,0,4,0,0,0,0,0.25,0.55,4.3653,3.027,0,0,1,0,0,0,1,0,0,0,0,0,0,-1
30,6,12,0,1,0,0,0,4,0,0,0,0,0.1,0.7,4.3069,2.585,0,1,0,0,0,0,0,0,0,0,0,0,0,-1
27,12,2,0,3,0,0,0,3,0,0,0,0,0.5185,0.1852,3.8562,2.6887,0,0,1,1,0,0,1,0,0,0,0,0,0,-1
37,0,24,0,1,0,0,0,5,0,0,0,0,0.0,0.8108,3.9696,0.0,0,1,0,0,0,0,0,0,0,1,1,0,0,-1
28,5,12,0,1,0,0,0,4,0,0,0,0,0.1071,0.6786,4.3074,1.9219,0,1,0,0,0,0,0,0,0,0,0,0,0,-1
29,12,5,0,1,0,0,0,3,0,0,0,0,0.0,0.8276,4.0473,3.085,0,1,0,0,0,0,0,0,0,0,0,0,0,-1
21,0,8,0,1,0,0,0,3,0,0,0,0,0.0,0.7619,3.749,0.0,0,1,0,0,0,0,0,0,0,0,0,0,0,-1
22,2,9,0,1,0,0,0,4,0,0,0,0,0.0,0.7273,3.6069,1.0,0,1,0,0,0,0,0,0,0,0,0,0,0,-1
38,15,11,0,4,0,0,0,3,0,0,0,0,0.4211,0.3421,4.1883,2.6062,0,0,1,1,0,0,1,0,0,0,0,0,0,-1
68,13,48,0,4,1,1,0,5,0,0,0,0,0.4559,0.3676,4.2565,2.5654,0,0,1,0,0,0,1,0,0,0,0,0,0,-1
46,12,22,0,1,1,0,0,5,0,0,0,0,0.1304,0.6957,4.1621,3.0221,0,1,0,0,0,0,0,0,0,0,0,0,0,-1
24,13,4,0,3,0,0,0,3,0,0,0,0,0.5,0.2083,3.8554,3.027,0,0,1,0,0,0,1,0,0,0,0,0,0,-1
30,15,2,0,3,0,0,0,3,0,0,0,0,0.5667,0.1667,3.6444,2.6826,0,0,1,1,0,0,1,0,0,0,0,0,0,-1
37,12,13,0,4,0,0,0,3,0,0,0,0,0.3514,0.4054,4.1008,2.4591,0,0,1,1,0,0,1,0,0,0,0,0,0,-1
22,7,0,0,2,0,0,0,2,0,0,0,0,0.0,0.7727,3.6412,2.2359,0,1,0,0,0,0,0,0,0,0,0,0,0,-1
29,14,2,0,3,0,0,0,3,0,0,0,0,0.5517,0.1724,3.7454,2.8424,0,0,1,1,0,0,1,0,0,0,0,0,0,-1
33,13,7,0,4,0,0,0,3,0,0,0,0,0.4545,0.2727,3.8243,2.5074,0,0,1,1,0,0,1,0,0,0,0,0,0,-1
51,20,20,0,1,0,0,0,5,0,0,0,0,0.0,0.8627,4.1159,3.2842,0,1,0,0,0,0,0,0,0,1,1,0,0,-1
90,28,47,0,2,6,0,0,4,0,0,0,0,0.1778,0.6778,4.6799,3.6515,0,1,0,0,0,0,0,0,0,1,1,0,0,-1
31,14,10,0,3,0,0,0,4,0,0,0,0,0.3548,0.3871,3.9102,2.4956,0,0,1,0,0,0,1,0,0,0,0,0,0,-1
26,6,6,0,2,1,0,0,3,0,0,0,0,0.0,0.7308,3.6574,2.2516,0,1,0,0,0,0,0,0,0,0,0,0,0,-1
34,14,7,0,4,0,0,0,3,0,0,0,0,0.4706,0.2647,3.7634,2.3527,0,0,1,1,0,0,1,0,0,0,0,0,0,-1
32,13,12,0,3,0,0,0,4,0,0,0,0,0.3125,0.4375,4.2653,2.6612,0,0,1,0,0,0,1,0,0,0,0,0,0,-1
37,7,7,10,1,0,0,0,3,1,0,0,1,0.0,0.8108,4.0766,2.5216,0,1,0,0,0,0,0,0,0,0,0,0,0,-1
25,6,8,0,1,0,0,0,3,0,0,0,0,0.0,0.8,3.8635,1.9183,0,1,0,0,0,0,0,0,0,1,1,1,1,-1
70,13,37,0,2,4,0,0,3,0,0,0,0,0.3143,0.5429,4.6092,2.7193,1,1,0,0,0,0,0,0,0,0,0,0,0,-1
45,11,22,0,2,0,0,0,3,0,0,0,0,0.1111,0.7556,4.4302,2.8454,0,1,0,0,0,0,0,0,0,0,0,0,0,-1
68,13,48,0,4,1,1,0,5,0,0,0,0,0.3382,0.4853,4.4009,2.5654,0,0,1,0,0,0,1,0,0,0,0,0,0,-1
35,12,8,0,3,0,0,0,3,0,0,0,0,0.0,0.8,3.8757,3.0221,1,1,0,0,0,0,0,0,0,1,1,0,0,-1
32,14,6,0,1,1,0,0,3,0,0,0,0,0.0,0.8125,3.9917,3.5216,0,1,0,0,0,0,0,0,0,0,0,0,0,-1
31,10,9,0,1,1,0,0,3,0,0,0,0,0.0,0.8065,3.926,2.4464,0,1,0,0,0,0,0,0,0,0,0,0,0,-1
27,12,2,0,3,0,0,0,3,0,0,0,0,0.5185,0.1852,3.6619,2.5221,0,0,1,1,0,0,1,0,0,0,0,0,0,-1
26,14,5,0,3,0,0,0,3,0,0,0,0,0.5385,0.1923,3.7962,2.7534,0,0,1,0,0,0,1,0,0,0,0,0,0,-1
86,14,48,0,3,4,0,0,4,0,0,0,0,0.2674,0.593,4.6817,3.2359,1,1,0,0,0,0,0,0,0,0,0,0,0,-1
77,17,47,0,2,5,0,0,4,0,0,0,0,0.2208,0.6234,4.8364,3.6169,0,1,0,0,0,0,0,0,0,1,1,0,0,-1
32,3,17,0,1,1,0,0,4,0,0,0,0,0.0,0.7812,3.7539,1.585,0,1,0,0,0,0,0,0,0,0,0,0,0,-1
47,7,9,0,6,0,0,0,3,0,0,0,0,0.0,0.7872,3.959,2.1281,4,1,0,0,0,0,0,1,0,0,0,0,0,-1
29,14,2,0,3,0,0,0,3,0,0,0,0,0.5517,0.1724,3.7454,2.7534,0,0,1,1,0,0,1,0,0,0,0,0,0,-1
35,3,20,0,1,0,0,0,4,0,0,0,0,0.0,0.8286,3.9077,1.585,0,1,0,0,0,0,0,0,0,0,0,0,0,-1
25,4,10,0,1,0,0,0,3,0,0,0,0,0.0,0.8,3.6235,2.0,0,1,0,0,0,0,0,0,0,0,0,0,0,-1
31,10,9,0,1,1,0,0,3,0,0,0,0,0.0,0.8065,3.9134,2.9219,0,1,0,0,0,0,0,0,0,0,0,0,0,-1
30,12,6,0,1,0,0,0,3,0,0,0,0,0.0,0.8333,4.0062,3.0221,0,1,0,0,0,0,0,0,0,0,0,0,0,-1
35,4,20,0,1,0,0,0,4,0,0,0,0,0.0,0.8286,4.022,2.0,0,1,0,0,0,0,0,0,0,0,0,0,0,-1
19,3,5,0,1,0,0,0,3,0,0,0,0,0.0,0.7368,3.4714,1.585,0,1,0,0,0,0,0,0,0,0,0,0,0,-1
34,14,7,0,4,0,0,0,3,0,0,0,0,0.4706,0.2647,3.9032,2.5027,0,0,1,1,0,0,1,0,0,0,0,0,0,-1
68,13,48,0,4,1,1,0,5,0,0,0,0,0.4265,0.3971,4.3448,2.5654,0,0,1,0,0,0,1,0,0,0,0,0,0,-1
42,9,0,21,1,0,0,0,2,2,1,0,1,0.0,0.8095,4.3501,2.9477,0,1,0,0,0,0,0,0,0,0,0,0,0,-1
46,7,2,13,2,0,0,0,3,1,0,0,1,0.0,0.8043,4.187,2.8074,1,1,0,0,0,0,0,0,0,0,0,0,0,-1
28,13,2,0,3,0,0,0,3,0,0,0,0,0.5357,0.1786,3.8249,2.5654,0,0,1,1,0,0,1,0,0,0,0,0,0,-1
34,14,7,0,4,0,0,0,3,0,0,0,0,0.4706,0.2647,3.7826,2.6456,0,0,1,1,0,0,1,0,0,0,0,0,0,-1
29,14,8,0,4,0,0,0,3,0,0,0,0,0.3793,0.3448,3.8833,2.8424,0,0,1,0,0,0,1,0,0,0,0,0,0,-1
30,12,7,0,1,0,0,0,3,0,0,0,0,0.0,0.8333,3.7647,3.085,0,1,0,0,0,0,0,0,0,1,1,0,0,-1
28,9,0,6,1,0,0,0,2,1,0,0,1,0.0357,0.75,4.182,2.9477,0,1,0,0,0,0,0,0,0,0,0,0,0,-1
32,3,17,0,1,0,0,0,4,0,0,0,0,0.0,0.8125,4.0153,1.585,0,1,0,0,0,0,0,0,0,0,0,0,0,-1
25,13,5,0,3,0,0,0,3,0,0,0,0,0.4,0.32,3.7835,2.5654,0,0,1,0,0,0,1,0,0,0,0,0,0,-1
50,13,30,0,3,0,0,0,4,0,0,0,0,0.24,0.6,3.7482,2.8731,0,0,1,0,0,0,1,0,0,0,0,0,0,-1
92,32,47,0,2,8,0,0,4,0,0,0,0,0.2391,0.5978,4.7011,3.6289,0,1,0,0,0,0,0,0,0,1,1,0,0,-1
25,13,5,0,3,0,0,0,3,0,0,0,0,0.48,0.24,3.7533,2.8731,0,0,1,0,0,0,1,0,0,0,0,0,0,-1
33,13,7,0,4,0,0,0,3,0,0,0,0,0.4545,0.2727,4.0518,2.8151,0,0,1,1,0,0,1,0,0,0,0,0,0,-1
42,4,24,0,2,0,0,0,5,0,0,0,0,0.0,0.8095,3.9308,2.0,0,1,0,0,0,0,0,0,0,0,0,0,0,-1
50,11,27,0,1,2,0,0,5,0,0,0,0,0.12,0.7,4.4162,2.8454,0,1,0,0,0,0,0,0,0,0,0,0,0,-1
36,5,20,0,1,0,0,0,4,0,0,0,0,0.0,0.8333,3.9823,2.3219,0,1,0,0,0,0,0,0,0,0,0,0,0,-1
39,7,20,0,3,0,0,0,5,0,0,0,0,0.0769,0.6923,4.263,2.8074,0,1,0,0,0,0,0,0,0,0,0,0,0,-1
61,6,20,0,3,0,0,0,4,0,0,0,0,0.0164,0.8525,4.0399,2.2516,1,0,0,0,0,0,0,0,1,0,0,0,0,-1
33,13,7,0,4,0,0,0,3,0,0,0,0,0.4545,0.2727,3.8849,2.6612,0,0,1,1,0,0,1,0,0,0,0,0,0,-1
79,19,47,0,2,5,0,0,4,0,0,0,0,0.2658,0.5823,4.8942,3.7871,0,1,0,0,0,0,0,0,0,1,1,0,0,-1
22,4,6,0,1,0,0,0,3,0,0,0,0,0.0,0.7727,3.5726,2.0,0,1,0,0,0,0,0,0,0,0,0,0,0,-1
44,10,22,0,1,1,0,0,5,0,0,0,0,0.1364,0.6818,4.4146,3.1219,0,1,0,0,0,0,0,0,0,0,0,0,0,-1
34,6,17,0,1,1,0,0,4,0,0,0,0,0.0,0.7941,4.0209,2.585,0,1,0,0,0,0,0,0,0,0,0,0,0,-1
39,4,24,0,1,0,0,0,5,0,0,0,0,0.0,0.8205,3.9847,2.0,0,1,0,0,0,0,0,0,0,0,0,0,0,-1
31,3,13,0,2,0,0,0,4,0,0,0,0,0.0,0.7742,4.0023,1.585,0,1,0,0,0,0,0,0,0,0,0,0,0,-1
29,14,2,0,3,0,0,0,3,0,0,0,0,0.5517,0.1724,3.8573,2.8963,0,0,1,1,0,0,1,0,0,0,0,0,0,-1
28,8,0,7,1,0,0,0,2,1,0,0,1,0.0357,0.75,4.209,3.0,0,1,0,0,0,0,1,0,0,0,0,0,0,-1
31,13,11,0,4,0,0,0,3,0,0,0,0,0.3226,0.4194,4.0911,2.7193,0,0,1,0,0,0,1,0,0,0,0,0,0,-1
24,4,8,0,1,0,0,0,3,0,0,0,0,0.0,0.7917,3.9702,1.5,0,1,0,0,0,0,0,0,0,0,0,0,0,-1
29,14,2,0,3,0,0,0,3,0,0,0,0,0.5517,0.1724,3.7454,2.8424,0,0,1,1,0,0,1,0,0,0,0,0,0,-1
26,14,5,0,4,0,0,0,3,0,0,0,0,0.4231,0.2692,3.6133,2.6456,0,0,1,0,0,0,1,0,0,0,0,0,0,-1
61,7,37,0,2,4,0,0,3,0,0,0,0,0.2787,0.5574,4.5186,2.5216,1,1,0,0,0,0,0,0,0,0,0,0,0,-1
149,6,131,0,2,3,0,0,10,0,0,7,0,0.1342,0.7114,4.7918,2.585,0,1,0,0,0,0,0,0,0,0,0,0,0,-1
35,10,14,0,2,2,0,0,3,0,0,0,0,0.0857,0.6857,4.2646,2.8464,0,0,0,0,0,0,0,0,1,0,0,0,0,-1
78,6,60,0,2,0,0,0,9,0,0,0,0,0.0,0.8462,4.2956,2.585,0,1,0,0,0,0,0,0,0,0,0,0,0,-1
32,3,14,0,2,0,0,0,4,0,0,0,0,0.125,0.6562,4.3125,1.585,0,1,0,0,0,0,0,0,0,0,0,0,0,-1
98,38,47,0,2,8,0,0,4,0,0,0,0,0.2245,0.6224,4.762,3.8725,0,1,0,0,0,0,0,0,0,1,1,0,0,-1
30,8,11,0,2,0,0,0,3,0,0,0,0,0.0,0.8,4.0062,2.75,0,1,0,0,0,0,0,0,0,0,0,0,0,-1
36,16,8,0,1,0,0,0,3,0,0,0,0,0.0556,0.8056,3.954,3.2028,0,1,0,0,0,0,1,0,0,0,0,0,0,-1
31,12,12,0,4,0,0,0,3,0,0,0,0,0.3226,0.4194,4.0424,2.6258,0,0,1,0,0,0,1,0,0,0,0,0,0,-1
91,32,47,0,2,8,0,0,4,0,0,0,0,0.2088,0.6264,4.7086,3.5695,0,0,0,0,0,0,0,0,0,1,1,0,0,-1
31,14,10,0,4,0,0,0,3,0,0,0,0,0.3548,0.3871,3.76,2.7885,0,0,1,0,0,0,1,0,0,0,0,0,0,-1
22,3,7,0,1,0,0,0,3,0,0,0,0,0.0,0.7727,3.5383,0.9183,0,1,0,0,0,0,0,0,0,1,1,0,0,-1
27,12,2,0,3,0,0,0,3,0,0,0,0,0.5185,0.1852,3.6801,2.8554,0,0,1,1,0,0,1,0,0,0,0,0,0,-1
17,5,0,0,1,0,0,0,2,0,0,0,0,0.0,0.7647,3.6901,2.3219,0,1,0,0,0,0,0,0,0,0,0,0,0,-1
57,11,34,0,1,1,0,0,5,0,0,0,0,0.0,0.8596,4.263,3.0958,0,1,0,0,0,0,0,0,0,0,0,0,0,-1
36,9,15,0,1,0,0,0,4,0,0,0,0,0.0,0.8333,3.8219,2.4194,0,1,0,0,0,0,0,0,0,0,0,0,0,-1
36,6,7,10,1,0,0,0,3,1,0,0,1,0.0,0.8056,4.0724,2.2516,0,1,0,0,0,0,0,0,0,0,0,0,0,-1
71,14,37,0,2,4,0,0,3,0,0,0,0,0.2958,0.5634,4.6281,3.182,1,1,0,0,0,0,0,0,0,0,0,0,0,-1
22,3,5,0,2,0,0,0,3,0,0,0,0,0.0,0.7273,3.5726,1.585,0,1,0,0,0,0,0,0,0,0,0,0,0,-1
28,13,8,0,4,0,0,0,3,0,0,0,0,0.3571,0.3571,4.0391,3.027,0,0,1,0,0,0,1,0,0,0,0,0,0,-1
32,3,14,0,2,0,0,0,4,0,0,0,0,0.125,0.6562,4.5,1.585,0,1,0,0,0,0,0,0,0,0,0,0,0,-1
78,12,49,0,3,4,0,0,4,0,0,0,0,0.2179,0.6282,4.6055,3.085,1,0,0,0,0,0,0,0,0,0,0,0,0,-1
30,8,10,0,1,0,0,0,3,0,0,0,0,0.0,0.8333,4.0151,2.25,0,1,0,0,0,0,0,0,0,0,0,0,0,-1
29,3,14,0,1,0,0,0,3,0,0,0,0,0.0,0.8276,3.9094,1.585,0,1,0,0,0,0,0,0,0,0,0,0,0,-1
45,9,7,16,1,0,0,0,3,1,0,0,1,0.0,0.8222,4.2583,2.4194,0,1,0,0,0,0,0,0,0,0,0,0,0,-1
25,11,7,0,3,0,0,0,3,0,0,0,0,0.48,0.24,3.7533,2.5949,0,0,1,0,0,0,1,0,0,0,0,0,0,-1
26,12,7,0,4,0,0,0,3,0,0,0,0,0.3462,0.3462,3.9022,2.8554,0,0,1,0,0,0,1,0,0,0,0,0,0,-1
39,12,15,0,3,0,0,0,4,0,0,0,0,0.3333,0.4359,4.3555,2.7925,0,0,1,1,0,0,1,0,0,0,0,0,0,-1
29,8,9,0,1,0,0,0,3,0,0,0,0,0.0,0.8276,3.8144,2.25,0,1,0,0,0,0,0,0,0,0,0,0,0,-1
34,14,7,0,4,0,0,0,3,0,0,0,0,0.4706,0.2647,3.8781,2.4138,0,0,1,1,0,0,1,0,0,0,0,0,0,-1
34,14,7,0,4,0,0,0,3,0,0,0,0,0.4706,0.2647,3.8666,2.3249,0,0,1,1,0,0,1,0,0,0,0,0,0,-1
22,5,6,0,1,0,0,0,3,0,0,0,0,0.0,0.7727,3.6292,2.3219,0,1,0,0,0,0,0,0,0,0,0,0,0,-1
29,3,11,0,2,0,0,0,4,0,0,0,0,0.0,0.7586,3.6595,1.585,0,1,0,0,0,0,0,0,0,0,0,0,0,-1
29,8,9,0,1,0,0,0,3,0,0,0,0,0.0,0.8276,3.3915,2.5,0,1,0,0,0,0,0,0,0,0,0,0,0,-1
18,2,5,0,1,0,0,0,3,0,0,0,0,0.0,0.7222,3.6835,1.0,0,1,0,0,0,0,0,0,0,0,0,0,0,-1
91,31,47,0,2,8,0,0,4,0,0,0,0,0.1978,0.6374,4.6645,3.6923,0,1,0,0,0,0,0,0,0,1,1,0,0,-1
24,13,4,0,3,0,0,0,3,0,0,0,0,0.5,0.2083,3.6054,2.8731,0,0,1,0,0,0,1,0,0,0,0,0,0,-1
39,4,7,16,1,0,0,0,3,1,0,0,1,0.0,0.7949,4.0798,2.0,0,1,0,0,0,0,0,0,0,0,0,0,0,-1
25,6,7,0,1,0,0,0,3,0,0,0,0,0.0,0.8,3.9737,2.2516,0,1,0,0,0,0,0,0,0,0,0,0,0,-1
23,2,9,0,1,0,0,0,3,0,0,0,0,0.087,0.6957,3.7623,1.0,0,1,0,0,0,0,1,0,0,0,0,0,0,-1
27,9,0,6,1,0,0,0,2,1,0,0,1,0.037,0.7407,3.7043,2.4194,0,1,0,0,0,0,0,0,0,0,0,0,0,-1
29,14,2,0,3,0,0,0,3,0,0,0,0,0.5517,0.1724,3.6075,2.8424,0,0,1,1,0,0,1,0,0,0,0,0,0,-1
68,9,47,0,2,4,0,0,4,0,0,0,0,0.3235,0.5147,4.6716,2.9477,0,0,0,0,0,0,0,0,0,1,1,0,0,-1
48,15,22,0,1,0,1,0,4,0,0,0,0,0.0,0.8542,4.075,2.7899,0,1,0,0,0,0,0,0,0,0,0,0,0,-1
32,10,10,0,1,0,0,0,3,0,0,0,0,0.0,0.8438,4.1014,3.1219,0,1,0,0,0,0,0,0,0,0,0,0,0,-1
34,14,7,0,4,0,0,0,3,0,0,0,0,0.4706,0.2647,4.0179,2.6385,0,0,1,1,0,0,1,0,0,0,0,0,0,-1
62,5,37,0,2,4,0,0,3,0,0,0,0,0.3226,0.5161,4.7383,2.3219,1,1,0,0,0,0,1,0,0,0,0,0,0,-1
44,8,24,0,1,0,0,0,5,0,0,0,0,0.0,0.8409,4.1724,3.0,0,1,0,0,0,0,0,0,0,1,1,0,0,-1
25,13,5,0,3,0,0,0,3,0,0,0,0,0.44,0.28,3.8635,2.8731,0,0,1,0,0,0,1,0,0,0,0,0,0,-1
31,14,5,0,3,0,0,0,3,0,0,0,0,0.4839,0.2581,3.8489,2.8424,0,0,1,1,0,0,1,0,0,0,0,0,0,-1
28,13,2,0,3,0,0,0,3,0,0,0,0,0.5357,0.1786,3.8693,2.8151,0,0,1,1,0,0,1,0,0,0,0,0,0,-1
37,13,17,0,4,0,1,0,4,0,0,0,0,0.3784,0.3514,4.108,2.8731,0,0,1,0,0,0,1,0,0,0,0,0,0,-1
27,12,2,0,3,0,0,0,3,0,0,0,0,0.5185,0.1852,3.5319,2.3554,0,0,1,1,0,0,1,0,0,0,0,0,0,-1
45,5,28,0,1,1,0,0,4,0,0,0,0,0.0,0.8444,4.2524,2.3219,0,1,0,0,0,0,0,0,0,0,0,0,0,-1
30,13,10,0,4,0,0,0,3,0,0,0,0,0.4,0.3333,3.9899,2.6032,0,0,1,0,0,0,1,0,0,0,0,0,0,-1
48,23,13,0,1,0,0,0,4,0,0,0,0,0.0,0.875,4.0145,3.4473,0,1,0,0,0,0,0,0,0,0,0,0,0,-1
41,9,20,0,2,0,0,0,5,0,0,0,0,0.0244,0.7805,3.946,2.4194,0,1,0,0,0,0,0,0,0,1,1,0,0,-1
36,10,14,0,1,0,0,0,4,0,0,0,0,0.1389,0.6944,4.5033,3.1219,0,1,0,0,0,0,0,0,0,0,0,0,0,-1
29,14,2,0,3,0,0,0,3,0,0,0,0,0.5517,0.1724,3.7025,2.6106,0,0,1,1,0,0,1,0,0,0,0,0,0,-1
31,14,10,0,3,0,0,0,4,0,0,0,0,0.3871,0.3548,4.0023,2.6456,0,0,1,0,0,0,1,0,0,0,0,0,0,-1
45,10,7,16,1,0,0,0,3,1,0,0,1,0.0,0.8222,4.2589,2.6464,0,1,0,0,0,0,0,0,0,0,0,0,0,-1
30,4,14,0,1,0,0,0,4,0,0,0,0,0.0,0.8,3.7899,0.8113,0,1,0,0,0,0,0,0,0,0,0,0,0,-1
33,6,12,0,2,0,0,0,4,0,0,0,0,0.0,0.7879,3.9912,1.9183,0,1,0,0,0,0,0,0,0,1,1,1,1,-1
82,18,37,0,2,4,0,0,3,0,0,0,0,0.2195,0.6585,4.8148,3.4613,1,1,0,0,0,0,0,0,0,0,0,0,0,-1
26,8,6,0,1,0,0,0,3,0,0,0,0,0.0,0.8077,3.9791,2.75,0,1,0,0,0,0,0,0,0,0,0,0,0,-1
40,6,22,0,1,1,0,0,5,0,0,0,0,0.15,0.65,4.2414,2.2516,0,1,0,0,0,0,0,0,0,0,0,0,0,-1
28,3,14,0,1,0,0,0,4,0,0,0,0,0.0,0.7857,3.8788,1.585,0,1,0,0,0,0,0,0,0,0,0,0,0,-1
45,11,9,0,2,2,0,0,3,0,0,0,0,0.0,0.8222,4.1169,2.7322,1,1,0,0,0,0,0,0,0,0,0,0,0,-1
34,10,12,0,1,0,0,0,3,0,0,0,0,0.0,0.8529,3.881,3.1219,0,1,0,0,0,0,0,0,0,0,0,0,0,-1
25,12,6,0,4,0,0,0,3,0,0,0,0,0.36,0.32,3.6537,2.5221,0,0,1,0,0,0,1,0,0,0,0,0,0,-1
28,13,2,0,3,0,0,0,3,0,0,0,0,0.5357,0.1786,3.8249,2.6612,0,0,1,1,0,0,1,0,0,0,0,0,0,-1
56,15,29,0,2,1,0,0,5,0,0,0,0,0.0,0.8393,4.3902,3.1899,0,1,0,0,0,0,0,0,0,0,0,0,0,-1
28,11,6,0,1,0,0,0,3,0,0,0,0,0.0,0.8214,3.669,2.914,0,1,0,0,0,0,0,0,0,0,0,0,0,-1
27,12,2,0,3,0,0,0,3,0,0,0,0,0.5185,0.1852,3.606,2.6258,0,0,1,1,0,0,1,0,0,0,0,0,0,-1
30,15,2,0,3,0,0,0,3,0,0,0,0,0.5667,0.1667,3.8314,2.6062,0,0,1,1,0,0,1,0,0,0,0,0,0,-1
32,6,11,0,3,0,0,0,3,0,0,0,0,0.0,0.7812,4.1556,2.585,0,1,0,0,0,0,0,0,0,0,0,0,0,-1
83,16,45,0,3,4,0,0,4,0,0,0,0,0.2048,0.6506,4.7901,3.4528,1,1,0,0,0,0,0,0,0,0,0,0,0,-1
23,2,9,0,1,0,0,0,3,0,0,0,0,0.0,0.7826,3.6425,1.0,0,1,0,0,0,0,0,0,0,0,0,0,0,-1
43,13,7,10,1,0,0,0,3,1,0,0,1,0.0,0.8372,4.1207,3.3927,0,1,0,0,0,0,0,0,0,0,0,0,0,-1
36,16,8,0,1,1,0,0,3,0,0,0,0,0.0,0.8333,4.1552,3.3278,0,1,0,0,0,0,0,0,0,0,0,0,0,-1
28,13,2,0,3,0,0,0,3,0,0,0,0,0.5357,0.1786,3.5567,2.5654,0,0,1,1,0,0,1,0,0,0,0,0,0,-1
23,0,5,0,2,0,0,0,3,0,0,0,0,0.0,0.7391,3.5884,0.0,0,1,0,0,0,0,0,0,0,0,0,0,0,-1
45,12,21,0,1,1,0,0,4,0,0,0,0,0.0,0.8444,4.1082,3.0221,0,1,0,0,0,0,0,0,0,0,0,0,0,-1
33,13,7,0,4,0,0,0,3,0,0,0,0,0.4545,0.2727,3.9077,2.5654,0,0,1,1,0,0,1,0,0,0,0,0,0,-1
52,11,34,0,4,0,3,0,4,0,0,0,0,0.1731,0.5962,4.3932,2.8454,0,0,1,0,0,0,1,0,0,0,0,0,0,-1
32,12,7,0,4,0,0,0,3,0,0,0,0,0.4375,0.2812,3.9528,2.6258,0,0,1,1,0,0,1,0,0,0,0,0,0,-1
53,7,34,0,1,1,0,0,5,0,0,0,0,0.0,0.8491,4.2536,2.2359,0,1,0,0,0,0,0,0,0,0,0,0,0,-1
30,15,2,0,3,0,0,0,3,0,0,0,0,0.5667,0.1667,3.6729,2.6826,0,0,1,1,0,0,1,0,0,0,0,0,0,-1
28,13,2,0,3,0,0,0,3,0,0,0,0,0.5357,0.1786,3.4817,2.6032,0,0,1,1,0,0,1,0,0,0,0,0,0,-1
33,13,7,0,4,0,0,0,3,0,0,0,0,0.4545,0.2727,4.0061,2.4493,0,0,1,1,0,0,1,0,0,0,0,0,0,-1
23,5,6,0,1,0,0,0,3,0,0,0,0,0.0,0.7826,4.1429,2.3219,0,1,0,0,0,0,0,0,0,1,1,0,0,-1
34,11,11,0,1,0,0,0,4,0,0,0,0,0.0,0.8235,3.8048,2.8454,0,1,0,0,0,0,0,0,0,0,0,1,1,-1
21,5,5,0,1,0,0,0,3,0,0,0,0,0.0,0.7619,3.749,2.3219,0,1,0,0,0,0,0,0,0,0,0,0,0,-1
43,11,20,0,2,0,0,0,5,0,0,0,0,0.0233,0.7907,4.107,2.1181,0,1,0,0,0,0,0,0,0,1,1,0,0,-1
32,14,11,0,4,0,0,0,3,0,0,0,0,0.375,0.375,4.0542,2.7534,0,0,1,0,0,0,1,0,0,0,0,0,0,-1
26,7,8,0,1,0,0,0,3,0,0,0,0,0.0,0.8077,3.8731,2.2359,0,1,0,0,0,0,0,0,0,0,0,0,0,-1
29,14,2,0,3,0,0,0,3,0,0,0,0,0.5517,0.1724,3.6899,2.5567,0,0,1,1,0,0,1,0,0,0,0,0,0,-1
34,14,7,0,4,0,0,0,3,0,0,0,0,0.4706,0.2647,4.0797,2.8424,0,0,1,1,0,0,1,0,0,0,0,0,0,-1
28,13,2,0,3,0,0,0,3,0,0,0,0,0.5357,0.1786,3.655,2.6612,0,0,1,1,0,0,1,0,0,0,0,0,0,-1
28,13,2,0,3,0,0,0,3,0,0,0,0,0.5357,0.1786,3.5297,2.2878,0,0,1,1,0,0,1,0,0,0,0,0,0,-1
33,12,9,0,1,0,0,0,4,0,0,0,0,0.0,0.8182,3.9912,2.6258,0,1,0,0,0,0,0,0,0,0,0,0,0,-1
29,14,2,0,3,0,0,0,3,0,0,0,0,0.5517,0.1724,3.7454,2.9852,0,0,1,1,0,0,1,0,0,0,0,0,0,-1
41,5,24,0,1,0,0,0,5,0,0,0,0,0.0,0.8293,4.1411,2.3219,0,1,0,0,0,0,0,0,0,1,1,0,0,-1
29,14,2,0,3,0,0,0,3,0,0,0,0,0.5517,0.1724,3.6244,2.8424,0,0,1,1,0,0,1,0,0,0,0,0,0,-1
39,6,19,0,2,1,0,0,5,0,0,0,0,0.0,0.7692,4.0772,2.585,0,1,0,0,0,0,0,0,0,0,0,0,0,-1
24,7,5,0,1,0,0,0,3,0,0,0,0,0.0,0.7917,3.8554,2.2359,0,1,0,0,0,0,0,0,0,0,0,0,0,-1
34,14,7,0,4,0,0,0,3,0,0,0,0,0.4706,0.2647,3.8222,2.6456,0,0,1,1,0,0,1,0,0,0,0,0,0,-1
24,6,6,0,1,0,0,0,3,0,0,0,0,0.0,0.7917,3.6887,1.9183,0,1,0,0,0,0,0,0,0,0,0,0,0,-1
25,3,11,0,1,0,0,0,4,0,0,0,0,0.0,0.76,3.9737,1.585,0,1,0,0,0,0,0,0,0,0,0,0,0,-1
33,9,12,0,1,0,0,0,3,0,0,0,0,0.0,0.8485,3.9603,2.9477,0,1,0,0,0,0,0,0,0,0,0,0,0,-1
24,6,6,0,1,0,0,0,3,0,0,0,0,0.0,0.7917,3.7721,2.585,0,1,0,0,0,0,0,0,0,0,0,0,0,-1
32,12,7,0,4,0,0,0,3,0,0,0,0,0.4375,0.2812,3.9292,2.6258,0,0,1,1,0,0,1,0,0,0,0,0,0,-1
31,11,7,0,4,0,0,0,3,0,0,0,0,0.4194,0.2903,3.7199,2.1181,0,0,1,1,0,0,1,0,0,0,0,0,0,-1
68,11,37,0,2,4,0,0,3,0,0,0,0,0.3235,0.5294,4.664,2.914,1,1,0,0,0,0,0,0,0,0,0,0,0,-1
39,14,0,12,1,0,0,0,2,1,0,0,1,0.0,0.8462,4.1185,3.0391,0,1,0,0,0,0,0,0,0,0,0,0,0,-1
31,14,5,0,3,0,0,0,3,0,0,0,0,0.4839,0.2581,3.889,2.8424,0,0,1,1,0,0,1,0,0,0,0,0,0,-1
34,14,7,0,4,0,0,0,3,0,0,0,0,0.4706,0.2647,3.9476,2.5567,0,0,1,1,0,0,1,0,0,0,0,0,0,-1
31,13,11,0,4,0,0,0,3,0,0,0,0,0.3548,0.3871,3.9134,2.6612,0,0,1,0,0,0,1,0,0,0,0,0,0,-1
26,3,9,0,2,0,0,0,3,0,0,0,0,0.0,0.7692,3.7193,1.585,0,1,0,0,0,0,0,0,0,0,0,0,0,-1
36,0,19,0,1,1,0,0,5,0,0,0,0,0.0,0.7778,4.1179,0.0,0,1,0,0,0,0,0,0,0,0,0,0,0,-1
28,5,11,0,1,0,0,0,4,0,0,0,0,0.0,0.7857,3.9947,2.3219,0,1,0,0,0,0,0,0,0,0,0,0,0,-1
29,14,2,0,3,0,0,0,3,0,0,0,0,0.5517,0.1724,3.7454,2.4677,0,0,1,1,0,0,1,0,0,0,0,0,0,-1
28,13,8,0,3,0,0,0,3,0,0,0,0,0.4286,0.3214,3.9408,3.027,0,0,1,0,0,0,1,0,0,0,0,0,0,-1
22,5,5,0,1,0,0,0,3,0,0,0,0,0.0,0.7727,3.6635,2.3219,0,1,0,0,0,0,0,0,0,0,0,0,0,-1
32,12,7,0,4,0,0,0,3,0,0,0,0,0.4375,0.2812,3.8903,2.4591,0,0,1,1,0,0,1,0,0,0,0,0,0,-1
85,22,47,0,2,4,0,0,4,0,0,0,0,0.2471,0.6235,4.5718,3.2656,0,1,0,0,0,0,0,0,0,1,1,0,0,-1
24,3,10,0,1,0,0,0,3,0,0,0,0,0.0,0.7917,3.6573,1.585,0,1,0,0,0,0,0,0,0,0,0,0,0,-1
27,12,2,0,3,0,0,0,3,0,0,0,0,0.5185,0.1852,3.634,2.6258,0,0,1,1,0,0,1,0,0,0,0,0,0,-1
89,27,47,0,2,8,0,0,4,0,0,0,0,0.2247,0.6067,4.6123,3.3377,0,1,0,0,0,0,0,0,0,1,1,0,0,-1
26,3,11,0,1,0,0,0,4,0,0,0,0,0.0,0.7692,3.8731,1.585,0,1,0,0,0,0,0,0,0,0,0,0,0,-1
94,9,70,0,5,1,0,0,8,0,0,0,0,0.0426,0.7979,4.3952,3.1699,1,1,0,0,0,0,0,0,0,0,0,0,0,-1
27,11,5,0,1,0,0,0,3,0,0,0,0,0.0,0.8148,3.9582,2.914,0,1,0,0,0,0,0,0,0,0,0,0,0,-1
25,11,7,0,3,0,0,0,3,0,0,0,0,0.48,0.24,3.7035,2.5949,0,0,1,0,0,0,1,0,0,0,0,0,0,-1
24,3,9,0,1,0,0,0,3,0,0,0,0,0.0,0.7917,3.7721,1.585,0,1,0,0,0,0,0,0,0,0,0,0,0,-1
36,12,13,0,1,0,0,0,4,0,0,0,0,0.0,0.8333,3.6944,2.585,0,1,0,0,0,0,0,0,0,0,0,0,0,-1
21,4,6,0,1,0,0,0,3,0,0,0,0,0.0,0.7619,3.4992,1.5,0,1,0,0,0,0,0,0,0,0,0,0,0,-1
33,13,7,0,4,0,0,0,3,0,0,0,0,0.4545,0.2727,3.9683,2.8151,0,0,1,1,0,0,1,0,0,0,0,0,0,-1
24,13,4,0,3,0,0,0,3,0,0,0,0,0.4167,0.2917,3.8554,2.8731,0,0,1,0,0,0,1,0,0,0,0,0,0,-1
40,20,8,0,1,1,0,0,3,0,0,0,0,0.0,0.85,4.0873,3.1842,0,1,0,0,0,0,0,0,0,0,0,0,0,-1
25,3,10,0,1,0,0,0,3,0,0,0,0,0.0,0.8,3.6733,1.585,0,1,0,0,0,0,0,0,0,0,0,0,0,-1
27,12,2,0,3,0,0,0,3,0,0,0,0,0.5185,0.1852,3.634,2.5221,0,0,1,1,0,0,1,0,0,0,0,0,0,-1
44,15,22,0,4,0,0,0,4,0,0,0,0,0.2727,0.5227,4.3059,2.7899,0,0,1,0,0,0,1,0,0,0,0,0,0,-1
32,5,0,6,2,0,0,0,2,1,0,0,1,0.0312,0.75,4.25,2.3219,1,1,0,0,0,0,0,0,0,0,0,0,0,-1
24,13,4,0,3,0,0,0,3,0,0,0,0,0.4167,0.2917,3.5425,2.6612,0,0,1,0,0,0,1,0,0,0,0,0,0,-1
35,4,19,0,1,0,0,0,4,0,0,0,0,0.0857,0.7429,4.1147,1.5,0,1,0,0,0,0,1,0,0,0,0,0,0,-1
26,11,2,0,3,0,0,0,3,0,0,0,0,0.5,0.1923,3.6612,2.5949,0,0,1,1,0,0,1,0,0,0,0,0,0,-1
51,11,33,0,4,0,3,0,4,0,0,0,0,0.1569,0.6078,4.3788,2.8454,0,0,1,0,0,0,1,0,0,0,0,0,0,-1
34,14,7,0,4,0,0,0,3,0,0,0,0,0.4706,0.2647,3.9842,2.4138,0,0,1,1,0,0,1,0,0,0,0,0,0,-1
68,13,48,0,4,1,1,0,5,0,0,0,0,0.4265,0.3971,4.3376,2.5654,0,0,1,0,0,0,1,0,0,0,0,0,0,-1
28,11,5,0,3,0,0,0,3,0,0,0,0,0.4286,0.2857,3.7709,2.5949,0,0,1,1,0,0,1,0,0,0,0,0,0,-1
34,11,12,0,1,0,0,0,4,0,0,0,0,0.0882,0.7353,4.1944,2.6635,0,1,0,0,0,0,0,0,0,0,0,0,0,-1
34,9,14,0,1,0,0,0,4,0,0,0,0,0.1176,0.7059,4.4182,2.7255,0,1,0,0,0,0,0,0,0,0,0,0,0,-1
67,10,37,0,2,4,0,0,3,0,0,0,0,0.3731,0.4776,4.6698,3.1219,1,1,0,0,0,0,0,0,0,0,0,0,0,-1
39,3,7,16,1,0,0,0,3,1,0,0,1,0.0,0.7949,4.2336,1.585,0,1,0,0,0,0,0,0,0,0,0,0,0,-1
45,6,1,10,2,2,0,0,3,1,0,0,1,0.1111,0.6667,4.5082,2.2516,1,1,0,0,0,0,0,0,0,0,0,0,0,-1
40,19,5,0,1,1,0,0,3,0,0,0,0,0.0,0.85,4.0751,3.6819,0,1,0,0,0,0,0,0,0,0,0,0,0,-1
25,13,5,0,4,0,0,0,3,0,0,0,0,0.4,0.28,3.7835,2.9689,0,0,1,0,0,0,1,0,0,0,0,0,0,-1
28,13,2,0,3,0,0,0,3,0,0,0,0,0.5357,0.1786,3.8424,2.4493,0,0,1,1,0,0,1,0,0,0,0,0,0,-1
30,6,12,0,1,0,0,0,4,0,0,0,0,0.1333,0.6667,4.1736,2.585,0,1,0,0,0,0,0,0,0,0,0,0,0,-1
17,3,0,0,2,0,0,0,2,0,0,0,0,0.0,0.7059,3.7345,1.585,0,1,0,0,0,0,0,0,0,0,0,0,0,-1
25,4,9,0,1,0,0,0,3,0,0,0,0,0.0,0.8,3.8137,2.0,0,1,0,0,0,0,0,0,0,0,0,0,0,-1
39,3,24,0,1,2,0,0,4,0,0,0,0,0.1026,0.6923,3.994,1.585,0,1,0,0,0,0,0,0,0,0,0,0,0,-1
34,15,7,0,1,1,0,0,3,0,0,0,0,0.0,0.8235,4.1385,3.3736,0,1,0,0,0,0,0,0,0,1,1,0,0,-1
25,11,7,0,3,0,0,0,3,0,0,0,0,0.4,0.32,3.9133,2.5949,0,0,1,0,0,0,1,0,0,0,0,0,0,-1
36,10,10,0,2,0,0,0,3,0,0,0,0,0.0,0.8333,4.0169,3.1219,0,1,0,0,0,0,0,0,0,0,0,0,0,-1
33,12,9,0,1,0,0,0,3,0,0,0,0,0.0,0.8485,3.7606,2.6887,0,1,0,0,0,0,0,0,0,0,0,0,0,-1
41,13,21,0,4,0,0,0,4,0,0,0,0,0.2439,0.5366,4.3267,2.8151,0,0,1,0,0,0,1,0,0,0,0,0,0,-1
35,7,14,0,2,0,0,0,3,0,0,0,0,0.0,0.8286,3.976,2.8074,0,1,0,0,0,0,0,0,0,0,0,0,0,-1
27,8,7,0,1,0,0,0,3,0,0,0,0,0.0,0.8148,3.7821,2.75,0,1,0,0,0,0,0,0,0,1,1,0,0,-1
29,6,11,0,1,0,0,0,4,0,0,0,0,0.1034,0.6897,3.9094,2.2516,0,1,0,0,0,0,0,0,0,0,0,0,0,-1
29,6,11,0,2,0,0,0,3,0,0,0,0,0.0,0.7931,4.1592,2.585,0,1,0,0,0,0,0,0,0,0,0,0,0,-1
30,13,10,0,4,0,0,0,3,0,0,0,0,0.3667,0.3667,3.8062,2.5074,0,0,1,0,0,0,1,0,0,0,0,0,0,-1
68,9,47,0,2,4,0,0,4,0,0,0,0,0.2794,0.5588,4.692,2.9477,0,0,0,0,0,0,0,0,0,1,1,0,0,-1
29,13,9,0,4,0,0,0,3,0,0,0,0,0.3448,0.3793,4.0044,2.7193,0,0,1,0,0,0,1,0,0,0,0,0,0,-1
28,13,2,0,3,0,0,0,3,0,0,0,0,0.5357,0.1786,3.7265,2.3535,0,0,1,1,0,0,1,0,0,0,0,0,0,-1
25,4,9,0,1,0,0,0,3,0,0,0,0,0.0,0.8,3.9435,2.0,0,1,0,0,0,0,0,0,0,0,0,0,0,-1
33,8,13,0,1,0,0,0,4,0,0,0,0,0.0,0.8182,3.9535,2.75,0,1,0,0,0,0,0,0,0,0,0,0,0,-1
32,12,8,0,3,0,0,0,3,0,0,0,0,0.4062,0.3438,4.0542,2.6258,0,0,1,1,0,0,1,0,0,0,0,0,0,-1
23,2,6,0,2,0,0,0,3,0,0,0,0,0.0,0.7391,3.7623,0.0,1,1,0,0,0,0,0,0,0,0,0,0,0,-1
38,10,17,0,1,1,0,0,4,0,0,0,0,0.0,0.8158,4.1029,2.9219,0,1,0,0,0,0,0,0,0,0,0,0,0,-1
33,13,7,0,4,0,0,0,3,0,0,0,0,0.4545,0.2727,3.859,2.5654,0,0,1,1,0,0,1,0,0,0,0,0,0,-1
46,10,24,0,1,0,0,0,5,0,0,0,0,0.0,0.8478,4.0672,2.371,0,1,0,0,0,0,0,0,0,0,0,0,0,-1
68,8,37,0,2,4,0,0,3,0,0,0,0,0.2353,0.6176,4.5992,3.0,1,1,0,0,0,0,0,0,0,0,0,0,0,-1
28,13,2,0,3,0,0,0,3,0,0,0,0,0.5357,0.1786,3.655,2.6612,0,0,1,1,0,0,1,0,0,0,0,0,0,-1
53,13,33,0,3,0,0,0,4,0,0,0,0,0.1887,0.6604,3.8499,2.6612,0,0,1,0,0,0,1,0,0,0,0,0,0,-1
41,11,16,0,2,0,0,0,4,0,0,0,0,0.0,0.8293,4.0988,3.0958,0,1,0,0,0,0,0,0,0,0,0,0,0,-1
24,13,4,0,3,0,0,0,3,0,0,0,0,0.4583,0.25,3.8554,2.8731,0,0,1,0,0,0,1,0,0,0,0,0,0,-1
35,2,15,0,3,0,0,0,3,0,0,0,0,0.0571,0.7429,4.1719,1.0,2,0,0,0,0,0,1,0,0,0,0,0,0,-1
37,4,19,0,2,1,0,0,5,0,0,0,0,0.0,0.7568,4.0981,2.0,0,1,0,0,0,0,0,0,0,0,0,0,0,-1
113,6,80,14,2,3,1,0,8,1,0,0,1,0.0,0.8496,4.461,2.585,0,1,0,0,0,0,0,0,0,0,0,0,0,-1
44,13,24,0,4,0,0,0,4,0,0,0,0,0.25,0.5455,4.516,2.6612,0,0,1,0,0,0,1,0,0,0,0,0,0,-1
24,2,11,0,1,0,0,0,4,0,0,0,0,0.0,0.75,3.585,1.0,0,1,0,0,0,0,0,0,0,0,0,0,0,-1
34,14,7,0,4,0,0,0,3,0,0,0,0,0.4706,0.2647,3.9032,2.8424,0,0,1,1,0,0,1,0,0,0,0,0,0,-1
25,13,5,0,3,0,0,0,3,0,0,0,0,0.44,0.28,3.9435,2.8731,0,0,1,0,0,0,1,0,0,0,0,0,0,-1
25,11,7,0,3,0,0,0,3,0,0,0,0,0.44,0.28,3.7035,2.5949,0,0,1,0,0,0,1,0,0,0,0,0,0,-1
41,14,20,0,4,0,0,0,4,0,0,0,0,0.3415,0.439,4.3939,2.8424,0,0,1,0,0,0,1,0,0,0,0,0,0,-1
33,7,0,12,1,0,0,0,2,1,0,0,1,0.0,0.8182,4.0637,2.8074,0,1,0,0,0,0,0,0,1,0,0,0,0,-1
30,8,10,0,1,0,0,0,3,0,0,0,0,0.0,0.8333,3.7614,2.5,0,1,0,0,0,0,0,0,0,0,0,0,0,-1
34,14,7,0,4,0,0,0,3,0,0,0,0,0.4706,0.2647,4.0209,2.8424,0,0,1,1,0,0,1,0,0,0,0,0,0,-1
57,12,33,0,1,3,0,0,5,0,0,0,0,0.0877,0.7368,4.5155,3.4183,0,1,0,0,0,0,0,0,0,0,0,0,0,-1
29,15,7,0,3,0,0,0,3,0,0,0,0,0.4138,0.3448,3.9952,2.8226,0,0,1,0,0,0,1,0,0,0,0,0,0,-1
18,3,4,0,1,0,0,0,3,0,0,0,0,0.0,0.7222,3.6835,1.585,0,1,0,0,0,0,0,0,0,0,0,0,0,-1
23,3,8,0,1,0,0,0,3,0,0,0,0,0.0,0.7826,3.969,1.585,0,1,0,0,0,0,0,0,0,0,0,0,0,-1
19,6,1,0,1,0,0,0,3,0,0,0,0,0.0,0.7368,3.5369,2.2516,0,1,0,0,0,0,0,0,0,0,0,0,0,-1
80,9,48,0,3,5,0,0,4,0,0,0,0,0.275,0.5625,4.6504,3.1699,1,1,0,0,0,0,0,0,0,0,0,0,0,-1
33,13,7,0,4,0,0,0,3,0,0,0,0,0.4545,0.2727,3.8243,2.6612,0,0,1,1,0,0,1,0,0,0,0,0,0,-1
20,7,2,0,1,0,0,0,3,0,0,0,0,0.0,0.75,3.4087,2.1281,0,0,0,0,0,0,0,0,0,0,0,0,0,-1
49,13,29,0,4,0,0,0,5,0,0,0,0,0.4286,0.3673,4.4082,2.4493,0,0,1,0,0,0,1,0,0,0,0,0,0,-1
55,13,30,0,1,2,0,0,5,0,0,0,0,0.0909,0.7455,4.4316,3.3927,0,1,0,0,0,0,0,0,0,0,0,0,0,-1
31,13,11,0,4,0,1,0,3,0,0,0,0,0.4516,0.2581,3.9134,2.8151,0,0,1,0,0,0,1,0,0,0,0,0,0,-1
41,5,7,16,1,0,0,0,3,1,0,0,1,0.0,0.8049,4.3362,2.3219,0,1,0,0,0,0,0,0,0,0,0,0,0,-1
39,12,20,0,4,0,0,0,4,0,0,0,0,0.2308,0.5385,4.2085,2.5221,0,0,1,0,0,0,1,0,0,0,0,0,0,-1
21,4,5,0,1,0,0,0,3,0,0,0,0,0.0,0.7619,3.7849,2.0,0,1,0,0,0,0,0,0,0,0,0,0,0,-1
34,14,7,0,4,0,0,0,3,0,0,0,0,0.4706,0.2647,3.9842,2.6995,0,0,1,1,0,0,1,0,0,0,0,0,0,-1
35,5,19,0,1,1,0,0,5,0,0,0,0,0.0,0.7714,4.0116,2.3219,0,1,0,0,0,0,0,0,0,0,0,0,0,-1
91,31,47,0,2,8,0,0,4,0,0,0,0,0.2637,0.5714,4.7137,3.5231,0,1,0,0,0,0,0,0,0,1,1,0,0,-1
34,12,10,0,1,0,0,0,3,0,0,0,0,0.0,0.8529,3.8781,3.2516,0,1,0,0,0,0,0,0,0,0,0,0,0,-1
29,13,9,0,3,0,1,0,3,0,0,0,0,0.3448,0.3793,4.0902,2.8731,0,0,1,0,0,0,1,0,0,0,0,0,0,-1
34,14,7,0,4,0,0,0,3,0,0,0,0,0.4706,0.2647,4.0431,2.8424,0,0,1,1,0,0,1,0,0,0,0,0,0,-1
40,15,10,0,1,0,0,0,3,0,0,0,0,0.0,0.875,3.7537,3.1069,0,1,0,0,0,0,0,0,1,0,0,0,0,-1
26,11,2,0,3,0,0,0,3,0,0,0,0,0.5,0.1923,3.6903,2.2999,0,0,1,1,0,0,1,0,0,0,0,0,0,-1
23,6,6,0,1,0,0,0,3,0,0,0,0,0.0,0.7826,3.5884,2.2516,0,1,0,0,0,0,0,0,0,0,0,0,0,-1
82,14,1,42,3,4,0,0,3,1,0,0,1,0.2561,0.5854,4.8392,3.182,1,1,0,0,0,0,0,0,0,0,0,0,0,-1
46,15,24,0,4,0,0,0,4,0,0,0,0,0.3913,0.413,4.135,2.6892,0,0,1,0,0,0,1,0,0,0,0,0,0,-1
26,14,5,0,3,0,0,0,3,0,0,0,0,0.4231,0.3077,3.5553,2.306,0,0,1,0,0,0,1,0,0,0,0,0,0,-1
42,8,22,0,1,0,1,0,4,0,0,0,0,0.0,0.8333,4.3088,2.75,0,1,0,0,0,0,0,0,0,0,0,0,0,-1
33,13,7,0,4,0,0,0,3,0,0,0,0,0.4545,0.2727,3.9077,2.4493,0,0,1,1,0,0,1,0,0,0,0,0,0,-1
29,14,2,0,3,0,0,0,3,0,0,0,0,0.5517,0.1724,3.8573,2.8424,0,0,1,1,0,0,1,0,0,0,0,0,0,-1
46,17,17,0,1,0,0,0,4,0,0,0,0,0.0,0.8696,4.1864,3.3816,0,1,0,0,0,0,0,0,0,0,0,0,0,-1
36,16,8,0,1,0,0,0,3,0,0,0,0,0.0,0.8611,3.8565,3.2028,0,1,0,0,0,0,0,0,0,1,1,0,0,-1
29,4,0,12,1,0,0,0,2,1,0,0,1,0.0,0.7931,3.9523,2.0,0,1,0,0,0,0,0,0,0,0,0,0,0,-1
32,13,12,0,4,0,0,0,3,0,0,0,0,0.4062,0.3438,4.0542,2.6612,0,0,1,0,0,0,1,0,0,0,0,0,0,-1
33,9,12,0,1,0,0,0,3,0,0,0,0,0.0,0.8485,4.0408,2.7255,0,1,0,0,0,0,0,0,0,0,0,0,0,-1
54,15,27,0,1,2,0,0,5,0,0,0,0,0.1111,0.7222,4.2671,3.1899,0,1,0,0,0,0,0,0,0,0,0,0,0,-1
29,14,2,0,3,0,0,0,3,0,0,0,0,0.5517,0.1724,3.7454,2.8424,0,0,1,1,0,0,1,0,0,0,0,0,0,-1
32,5,15,0,1,0,0,0,4,0,0,0,0,0.0,0.8125,4.0153,1.9219,0,1,0,0,0,0,0,0,0,0,0,0,0,-1
31,5,15,0,1,0,0,0,4,0,0,0,0,0.0,0.8065,4.1155,1.9219,0,1,0,0,0,0,0,0,0,0,0,0,0,-1
29,7,10,0,1,0,0,0,3,0,0,0,0,0.0,0.8276,3.8144,2.8074,0,1,0,0,0,0,0,0,0,0,0,0,0,-1
28,3,0,12,1,0,0,0,2,1,0,0,1,0.0,0.7857,4.0391,1.585,0,1,0,0,0,0,0,0,0,0,0,0,0,-1
30,15,2,0,3,0,0,0,3,0,0,0,0,0.5667,0.1667,3.5097,2.2892,0,0,1,1,0,0,1,0,0,0,0,0,0,-1
43,7,24,0,1,0,0,0,5,0,0,0,0,0.0,0.8372,4.1383,2.5216,0,1,0,0,0,0,0,0,0,1,1,0,0,-1
27,12,2,0,3,0,0,0,3,0,0,0,0,0.5185,0.1852,3.7542,2.4591,0,0,1,1,0,0,1,0,0,0,0,0,0,-1
50,15,28,0,4,0,0,0,5,0,0,0,0,0.3,0.5,4.6215,2.9232,0,0,1,0,0,0,1,0,0,0,0,0,0,-1
28,4,12,0,1,0,0,0,4,0,0,0,0,0.0,0.7857,3.7499,1.5,0,1,0,0,0,0,0,0,0,0,0,0,0,-1
25,2,11,0,1,0,0,0,4,0,0,0,0,0.0,0.76,3.7639,1.0,0,1,0,0,0,0,0,0,0,0,0,0,0,-1
25,13,5,0,3,0,0,0,3,0,0,0,0,0.4,0.32,3.9435,2.8731,0,0,1,0,0,0,1,0,0,0,0,0,0,-1
40,14,14,0,1,0,0,0,4,0,0,0,0,0.0,0.85,4.1653,3.3788,0,1,0,0,0,0,0,0,0,0,0,0,0,-1
29,14,2,0,3,0,0,0,3,0,0,0,0,0.5517,0.1724,3.7589,2.4956,0,0,1,1,0,0,1,0,0,0,0,0,0,-1
66,9,37,0,2,4,0,0,3,0,0,0,0,0.2576,0.5909,4.6876,2.9477,1,1,0,0,0,0,1,0,0,0,0,0,0,-1
33,10,11,0,1,0,0,0,4,0,0,0,0,0.0,0.8182,4.2108,3.1219,0,1,0,0,0,0,0,0,0,0,0,0,0,-1
36,0,20,0,1,0,0,0,4,0,0,0,0,0.0,0.8333,3.9194,0.0,0,1,0,0,0,0,0,0,0,0,0,0,0,-1
32,11,9,0,1,0,0,0,3,0,0,0,0,0.0,0.8438,3.8758,3.0958,0,1,0,0,0,0,0,0,0,0,0,0,0,-1
29,13,9,0,4,0,0,0,3,0,0,0,0,0.3448,0.3793,3.9354,2.7193,0,0,1,0,0,0,1,0,0,0,0,0,0,-1
34,8,14,0,1,0,0,0,4,0,0,0,0,0.0,0.8235,3.9118,3.0,0,1,0,0,0,0,0,0,0,0,0,0,0,-1
45,9,7,16,1,0,0,0,3,1,0,0,1,0.0,0.8,4.4134,2.9477,0,1,0,0,0,0,0,0,0,0,0,0,0,-1
27,12,2,0,3,0,0,0,3,0,0,0,0,0.5185,0.1852,3.5781,2.6258,0,0,1,1,0,0,1,0,0,0,0,0,0,-1
36,3,21,0,1,1,0,0,4,0,0,0,0,0.0,0.8056,4.086,1.585,0,1,0,0,0,0,0,0,0,0,0,0,0,-1
25,11,7,0,3,0,0,0,3,0,0,0,0,0.48,0.24,3.6129,2.5949,0,0,1,0,0,0,1,0,0,0,0,0,0,-1
29,14,2,0,3,0,0,0,3,0,0,0,0,0.5517,0.1724,3.8144,2.6456,0,0,1,1,0,0,1,0,0,0,0,0,0,-1
41,9,20,0,3,0,0,0,5,0,0,0,0,0.0732,0.7073,4.0227,2.6416,0,1,0,0,0,0,0,0,0,0,0,0,0,-1
74,9,1,42,2,4,0,0,3,1,0,0,1,0.3514,0.4865,4.7214,2.9477,1,1,0,0,0,0,1,0,0,0,0,0,0,-1
94,25,1,42,2,4,0,0,3,1,0,0,1,0.2447,0.6277,4.9242,3.6235,1,1,0,0,0,0,0,0,0,0,0,0,0,-1
34,17,5,0,1,0,0,0,3,0,0,0,0,0.0,0.8529,3.9987,3.3372,0,1,0,0,0,0,0,0,0,0,0,0,0,-1
36,6,19,0,1,1,0,0,5,0,0,0,0,0.0,0.7778,3.9858,1.9183,0,1,0,0,0,0,0,0,0,1,1,1,1,-1
28,7,8,0,1,0,0,0,3,0,0,0,0,0.0,0.8214,3.8693,2.2359,0,1,0,0,0,0,0,0,0,1,1,0,0,-1
33,13,7,0,4,0,0,0,3,0,0,0,0,0.4545,0.2727,3.9077,2.6612,0,0,1,1,0,0,1,0,0,0,0,0,0,-1
29,8,9,0,1,1,0,0,3,0,0,0,0,0.0,0.7931,3.9354,3.0,0,1,0,0,0,0,0,0,0,0,0,0,0,-1
38,13,14,0,1,1,0,0,3,0,0,0,0,0.0,0.8421,4.1685,3.2389,0,1,0,0,0,0,0,0,0,0,0,0,0,-1
36,11,13,0,1,1,0,0,4,0,0,0,0,0.0,0.8056,4.0515,3.2776,0,1,0,0,0,0,0,0,0,0,0,0,0,-1
30,10,9,0,1,0,0,0,3,0,0,0,0,0.0,0.8333,3.9396,2.9219,0,1,0,0,0,0,0,0,0,0,0,0,0,-1
28,14,1,0,3,0,0,0,3,0,0,0,0,0.5714,0.1429,3.6995,2.8963,0,0,1,1,0,0,1,0,0,0,0,0,0,-1
38,13,18,0,4,0,0,0,4,0,0,0,0,0.2632,0.5,4.241,2.6612,0,0,1,0,0,0,1,0,0,1,1,0,0,-1
24,13,4,0,3,0,0,0,3,0,0,0,0,0.4167,0.2917,3.7091,2.6032,0,0,1,0,0,0,1,0,0,0,0,0,0,-1
30,12,7,0,1,1,0,0,3,0,0,0,0,0.0,0.8,3.9362,3.1887,0,1,0,0,0,0,0,0,0,1,1,0,0,-1
32,12,7,0,4,0,0,0,3,0,0,0,0,0.4375,0.2812,4.1014,3.0221,0,0,1,1,0,0,1,0,0,0,0,0,0,-1
36,13,11,0,1,0,0,0,4,0,0,0,0,0.0,0.8333,3.9166,3.5466,0,1,0,0,0,0,0,0,0,0,0,0,0,-1
27,12,2,0,3,0,0,0,3,0,0,0,0,0.5185,0.1852,3.6023,2.3554,0,0,1,1,0,0,1,0,0,0,0,0,0,-1
40,15,0,12,1,0,0,0,2,1,0,0,1,0.0,0.85,4.3087,3.3736,0,1,0,0,0,0,0,0,0,0,0,0,0,-1
70,7,34,0,5,2,0,0,4,0,0,0,0,0.0571,0.7714,4.5221,2.5216,1,1,0,0,0,0,0,0,0,0,0,0,0,-1
24,5,8,0,1,0,0,0,3,0,0,0,0,0.0,0.7917,3.6531,2.3219,0,1,0,0,0,0,0,0,0,0,0,0,0,-1
32,3,14,0,2,0,0,0,4,0,0,0,0,0.0,0.7812,4.0389,0.0,0,1,0,0,0,0,0,0,0,0,0,0,0,-1
28,8,8,0,1,0,0,0,3,0,0,0,0,0.0,0.8214,3.3548,2.1556,0,1,0,0,0,0,0,0,0,0,0,0,0,-1
43,7,24,0,1,0,0,0,5,0,0,0,0,0.0,0.8372,4.0804,2.5216,0,1,0,0,0,0,0,0,0,0,0,0,0,-1
30,11,8,0,1,0,0,0,3,0,0,0,0,0.0667,0.7667,4.0817,2.914,0,1,0,0,0,0,1,0,0,0,0,0,0,-1
20,0,6,0,1,0,0,0,3,0,0,0,0,0.0,0.75,3.5464,0.0,0,1,0,0,0,0,0,0,0,0,0,0,0,-1
41,13,21,0,4,0,0,0,4,0,0,0,0,0.3171,0.4634,3.8877,2.4116,0,0,1,0,0,0,1,0,0,0,0,0,0,-1
28,13,2,0,3,0,0,0,3,0,0,0,0,0.5357,0.1786,3.7265,2.5654,0,0,1,1,0,0,1,0,0,0,0,0,0,-1
37,4,22,0,1,1,0,0,5,0,0,0,0,0.1622,0.6216,4.0006,2.0,0,1,0,0,0,0,0,0,0,0,0,0,0,-1
27,9,7,0,1,0,0,0,3,0,0,0,0,0.0,0.8148,4.2084,2.7255,0,1,0,0,0,0,0,0,0,0,0,0,0,-1
31,11,8,0,1,0,0,0,3,0,0,0,0,0.0,0.8387,3.889,3.0958,0,1,0,0,0,0,0,0,0,0,0,0,0,-1
25,5,8,0,1,0,0,0,3,0,0,0,0,0.0,0.8,3.6693,1.9219,0,1,0,0,0,0,0,0,0,0,0,0,0,-1
31,11,8,0,1,0,0,0,3,0,0,0,0,0.0,0.8387,3.9536,2.914,0,1,0,0,0,0,0,0,0,0,0,0,0,-1
28,13,2,0,3,0,0,0,3,0,0,0,0,0.5357,0.1786,3.6726,2.6612,0,0,1,1,0,0,1,0,0,0,0,0,0,-1
40,11,17,0,1,1,0,0,4,0,0,0,0,0.0,0.825,3.8751,2.6635,0,1,0,0,0,0,0,0,0,0,0,0,0,-1
42,7,7,16,1,1,0,0,3,1,0,0,1,0.0,0.7857,4.3477,2.5216,0,1,0,0,0,0,0,0,0,0,0,0,0,-1
30,15,2,0,3,0,0,0,3,0,0,0,0,0.5667,0.1667,3.6193,2.6062,0,0,1,1,0,0,1,0,0,0,0,0,0,-1
26,3,12,0,1,0,0,0,4,0,0,0,0,0.1154,0.6538,4.0851,1.585,0,1,0,0,0,0,0,0,0,0,0,0,0,-1
35,6,17,0,1,0,0,0,4,0,0,0,0,0.0,0.8286,4.0931,2.585,0,1,0,0,0,0,0,0,0,0,0,0,0,-1
37,16,9,0,1,0,0,0,3,0,0,0,0,0.0,0.8649,4.091,3.4528,0,1,0,0,0,0,0,0,0,0,0,0,0,-1
22,3,8,0,1,0,0,0,3,0,0,0,0,0.0,0.7727,3.9363,1.585,0,1,0,0,0,0,0,0,0,0,0,0,0,-1
25,13,5,0,3,0,0,0,3,0,0,0,0,0.4,0.32,3.8635,2.8731,0,0,1,0,0,0,1,0,0,0,0,0,0,-1
46,7,5,0,7,0,0,0,3,0,0,0,0,0.2391,0.5217,4.3515,2.8074,5,0,1,0,0,0,0,1,0,0,0,0,0,-1
20,3,5,0,1,0,0,0,3,0,0,0,0,0.0,0.75,3.3842,1.585,0,1,0,0,0,0,0,0,0,0,0,0,0,-1
34,14,7,0,4,0,0,0,3,0,0,0,0,0.4706,0.2647,3.9987,2.8424,0,0,1,1,0,0,1,0,0,0,0,0,0,-1
29,12,10,0,4,0,0,0,3,0,0,0,0,0.3103,0.4138,4.0473,2.6258,0,0,1,0,0,0,1,0,0,0,0,0,0,-1
28,10,6,0,1,0,0,0,3,0,0,0,0,0.0,0.8214,4.0836,3.1219,0,1,0,0,0,0,0,0,0,0,0,0,0,-1
23,3,8,0,1,0,0,0,3,0,0,0,0,0.0,0.7826,3.8492,1.585,0,1,0,0,0,0,0,0,0,0,0,0,0,-1
33,5,16,0,1,0,0,0,4,0,0,0,0,0.0,0.8182,3.8471,2.3219,0,1,0,0,0,0,0,0,0,0,0,0,0,-1
24,13,4,0,3,0,0,0,3,0,0,0,0,0.4167,0.2917,3.8554,2.8731,0,0,1,0,0,0,1,0,0,0,0,0,0,-1
25,13,5,0,3,0,0,0,3,0,0,0,0,0.4,0.32,3.9435,2.8731,0,0,1,0,0,0,1,0,0,0,0,0,0,-1
32,6,14,0,1,0,0,0,4,0,0,0,0,0.0,0.8125,3.8872,2.585,0,1,0,0,0,0,0,0,0,0,0,0,0,-1
32,13,12,0,4,0,0,0,3,0,0,0,0,0.3438,0.4062,4.1403,2.8731,0,0,1,0,0,0,1,0,0,0,0,0,0,-1
39,10,17,0,1,1,0,0,4,0,0,0,0,0.0,0.8205,3.9327,3.1219,0,1,0,0,0,0,0,0,0,0,0,0,0,-1
37,12,14,0,1,0,0,0,4,0,0,0,0,0.1351,0.7027,4.3578,3.085,0,1,0,0,0,0,0,0,0,0,0,0,0,-1
33,14,0,6,1,0,0,0,2,1,0,0,1,0.0303,0.7879,4.003,2.9852,0,1,0,0,0,0,0,0,0,0,0,0,0,-1
34,14,7,0,4,0,0,0,3,0,0,0,0,0.4706,0.2647,3.9987,2.5027,0,0,1,1,0,0,1,0,0,0,0,0,0,-1
21,4,5,0,1,0,0,0,3,0,0,0,0,0.0,0.7619,3.368,2.0,0,1,0,0,0,0,0,0,0,0,0,0,0,-1
32,9,12,0,1,0,0,0,4,0,0,0,0,0.125,0.6875,3.9292,2.7255,0,1,0,0,0,0,0,0,0,0,0,0,0,-1
31,5,11,0,3,0,0,0,3,0,0,0,0,0.0,0.7742,4.1313,2.3219,0,1,0,0,0,0,0,0,0,0,0,0,0,-1
42,14,7,8,1,0,0,0,3,1,0,0,1,0.0,0.8333,4.1892,2.8963,0,1,0,0,0,0,0,0,0,0,0,0,0,-1
57,13,6,0,3,3,0,0,3,0,0,0,0,0.0,0.8246,4.3936,3.3927,1,0,0,0,0,0,0,0,0,0,0,0,0,-1
37,6,19,0,1,0,0,0,4,0,0,0,0,0.0,0.8378,4.0441,1.4591,0,1,0,0,0,0,0,0,0,0,0,0,0,-1
30,14,9,0,3,0,0,0,4,0,0,0,0,0.3667,0.3667,4.0314,2.6456,0,0,1,0,0,0,1,0,0,0,0,0,0,-1
28,13,2,0,3,0,0,0,3,0,0,0,0,0.5357,0.1786,3.8424,2.6612,0,0,1,1,0,0,1,0,0,0,0,0,0,-1
29,14,2,0,3,0,0,0,3,0,0,0,0,0.5517,0.1724,3.5125,2.4956,0,0,1,1,0,0,1,0,0,0,0,0,0,-1
47,12,7,16,1,0,0,0,3,1,0,0,1,0.0,0.8298,4.0727,3.085,0,1,0,0,0,0,0,0,0,0,0,0,0,-1
28,13,2,0,3,0,0,0,3,0,0,0,0,0.5357,0.1786,3.7979,2.8731,0,0,1,1,0,0,1,0,0,0,0,0,0,-1
23,6,5,0,1,0,0,0,3,0,0,0,0,0.0,0.7826,3.7951,2.2516,0,1,0,0,0,0,0,0,0,0,0,0,0,-1
54,6,1,10,2,0,0,0,3,1,0,0,1,0.0926,0.7593,4.405,2.2516,1,1,0,0,0,0,0,0,0,0,0,0,0,-1
40,13,15,0,1,0,0,0,4,0,0,0,0,0.0,0.85,3.7276,3.1808,0,1,0,0,0,0,0,0,0,0,0,0,0,-1
68,12,37,0,2,4,0,0,3,0,0,0,0,0.2941,0.5588,4.6494,2.8554,1,1,0,0,0,0,0,0,0,0,0,0,0,-1
29,7,10,0,1,0,0,0,3,0,0,0,0,0.0,0.8276,3.8404,2.5216,0,1,0,0,0,0,0,0,0,0,0,0,0,-1
25,11,7,0,3,0,0,0,3,0,0,0,0,0.44,0.28,3.7533,2.5949,0,0,1,0,0,0,1,0,0,0,0,0,0,-1
30,15,2,0,3,0,0,0,3,0,0,0,0,0.5667,0.1667,3.7111,3.0062,0,0,1,1,0,0,1,0,0,0,0,0,0,-1
68,13,48,0,4,1,1,0,5,0,0,0,0,0.4118,0.4118,4.3581,2.5654,0,0,1,0,0,0,1,0,0,0,0,0,0,-1
36,10,15,0,1,1,0,0,4,0,0,0,0,0.0,0.8056,4.3502,3.3219,0,1,0,0,0,0,0,0,0,0,0,0,0,-1
29,14,2,0,3,0,0,0,3,0,0,0,0,0.5517,0.1724,3.647,2.6385,0,0,1,1,0,0,1,0,0,0,0,0,0,-1
26,9,5,0,1,0,0,0,3,0,0,0,0,0.0,0.8077,3.6424,2.9477,0,1,0,0,0,0,0,0,0,0,0,0,0,-1
35,15,7,0,4,0,0,0,3,0,0,0,0,0.4857,0.2571,3.7474,2.3899,0,0,1,1,0,0,1,0,0,0,0,0,0,-1
39,7,20,0,2,0,0,0,5,0,0,0,0,0.0256,0.7692,4.1066,2.8074,0,1,0,0,0,0,0,0,0,1,1,0,0,-1
39,7,7,10,2,0,0,0,3,1,0,0,1,0.0,0.7949,4.1798,2.1281,0,1,0,0,0,0,0,0,0,0,0,0,0,-1
25,13,5,0,3,0,0,0,3,0,0,0,0,0.48,0.24,3.8635,2.8731,0,0,1,0,0,0,1,0,0,0,0,0,0,-1
27,12,2,0,3,0,0,0,3,0,0,0,0,0.5185,0.1852,3.606,2.1887,0,0,1,1,0,0,1,0,0,0,0,0,0,-1
28,12,4,0,1,0,0,0,3,0,0,0,0,0.0,0.8214,3.9408,3.085,0,1,0,0,0,0,0,0,0,0,0,0,0,-1
34,14,7,0,4,0,0,0,3,0,0,0,0,0.4706,0.2647,3.8781,2.3527,0,0,1,1,0,0,1,0,0,0,0,0,0,-1
24,13,4,0,3,0,0,0,3,0,0,0,0,0.4167,0.2917,3.8554,2.8731,0,0,1,0,0,0,1,0,0,0,0,0,0,-1
40,14,19,0,3,0,1,0,4,0,0,0,0,0.275,0.5,4.4276,2.9852,0,0,1,0,0,0,1,0,0,0,0,0,0,-1
196,13,14,154,3,0,0,0,4,5,4,0,1,0.2959,0.6122,4.922,2.9312,0,1,0,0,0,0,0,0,1,0,0,0,0,-1
45,9,24,0,1,0,0,0,5,0,0,0,0,0.0,0.8444,4.1088,2.9477,0,1,0,0,0,0,0,0,0,1,1,0,0,-1
32,12,7,0,4,0,0,0,3,0,0,0,0,0.4375,0.2812,4.0153,2.4591,0,0,1,1,0,0,1,0,0,0,0,0,0,-1
35,14,9,0,1,0,0,0,3,0,0,0,0,0.0857,0.7714,3.99,3.0391,0,1,0,0,0,0,1,0,0,0,0,0,0,-1
31,7,12,0,1,0,0,0,4,0,0,0,0,0.0968,0.7097,4.3492,2.5216,0,1,0,0,0,0,0,0,0,0,0,0,0,-1
38,10,16,0,1,0,0,0,4,0,0,0,0,0.0,0.8421,4.1158,3.1219,0,1,0,0,0,0,0,0,0,0,0,0,0,-1
26,3,11,0,2,0,0,0,3,0,0,0,0,0.0,0.7692,3.9501,1.585,0,1,0,0,0,0,0,0,0,0,0,0,0,-1
24,9,4,0,1,0,0,0,3,0,0,0,0,0.0,0.7917,3.6887,2.7255,0,1,0,0,0,0,0,0,0,0,0,0,0,-1
31,8,8,0,3,0,0,0,3,0,0,0,0,0.0323,0.7419,3.889,2.5,1,0,0,0,0,0,1,0,1,0,0,0,0,-1
28,13,2,0,3,0,0,0,3,0,0,0,0,0.5357,0.1786,3.6245,2.5654,0,0,1,1,0,0,1,0,0,0,0,0,0,-1
28,13,2,0,3,0,0,0,3,0,0,0,0,0.5357,0.1786,3.7265,2.6032,0,0,1,1,0,0,1,0,0,0,0,0,0,-1
41,9,20,0,1,0,0,0,5,0,0,0,0,0.0,0.8293,4.2387,2.7255,0,1,0,0,0,0,0,0,0,1,1,0,0,-1
27,12,2,0,3,0,0,0,3,0,0,0,0,0.5185,0.1852,3.5138,2.2296,0,0,1,1,0,0,1,0,0,0,0,0,0,-1
22,6,5,0,1,0,0,0,3,0,0,0,0,0.0,0.7727,3.8454,2.585,0,1,0,0,0,0,0,0,0,0,0,0,0,-1
28,14,7,0,3,0,0,0,3,0,0,0,0,0.3929,0.3571,3.8868,2.7885,0,0,1,0,0,0,1,0,0,0,0,0,0,-1
26,8,0,0,2,0,0,0,2,0,0,0,0,0.0,0.8077,4.0851,3.0,1,0,0,0,0,0,0,0,0,0,0,0,0,-1
25,11,7,0,3,0,0,0,3,0,0,0,0,0.52,0.2,3.4791,2.5949,0,0,1,0,0,0,1,0,0,0,0,0,0,-1
35,4,20,0,2,0,0,0,5,0,0,0,0,0.0286,0.7429,3.9872,2.0,0,1,0,0,0,0,0,0,0,1,1,0,0,-1
33,13,13,0,3,0,0,0,4,0,0,0,0,0.303,0.4545,3.9832,2.6612,0,0,1,0,0,0,1,0,0,0,0,0,0,-1
28,13,2,0,3,0,0,0,3,0,0,0,0,0.5357,0.1786,3.7265,2.4493,0,0,1,1,0,0,1,0,0,0,0,0,0,-1
41,16,13,0,1,0,0,0,4,0,0,0,0,0.0,0.8537,4.0435,3.3278,0,1,0,0,0,0,0,0,0,0,0,0,0,-1
37,14,11,0,4,0,0,0,3,0,0,0,0,0.4054,0.3514,4.1318,2.9852,0,0,1,1,0,0,1,0,0,0,0,0,0,-1
28,7,9,0,1,1,0,0,3,0,0,0,0,0.0,0.7857,4.0122,2.8074,0,1,0,0,0,0,0,0,0,0,0,0,0,-1
39,13,14,0,4,0,2,0,3,0,0,0,0,0.4872,0.2308,3.9736,2.7193,0,0,1,1,0,0,1,0,0,0,0,0,0,-1
32,9,11,0,1,0,0,0,4,0,0,0,0,0.0,0.8125,4.1403,2.7255,0,1,0,0,0,0,0,0,0,0,0,0,0,-1
29,14,2,0,3,0,0,0,3,0,0,0,0,0.5517,0.1724,3.7454,2.8424,0,0,1,1,0,0,1,0,0,0,0,0,0,-1
45,13,25,0,4,0,0,0,4,0,0,0,0,0.2667,0.5333,4.447,2.6032,0,0,1,0,0,0,1,0,0,0,0,0,0,-1
23,6,5,0,1,0,0,0,3,0,0,0,0,0.0435,0.7391,3.7951,2.585,0,1,0,0,0,0,1,0,0,0,0,0,0,-1
28,9,7,0,1,0,0,0,3,0,0,0,0,0.0,0.8214,3.8424,2.9477,0,1,0,0,0,0,0,0,0,0,0,0,0,-1
81,12,49,0,3,4,0,0,4,0,0,0,0,0.2222,0.6296,4.7531,3.4183,1,1,0,0,0,0,1,0,0,0,0,0,0,-1
29,8,9,0,1,0,0,0,3,0,0,0,0,0.0,0.8276,3.6075,2.5,0,1,0,0,0,0,0,0,0,0,0,0,0,-1
62,5,37,0,2,4,0,0,3,0,0,0,0,0.3548,0.4839,4.7521,2.3219,1,1,0,0,0,0,0,0,0,0,0,0,0,-1
70,16,37,0,2,4,0,0,3,0,0,0,0,0.3286,0.5286,4.613,3.5,1,1,0,0,0,0,0,0,0,0,0,0,0,-1
33,13,7,0,4,0,0,0,3,0,0,0,0,0.4545,0.2727,4.0667,2.6612,0,0,1,1,0,0,1,0,0,0,0,0,0,-1
35,15,7,0,4,0,0,0,3,0,0,0,0,0.4857,0.2571,3.664,1.8566,0,0,1,1,0,0,1,0,0,0,0,0,0,-1
41,4,7,16,1,0,0,0,3,1,0,0,1,0.0,0.7805,4.2899,2.0,0,1,0,0,0,0,0,0,1,0,0,0,0,-1
40,6,14,0,3,0,0,0,4,0,0,0,0,0.1,0.7,4.4464,1.9183,2,1,0,0,0,0,0,0,0,0,0,0,0,-1
24,13,4,0,3,0,0,0,3,0,0,0,0,0.4583,0.25,3.7721,2.8731,0,0,1,0,0,0,1,0,0,0,0,0,0,-1
19,8,0,0,1,0,0,0,2,0,0,0,0,0.0,0.7895,3.2608,2.75,0,1,0,0,0,0,0,0,0,0,0,0,0,-1
39,17,11,0,2,0,0,0,3,0,0,0,0,0.0513,0.7949,4.1504,3.5725,0,1,0,0,0,0,1,0,0,0,0,0,0,-1
44,8,7,16,1,0,0,0,3,1,0,0,1,0.0,0.7955,4.3199,3.0,0,1,0,0,0,0,0,0,0,0,0,0,0,-1
24,6,0,6,1,0,0,0,2,1,0,0,1,0.0417,0.7083,3.9702,1.9183,0,1,0,0,0,0,0,0,0,0,0,0,0,-1
40,8,7,10,2,1,0,0,3,1,0,0,1,0.0,0.775,4.2653,2.5,0,1,0,0,0,0,0,0,0,0,0,0,0,-1
29,12,5,0,1,0,0,0,3,0,0,0,0,0.0,0.8276,3.8144,3.2516,0,1,0,0,0,0,0,0,0,0,0,0,0,-1
28,13,2,0,3,0,0,0,3,0,0,0,0,0.5357,0.1786,3.8424,3.027,0,0,1,1,0,0,1,0,0,0,0,0,0,-1
28,7,9,0,1,0,0,0,3,0,0,0,0,0.0,0.8214,3.7534,2.5216,0,1,0,0,0,0,0,0,0,0,0,0,0,-1
38,3,7,16,1,0,0,0,3,1,0,0,1,0.0,0.7632,4.1589,1.585,0,1,0,0,0,0,0,0,0,0,0,0,0,-1
27,15,5,0,3,0,0,0,3,0,0,0,0,0.4444,0.2963,3.8101,2.7899,0,0,1,0,0,0,1,0,0,0,0,0,0,-1
46,10,7,16,1,0,0,0,3,1,0,0,1,0.0,0.8261,4.1642,2.9219,0,1,0,0,0,0,0,0,0,0,0,0,0,-1
38,15,11,0,1,0,0,0,4,0,0,0,0,0.0,0.8421,3.9053,3.5069,0,1,0,0,0,0,0,0,0,0,0,0,0,-1
29,3,14,0,1,0,0,0,4,0,0,0,0,0.1724,0.6207,4.2113,1.585,0,1,0,0,0,0,0,0,0,0,0,0,0,-1
47,9,26,0,1,1,0,0,6,0,0,0,0,0.0,0.8085,4.2507,2.9477,0,1,0,0,0,0,0,0,0,0,0,0,0,-1
29,14,2,0,3,0,0,0,3,0,0,0,0,0.5517,0.1724,3.5259,2.3527,0,0,1,1,0,0,1,0,0,0,0,0,0,-1
84,22,47,0,2,4,0,0,4,0,0,0,0,0.2262,0.6429,4.731,3.516,0,1,0,0,0,0,0,0,0,1,1,0,0,-1
45,9,7,16,1,1,0,0,3,1,0,0,1,0.0,0.8,4.3668,2.9477,0,1,0,0,0,0,0,0,0,0,0,0,0,-1
33,3,2,13,2,0,0,0,3,1,0,0,1,0.0,0.7273,4.165,1.585,0,1,0,0,0,0,0,0,0,0,0,0,0,-1
52,7,34,0,1,1,0,0,5,0,0,0,0,0.0,0.8462,4.3187,2.5216,0,1,0,0,0,0,0,0,0,0,0,0,0,-1
58,12,27,0,3,0,1,0,4,0,0,0,0,0.069,0.7586,4.3518,3.2516,0,0,0,1,0,0,0,0,1,0,0,0,0,-1
35,14,9,0,1,0,0,0,3,0,0,0,0,0.0,0.8571,4.05,2.9852,0,1,0,0,0,0,0,0,0,0,0,0,0,-1
35,5,7,10,1,0,0,0,3,1,0,0,1,0.0,0.8,4.2646,2.3219,0,1,0,0,0,0,0,0,0,0,0,0,0,-1
48,6,30,0,1,2,0,0,5,0,0,0,0,0.1042,0.7083,4.4728,2.585,0,1,0,0,0,0,0,0,0,0,0,0,0,-1
47,12,19,0,2,0,0,0,4,0,0,0,0,0.0851,0.7447,4.2116,3.2516,0,0,0,1,0,0,0,0,0,0,0,0,0,-1
44,11,21,0,1,0,0,0,5,0,0,0,0,0.1136,0.7273,4.1813,3.2776,0,1,0,0,0,0,0,0,0,0,0,0,0,-1
33,13,7,0,4,0,0,0,3,0,0,0,0,0.4545,0.2727,3.9912,2.6612,0,0,1,1,0,0,1,0,0,0,0,0,0,-1
34,14,7,0,4,0,0,0,3,0,0,0,0,0.4706,0.2647,3.9254,2.4488,0,0,1,1,0,0,1,0,0,0,0,0,0,-1
33,13,8,0,1,0,0,0,3,0,0,0,0,0.0,0.8485,3.9455,3.1808,0,1,0,0,0,0,0,0,0,0,0,0,0,-1
37,7,7,0,3,0,0,0,3,0,0,0,0,0.1622,0.6216,4.3711,2.5216,1,0,0,1,0,0,0,0,0,0,0,0,0,-1
29,4,13,0,1,0,0,0,4,0,0,0,0,0.0,0.7931,4.0044,2.0,0,1,0,0,0,0,0,0,0,0,0,0,0,-1
27,12,2,0,3,0,0,0,3,0,0,0,0,0.5185,0.1852,3.7821,2.6887,0,0,1,1,0,0,1,0,0,0,0,0,0,-1
31,13,6,0,3,0,0,0,3,0,0,0,0,0.5161,0.2258,4.0181,2.8731,0,0,1,1,0,0,1,0,0,0,0,0,0,-1
34,12,10,0,1,0,0,0,3,0,0,0,0,0.0,0.8529,3.9398,3.2516,0,1,0,0,0,0,0,0,0,0,0,0,0,-1
37,12,0,12,1,1,0,0,2,1,0,0,1,0.0,0.8108,4.2834,3.2516,0,1,0,0,0,0,0,0,0,0,0,0,0,-1
30,15,2,0,3,0,0,0,3,0,0,0,0,0.5667,0.1667,3.6729,2.2892,0,0,1,1,0,0,1,0,0,0,0,0,0,-1
39,8,19,0,1,0,0,0,4,0,0,0,0,0.0,0.8462,4.0991,2.75,0,1,0,0,0,0,0,0,0,0,0,0,0,-1
28,8,8,0,1,0,0,0,3,0,0,0,0,0.0,0.8214,3.8154,2.75,0,1,0,0,0,0,0,0,0,0,0,0,0,-1
32,14,11,0,4,0,0,0,3,0,0,0,0,0.375,0.375,4.2028,2.8963,0,0,1,0,0,0,1,0,0,0,0,0,0,-1
44,11,19,0,2,1,0,0,5,0,0,0,0,0.0,0.7955,4.0792,2.914,0,1,0,0,0,0,0,0,0,0,0,0,0,-1
30,15,2,0,3,0,0,0,3,0,0,0,0,0.5667,0.1667,3.6062,2.4226,0,0,1,1,0,0,1,0,0,0,0,0,0,-1
39,17,11,0,1,0,0,0,4,0,0,0,0,0.0,0.8462,3.9134,3.2928,0,1,0,0,0,0,0,0,0,0,0,0,0,-1
27,4,8,0,2,0,0,0,3,0,0,0,0,0.0,0.7778,4.0323,1.5,0,1,0,0,0,0,0,0,0,0,0,0,0,-1
27,12,2,0,3,0,0,0,3,0,0,0,0,0.5185,0.1852,3.708,2.6887,0,0,1,1,0,0,1,0,0,0,0,0,0,-1
27,6,9,0,1,0,0,0,3,0,0,0,0,0.0,0.8148,3.8562,2.2516,0,1,0,0,0,0,0,0,0,0,0,0,0,-1
24,13,4,0,3,0,0,0,3,0,0,0,0,0.4583,0.25,3.8554,2.8731,0,0,1,0,0,0,1,0,0,0,0,0,0,-1
21,5,5,0,1,0,0,0,3,0,0,0,0,0.0,0.7619,3.4992,2.3219,0,1,0,0,0,0,0,0,0,0,0,0,0,-1
34,9,0,12,1,0,0,0,2,1,0,0,1,0.0,0.8235,4.396,3.1699,0,1,0,0,0,0,0,0,0,0,0,0,0,-1
34,9,13,0,1,0,0,0,4,0,0,0,0,0.0,0.8235,4.0209,2.1972,0,1,0,0,0,0,0,0,0,0,0,0,0,-1
41,7,0,21,1,0,0,0,2,2,1,0,1,0.0,0.8049,4.3083,2.5216,0,1,0,0,0,0,0,0,0,0,0,0,0,-1
88,28,47,0,2,8,0,0,4,0,0,0,0,0.2045,0.625,4.786,3.6281,0,1,0,0,0,0,0,0,0,1,1,0,0,-1
25,8,5,0,1,0,0,0,3,0,0,0,0,0.0,0.8,3.7835,2.75,0,1,0,0,0,0,0,0,0,0,0,0,0,-1
39,9,7,10,1,0,0,0,3,1,0,0,1,0.0,0.8205,4.3362,3.1699,0,1,0,0,0,0,0,0,0,0,0,0,0,-1
29,12,6,0,1,0,0,0,3,0,0,0,0,0.0,0.8276,3.8664,2.8554,0,1,0,0,0,0,0,0,0,0,0,0,0,-1
36,4,20,0,3,0,0,0,5,0,0,0,0,0.0833,0.6667,3.8956,2.0,0,1,0,0,0,0,0,0,0,0,0,0,0,-1
148,10,57,52,5,5,0,0,7,2,1,1,1,0.2162,0.6284,4.9044,2.9219,1,1,0,0,0,0,0,0,0,0,0,1,1,-1
42,6,1,10,2,2,0,0,3,1,0,0,1,0.119,0.6429,4.404,2.2516,1,1,0,0,0,0,0,0,0,0,0,0,0,-1
32,12,7,0,4,0,0,0,3,0,0,0,0,0.4375,0.2812,3.8903,2.6887,0,0,1,1,0,0,1,0,0,0,0,0,0,-1
25,5,8,0,1,0,0,0,3,0,0,0,0,0.0,0.8,3.8635,2.3219,0,1,0,0,0,0,0,0,0,0,0,0,0,-1
74,9,1,42,2,4,0,0,3,1,0,0,1,0.3514,0.4865,4.6028,2.9477,1,1,0,0,0,0,1,0,0,0,0,0,0,-1
29,14,2,0,3,0,0,0,3,0,0,0,0,0.5517,0.1724,3.7025,2.6456,0,0,1,1,0,0,1,0,0,0,0,0,0,-1
33,13,7,0,4,0,0,0,3,0,0,0,0,0.4545,0.2727,4.0061,3.027,0,0,1,1,0,0,1,0,0,0,0,0,0,-1
70,9,37,0,2,4,0,0,3,0,0,0,0,0.2143,0.6429,4.5886,2.4194,1,1,0,0,0,0,0,0,0,0,0,0,0,-1
26,10,5,0,1,0,0,0,3,0,0,0,0,0.0,0.8077,3.7672,2.9219,0,1,0,0,0,0,0,0,0,0,0,0,0,-1
51,15,24,0,1,2,0,0,4,0,0,0,0,0.0784,0.7647,4.3936,3.1899,0,1,0,0,0,0,0,0,0,0,0,0,0,-1
26,6,5,0,2,0,0,0,3,0,0,0,0,0.0,0.7692,3.8441,2.585,0,1,0,0,0,0,0,0,0,0,0,0,0,-1
37,4,22,0,1,1,0,0,5,0,0,0,0,0.1622,0.6216,4.0546,2.0,0,1,0,0,0,0,0,0,0,0,0,0,0,-1
28,6,11,0,1,0,0,0,4,0,0,0,0,0.0,0.7857,4.0391,2.585,0,1,0,0,0,0,0,0,0,0,0,0,0,-1
98,38,47,0,2,8,0,0,4,0,0,0,0,0.2143,0.6327,4.8359,3.8725,0,1,0,0,0,0,0,0,0,1,1,0,0,-1
46,15,20,0,1,0,0,0,4,0,0,0,0,0.0,0.8696,4.0893,3.2402,0,1,0,0,0,0,0,0,0,0,0,0,0,-1
29,13,9,0,3,0,1,0,3,0,0,0,0,0.3448,0.3793,4.2282,3.1808,0,0,1,0,0,0,1,0,0,0,0,0,0,-1
68,13,48,0,4,1,1,0,5,0,0,0,0,0.3824,0.4412,4.2767,2.5654,0,0,1,0,0,0,1,0,0,0,0,0,0,-1
68,13,48,0,4,1,1,0,5,0,0,0,0,0.4118,0.4118,4.3742,2.5654,0,0,1,0,0,0,1,0,0,0,0,0,0,-1
34,14,7,0,4,0,0,0,3,0,0,0,0,0.4706,0.2647,4.1607,3.0391,0,0,1,1,0,0,1,0,0,0,0,0,0,-1
34,14,7,0,4,0,0,0,3,0,0,0,0,0.4706,0.2647,3.797,2.3527,0,0,1,1,0,0,1,0,0,0,0,0,0,-1
35,15,7,0,4,0,0,0,3,0,0,0,0,0.4857,0.2571,3.9929,2.8729,0,0,1,1,0,0,1,0,0,0,0,0,0,-1
33,13,7,0,4,0,0,0,3,0,0,0,0,0.4545,0.2727,3.87,2.6032,0,0,1,1,0,0,1,0,0,0,0,0,0,-1
29,13,9,0,4,0,0,0,3,0,0,0,0,0.3793,0.3448,3.9783,2.6612,0,0,1,0,0,0,1,0,0,0,0,0,0,-1
30,8,10,0,1,0,0,0,3,0,0,0,0,0.0,0.8333,3.8566,2.5,0,1,0,0,0,0,0,0,0,0,0,0,0,-1
25,11,7,0,3,0,0,0,3,0,0,0,0,0.48,0.24,3.7035,2.5949,0,0,1,0,0,0,1,0,0,0,0,0,0,-1
34,14,13,0,4,0,0,0,3,0,0,0,0,0.3529,0.4118,3.9764,2.6995,0,0,1,0,0,0,1,0,0,0,0,0,0,-1
36,6,2,13,2,0,0,0,3,1,0,0,1,0.0,0.75,4.0095,2.2516,0,1,0,0,0,0,0,0,0,0,0,0,0,-1
33,11,10,0,1,0,0,0,3,0,0,0,0,0.0,0.8485,4.2108,3.0958,0,1,0,0,0,0,0,0,0,0,0,0,0,-1
25,14,4,0,3,0,0,0,3,0,0,0,0,0.44,0.28,3.5329,2.306,0,0,1,0,0,0,1,0,0,0,0,0,0,-1
39,6,21,0,1,0,0,0,5,0,0,0,0,0.1282,0.6923,4.2411,1.9183,0,1,0,0,0,0,0,0,0,0,0,0,0,-1
29,8,9,0,1,0,0,0,3,0,0,0,0,0.0,0.8276,4.0213,2.75,0,1,0,0,0,0,0,0,0,0,0,0,0,-1
29,13,9,0,3,0,0,0,4,0,0,0,0,0.3448,0.3793,3.9783,2.6612,0,0,1,0,0,0,1,0,0,0,0,0,0,-1
20,5,4,0,1,0,0,0,3,0,0,0,0,0.0,0.75,3.5842,2.3219,0,1,0,0,0,0,0,0,0,0,0,0,0,-1
37,2,24,0,1,2,0,0,4,0,0,0,0,0.1081,0.6757,4.0645,1.0,0,1,0,0,0,0,0,0,0,0,0,0,0,-1
36,11,0,12,1,0,0,0,2,1,0,0,1,0.0,0.8333,4.128,3.0958,0,1,0,0,0,0,0,0,0,0,0,0,0,-1
34,14,7,0,4,0,0,0,3,0,0,0,0,0.4706,0.2647,3.9254,2.4138,0,0,1,1,0,0,1,0,0,0,0,0,0,-1
35,12,16,0,4,0,0,0,3,0,0,0,0,0.2571,0.5143,4.2074,2.6887,0,0,1,0,0,0,1,0,0,0,0,0,0,-1
86,24,47,0,2,4,0,0,4,0,0,0,0,0.2209,0.6512,4.5355,3.0366,0,1,0,0,0,0,0,0,0,1,1,0,0,-1
25,8,5,0,1,0,0,0,3,0,0,0,0,0.0,0.8,3.9435,3.0,0,1,0,0,0,0,0,0,0,0,0,0,0,-1
34,14,7,0,4,0,0,0,3,0,0,0,0,0.4706,0.2647,3.8781,2.3527,0,0,1,1,0,0,1,0,0,0,0,0,0,-1
38,15,16,0,3,0,0,0,4,0,0,0,0,0.3421,0.4474,4.4187,3.0566,0,0,1,0,0,0,1,0,0,0,0,0,0,-1
29,14,8,0,4,0,0,0,3,0,0,0,0,0.3793,0.3448,3.8404,2.5567,0,0,1,0,0,0,1,0,0,0,0,0,0,-1
42,13,22,0,4,0,0,0,4,0,0,0,0,0.2381,0.5476,4.3267,2.8731,0,0,1,0,0,0,1,0,0,0,0,0,0,-1
36,8,16,0,1,0,0,0,4,0,0,0,0,0.0,0.8333,3.8055,2.25,0,1,0,0,0,0,0,0,0,0,0,0,0,-1
21,5,4,0,1,0,0,0,3,0,0,0,0,0.0,0.7619,3.6538,1.9219,0,1,0,0,0,0,0,0,0,0,0,0,0,-1
34,15,4,0,2,0,0,0,3,0,0,0,0,0.0,0.8235,4.1385,3.1396,0,1,0,0,0,0,0,0,0,0,0,0,0,-1
23,4,8,0,1,0,0,0,3,0,0,0,0,0.0,0.7826,3.8492,2.0,0,1,0,0,0,0,0,0,0,0,0,0,0,-1
28,14,7,0,4,0,0,0,3,0,0,0,0,0.3929,0.3214,3.8693,2.7885,0,0,1,0,0,0,1,0,0,0,0,0,0,-1
25,5,6,0,2,0,0,0,3,0,0,0,0,0.0,0.76,3.7533,2.3219,0,1,0,0,0,0,0,0,0,0,0,0,0,-1
29,14,2,0,3,0,0,0,3,0,0,0,0,0.5517,0.1724,3.5076,2.217,0,0,1,1,0,0,1,0,0,0,0,0,0,-1
28,9,7,0,1,0,0,0,3,0,0,0,0,0.0,0.8214,3.7979,2.7255,0,1,0,0,0,0,0,0,0,1,1,0,0,-1
23,6,6,0,1,0,0,0,3,0,0,0,0,0.0,0.7826,3.8492,2.585,0,1,0,0,0,0,0,0,0,0,0,0,0,-1
48,3,34,0,1,1,0,0,5,0,0,0,0,0.0,0.8333,4.1298,1.585,0,1,0,0,0,0,0,0,0,0,0,0,0,-1
46,4,30,0,1,2,0,0,5,0,0,0,0,0.1087,0.6957,4.3445,2.0,0,1,0,0,0,0,0,0,0,0,0,0,0,-1
83,16,48,0,3,4,0,0,4,0,0,0,0,0.2169,0.6386,4.6465,3.4528,1,0,0,0,0,0,0,0,0,1,1,0,0,-1
24,13,4,0,3,0,0,0,3,0,0,0,0,0.5,0.2083,3.6573,2.8731,0,0,1,0,0,0,1,0,0,0,0,0,0,-1
23,2,10,0,1,0,0,0,4,0,0,0,0,0.1304,0.6087,3.969,1.0,0,0,0,0,0,0,1,0,0,0,0,0,0,-1
28,13,2,0,3,0,0,0,3,0,0,0,0,0.5357,0.1786,3.5976,2.2878,0,0,1,1,0,0,1,0,0,0,0,0,0,-1
26,14,5,0,3,0,0,0,3,0,0,0,0,0.4615,0.2692,3.8151,2.7885,0,0,1,0,0,0,1,0,0,0,0,0,0,-1
56,14,34,0,5,0,0,0,4,0,0,0,0,0.1964,0.625,4.2343,2.3527,0,1,1,0,0,0,1,0,0,0,0,0,0,-1
29,14,2,0,3,0,0,0,3,0,0,0,0,0.5517,0.1724,3.5259,2.5567,0,0,1,1,0,0,1,0,0,0,0,0,0,-1
18,0,5,0,1,0,0,0,3,0,0,0,0,0.0,0.7222,3.5305,0.0,0,1,0,0,0,0,0,0,0,0,0,0,0,-1
24,5,7,0,1,0,0,0,3,0,0,0,0,0.0,0.7917,3.7721,1.9219,0,1,0,0,0,0,0,0,0,1,1,0,0,-1
70,6,37,14,2,1,1,0,8,1,0,0,1,0.0,0.7857,4.5882,2.585,0,1,0,0,0,0,0,0,0,0,0,0,0,-1
23,14,2,0,3,0,0,0,3,0,0,0,0,0.4783,0.2174,3.229,2.306,0,0,1,0,0,0,1,0,0,0,0,0,0,-1
28,13,2,0,3,0,0,0,3,0,0,0,0,0.5357,0.1786,3.669,2.5654,0,0,1,1,0,0,1,0,0,0,0,0,0,-1
30,15,2,0,3,0,0,0,3,0,0,0,0,0.5667,0.1667,3.6159,2.4989,0,0,1,1,0,0,1,0,0,0,0,0,0,-1
26,5,9,0,1,0,0,0,3,0,0,0,0,0.0,0.8077,3.7962,2.3219,0,1,0,0,0,0,0,0,0,0,0,0,0,-1
30,8,7,0,2,0,0,0,3,0,0,0,0,0.0,0.8,3.9232,2.75,0,1,0,0,0,0,0,0,0,0,0,0,0,-1
44,0,30,0,1,2,0,0,5,0,0,0,0,0.1136,0.6818,4.3065,0.0,0,1,0,0,0,0,0,0,0,0,0,0,0,-1
36,13,11,0,4,0,0,0,3,0,0,0,0,0.3889,0.3611,4.2947,2.8731,0,0,1,1,0,0,1,0,0,0,0,0,0,-1
26,5,9,0,1,0,0,0,3,0,0,0,0,0.0385,0.7692,3.7962,2.3219,0,1,0,0,0,0,1,0,0,0,0,0,0,-1
27,7,8,0,1,0,0,0,3,0,0,0,0,0.0,0.8148,3.764,2.8074,0,1,0,0,0,0,0,0,0,0,0,0,0,-1
40,5,24,0,1,2,0,0,4,0,0,0,0,0.1,0.7,4.0964,1.9219,0,1,0,0,0,0,0,0,0,0,0,0,0,-1
31,8,11,0,1,0,0,0,4,0,0,0,0,0.0,0.8065,3.6278,2.75,0,1,0,0,0,0,0,0,0,0,0,0,0,-1
23,6,5,0,1,0,0,0,3,0,0,0,0,0.0,0.7826,3.9362,2.585,0,1,0,0,0,0,0,0,0,0,0,0,0,-1
30,13,10,0,4,0,0,0,3,0,0,0,0,0.3333,0.4,3.8981,2.6612,0,0,1,0,0,0,1,0,0,1,1,0,0,-1
46,13,26,0,4,0,0,0,4,0,0,0,0,0.5652,0.2391,3.6367,2.5074,0,0,1,0,0,0,1,0,0,0,0,0,0,-1
51,15,24,0,1,2,0,0,4,0,0,0,0,0.1373,0.7059,4.2483,3.0062,0,1,0,0,0,0,1,0,0,0,0,0,0,-1
27,7,8,0,1,0,0,0,3,0,0,0,0,0.0,0.8148,3.7821,2.5216,0,1,0,0,0,0,0,0,0,0,0,0,0,-1
26,7,0,6,1,0,0,0,2,1,0,0,1,0.0385,0.7308,4.1329,2.5216,0,1,0,0,0,0,0,0,0,0,0,0,0,-1
41,13,16,0,4,0,1,0,3,0,0,0,0,0.3415,0.4146,4.1411,2.7193,0,0,1,1,0,0,1,0,0,0,0,0,0,-1
52,16,7,16,1,0,0,0,3,1,0,0,1,0.0,0.8269,4.3277,3.625,0,1,0,0,0,0,0,0,0,0,0,0,0,-1
31,11,8,0,1,0,0,0,3,0,0,0,0,0.0,0.8387,4.236,3.2776,0,1,0,0,0,0,0,0,0,0,0,0,0,-1
25,6,7,0,1,0,0,0,3,0,0,0,0,0.0,0.8,4.0235,1.7925,0,1,0,0,0,0,0,0,0,0,0,0,0,-1
34,14,7,0,4,0,0,0,3,0,0,0,0,0.4706,0.2647,3.8444,2.217,0,0,1,1,0,0,1,0,0,0,0,0,0,-1
40,6,0,21,1,0,0,0,2,2,1,0,1,0.0,0.8,4.2464,2.585,0,1,0,0,0,0,0,0,0,0,0,0,0,-1
35,15,7,0,4,0,0,0,3,0,0,0,0,0.4857,0.2571,4.0332,2.5493,0,0,1,1,0,0,1,0,0,0,0,0,0,-1
39,13,14,0,1,0,0,0,4,0,0,0,0,0.1026,0.7436,4.4262,2.8731,0,1,0,0,0,0,0,0,0,0,0,0,0,-1
43,9,22,0,1,1,0,0,5,0,0,0,0,0.1395,0.6744,4.1649,2.7255,0,1,0,0,0,0,0,0,0,0,0,0,0,-1
34,10,12,0,1,0,0,0,4,0,0,0,0,0.0,0.8235,4.1019,3.1219,0,1,0,0,0,0,0,0,0,0,0,0,0,-1
29,9,5,0,2,0,0,0,3,0,0,0,0,0.0,0.7931,4.1423,2.9477,0,1,0,0,0,0,0,0,0,0,0,0,0,-1
28,13,8,0,4,0,0,0,3,0,0,0,0,0.3571,0.3571,3.9947,2.8731,0,0,1,0,0,0,1,0,0,0,0,0,0,-1
28,13,2,0,3,0,0,0,3,0,0,0,0,0.5357,0.1786,3.8249,2.5654,0,0,1,1,0,0,1,0,0,0,0,0,0,-1
30,14,9,0,4,0,0,0,3,0,0,0,0,0.4333,0.3,3.9899,2.8963,0,0,1,0,0,0,1,0,0,0,0,0,0,-1
32,12,7,0,4,0,0,0,3,0,0,0,0,0.4375,0.2812,3.8903,2.2296,0,0,1,1,0,0,1,0,0,0,0,0,0,-1
36,10,14,0,1,0,0,0,4,0,0,0,0,0.0,0.8333,4.0651,3.1219,0,1,0,0,0,0,0,0,0,0,0,0,0,-1
25,4,10,0,1,0,0,0,3,0,0,0,0,0.0,0.8,3.8635,2.0,0,1,0,0,0,0,0,0,0,0,0,0,0,-1
34,14,7,0,4,0,0,0,3,0,0,0,0,0.4706,0.2647,4.0064,2.6106,0,0,1,1,0,0,1,0,0,0,0,0,0,-1
32,11,9,0,1,0,0,0,3,0,0,0,0,0.0,0.8438,3.8585,3.0958,0,1,0,0,0,0,0,0,0,0,0,0,0,-1
35,15,7,0,4,0,0,0,3,0,0,0,0,0.4857,0.2571,3.8973,2.5493,0,0,1,1,0,0,1,0,0,0,0,0,0,-1
33,5,14,0,2,0,0,0,4,0,0,0,0,0.0,0.7879,4.2336,2.3219,1,1,0,0,0,0,0,0,0,0,0,0,0,-1
29,13,9,0,4,0,0,0,3,0,0,0,0,0.3793,0.3448,4.0733,2.8731,0,0,1,0,0,0,1,0,0,0,0,0,0,-1
29,14,2,0,3,0,0,0,3,0,0,0,0,0.5517,0.1724,3.5554,2.3527,0,0,1,1,0,0,1,0,0,0,0,0,0,-1
26,11,8,0,4,0,0,0,3,0,0,0,0,0.3077,0.3846,3.7962,2.4131,0,0,1,0,0,0,1,0,0,0,0,0,0,-1
32,6,15,0,1,0,0,0,4,0,0,0,0,0.0,0.8125,4.0306,1.9183,0,1,0,0,0,0,0,0,1,1,1,1,1,-1
24,3,9,0,1,0,0,0,3,0,0,0,0,0.0,0.7917,3.6054,1.585,0,1,0,0,0,0,0,0,0,0,0,0,0,-1
37,15,10,0,1,0,0,0,3,0,0,0,0,0.0,0.8649,4.1141,3.2402,0,1,0,0,0,0,0,0,0,0,0,0,0,-1
38,4,22,0,1,1,0,0,5,0,0,0,0,0.1579,0.6316,4.0907,2.0,0,1,0,0,0,0,0,0,0,0,0,0,0,-1
25,11,7,0,3,0,0,0,3,0,0,0,0,0.44,0.28,3.8333,2.5949,0,0,1,0,0,0,1,0,0,0,0,0,0,-1
29,2,15,0,1,0,0,0,4,0,0,0,0,0.0,0.7931,4.0304,1.0,0,1,0,0,0,0,0,0,0,0,0,0,0,-1
47,8,27,0,2,0,0,0,5,0,0,0,0,0.0426,0.7872,4.6211,3.0,0,1,0,0,0,0,0,0,0,0,0,0,0,-1
25,13,5,0,3,0,0,0,3,0,0,0,0,0.52,0.2,3.8635,3.027,0,0,1,0,0,0,1,0,0,0,0,0,0,-1
24,13,4,0,3,0,0,0,3,0,0,0,0,0.4167,0.2917,3.8554,2.8731,0,0,1,0,0,0,1,0,0,0,0,0,0,-1
31,7,13,0,1,0,0,0,4,0,0,0,0,0.0,0.8065,4.0266,2.2359,0,1,0,0,0,0,0,0,0,0,0,0,0,-1
28,3,14,0,1,0,0,0,4,0,0,0,0,0.0,0.7857,3.709,1.585,0,1,0,0,0,0,0,0,0,0,0,0,0,-1
30,6,9,0,2,0,0,0,3,0,0,0,0,0.0,0.8,3.7647,1.9183,0,1,0,0,0,0,0,0,0,1,1,1,1,-1
43,8,20,0,2,0,0,0,5,0,0,0,0,0.0233,0.7907,4.0885,2.75,0,1,0,0,0,0,0,0,0,1,1,0,0,-1
34,14,7,0,4,0,0,0,3,0,0,0,0,0.4706,0.2647,3.962,2.7534,0,0,1,1,0,0,1,0,0,0,0,0,0,-1
26,12,2,0,3,0,0,0,3,0,0,0,0,0.5,0.1923,3.6612,2.8554,0,0,1,1,0,0,1,0,0,0,0,0,0,-1
49,21,16,0,2,0,0,0,3,0,0,0,0,0.0408,0.8367,4.4356,3.3088,0,1,0,0,0,0,0,0,0,0,0,0,0,-1
36,11,0,12,1,0,0,0,2,1,0,0,1,0.0,0.8333,3.8747,3.0958,0,1,0,0,0,0,0,0,0,0,0,0,0,-1
56,8,33,0,2,3,0,0,5,0,0,0,0,0.0893,0.7143,4.47,2.5,0,1,0,0,0,0,0,0,0,0,0,0,0,-1
38,7,19,0,1,0,0,0,4,0,0,0,0,0.0,0.8421,4.1685,2.5216,0,1,0,0,0,0,0,0,0,0,0,0,0,-1
41,9,20,0,1,0,0,0,5,0,0,0,0,0.0,0.8293,4.2203,2.9477,0,1,0,0,0,0,0,0,0,1,1,0,0,-1
22,4,0,6,1,0,0,0,2,1,0,0,1,0.0455,0.6818,3.7322,1.5,0,1,0,0,0,0,0,0,0,0,0,0,0,-1
36,10,15,0,1,0,0,0,4,0,0,0,0,0.0,0.8333,3.7391,2.2464,0,1,0,0,0,0,0,0,0,0,0,0,0,-1
34,14,7,0,4,0,0,0,3,0,0,0,0,0.4706,0.2647,3.9842,2.6106,0,0,1,1,0,0,1,0,0,0,0,0,0,-1
32,12,7,0,4,0,0,0,3,0,0,0,0,0.4375,0.2812,3.9292,2.6887,0,0,1,1,0,0,1,0,0,0,0,0,0,-1
44,18,14,0,1,1,0,0,3,0,0,0,0,0.0,0.8636,4.0083,3.2391,0,1,0,0,0,0,0,0,0,0,0,0,0,-1
65,6,37,0,2,4,0,0,3,0,0,0,0,0.3231,0.5231,4.51,2.2516,1,1,0,0,0,0,1,0,0,0,0,0,0,-1
39,13,14,0,1,0,0,0,4,0,0,0,0,0.1282,0.7179,4.5481,3.0851,0,1,0,0,0,0,0,0,0,0,0,0,0,-1
28,13,2,0,3,0,0,0,3,0,0,0,0,0.5357,0.1786,3.655,2.4493,0,0,1,1,0,0,1,0,0,0,0,0,0,-1
30,15,2,0,3,0,0,0,3,0,0,0,0,0.5667,0.1667,3.5811,2.2892,0,0,1,1,0,0,1,0,0,0,0,0,0,-1
25,6,5,0,2,0,0,0,3,0,0,0,0,0.0,0.76,3.6235,2.2516,0,1,0,0,0,0,0,0,0,0,0,0,0,-1
35,15,7,0,4,0,0,0,3,0,0,0,0,0.4857,0.2571,3.8402,2.6062,0,0,1,1,0,0,1,0,0,0,0,0,0,-1
43,16,15,0,1,0,0,0,4,0,0,0,0,0.0,0.8605,4.2573,3.2806,0,1,0,0,0,0,0,0,0,0,0,0,0,-1
66,11,37,0,2,4,0,0,3,0,0,0,0,0.3636,0.4848,4.4122,3.0958,1,1,0,0,0,0,1,0,0,0,0,0,0,-1
29,6,12,0,1,0,0,0,4,0,0,0,0,0.1379,0.6552,4.0304,1.9183,0,1,0,0,0,0,0,0,0,1,1,1,1,-1
49,3,34,0,1,1,0,0,5,0,0,0,0,0.0,0.8367,4.1633,1.585,0,1,0,0,0,0,0,0,0,0,0,0,0,-1
25,13,5,0,3,0,0,0,3,0,0,0,0,0.44,0.28,3.8333,2.8731,0,0,1,0,0,0,1,0,0,0,0,0,0,-1
21,5,5,0,1,0,0,0,3,0,0,0,0,0.0,0.7619,3.6538,1.9219,0,1,0,0,0,0,0,0,0,0,0,0,0,-1
25,0,12,0,1,0,0,0,3,0,0,0,0,0.0,0.8,3.7035,0.0,0,1,0,0,0,0,0,0,0,0,0,0,0,-1
26,11,2,0,3,0,0,0,3,0,0,0,0,0.5,0.1923,3.6424,2.4131,0,0,1,1,0,0,1,0,0,0,0,0,0,-1
25,5,8,0,1,0,0,0,3,0,0,0,0,0.0,0.8,3.8333,1.9219,0,1,0,0,0,0,0,0,0,0,0,0,0,-1
33,13,13,0,4,0,0,0,4,0,0,0,0,0.303,0.4242,4.3777,3.027,0,0,1,0,0,0,1,0,0,0,0,0,0,-1
29,14,2,0,3,0,0,0,3,0,0,0,0,0.5517,0.1724,3.7194,2.6456,0,0,1,1,0,0,1,0,0,0,0,0,0,-1
29,10,0,6,1,0,0,0,2,1,0,0,1,0.0345,0.7586,4.3492,3.1219,0,1,0,0,0,0,0,0,0,0,0,0,0,-1
25,7,7,0,1,0,0,0,3,0,0,0,0,0.0,0.8,3.8635,2.8074,0,1,0,0,0,0,0,0,0,0,0,0,0,-1
34,14,7,0,4,0,0,0,3,0,0,0,0,0.4706,0.2647,3.8444,2.217,0,0,1,1,0,0,1,0,0,0,0,0,0,-1
33,5,7,8,1,1,0,0,3,1,0,0,1,0.0,0.7576,4.2485,2.3219,0,1,0,0,0,0,0,0,0,0,0,0,0,-1
28,7,9,0,1,1,0,0,3,0,0,0,0,0.0,0.7857,4.0836,2.1281,0,1,0,0,0,0,0,0,0,0,0,0,0,-1
32,4,16,0,1,0,0,0,4,0,0,0,0,0.0,0.8125,4.0542,2.0,0,1,0,0,0,0,0,0,0,0,0,0,0,-1
68,9,47,0,2,4,0,0,4,0,0,0,0,0.2353,0.6029,4.5626,2.9477,0,0,0,0,0,0,0,0,0,1,1,0,0,-1
24,7,5,0,1,0,0,0,3,0,0,0,0,0.0,0.7917,3.6887,2.5216,0,1,0,0,0,0,0,0,0,0,0,0,0,-1
28,2,14,0,1,0,0,0,4,0,0,0,0,0.1429,0.6429,4.1375,1.0,0,1,0,0,0,0,0,0,0,0,0,0,0,-1
32,5,15,0,1,0,0,0,4,0,0,0,0,0.0312,0.7812,4.1403,2.3219,0,1,0,0,0,0,1,0,0,0,0,0,0,-1
34,14,13,0,3,0,0,0,4,0,0,0,0,0.3529,0.4118,4.1019,2.9852,0,0,1,0,0,0,1,0,0,0,0,0,0,-1
15,3,0,0,1,0,0,0,2,0,0,0,0,0.0,0.7333,3.2402,0.9183,0,1,0,0,0,0,0,0,0,0,0,0,0,-1
35,15,7,0,4,0,0,0,3,0,0,0,0,0.4857,0.2571,3.7719,2.4729,0,0,1,1,0,0,1,0,0,0,0,0,0,-1
44,14,23,0,4,0,0,0,4,0,0,0,0,0.25,0.5455,4.3171,2.7885,0,0,1,0,0,0,1,0,0,0,0,0,0,-1
50,14,7,16,1,0,0,0,3,1,0,0,1,0.0,0.82,4.266,3.2359,0,1,0,0,0,0,0,0,0,0,0,0,0,-1
53,9,32,0,2,0,0,0,6,0,0,0,0,0.0189,0.8113,4.284,2.7255,0,1,0,0,0,0,0,0,0,0,0,0,0,-1
46,10,24,0,2,0,0,0,6,0,0,0,0,0.0,0.8043,4.2055,3.3219,0,0,0,0,0,0,0,0,0,1,1,0,0,-1
33,13,7,0,4,0,0,0,3,0,0,0,0,0.4545,0.2727,4.0667,2.8731,0,0,1,1,0,0,1,0,0,0,0,0,0,-1
45,13,21,0,1,0,0,0,5,0,0,0,0,0.1111,0.7333,4.1809,3.0851,0,1,0,0,0,0,0,0,0,0,0,0,0,-1
27,12,2,0,3,0,0,0,3,0,0,0,0,0.5185,0.1852,3.708,2.6887,0,0,1,1,0,0,1,0,0,0,0,0,0,-1
39,14,18,0,4,0,1,0,4,0,0,0,0,0.4872,0.2564,3.8427,2.3527,0,0,1,0,0,0,1,0,0,0,0,0,0,-1
29,14,2,0,3,0,0,0,3,0,0,0,0,0.5517,0.1724,3.4956,2.6456,0,0,1,1,0,0,1,0,0,0,0,0,0,-1
30,14,9,0,4,0,0,0,3,0,0,0,0,0.3667,0.3667,3.9232,2.5567,0,0,1,0,0,0,1,0,0,0,0,0,0,-1
41,6,24,0,1,0,0,0,5,0,0,0,0,0.0,0.8293,4.1018,2.585,0,1,0,0,0,0,0,0,0,0,0,0,0,-1
29,14,2,0,3,0,0,0,3,0,0,0,0,0.5517,0.1724,3.5554,2.4138,0,0,1,1,0,0,1,0,0,0,0,0,0,-1
46,11,22,0,2,0,1,0,4,0,0,0,0,0.0,0.8261,4.2348,3.0958,0,1,0,0,0,0,0,0,0,0,0,0,0,-1
31,14,10,0,3,0,0,0,4,0,0,0,0,0.3871,0.3548,3.9378,2.6995,0,0,1,0,0,0,1,0,0,0,0,0,0,-1
26,11,2,0,3,0,0,0,3,0,0,0,0,0.5,0.1923,3.7193,2.2999,0,0,1,1,0,0,1,0,0,0,0,0,0,-1
31,14,9,0,4,0,0,0,3,0,0,0,0,0.3548,0.3871,4.0424,2.8424,0,1,1,0,0,0,1,0,0,0,0,0,0,-1
44,8,7,16,1,0,0,0,3,1,0,0,1,0.0,0.8182,4.0926,2.75,0,1,0,0,0,0,0,0,0,0,0,0,0,-1
26,14,5,0,3,0,0,0,3,0,0,0,0,0.4231,0.3077,3.6322,2.306,0,0,1,0,0,0,1,0,0,0,0,0,0,-1
44,14,23,0,5,0,0,0,4,0,0,0,0,0.25,0.5227,4.1724,2.3599,0,0,1,0,0,0,1,0,0,0,0,0,0,-1
28,13,8,0,3,0,0,0,3,0,0,0,0,0.4286,0.3214,3.9852,2.6032,0,0,1,0,0,0,1,0,0,0,0,0,0,-1
50,10,28,0,1,1,0,0,4,0,0,0,0,0.0,0.86,4.2411,3.1219,0,1,0,0,0,0,0,0,0,0,0,0,0,-1
30,5,14,0,1,0,0,0,4,0,0,0,0,0.0,0.8,4.0402,1.9219,0,1,0,0,0,0,0,0,0,0,0,0,0,-1
29,14,2,0,3,0,0,0,3,0,0,0,0,0.5517,0.1724,3.7454,2.6106,0,0,1,1,0,0,1,0,0,0,0,0,0,-1
29,14,2,0,3,0,0,0,3,0,0,0,0,0.5517,0.1724,3.7883,2.7534,0,0,1,1,0,0,1,0,0,0,0,0,0,-1
28,8,9,0,1,0,0,0,3,0,0,0,0,0.0,0.8214,3.744,2.75,0,1,0,0,0,0,0,0,0,0,0,0,0,-1
30,13,10,0,4,0,0,0,3,0,0,0,0,0.3333,0.4,3.9647,2.8151,0,0,1,0,0,0,1,0,0,0,0,0,0,-1
50,6,33,0,1,3,0,0,5,0,0,0,0,0.1,0.7,4.4693,2.585,0,1,0,0,0,0,0,0,0,0,0,0,0,-1
42,14,21,0,4,0,0,0,4,0,0,0,0,0.3333,0.4524,4.336,2.8424,0,0,1,0,0,0,1,0,0,0,0,0,0,-1
33,13,7,0,4,0,0,0,3,0,0,0,0,0.4545,0.2727,3.8212,2.2878,0,0,1,1,0,0,1,0,0,0,0,0,0,-1
41,3,26,0,1,1,0,0,6,0,0,0,0,0.0,0.7805,4.0948,1.585,0,1,0,0,0,0,0,0,0,0,0,0,0,-1
36,14,15,0,4,0,0,0,4,0,0,0,0,0.3889,0.3611,4.0515,2.6456,0,0,1,0,0,0,1,0,0,0,0,0,0,-1
38,12,14,0,1,1,0,0,4,0,0,0,0,0.0,0.8158,3.9579,3.0221,0,1,0,0,0,0,0,0,0,0,0,0,0,-1
31,11,5,0,2,0,0,0,3,0,0,0,0,0.0,0.8065,4.1557,3.0958,0,1,0,0,0,0,0,0,0,0,0,0,0,-1
34,13,14,0,3,0,1,0,3,0,0,0,0,0.3529,0.4118,4.396,2.8151,0,0,1,0,0,0,1,0,0,0,0,0,0,-1
64,8,37,0,2,4,0,0,3,0,0,0,0,0.3281,0.5156,4.6869,3.0,1,1,0,0,0,0,0,0,0,0,0,0,0,-1
26,9,5,0,1,0,0,0,3,0,0,0,0,0.0,0.8077,3.6903,2.9477,0,1,0,0,0,0,0,0,0,0,0,0,0,-1
29,14,2,0,3,0,0,0,3,0,0,0,0,0.5517,0.1724,3.552,2.6106,0,0,1,1,0,0,1,0,0,0,0,0,0,-1
28,13,2,0,3,0,0,0,3,0,0,0,0,0.5357,0.1786,3.7265,2.4116,0,0,1,1,0,0,1,0,0,0,0,0,0,-1
34,14,7,0,4,0,0,0,3,0,0,0,0,0.4706,0.2647,3.9987,2.6456,0,0,1,1,0,0,1,0,0,0,0,0,0,-1
45,9,24,0,1,2,0,0,4,0,0,0,0,0.0889,0.7333,4.1445,2.5033,0,1,0,0,0,0,0,0,0,0,0,0,0,-1
38,9,17,0,1,1,0,0,4,0,0,0,0,0.0,0.8158,4.0503,3.1699,0,1,0,0,0,0,0,0,0,0,0,0,0,-1
71,6,38,14,2,1,1,0,9,1,0,0,1,0.0,0.7746,4.5255,2.585,0,1,0,0,0,0,0,0,0,0,0,0,0,-1
31,14,10,0,3,0,0,0,4,0,0,0,0,0.4194,0.3226,4.0424,2.7885,0,0,1,0,0,0,1,0,0,0,0,0,0,-1
38,12,14,0,1,0,0,0,4,0,0,0,0,0.0,0.8421,4.0503,3.085,0,1,0,0,0,0,0,0,0,0,0,0,0,-1
75,12,48,0,3,4,0,0,4,0,0,0,0,0.24,0.6,4.6311,3.0221,1,1,0,0,0,0,0,0,0,2,1,0,0,-1
50,11,27,0,1,2,0,0,5,0,0,0,0,0.12,0.7,4.4293,3.2776,0,1,0,0,0,0,0,0,0,0,0,0,0,-1
39,13,14,0,3,0,2,0,3,0,0,0,0,0.359,0.3846,4.3362,2.8151,0,0,1,1,0,0,1,0,0,0,0,0,0,-1
25,3,10,0,1,0,0,0,3,0,0,0,0,0.0,0.8,3.8937,0.9183,0,1,0,0,0,0,0,0,0,0,0,0,0,-1
24,13,4,0,3,0,0,0,3,0,0,0,0,0.4583,0.25,3.7406,2.8731,0,0,1,0,0,0,1,0,0,0,0,0,0,-1
24,13,4,0,3,0,0,0,3,0,0,0,0,0.4583,0.25,3.7406,2.8731,0,0,1,0,0,0,1,0,0,0,0,0,0,-1
36,10,14,0,1,0,0,0,4,0,0,0,0,0.1111,0.7222,4.5378,2.9219,0,1,0,0,0,0,0,0,0,0,0,0,0,-1
18,3,4,0,1,0,0,0,3,0,0,0,0,0.0,0.7222,3.4194,1.585,0,1,0,0,0,0,0,0,0,0,0,0,0,-1
29,14,7,0,4,0,0,0,3,0,0,0,0,0.3793,0.3448,3.9094,2.8424,0,1,1,0,0,0,1,0,0,0,0,0,0,-1
87,17,54,0,3,2,0,0,6,0,0,0,0,0.023,0.8391,4.5296,3.4548,1,1,0,0,0,0,0,0,0,1,1,0,0,-1
29,14,2,0,3,0,0,0,3,0,0,0,0,0.5517,0.1724,3.4126,2.217,0,0,1,1,0,0,1,0,0,0,0,0,0,-1
59,5,37,0,2,4,0,0,3,0,0,0,0,0.3898,0.4407,4.4355,2.3219,1,1,0,0,0,0,0,0,0,0,0,0,0,-1
26,5,9,0,1,0,0,0,3,0,0,0,0,0.0,0.8077,3.8441,2.3219,0,1,0,0,0,0,0,0,0,0,0,0,0,-1
47,8,7,16,1,0,0,0,3,1,0,0,1,0.0,0.8298,4.1739,3.0,0,1,0,0,0,0,0,0,0,0,0,0,0,-1
29,8,9,0,1,1,0,0,3,0,0,0,0,0.0,0.7931,3.9489,2.75,0,1,0,0,0,0,0,0,0,0,0,0,0,-1
32,5,7,0,3,0,0,0,3,0,0,0,0,0.0312,0.75,4.3667,2.3219,2,0,0,0,0,0,0,0,0,0,0,0,0,-1
90,31,47,0,2,8,0,0,4,0,0,0,0,0.2333,0.6,4.7776,3.6923,0,0,0,0,0,0,0,0,0,1,1,0,0,-1
37,14,11,0,4,0,1,0,3,0,0,0,0,0.5135,0.2162,3.9723,2.9852,0,0,1,1,0,0,1,0,0,0,0,0,0,-1
27,0,14,0,1,0,0,0,4,0,0,0,0,0.0,0.7778,3.736,0.0,0,1,0,0,0,0,0,0,0,0,0,0,0,-1
38,10,14,0,2,0,0,0,4,0,0,0,0,0.0526,0.7632,4.2936,3.3219,0,1,0,0,0,0,1,0,0,0,0,0,0,-1
31,7,12,0,1,0,0,0,3,0,0,0,0,0.0,0.8387,3.926,2.8074,0,1,0,0,0,0,0,0,0,0,0,0,0,-1
21,3,6,0,1,0,0,0,3,0,0,0,0,0.0,0.7619,3.7849,1.585,0,1,0,0,0,0,0,0,0,0,0,0,0,-1
28,5,5,0,2,0,0,0,3,0,0,0,0,0.0,0.7857,3.8249,1.9219,1,1,0,0,0,0,0,0,0,0,0,0,0,-1
28,13,2,0,3,0,0,0,3,0,0,0,0,0.5357,0.1786,3.744,2.8151,0,0,1,1,0,0,1,0,0,0,0,0,0,-1
76,6,58,0,2,0,1,0,9,0,0,0,0,0.0526,0.7763,4.7128,2.585,0,1,0,0,0,0,0,0,0,1,1,0,0,-1
30,12,6,0,1,0,0,0,3,0,0,0,0,0.0,0.8333,3.8314,3.085,0,1,0,0,0,0,0,0,0,0,0,0,0,-1
30,4,14,0,1,0,0,0,4,0,0,0,0,0.1667,0.6333,4.3069,2.0,0,1,0,0,0,0,0,0,0,0,0,0,0,-1
35,5,10,0,4,0,0,0,3,0,0,0,0,0.0,0.7714,4.0716,2.3219,2,0,0,0,0,0,0,0,0,0,0,0,0,-1
34,14,7,0,4,0,0,0,3,0,0,0,0,0.4706,0.2647,3.9987,2.6995,0,0,1,1,0,0,1,0,0,0,0,0,0,-1
23,6,5,0,1,0,0,0,3,0,0,0,0,0.0,0.7826,3.8492,2.585,0,1,0,0,0,0,0,0,0,0,0,0,0,-1
33,13,7,0,4,0,0,0,3,0,0,0,0,0.4545,0.2727,4.0061,2.6612,0,0,1,1,0,0,1,0,0,0,0,0,0,-1
34,14,7,0,4,0,0,0,3,0,0,0,0,0.4706,0.2647,3.9369,2.6106,0,0,1,1,0,0,1,0,0,0,0,0,0,-1
34,14,7,0,4,0,0,0,3,0,0,0,0,0.4706,0.2647,3.9176,2.6456,0,0,1,1,0,0,1,0,0,0,0,0,0,-1
39,11,16,0,1,0,0,0,4,0,0,0,0,0.0,0.8462,4.0478,3.0958,0,1,0,0,0,0,0,0,0,0,0,0,0,-1
40,4,24,0,1,2,0,0,4,0,0,0,0,0.1,0.7,4.1817,2.0,0,1,0,0,0,0,0,0,0,0,0,0,0,-1
28,14,7,0,3,0,0,0,3,0,0,0,0,0.4286,0.3214,3.7709,2.7885,0,0,1,0,0,0,1,0,0,0,0,0,0,-1
25,14,4,0,3,0,0,0,4,0,0,0,0,0.48,0.2,3.4635,2.5567,0,0,1,0,0,0,1,0,0,0,0,0,0,-1
36,6,7,10,1,0,0,0,3,1,0,0,1,0.0,0.8056,4.128,2.2516,0,1,0,0,0,0,0,0,0,0,0,0,0,-1
37,13,12,0,4,0,1,0,3,0,0,0,0,0.4054,0.3243,4.0237,2.7193,0,0,1,1,0,0,1,0,0,0,0,0,0,-1
34,8,14,0,1,0,0,0,4,0,0,0,0,0.0,0.8235,3.8666,2.75,0,1,0,0,0,0,0,0,0,0,0,0,0,-1
30,11,7,0,1,0,0,0,3,0,0,0,0,0.0,0.8333,3.8029,2.2999,0,1,0,0,0,0,0,0,0,0,0,0,0,-1
50,13,14,10,1,0,2,0,4,1,0,0,1,0.14,0.66,4.7684,3.3927,0,1,0,0,0,0,0,0,0,0,0,0,0,-1
86,14,48,0,3,4,0,0,4,0,0,0,0,0.2674,0.593,4.7645,3.3249,1,1,0,0,0,0,0,0,0,0,0,0,0,-1
35,14,14,0,5,0,0,0,3,0,0,0,0,0.3429,0.4,4.1259,2.7534,0,0,1,0,0,0,1,0,0,0,0,0,0,-1
71,6,1,42,2,4,0,0,3,1,0,0,1,0.2958,0.5352,4.8414,2.2516,1,1,0,0,0,0,0,0,0,0,0,0,0,-1
39,5,0,21,1,0,0,0,2,2,1,0,1,0.0,0.7949,4.3043,1.9219,0,1,0,0,0,0,0,0,0,0,0,0,0,-1
35,13,15,0,4,0,0,0,3,0,0,0,0,0.2857,0.4857,4.2074,2.8731,0,0,1,0,0,0,1,0,0,0,0,0,0,-1
32,12,7,0,4,0,0,0,3,0,0,0,0,0.4375,0.2812,3.8903,2.3554,0,0,1,1,0,0,1,0,0,0,0,0,0,-1
25,13,5,0,3,0,0,0,3,0,0,0,0,0.44,0.28,3.7533,2.8731,0,0,1,0,0,0,1,0,0,0,0,0,0,-1
25,8,5,0,1,0,0,0,3,0,0,0,0,0.0,0.8,3.6235,2.4056,0,1,0,0,0,0,0,0,0,0,0,0,0,-1
38,3,24,0,1,2,0,0,4,0,0,0,0,0.1053,0.6842,4.0606,1.585,0,1,0,0,0,0,0,0,0,0,0,0,0,-1
28,8,8,0,1,0,0,0,3,0,0,0,0,0.0,0.8214,4.0391,3.0,0,1,0,0,0,0,0,0,0,0,0,0,0,-1
22,2,8,0,1,0,0,0,3,0,0,0,0,0.0,0.7727,3.3342,1.0,0,1,0,0,0,0,0,0,0,0,0,0,0,-1
25,11,7,0,3,0,0,0,3,0,0,0,0,0.44,0.28,3.7835,2.5949,0,0,1,0,0,0,1,0,0,0,0,0,0,-1
27,12,2,0,3,0,0,0,3,0,0,0,0,0.5185,0.1852,3.7542,2.6258,0,0,1,1,0,0,1,0,0,0,0,0,0,-1
24,3,9,0,1,0,0,0,4,0,0,0,0,0.0,0.75,3.835,1.585,0,1,0,0,0,0,0,0,0,0,0,0,0,-1
34,14,7,0,4,0,0,0,3,0,0,0,0,0.4706,0.2647,3.9842,2.7534,0,0,1,1,0,0,1,0,0,0,0,0,0,-1
24,3,9,0,1,0,0,0,3,0,0,0,0,0.0,0.7917,3.6054,1.585,0,1,0,0,0,0,0,0,0,0,0,0,0,-1
34,6,2,13,1,0,0,0,3,1,0,0,1,0.0,0.7647,4.1134,2.585,0,1,0,0,0,0,0,0,0,0,0,0,0,-1
79,19,47,0,2,4,0,0,4,0,0,0,0,0.2785,0.5823,4.8872,3.4264,0,1,0,0,0,0,0,0,0,1,1,0,0,-1
32,12,7,0,4,0,0,0,3,0,0,0,0,0.4375,0.2812,3.84,2.3962,0,0,1,1,0,0,1,0,0,0,0,0,0,-1
23,5,6,0,1,0,0,0,3,0,0,0,0,0.0,0.7826,4.056,2.3219,0,1,0,0,0,0,0,0,0,0,0,0,0,-1
23,5,6,0,1,0,0,0,3,0,0,0,0,0.0,0.7826,3.5884,1.9219,0,1,0,0,0,0,0,0,0,0,0,0,0,-1
33,13,7,0,4,0,0,0,3,0,0,0,0,0.4545,0.2727,4.0061,2.8151,0,0,1,1,0,0,1,0,0,0,0,0,0,-1
40,15,18,0,4,0,1,0,4,0,0,0,0,0.5,0.25,4.0153,2.9232,0,0,1,0,0,0,1,0,0,0,0,0,0,-1
35,7,17,0,1,0,0,0,4,0,0,0,0,0.0,0.8286,4.1579,2.5216,0,1,0,0,0,0,0,0,0,0,0,0,0,-1
24,6,6,0,1,0,0,0,3,0,0,0,0,0.0,0.7917,4.0535,2.2516,0,1,0,0,0,0,0,0,0,1,1,0,0,-1
24,4,5,0,2,0,0,0,3,0,0,0,0,0.0,0.75,3.8554,2.0,0,1,0,0,0,0,0,0,0,0,0,0,0,-1
24,4,9,0,1,0,0,0,3,0,0,0,0,0.0,0.7917,3.8868,2.0,0,1,0,0,0,0,0,0,0,0,0,0,0,-1
30,15,2,0,3,0,0,0,3,0,0,0,0,0.5667,0.1667,3.6193,2.4989,0,0,1,1,0,0,1,0,0,0,0,0,0,-1
29,14,2,0,3,0,0,0,3,0,0,0,0,0.5517,0.1724,3.5766,2.217,0,0,1,1,0,0,1,0,0,0,0,0,0,-1
34,14,7,0,4,0,0,0,3,0,0,0,0,0.4706,0.2647,4.0575,2.7885,0,0,1,1,0,0,1,0,0,0,0,0,0,-1
32,6,14,0,1,0,0,0,4,0,0,0,0,0.125,0.6875,4.2889,1.9183,0,1,0,0,0,0,0,0,0,0,0,0,0,-1
29,4,10,0,2,0,0,0,3,0,0,0,0,0.0,0.7931,4.0044,1.5,0,1,0,0,0,0,0,0,0,0,0,0,0,-1
30,6,12,0,1,0,0,0,3,0,0,0,0,0.0,0.8333,3.9614,2.585,0,1,0,0,0,0,0,0,0,0,0,0,0,-1
64,6,37,0,2,4,0,0,3,0,0,0,0,0.2969,0.5469,4.51,1.585,1,1,0,0,0,0,0,0,0,0,0,0,0,-1
27,10,5,0,1,0,0,0,3,0,0,0,0,0.0,0.8148,3.6619,2.7219,0,1,0,0,0,0,0,0,0,0,0,0,0,-1
50,8,27,0,2,2,0,0,5,0,0,0,0,0.12,0.68,4.4864,2.5,1,1,0,0,0,0,0,0,0,0,0,1,0,-1
87,12,48,0,3,4,0,0,4,0,0,0,0,0.2069,0.6552,4.6663,3.0221,1,1,0,0,0,0,0,0,0,1,1,0,0,-1
33,13,8,0,4,0,0,0,3,0,0,0,0,0.4242,0.303,3.9424,2.7193,0,0,1,1,0,0,1,0,0,0,0,0,0,-1
39,17,11,0,1,0,0,0,4,0,0,0,0,0.0,0.8462,3.8495,3.3372,0,1,0,0,0,0,0,0,0,0,0,0,0,-1
26,4,10,0,1,0,0,0,3,0,0,0,0,0.0,0.8077,3.6903,1.5,0,1,0,0,0,0,0,0,0,0,0,0,0,-1
28,13,2,0,3,0,0,0,3,0,0,0,0,0.5357,0.1786,3.7534,2.8731,0,0,1,1,0,0,1,0,0,0,0,0,0,-1
34,7,7,0,3,0,0,0,3,0,0,0,0,0.0,0.7941,3.9764,2.5216,1,0,0,0,0,0,0,0,0,0,0,0,0,-1
59,5,37,0,2,4,0,0,3,0,0,0,0,0.2712,0.5593,4.6298,2.3219,1,1,0,0,0,0,0,0,0,0,0,0,0,-1
65,10,37,0,2,4,0,0,3,0,0,0,0,0.2923,0.5538,4.7355,2.6464,1,1,0,0,0,0,0,0,0,0,0,0,0,-1
51,15,7,16,1,0,0,0,3,1,0,0,1,0.0,0.8235,4.2804,3.3232,0,1,0,0,0,0,0,0,0,0,0,0,0,-1
31,14,10,0,4,0,0,0,3,0,0,0,0,0.4194,0.3226,4.0668,2.7534,0,0,1,0,0,0,1,0,0,0,0,0,0,-1
32,12,7,0,4,0,0,0,3,0,0,0,0,0.4375,0.2812,3.8278,2.6258,0,0,1,1,0,0,1,0,0,0,0,0,0,-1
28,11,5,0,1,0,0,0,3,0,0,0,0,0.0,0.8214,3.6281,2.6635,0,1,0,0,0,0,0,0,0,0,0,0,0,-1
44,9,7,16,1,0,0,0,3,1,0,0,1,0.0,0.8182,4.2827,2.7255,0,1,0,0,0,0,0,0,0,0,0,0,0,-1
25,14,4,0,3,0,0,0,3,0,0,0,0,0.48,0.24,3.5329,2.306,0,0,1,0,0,0,1,0,0,0,0,0,0,-1
31,4,15,0,1,0,0,0,4,0,0,0,0,0.0,0.8065,4.0668,2.0,0,1,0,0,0,0,0,0,0,0,0,0,0,-1
36,8,2,13,1,0,0,0,3,1,0,0,1,0.0,0.7778,4.1042,3.0,0,1,0,0,0,0,0,0,0,0,0,0,0,-1
32,12,7,0,4,0,0,0,3,0,0,0,0,0.4375,0.2812,3.9292,2.4591,0,0,1,1,0,0,1,0,0,0,0,0,0,-1
30,9,9,0,1,0,0,0,3,0,0,0,0,0.0,0.8333,3.9144,2.7255,0,1,0,0,0,0,0,0,0,0,0,0,0,-1
34,14,7,0,4,0,0,0,3,0,0,0,0,0.4706,0.2647,3.7856,2.4138,0,0,1,1,0,0,1,0,0,0,0,0,0,-1
39,9,16,0,2,0,0,0,4,0,0,0,0,0.0,0.8205,4.1504,2.5033,0,1,0,0,0,0,0,0,0,0,0,0,0,-1
24,6,0,6,1,0,0,0,2,1,0,0,1,0.0417,0.7083,3.9183,2.2516,0,1,0,0,0,0,0,0,0,1,1,1,1,-1
69,2,18,0,3,1,0,0,3,0,0,0,0,0.3768,0.5072,4.7404,1.0,1,1,0,0,0,0,1,0,0,0,0,0,0,-1
34,14,7,0,4,0,0,0,3,0,0,0,0,0.4706,0.2647,4.0209,2.6456,0,0,1,1,0,0,1,0,0,0,0,0,0,-1
32,12,7,0,4,0,0,0,3,0,0,0,0,0.4375,0.2812,3.9056,2.4591,0,0,1,1,0,0,1,0,0,0,0,0,0,-1
24,13,4,0,3,0,0,0,3,0,0,0,0,0.4583,0.25,3.7721,2.8731,0,0,1,0,0,0,1,0,0,0,0,0,0,-1
26,5,9,0,1,0,0,0,3,0,0,0,0,0.0,0.8077,3.7672,1.5219,0,1,0,0,0,0,0,0,0,0,0,0,0,-1
26,6,8,0,1,0,0,0,3,0,0,0,0,0.0,0.8077,3.7962,2.585,0,1,0,0,0,0,0,0,0,0,0,0,0,-1
47,15,20,0,2,0,0,0,5,0,0,0,0,0.0213,0.8085,4.0497,3.1899,0,1,0,0,0,0,0,0,0,1,1,0,0,-1
30,11,12,0,3,0,1,0,4,0,0,0,0,0.4,0.3,4.0566,2.8454,0,0,1,0,0,0,1,0,0,0,0,0,0,-1
30,4,14,0,1,0,0,0,4,0,0,0,0,0.0,0.8,4.0151,2.0,0,1,0,0,0,0,0,0,0,0,0,0,0,-1
63,11,40,0,1,4,0,0,4,0,0,0,0,0.254,0.5873,4.5918,2.6635,0,1,0,0,0,0,0,0,0,0,0,0,0,-1
23,7,5,0,1,0,0,0,3,0,0,0,0,0.0,0.7826,3.6425,2.5216,0,1,0,0,0,0,0,0,0,0,0,0,0,-1
45,12,21,0,1,0,0,0,5,0,0,0,0,0.1111,0.7333,4.3201,3.1887,0,1,0,0,0,0,0,0,0,0,0,0,0,-1
27,12,2,0,3,0,0,0,3,0,0,0,0,0.5185,0.1852,3.5138,2.5221,0,0,1,1,0,0,1,0,0,0,0,0,0,-1
27,8,7,0,1,0,0,0,3,0,0,0,0,0.0,0.8148,3.8101,2.75,0,1,0,0,0,0,0,0,0,0,0,0,0,-1
80,13,48,0,3,4,0,0,4,0,0,0,0,0.225,0.625,4.6807,3.3927,1,1,0,0,0,0,0,0,0,1,1,0,0,-1
35,8,16,0,1,0,0,0,4,0,0,0,0,0.0,0.8286,3.9649,2.5,0,1,0,0,0,0,0,0,0,0,0,0,0,-1
32,12,7,0,4,0,0,0,3,0,0,0,0,0.4375,0.2812,3.9917,2.6258,0,0,1,1,0,0,1,0,0,0,0,0,0,-1
41,12,17,0,2,0,0,0,3,0,0,0,0,0.0,0.8537,3.7901,2.8554,0,1,0,0,0,0,0,0,0,0,0,0,0,-1
24,3,10,0,1,0,0,0,3,0,0,0,0,0.0,0.7917,3.6887,1.585,0,1,0,0,0,0,0,0,0,0,0,0,0,-1
25,6,7,0,1,0,0,0,3,0,0,0,0,0.0,0.8,4.0537,2.2516,0,1,0,0,0,0,0,0,0,0,0,0,0,-1
25,14,4,0,3,0,0,0,3,0,0,0,0,0.44,0.28,3.5631,2.6995,0,0,1,0,0,0,1,0,0,0,0,0,0,-1
89,6,71,0,2,3,0,0,9,0,0,0,0,0.0337,0.7978,4.3071,2.585,0,1,0,0,0,0,0,0,0,0,0,0,0,-1
34,14,7,0,4,0,0,0,3,0,0,0,0,0.4706,0.2647,3.9254,2.6106,0,0,1,1,0,0,1,0,0,0,0,0,0,-1
25,13,5,0,3,0,0,0,3,0,0,0,0,0.4,0.32,3.9435,2.8731,0,0,1,0,0,0,1,0,0,0,0,0,0,-1
56,14,34,0,5,0,0,0,4,0,0,0,0,0.1964,0.625,4.3567,2.8424,0,1,1,0,0,0,1,0,0,0,0,0,0,-1
29,2,5,0,2,0,0,0,3,0,0,0,0,0.0345,0.7586,4.0473,1.0,1,1,0,0,0,0,1,0,0,0,0,0,0,-1
84,10,50,0,3,4,0,0,4,0,0,0,0,0.1905,0.6667,4.718,3.3219,1,1,0,0,0,0,0,0,0,1,1,0,0,-1
48,12,24,0,1,2,0,0,4,0,0,0,0,0.0833,0.75,4.2385,3.2516,0,1,0,0,0,0,0,0,0,0,0,0,0,-1
26,2,9,0,2,0,0,0,3,0,0,0,0,0.0,0.7692,3.8441,1.0,0,1,0,0,0,0,0,0,0,0,0,0,0,-1
21,3,6,0,1,0,0,0,3,0,0,0,0,0.0,0.7619,3.5945,1.585,0,1,0,0,0,0,0,0,0,0,0,0,0,-1
43,11,22,0,2,0,0,0,5,0,0,0,0,0.0698,0.7442,4.4349,3.0958,0,0,0,0,0,0,1,0,0,0,0,0,0,-1
25,13,5,0,3,0,0,0,3,0,0,0,0,0.48,0.24,3.7533,2.8731,0,0,1,0,0,0,1,0,0,0,0,0,0,-1
44,10,18,0,2,0,0,0,4,0,0,0,0,0.0909,0.7273,4.2522,2.7219,0,0,0,1,0,0,0,0,0,0,0,0,0,-1
33,13,7,0,4,0,0,0,3,0,0,0,0,0.4545,0.2727,4.0896,3.027,0,0,1,1,0,0,1,0,0,0,0,0,0,-1
28,13,2,0,3,0,0,0,3,0,0,0,0,0.5357,0.1786,3.682,2.8731,0,0,1,1,0,0,1,0,0,0,0,0,0,-1
85,23,47,0,2,4,0,0,4,0,0,0,0,0.2706,0.6,4.6916,3.6212,0,1,0,0,0,0,0,0,0,1,1,0,0,-1
40,9,21,0,2,0,0,0,5,0,0,0,0,0.075,0.725,4.3751,3.1699,0,0,0,0,0,0,1,0,0,0,0,0,0,-1
46,14,18,0,3,0,0,0,3,0,0,0,0,0.0,0.8478,4.0693,3.2359,1,0,0,0,0,0,0,0,0,0,0,0,0,-1
45,8,14,10,1,0,2,0,4,1,0,0,1,0.1556,0.6222,4.7472,2.5,0,1,0,0,0,0,0,0,0,0,0,0,0,-1
29,11,6,0,1,0,0,0,3,0,0,0,0,0.0,0.8276,3.9263,3.2776,0,1,0,0,0,0,0,0,0,0,0,0,0,-1
27,12,2,0,3,0,0,0,3,0,0,0,0,0.5185,0.1852,3.8101,2.6258,0,0,1,1,0,0,1,0,0,0,0,0,0,-1
37,7,19,0,1,1,0,0,5,0,0,0,0,0.0,0.7838,3.9129,2.1281,0,1,0,0,0,0,0,0,0,0,0,0,0,-1
34,14,7,0,4,0,0,0,3,0,0,0,0,0.4706,0.2647,3.8414,2.6106,0,0,1,1,0,0,1,0,0,0,0,0,0,-1
23,6,6,0,1,1,0,0,3,0,0,0,0,0.0,0.7391,3.8492,2.585,0,1,0,0,0,0,0,0,0,0,0,0,0,-1
36,12,12,0,1,0,0,0,4,0,0,0,0,0.1111,0.7222,4.1835,2.9183,0,1,0,0,0,0,0,0,0,0,0,0,0,-1
30,15,2,0,3,0,0,0,3,0,0,0,0,0.5667,0.1667,3.4826,2.5493,0,0,1,1,0,0,1,0,0,0,0,0,0,-1
25,11,7,0,3,0,0,0,3,0,0,0,0,0.48,0.24,3.8333,2.5949,0,0,1,0,0,0,1,0,0,0,0,0,0,-1
41,12,8,0,3,0,0,0,3,0,0,0,0,0.0,0.8293,4.0763,3.0221,1,0,0,0,0,0,0,0,0,0,0,0,0,-1
29,3,14,0,1,0,0,0,4,0,0,0,0,0.0,0.7931,3.9783,1.585,0,1,0,0,0,0,0,0,0,0,0,0,0,-1
28,13,2,0,3,0,0,0,3,0,0,0,0,0.5357,0.1786,3.655,2.7193,0,0,1,1,0,0,1,0,0,0,0,0,0,-1
31,7,12,0,1,0,0,0,4,0,0,0,0,0.0968,0.7097,4.2202,2.2359,0,1,0,0,0,0,0,0,0,0,0,0,0,-1
29,8,0,6,2,0,0,0,2,1,0,0,1,0.0345,0.7241,4.0902,2.75,0,1,0,0,0,0,0,0,0,0,0,0,0,-1
28,15,6,0,4,0,0,0,3,0,0,0,0,0.4286,0.2857,3.7229,2.5493,0,0,1,0,0,0,1,0,0,0,0,0,0,-1
23,7,5,0,1,0,0,0,3,0,0,0,0,0.0,0.7826,3.7951,2.5216,0,1,0,0,0,0,0,0,0,0,0,0,0,-1
33,14,12,0,5,0,0,0,3,0,0,0,0,0.3333,0.3939,3.995,2.7885,0,0,1,0,0,0,1,0,0,0,0,0,0,-1
29,5,10,0,2,0,0,0,3,0,0,0,0,0.0,0.7931,3.9523,1.9219,0,1,0,0,0,0,0,0,0,0,0,0,0,-1
27,6,9,0,1,0,0,0,3,0,0,0,0,0.0,0.8148,3.838,2.585,0,1,0,0,0,0,0,0,0,0,0,0,0,-1
31,5,14,0,1,0,0,0,4,0,0,0,0,0.0323,0.7742,3.741,2.3219,0,1,0,0,0,0,1,0,0,0,0,0,0,-1
29,14,2,0,3,0,0,0,3,0,0,0,0,0.5517,0.1724,3.7454,2.9852,0,0,1,1,0,0,1,0,0,0,0,0,0,-1
28,10,5,0,3,0,0,0,3,0,0,0,0,0.4286,0.2857,3.7265,2.371,0,0,1,1,0,0,1,0,0,0,0,0,0,-1
24,6,7,0,1,0,0,0,3,0,0,0,0,0.0,0.7917,3.6054,1.9183,0,1,0,0,0,0,0,0,0,1,1,1,1,-1
35,10,13,0,1,0,0,0,4,0,0,0,0,0.0857,0.7429,4.1859,3.1219,0,1,0,0,0,0,1,0,0,0,0,0,0,-1
30,15,2,0,3,0,0,0,3,0,0,0,0,0.5667,0.1667,3.7111,2.6062,0,0,1,1,0,0,1,0,0,0,0,0,0,-1
31,10,9,0,1,0,0,0,3,0,0,0,0,0.0,0.8387,4.0582,2.9219,0,1,0,0,0,0,0,0,0,0,0,0,0,-1
31,5,14,0,1,0,0,0,3,0,0,0,0,0.0,0.8387,3.8489,2.3219,0,1,0,0,0,0,0,0,0,0,0,0,0,-1
27,4,11,0,2,0,0,0,3,0,0,0,0,0.0,0.7778,4.0323,2.0,0,1,0,0,0,0,0,0,0,0,0,0,0,-1
35,15,7,0,4,0,0,0,3,0,0,0,0,0.4857,0.2571,3.8074,2.2892,0,0,1,1,0,0,1,0,0,0,0,0,0,-1
24,13,4,0,3,0,0,0,3,0,0,0,0,0.4583,0.25,3.6887,2.8731,0,0,1,0,0,0,1,0,0,0,0,0,0,-1
28,13,2,0,3,0,0,0,3,0,0,0,0,0.5357,0.1786,3.5567,2.4116,0,0,1,1,0,0,1,0,0,0,0,0,0,-1
28,13,2,0,3,0,0,0,3,0,0,0,0,0.5357,0.1786,3.682,2.5654,0,0,1,1,0,0,1,0,0,0,0,0,0,-1
30,11,8,0,1,1,0,0,3,0,0,0,0,0.0,0.8,3.7144,3.0958,0,1,0,0,0,0,0,0,0,0,0,0,0,-1
27,12,2,0,3,0,0,0,3,0,0,0,0,0.5185,0.1852,3.7821,2.6258,0,0,1,1,0,0,1,0,0,0,0,0,0,-1
27,7,0,7,1,0,0,0,2,1,0,0,1,0.0,0.7778,4.0603,2.5216,0,1,0,0,0,0,0,0,0,0,0,0,0,-1
29,7,10,0,1,0,0,0,3,0,0,0,0,0.1034,0.7241,3.9094,2.8074,0,1,0,0,0,0,1,0,0,0,0,0,0,-1
35,12,16,0,4,0,0,0,4,0,0,0,0,0.2571,0.4857,4.1007,2.8554,0,0,1,0,0,0,1,0,0,0,0,0,0,-1
25,8,5,0,1,0,0,0,3,0,0,0,0,0.0,0.8,3.7835,2.5,0,1,0,0,0,0,0,0,0,0,0,0,0,-1
37,9,2,13,1,0,0,0,3,1,0,0,1,0.0,0.7838,4.0777,2.6416,0,1,0,0,0,0,0,0,0,0,0,0,0,-1
35,14,9,0,1,0,0,0,3,0,0,0,0,0.0,0.8571,3.9002,3.2359,0,1,0,0,0,0,0,0,0,0,0,0,0,-1
26,8,6,0,1,0,0,0,3,0,0,0,0,0.0,0.8077,3.8441,3.0,0,1,0,0,0,0,0,0,0,0,0,0,0,-1
37,19,6,0,1,0,0,0,3,0,0,0,0,0.0,0.8649,3.99,3.3006,0,1,0,0,0,0,0,0,0,0,0,0,0,-1
43,11,20,0,2,1,0,0,5,0,0,0,0,0.0233,0.7674,4.0429,2.914,0,1,0,0,0,0,0,0,0,1,1,0,0,-1
25,11,7,0,3,0,0,0,3,0,0,0,0,0.4,0.32,3.7835,2.5949,0,0,1,0,0,0,1,0,0,0,0,0,0,-1
35,11,12,0,1,0,0,0,3,0,0,0,0,0.0,0.8571,3.7818,2.6635,0,1,0,0,0,0,0,0,0,0,0,0,0,-1
30,10,0,7,1,0,0,0,2,1,0,0,1,0.0,0.8,4.0151,2.9219,0,1,0,0,0,0,0,0,0,0,0,0,0,-1
71,6,38,14,2,1,1,0,9,1,0,0,1,0.0,0.7746,4.5296,2.585,0,1,0,0,0,0,0,0,0,0,0,0,0,-1
30,10,8,0,1,0,0,0,3,0,0,0,0,0.0,0.8333,4.0062,3.1219,0,1,0,0,0,0,0,0,0,0,0,0,0,-1
30,14,9,0,3,0,0,0,4,0,0,0,0,0.4333,0.3,4.0314,2.8424,0,0,1,0,0,0,1,0,0,0,0,0,0,-1
44,10,0,21,1,0,0,0,2,2,1,0,1,0.0,0.8182,4.4474,3.1219,0,1,0,0,0,0,0,0,0,0,0,0,0,-1
25,11,7,0,3,0,0,0,3,0,0,0,0,0.48,0.24,3.7533,2.5949,0,0,1,0,0,0,1,0,0,0,0,0,0,-1
34,13,14,0,3,0,1,0,4,0,0,0,0,0.2941,0.4412,4.0797,2.6612,0,0,1,0,0,0,1,0,0,0,0,0,0,-1
45,15,23,0,4,0,0,0,4,0,0,0,0,0.2667,0.5333,4.364,2.9232,0,0,1,0,0,0,1,0,0,0,0,0,0,-1
34,14,7,0,4,0,0,0,3,0,0,0,0,0.4706,0.2647,3.9842,2.7534,0,0,1,1,0,0,1,0,0,0,0,0,0,-1
32,12,7,0,4,0,0,0,3,0,0,0,0,0.4375,0.2812,3.9056,2.4591,0,0,1,1,0,0,1,0,0,0,0,0,0,-1
22,13,2,0,3,0,0,0,3,0,0,0,0,0.4545,0.2273,3.6635,2.8731,0,0,1,0,0,0,1,0,0,0,0,0,0,-1
27,12,2,0,3,0,0,0,3,0,0,0,0,0.5185,0.1852,3.8101,2.8554,0,0,1,1,0,0,1,0,0,0,0,0,0,-1
29,8,10,0,1,0,0,0,3,0,0,0,0,0.0345,0.7931,3.8833,3.0,0,1,0,0,0,0,1,0,0,0,0,0,0,-1
32,12,7,0,4,0,0,0,3,0,0,0,0,0.4375,0.2812,3.8903,2.3962,0,0,1,1,0,0,1,0,0,0,0,0,0,-1
32,11,0,7,1,0,0,0,2,1,0,0,1,0.0,0.8125,3.8636,2.914,0,1,0,0,0,0,0,0,0,0,0,0,0,-1
27,12,2,0,3,0,0,0,3,0,0,0,0,0.5185,0.1852,3.3983,2.4591,0,0,1,1,0,0,1,0,0,0,0,0,0,-1
27,12,2,0,3,0,0,0,3,0,0,0,0,0.5185,0.1852,3.736,2.8554,0,0,1,1,0,0,1,0,0,0,0,0,0,-1
21,3,4,0,2,0,0,0,3,0,0,0,0,0.0,0.7143,3.5945,0.9183,0,1,0,0,0,0,0,0,0,0,0,0,0,-1
24,5,0,6,1,0,0,0,2,1,0,0,1,0.0417,0.7083,3.9702,1.9219,0,1,0,0,0,0,0,0,0,0,0,0,0,-1
52,6,11,0,3,0,0,0,3,0,0,0,0,0.0,0.8654,3.9081,2.2516,1,0,0,0,0,0,0,0,1,0,0,0,0,-1
31,8,12,0,2,0,1,0,3,0,0,0,0,0.0,0.7742,4.1958,2.75,0,0,0,0,0,0,0,0,0,0,0,0,0,-1
29,14,2,0,3,0,0,0,3,0,0,0,0,0.5517,0.1724,3.7454,2.7534,0,0,1,1,0,0,1,0,0,0,0,0,0,-1
31,11,8,0,1,0,0,0,3,0,0,0,0,0.0,0.8387,3.9536,3.2776,0,1,0,0,0,0,0,0,0,0,0,0,0,-1
20,5,4,0,1,0,0,0,3,0,0,0,0,0.0,0.75,3.5842,1.9219,0,1,0,0,0,0,0,0,0,0,0,0,0,-1
29,13,9,0,4,0,0,0,3,0,0,0,0,0.4138,0.3103,4.0473,2.9689,0,0,1,0,0,0,1,0,0,0,0,0,0,-1
33,13,7,0,4,0,0,0,3,0,0,0,0,0.4545,0.2727,4.0061,2.8731,0,0,1,1,0,0,1,0,0,0,0,0,0,-1
37,6,20,0,1,0,0,0,5,0,0,0,0,0.0,0.8108,4.0777,2.2516,0,1,0,0,0,0,0,0,0,1,1,0,0,-1
29,10,6,0,1,0,0,0,3,0,0,0,0,0.0,0.8276,3.9263,3.3219,0,1,0,0,0,0,0,0,0,1,1,0,0,-1
67,11,37,0,2,4,0,0,3,0,0,0,0,0.2985,0.5522,4.7222,3.0958,1,1,0,0,0,0,1,0,0,0,0,0,0,-1
27,7,8,0,1,0,0,0,3,0,0,0,0,0.0741,0.7407,3.8842,2.8074,0,1,0,0,0,0,1,0,0,0,0,0,0,-1
35,15,7,0,4,0,0,0,3,0,0,0,0,0.4857,0.2571,3.9649,3.0062,0,0,1,1,0,0,1,0,0,0,0,0,0,-1
30,5,13,0,1,0,0,0,4,0,0,0,0,0.0,0.8,3.8981,1.9219,0,1,0,0,0,0,0,0,0,0,0,0,0,-1
30,6,12,0,1,0,0,0,4,0,0,0,0,0.1333,0.6667,4.1069,2.585,0,1,0,0,0,0,0,0,0,0,0,0,0,-1
41,10,19,0,1,0,0,0,4,0,0,0,0,0.0,0.8537,4.269,2.9219,0,1,0,0,0,0,0,0,0,0,0,0,0,-1
25,10,2,0,3,0,0,0,3,0,0,0,0,0.48,0.2,3.5591,2.371,0,0,1,1,0,0,1,0,0,0,0,0,0,-1
33,3,19,0,1,0,0,0,4,0,0,0,0,0.0,0.8182,3.7835,0.9183,0,1,0,0,0,0,0,0,0,0,0,0,0,-1
34,5,17,0,1,0,0,0,4,0,0,0,0,0.0,0.8235,3.8781,1.371,0,1,0,0,0,0,0,0,0,0,0,0,0,-1
36,8,2,13,1,0,0,0,3,1,0,0,1,0.0,0.7778,4.1206,2.75,0,1,0,0,0,0,0,0,0,0,0,0,0,-1
31,7,12,0,1,0,0,0,3,0,0,0,0,0.0,0.8387,3.8489,2.1281,0,1,0,0,0,0,0,0,0,0,0,0,0,-1
34,13,9,0,1,0,0,0,3,0,0,0,0,0.0,0.8529,4.0209,2.9312,0,1,0,0,0,0,0,0,0,0,0,0,0,-1
68,13,48,0,4,1,1,0,5,0,0,0,0,0.4265,0.3971,4.4219,2.5654,0,0,1,0,0,0,1,0,0,0,0,0,0,-1
34,14,7,0,4,0,0,0,3,0,0,0,0,0.4706,0.2647,3.9842,2.5567,0,0,1,1,0,0,1,0,0,0,0,0,0,-1
21,2,8,0,1,0,0,0,4,0,0,0,0,0.1905,0.5238,3.7849,1.0,0,0,0,0,0,0,1,0,0,0,0,0,0,-1
25,11,7,0,3,0,0,0,3,0,0,0,0,0.44,0.28,3.7035,2.5949,0,0,1,0,0,0,1,0,0,0,0,0,0,-1
27,8,8,0,1,0,0,0,3,0,0,0,0,0.0,0.8148,3.708,3.0,0,1,0,0,0,0,0,0,0,0,0,0,0,-1
28,11,5,0,1,0,0,0,3,0,0,0,0,0.0,0.8214,4.0122,3.0958,0,1,0,0,0,0,0,0,0,0,0,0,0,-1
33,5,17,0,1,1,0,0,4,0,0,0,0,0.0,0.7879,3.8361,1.9219,0,1,0,0,0,0,0,0,0,0,0,0,0,-1
35,15,7,0,4,0,0,0,3,0,0,0,0,0.4857,0.2571,3.843,2.2892,0,0,1,1,0,0,1,0,0,0,0,0,0,-1
23,3,0,7,1,0,0,0,2,1,0,0,1,0.0,0.7391,4.1757,1.585,0,1,0,0,0,0,0,0,0,0,0,0,0,-1
34,8,11,0,3,0,0,0,3,0,0,0,0,0.0588,0.7353,4.2117,2.5,1,0,0,0,0,0,1,0,1,0,0,0,0,-1
21,5,4,0,1,0,0,0,3,0,0,0,0,0.0,0.7619,3.8802,2.3219,0,1,0,0,0,0,0,0,0,0,0,0,0,-1
24,3,10,0,1,0,0,0,3,0,0,0,0,0.0,0.7917,3.5739,1.585,0,1,0,0,0,0,0,0,0,0,0,0,0,-1
29,14,2,0,3,0,0,0,3,0,0,0,0,0.5517,0.1724,3.7623,2.8424,0,0,1,1,0,0,1,0,0,0,0,0,0,-1
53,13,28,0,2,1,0,0,4,0,0,0,0,0.0,0.8491,4.1874,3.5466,0,1,0,0,0,0,0,0,0,0,0,0,0,-1
43,9,20,0,2,0,0,0,4,0,0,0,0,0.0,0.8372,3.9408,2.9477,0,1,0,0,0,0,0,0,0,0,0,0,0,-1
37,11,14,0,1,1,0,0,4,0,0,0,0,0.0,0.8108,4.2161,3.2776,0,1,0,0,0,0,0,0,0,0,0,0,0,-1
32,12,7,0,4,0,0,0,3,0,0,0,0,0.4375,0.2812,3.9292,2.6887,0,0,1,1,0,0,1,0,0,0,0,0,0,-1
28,13,2,0,3,0,0,0,3,0,0,0,0,0.5357,0.1786,3.7265,2.7193,0,0,1,1,0,0,1,0,0,0,0,0,0,-1
25,7,6,0,1,0,0,0,3,0,0,0,0,0.0,0.8,3.8635,2.5216,0,1,0,0,0,0,0,0,0,0,0,0,0,-1
39,4,20,0,2,0,0,0,5,0,0,0,0,0.0,0.7949,4.1798,2.0,0,1,0,0,0,0,0,0,0,1,1,0,0,-1
97,6,79,0,2,2,1,0,10,0,0,0,0,0.0206,0.8144,4.4881,2.585,0,1,0,0,0,0,0,0,0,0,0,0,0,-1
32,14,11,0,4,0,0,0,4,0,0,0,0,0.4375,0.2812,3.8011,2.5567,0,0,1,0,0,0,1,0,0,0,0,0,0,-1
41,14,13,0,2,0,0,0,4,0,0,0,0,0.0,0.8293,4.046,3.2359,0,1,0,0,0,0,0,0,0,0,0,0,0,-1
67,13,37,0,2,4,0,0,3,0,0,0,0,0.2388,0.6119,4.7618,2.6612,1,1,0,0,0,0,0,0,0,0,0,0,0,-1
37,9,17,0,1,0,0,0,5,0,0,0,0,0.0,0.8108,4.3347,3.1699,0,1,0,0,0,0,0,0,0,0,0,0,0,-1
40,9,20,0,1,0,0,0,4,0,0,0,0,0.0,0.85,3.9276,2.9477,0,1,0,0,0,0,0,0,0,0,0,0,0,-1
32,8,9,0,2,0,0,0,3,0,0,0,0,0.0,0.8125,3.9025,2.5,0,1,0,0,0,0,0,0,0,0,0,0,0,-1
28,13,2,0,3,0,0,0,3,0,0,0,0,0.5357,0.1786,3.7265,2.8151,0,0,1,1,0,0,1,0,0,0,0,0,0,-1
25,14,4,0,3,0,0,0,3,0,0,0,0,0.44,0.28,3.5329,2.306,0,0,1,0,0,0,1,0,0,0,0,0,0,-1
66,10,37,0,2,4,0,0,3,0,0,0,0,0.3636,0.4848,4.6842,3.1219,1,1,0,0,0,0,1,0,0,0,0,0,0,-1
29,14,2,0,3,0,0,0,3,0,0,0,0,0.5517,0.1724,3.9523,2.8963,0,0,1,1,0,0,1,0,0,0,0,0,0,-1
25,11,7,0,3,0,0,0,3,0,0,0,0,0.52,0.2,3.7231,2.5949,0,0,1,0,0,0,1,0,0,0,0,0,0,-1
32,14,11,0,4,0,0,0,3,0,0,0,0,0.3438,0.4062,4.0306,2.6456,0,0,1,0,0,0,1,0,0,0,0,0,0,-1
21,4,5,0,1,0,0,0,3,0,0,0,0,0.0,0.7619,3.4633,1.5,0,1,0,0,0,0,0,0,0,0,0,0,0,-1
29,14,2,0,3,0,0,0,3,0,0,0,0,0.5517,0.1724,3.6075,2.5027,0,0,1,1,0,0,1,0,0,0,0,0,0,-1
26,9,5,0,1,0,0,0,3,0,0,0,0,0.0,0.8077,3.8151,2.6416,0,1,0,0,0,0,0,0,0,0,0,0,0,-1
64,4,37,0,2,4,0,0,3,0,0,0,0,0.3125,0.5312,4.6923,2.0,1,1,0,0,0,0,0,0,0,0,0,0,0,-1
20,3,5,0,1,0,0,0,3,0,0,0,0,0.0,0.75,3.4464,1.585,0,1,0,0,0,0,0,0,0,0,0,0,0,-1
18,2,5,0,1,0,0,0,3,0,0,0,0,0.0,0.7222,3.4613,1.0,0,1,0,0,0,0,0,0,0,0,0,0,0,-1
53,12,34,0,5,0,0,0,4,0,0,0,0,0.1698,0.6415,4.2849,2.8554,0,0,1,0,0,0,1,0,0,0,0,0,0,-1
34,8,14,0,1,0,0,0,4,0,0,0,0,0.1176,0.7059,4.315,2.4056,0,1,0,0,0,0,0,0,0,0,0,0,0,-1
29,14,2,0,3,0,0,0,3,0,0,0,0,0.5517,0.1724,3.8144,2.6106,0,0,1,1,0,0,1,0,0,0,0,0,0,-1
35,6,11,0,3,0,0,0,3,0,0,0,0,0.0286,0.7714,4.0856,2.585,1,1,0,0,0,0,0,0,0,0,0,0,0,-1
27,9,6,0,1,0,0,0,3,0,0,0,0,0.0,0.8148,3.634,2.281,0,1,0,0,0,0,0,0,0,0,0,0,0,-1
31,14,10,0,3,0,0,0,4,0,0,0,0,0.3548,0.3871,3.8457,2.4956,0,0,1,0,0,0,1,0,0,0,0,0,0,-1
36,6,19,0,1,1,0,0,5,0,0,0,0,0.0,0.7778,4.0277,2.585,0,1,0,0,0,0,0,0,0,0,0,0,0,-1
89,11,48,0,3,4,0,0,4,0,0,0,0,0.236,0.6292,4.799,3.2776,1,1,0,0,0,0,0,0,0,0,0,0,0,-1
85,22,47,0,2,7,0,0,4,0,0,0,0,0.2471,0.5882,4.8122,3.6635,0,1,0,0,0,0,0,0,0,1,1,0,0,-1
46,7,27,0,1,2,0,0,5,0,0,0,0,0.1304,0.6739,4.249,2.5216,0,1,0,0,0,0,0,0,0,0,0,0,0,-1
33,7,6,0,3,0,0,0,3,0,0,0,0,0.0,0.7879,4.1421,2.5216,1,0,0,0,0,0,0,0,0,0,0,0,0,-1
24,3,9,0,1,0,0,0,3,0,0,0,0,0.0,0.7917,3.6258,1.585,0,1,0,0,0,0,0,0,0,0,0,0,0,-1
26,14,5,0,3,0,0,0,3,0,0,0,0,0.4231,0.3077,3.9501,2.8963,0,0,1,0,0,0,1,0,0,0,0,0,0,-1
37,3,0,21,1,0,0,0,2,2,1,0,1,0.0,0.7838,4.3038,1.585,0,1,0,0,0,0,0,0,0,0,0,0,0,-1
27,12,2,0,3,0,0,0,3,0,0,0,0,0.5185,0.1852,3.6801,2.6887,0,0,1,1,0,0,1,0,0,0,0,0,0,-1
28,6,8,0,2,0,0,0,3,0,0,0,0,0.0,0.7857,4.0122,2.585,0,1,0,0,0,0,0,0,0,0,0,0,0,-1
31,8,11,0,1,0,0,0,4,0,0,0,0,0.0968,0.7097,4.1557,2.75,0,1,0,0,0,0,1,0,0,0,0,0,0,-1
25,14,4,0,3,0,0,0,3,0,0,0,0,0.52,0.2,3.5631,2.6456,0,0,1,0,0,0,1,0,0,0,0,0,0,-1
34,14,7,0,4,0,0,0,3,0,0,0,0,0.4706,0.2647,3.8666,2.4488,0,0,1,1,0,0,1,0,0,0,0,0,0,-1
42,10,20,0,1,1,0,0,5,0,0,0,0,0.0,0.8095,4.2408,3.3219,0,1,0,0,0,0,0,0,0,1,1,0,0,-1
33,13,0,7,1,1,0,0,2,1,0,0,1,0.0,0.7879,4.1502,3.2389,0,1,0,0,0,0,0,0,0,0,0,0,0,-1
36,13,11,0,4,0,1,0,3,0,0,0,0,0.4167,0.3056,4.0067,2.7193,0,0,1,1,0,0,1,0,0,0,0,0,0,-1
25,12,5,0,3,0,0,0,3,0,0,0,0,0.48,0.24,3.6235,2.5221,0,1,1,0,0,0,1,0,0,0,0,0,0,-1
25,13,5,0,3,0,0,0,3,0,0,0,0,0.44,0.28,3.6431,2.8731,0,0,1,0,0,0,1,0,0,0,0,0,0,-1
46,17,17,0,1,0,0,0,4,0,0,0,0,0.0,0.8696,4.1022,3.3816,0,1,0,0,0,0,0,0,0,0,0,0,0,-1
28,13,2,0,3,0,0,0,3,0,0,0,0,0.5357,0.1786,3.7709,2.8731,0,0,1,1,0,0,1,0,0,0,0,0,0,-1
33,14,12,0,3,0,0,0,4,0,0,0,0,0.3333,0.4242,4.0667,2.6456,0,0,1,0,0,0,1,0,0,0,0,0,0,-1
27,6,9,0,1,0,0,0,3,0,0,0,0,0.0,0.8148,3.7505,1.585,0,1,0,0,0,0,0,0,0,0,0,0,0,-1
59,7,40,0,2,2,0,0,7,0,0,0,0,0.1017,0.6949,4.4008,2.5216,0,1,0,0,0,0,0,0,0,0,0,0,0,-1
66,10,37,0,2,4,0,0,3,0,0,0,0,0.3333,0.5152,4.8719,3.1219,1,1,0,0,0,0,1,0,0,0,0,0,0,-1
26,11,2,0,3,0,0,0,3,0,0,0,0,0.5,0.1923,3.6612,2.6635,0,0,1,1,0,0,1,0,0,0,0,0,0,-1
45,13,8,0,3,0,0,0,3,0,0,0,0,0.0,0.8444,4.1803,3.3927,1,1,0,0,0,0,0,0,0,0,0,0,0,-1
29,14,2,0,3,0,0,0,3,0,0,0,0,0.5517,0.1724,3.8313,2.9852,0,0,1,1,0,0,1,0,0,0,0,0,0,-1
37,0,20,0,2,0,0,0,4,0,0,0,0,0.0,0.8108,3.9795,0.0,0,1,0,0,0,0,0,0,0,0,0,0,0,-1
28,13,2,0,3,0,0,0,3,0,0,0,0,0.5357,0.1786,3.6726,2.6612,0,0,1,1,0,0,1,0,0,0,0,0,0,-1
31,14,10,0,4,0,0,0,3,0,0,0,0,0.3548,0.3871,4.0023,2.7534,0,0,1,0,0,0,1,0,0,0,0,0,0,-1
33,13,7,0,4,0,0,0,3,0,0,0,0,0.4545,0.2727,3.9912,2.7193,0,0,1,1,0,0,1,0,0,0,0,0,0,-1
34,14,7,0,4,0,0,0,3,0,0,0,0,0.4706,0.2647,3.797,2.4956,0,0,1,1,0,0,1,0,0,0,0,0,0,-1
39,4,20,0,2,0,0,0,5,0,0,0,0,0.0,0.7949,4.1923,2.0,0,1,0,0,0,0,0,0,0,1,1,0,0,-1
23,5,6,0,1,1,0,0,3,0,0,0,0,0.0,0.7391,3.882,2.3219,0,1,0,0,0,0,0,0,0,0,0,0,0,-1
45,9,24,0,1,0,0,0,5,0,0,0,0,0.0,0.8444,3.9835,2.9477,0,1,0,0,0,0,0,0,0,0,0,0,0,-1
44,3,30,0,1,2,0,0,5,0,0,0,0,0.1136,0.6818,4.3065,1.585,0,1,0,0,0,0,0,0,0,0,0,0,0,-1
42,9,21,0,1,0,0,0,5,0,0,0,0,0.119,0.7143,4.2617,2.9477,0,1,0,0,0,0,0,0,0,0,0,0,0,-1
30,9,9,0,1,0,0,0,3,0,0,0,0,0.0,0.8333,3.7362,2.0588,0,1,0,0,0,0,0,0,0,0,0,0,0,-1
41,2,24,0,2,0,0,0,5,0,0,0,0,0.0,0.8049,4.1506,1.0,0,1,0,0,0,0,0,0,0,0,0,0,0,-1
34,14,7,0,4,0,0,0,3,0,0,0,0,0.4706,0.2647,4.0431,2.7885,0,0,1,1,0,0,1,0,0,0,0,0,0,-1
26,8,6,0,1,0,0,0,3,0,0,0,0,0.0,0.8077,3.6903,2.4056,0,1,0,0,0,0,0,0,0,0,0,0,0,-1
45,17,16,0,1,0,0,0,4,0,0,0,0,0.0,0.8667,4.1722,3.2195,0,1,0,0,0,0,0,0,0,0,0,0,0,-1
48,12,7,16,1,0,0,0,3,1,0,0,1,0.0,0.8333,4.1365,2.8554,0,1,0,0,0,0,0,0,0,0,0,0,0,-1
29,10,0,6,1,0,0,0,2,1,0,0,1,0.0345,0.7586,4.3492,3.1219,0,1,0,0,0,0,0,0,0,0,0,0,0,-1
30,15,2,0,3,0,0,0,3,0,0,0,0,0.5667,0.1667,3.6314,2.4729,0,0,1,1,0,0,1,0,0,0,0,0,0,-1
35,15,7,0,4,0,0,0,3,0,0,0,0,0.4857,0.2571,3.9433,2.7899,0,0,1,1,0,0,1,0,0,0,0,0,0,-1
32,12,7,0,4,0,0,0,3,0,0,0,0,0.4375,0.2812,3.8278,2.6887,0,0,1,1,0,0,1,0,0,0,0,0,0,-1
34,14,7,0,4,0,0,0,3,0,0,0,0,0.4706,0.2647,3.9369,2.6106,0,0,1,1,0,0,1,0,0,0,0,0,0,-1
36,12,12,0,1,0,0,0,4,0,0,0,0,0.1111,0.7222,4.3156,3.085,0,1,0,0,0,0,0,0,0,0,0,0,0,-1
30,4,14,0,1,0,0,0,4,0,0,0,0,0.0,0.8,3.8062,2.0,0,1,0,0,0,0,0,0,0,0,0,0,0,-1
27,7,5,0,2,0,0,0,3,0,0,0,0,0.0,0.7778,4.0784,2.5216,0,1,0,0,0,0,0,0,0,0,0,0,0,-1
32,13,12,0,4,0,1,0,3,0,0,0,0,0.4375,0.2812,3.8195,2.5074,0,0,1,0,0,0,1,0,0,0,0,0,0,-1
33,13,7,0,4,0,0,0,3,0,0,0,0,0.4545,0.2727,3.9077,2.4116,0,0,1,1,0,0,1,0,0,0,0,0,0,-1
89,30,47,0,2,8,0,0,4,0,0,0,0,0.236,0.5955,4.7493,3.6981,0,0,0,0,0,0,0,0,0,1,1,0,0,-1
27,12,2,0,3,0,0,0,3,0,0,0,0,0.5185,0.1852,3.6801,2.6258,0,0,1,1,0,0,1,0,0,0,0,0,0,-1
33,13,7,0,4,0,0,0,3,0,0,0,0,0.4545,0.2727,4.0518,3.027,0,0,1,1,0,0,1,0,0,0,0,0,0,-1
30,2,10,0,3,0,0,0,3,0,0,0,0,0.0333,0.7333,3.9647,1.0,2,0,0,0,0,0,1,0,0,0,0,0,0,-1
33,7,14,0,1,0,0,0,4,0,0,0,0,0.1515,0.6667,4.4761,2.8074,0,1,0,0,0,0,0,0,0,0,0,0,0,-1
31,14,5,0,1,0,0,0,3,0,0,0,0,0.0,0.8387,4.1313,3.182,0,1,0,0,0,0,0,0,0,0,0,0,0,-1
27,3,12,0,1,0,0,0,4,0,0,0,0,0.1481,0.6296,3.9121,1.585,0,1,0,0,0,0,0,0,0,0,0,0,0,-1
29,14,2,0,3,0,0,0,3,0,0,0,0,0.5517,0.1724,3.6335,2.7534,0,0,1,1,0,0,1,0,0,0,0,0,0,-1
25,13,5,0,3,0,0,0,3,0,0,0,0,0.4,0.32,3.9435,2.8731,0,0,1,0,0,0,1,0,0,0,0,0,0,-1
52,6,34,0,1,1,0,0,5,0,0,0,0,0.0,0.8462,4.1864,2.585,0,1,0,0,0,0,0,0,0,0,0,0,0,-1
42,5,14,10,1,0,2,0,4,1,0,0,1,0.1667,0.5952,4.5765,2.3219,0,1,0,0,0,0,0,0,0,0,0,0,0,-1
44,14,23,0,5,0,0,0,4,0,0,0,0,0.25,0.5227,4.3259,2.8424,0,0,1,0,0,0,1,0,0,0,0,0,0,-1
35,18,5,0,1,0,0,0,3,0,0,0,0,0.0,0.8571,3.8214,3.3502,0,1,0,0,0,0,0,0,0,0,0,0,0,-1
32,12,7,0,4,0,0,0,3,0,0,0,0,0.4375,0.2812,3.8903,2.8554,0,0,1,1,0,0,1,0,0,0,0,0,0,-1
64,10,37,0,2,4,0,0,3,0,0,0,0,0.2969,0.5469,4.8088,3.1219,1,1,0,0,0,0,0,0,0,0,0,0,0,-1
30,6,13,0,1,0,0,0,4,0,0,0,0,0.0,0.8,4.1069,2.585,0,1,0,0,0,0,0,0,0,0,0,0,0,-1
25,9,5,0,1,1,0,0,3,0,0,0,0,0.0,0.76,3.5631,2.7255,0,1,0,0,0,0,0,0,0,0,0,0,0,-1
28,13,2,0,3,0,0,0,3,0,0,0,0,0.5357,0.1786,3.6245,2.3535,0,0,1,1,0,0,1,0,0,0,0,0,0,-1
24,5,8,0,1,0,0,0,3,0,0,0,0,0.0,0.7917,3.5698,2.3219,0,1,0,0,0,0,0,0,0,0,0,0,0,-1
68,13,48,0,4,1,1,0,5,0,0,0,0,0.4559,0.3676,4.304,2.5654,0,0,1,0,0,0,1,0,0,0,0,0,0,-1
33,13,7,0,4,0,0,0,3,0,0,0,0,0.4545,0.2727,3.8243,2.3535,0,0,1,1,0,0,1,0,0,0,0,0,0,-1
35,3,20,0,3,0,0,0,5,0,0,0,0,0.0857,0.6571,3.9113,1.585,0,1,0,0,0,0,0,0,0,0,0,0,0,-1
24,13,4,0,3,0,0,0,3,0,0,0,0,0.4583,0.25,3.7721,2.8731,0,0,1,0,0,0,1,0,0,0,0,0,0,-1
33,13,7,0,4,0,0,0,3,0,0,0,0,0.4545,0.2727,3.9077,2.8151,0,0,1,1,0,0,1,0,0,0,0,0,0,-1
30,15,2,0,3,0,0,0,3,0,0,0,0,0.5667,0.1667,3.6477,2.5493,0,0,1,1,0,0,1,0,0,0,0,0,0,-1
62,8,12,0,4,3,0,0,4,0,0,0,0,0.0161,0.7903,4.2512,3.0,2,1,0,0,0,0,0,0,0,0,0,0,0,-1
33,13,7,0,4,0,0,0,3,0,0,0,0,0.4545,0.2727,3.9226,2.5074,0,0,1,1,0,0,1,0,0,0,0,0,0,-1
30,3,14,0,1,0,0,0,4,0,0,0,0,0.0,0.8,3.6314,1.585,0,1,0,0,0,0,0,0,0,0,0,0,0,-1
30,3,15,0,1,0,0,0,4,0,0,0,0,0.0,0.8,4.0566,1.585,0,1,0,0,0,0,0,0,0,0,0,0,0,-1
33,13,7,0,4,0,0,0,3,0,0,0,0,0.4545,0.2727,3.9077,2.8151,0,0,1,1,0,0,1,0,0,0,0,0,0,-1
28,13,2,0,3,0,0,0,3,0,0,0,0,0.5357,0.1786,3.7709,2.8151,0,0,1,1,0,0,1,0,0,0,0,0,0,-1
30,15,2,0,3,0,0,0,3,0,0,0,0,0.5667,0.1667,3.6477,2.6062,0,0,1,1,0,0,1,0,0,0,0,0,0,-1
22,5,5,0,1,0,0,0,3,0,0,0,0,0.0,0.7727,3.6978,2.3219,0,1,0,0,0,0,0,0,0,0,0,0,0,-1
28,13,2,0,3,0,0,0,3,0,0,0,0,0.5357,0.1786,3.6106,2.4493,0,0,1,1,0,0,1,0,0,0,0,0,0,-1
32,15,6,0,1,1,0,0,3,0,0,0,0,0.0,0.8125,4.1167,3.3736,0,1,0,0,0,0,0,0,0,0,0,0,0,-1
83,21,47,0,2,6,0,0,4,0,0,0,0,0.2651,0.5783,4.7078,3.5585,0,1,0,0,0,0,0,0,0,1,1,0,0,-1
35,13,15,0,4,0,0,0,4,0,0,0,0,0.3714,0.3714,4.0791,2.6612,0,0,1,0,0,0,1,0,0,0,0,0,0,-1
32,12,7,0,4,0,0,0,3,0,0,0,0,0.4375,0.2812,4.1639,2.8554,0,0,1,1,0,0,1,0,0,0,0,0,0,-1
42,11,19,0,1,0,0,0,4,0,0,0,0,0.0,0.8571,4.1776,3.2776,0,1,0,0,0,0,0,0,0,0,0,0,0,-1
31,13,0,6,1,0,0,0,2,1,0,0,1,0.0323,0.7742,4.1557,3.2389,0,1,0,0,0,0,0,0,0,0,0,0,0,-1
30,10,8,0,1,0,0,0,4,0,0,0,0,0.0333,0.7667,3.9484,2.6464,0,1,0,0,0,0,1,0,0,0,0,0,0,-1
66,10,37,0,2,4,0,0,3,0,0,0,0,0.3182,0.5303,4.8963,3.1219,1,1,0,0,0,0,1,0,0,0,0,0,0,-1
68,13,48,0,4,1,1,0,5,0,0,0,0,0.4118,0.4118,4.3667,2.5654,0,0,1,0,0,0,1,0,0,0,0,0,0,-1
29,14,2,0,3,0,0,0,3,0,0,0,0,0.5517,0.1724,3.7849,2.3527,0,0,1,1,0,0,1,0,0,0,0,0,0,-1
32,14,6,0,1,0,0,0,3,0,0,0,0,0.0,0.8438,4.1167,3.8074,0,1,0,0,0,0,0,0,0,0,0,0,0,-1
26,3,0,7,2,0,0,0,2,1,0,0,1,0.0,0.7308,4.1329,1.585,0,1,0,0,0,0,0,0,0,0,0,0,0,-1
26,4,10,0,1,0,0,0,3,0,0,0,0,0.0,0.8077,3.7381,0.8113,0,1,0,0,0,0,0,0,0,0,0,0,0,-1
28,7,9,0,1,0,0,0,3,0,0,0,0,0.0,0.8214,3.682,2.5216,0,1,0,0,0,0,0,0,0,0,0,0,0,-1
54,9,34,0,1,1,0,0,5,0,0,0,0,0.0,0.8519,4.1036,2.9477,0,1,0,0,0,0,0,0,0,0,0,0,0,-1
36,5,11,0,4,0,0,0,3,0,0,0,0,0.0833,0.6944,4.2947,2.3219,2,0,0,0,0,0,0,0,0,0,0,0,0,-1
29,14,2,0,3,0,0,0,3,0,0,0,0,0.5517,0.1724,3.578,2.182,0,0,1,1,0,0,1,0,0,0,0,0,0,-1
32,12,7,0,4,0,0,0,3,0,0,0,0,0.4375,0.2812,4.0389,2.6258,0,0,1,1,0,0,1,0,0,0,0,0,0,-1
30,11,11,0,4,0,0,0,3,0,0,0,0,0.2667,0.4667,3.9396,2.4131,0,1,1,0,0,0,1,0,0,0,0,0,0,-1
26,5,5,0,2,0,0,0,3,0,0,0,0,0.0385,0.7308,3.6133,2.3219,1,0,0,0,0,0,0,0,0,0,0,0,0,-1
24,13,4,0,3,0,0,0,3,0,0,0,0,0.4583,0.25,3.8554,2.8731,0,0,1,0,0,0,1,0,0,0,0,0,0,-1
33,3,7,8,2,0,0,0,3,1,0,0,1,0.0,0.7576,4.1044,1.585,0,1,0,0,0,0,0,0,0,0,0,0,0,-1
23,5,0,6,1,0,0,0,2,1,0,0,1,0.0435,0.6957,3.8492,2.3219,0,1,0,0,0,0,0,0,0,0,0,0,0,-1
39,6,21,0,1,1,0,0,4,0,0,0,0,0.0,0.8205,4.1311,2.585,0,1,0,0,0,0,0,0,0,0,0,0,0,-1
34,13,9,0,3,0,0,0,3,0,0,0,0,0.4706,0.2941,4.0545,2.7193,0,0,1,1,0,0,1,0,0,0,0,0,0,-1
27,12,2,0,3,0,0,0,3,0,0,0,0,0.5185,0.1852,3.8101,2.8554,0,0,1,1,0,0,1,0,0,0,0,0,0,-1
34,14,7,0,4,0,0,0,3,0,0,0,0,0.4706,0.2647,3.9987,2.6456,0,0,1,1,0,0,1,0,0,0,0,0,0,-1
22,4,6,0,1,0,0,0,3,0,0,0,0,0.0,0.7727,3.5383,2.0,0,1,0,0,0,0,0,0,0,0,0,0,0,-1
40,11,17,0,1,3,0,0,4,0,0,0,0,0.0,0.775,4.0087,2.914,0,1,0,0,0,0,0,0,0,0,0,0,0,-1
33,9,12,0,1,0,0,0,3,0,0,0,0,0.0,0.8485,3.8967,2.7255,0,1,0,0,0,0,0,0,0,0,0,0,0,-1
51,14,30,0,3,0,0,0,4,0,0,0,0,0.2549,0.5882,3.6963,2.6106,0,0,1,0,0,0,1,0,0,0,0,0,0,-1
65,9,37,0,2,4,0,0,3,0,0,0,0,0.4,0.4462,4.6739,2.7255,1,1,0,0,0,0,1,0,0,0,0,0,0,-1
32,3,17,0,1,1,0,0,4,0,0,0,0,0.0,0.7812,3.7417,1.585,0,1,0,0,0,0,0,0,0,0,0,0,0,-1
39,4,20,0,2,0,0,0,5,0,0,0,0,0.0,0.7949,4.2949,2.0,0,1,0,0,0,0,0,0,0,1,1,0,0,-1
25,5,8,0,1,0,0,0,3,0,0,0,0,0.0,0.8,3.3191,1.9219,0,1,0,0,0,0,0,0,0,0,0,0,0,-1
89,29,47,0,2,8,0,0,4,0,0,0,0,0.236,0.5955,4.6343,3.7194,0,1,0,0,0,0,0,0,0,1,1,0,0,-1
71,13,47,0,2,4,0,0,4,0,0,0,0,0.2958,0.5493,4.6316,3.2389,0,1,0,0,0,0,0,0,0,1,1,0,0,-1
30,15,2,0,3,0,0,0,3,0,0,0,0,0.5667,0.1667,3.6892,2.6892,0,0,1,1,0,0,1,0,0,0,0,0,0,-1
42,14,7,8,1,0,0,0,3,1,0,0,1,0.0,0.8333,4.2548,3.0391,0,1,0,0,0,0,0,0,0,0,0,0,0,-1
34,11,9,0,2,0,0,0,4,0,0,0,0,0.0,0.7941,3.9813,3.0272,0,1,0,0,0,0,0,0,0,0,0,0,0,-1
25,14,4,0,3,0,0,0,3,0,0,0,0,0.48,0.24,3.6431,2.8424,0,0,1,0,0,0,1,0,0,0,0,0,0,-1
31,13,11,0,4,0,0,0,3,0,0,0,0,0.3226,0.4194,3.9779,2.6032,0,0,1,0,0,0,1,0,0,0,0,0,0,-1
37,6,19,0,1,1,0,0,5,0,0,0,0,0.0,0.7838,4.0369,2.585,0,1,0,0,0,0,0,0,0,0,0,0,0,-1
30,7,11,0,1,0,0,0,4,0,0,0,0,0.0,0.8,3.6029,2.1281,0,1,0,0,0,0,0,0,0,0,0,0,0,-1
35,7,13,0,2,0,0,0,4,0,0,0,0,0.0,0.8,3.9649,2.8074,0,1,0,0,0,0,0,0,0,0,0,0,0,-1
35,15,7,0,4,0,0,0,3,0,0,0,0,0.4857,0.2571,3.8973,2.6566,0,0,1,1,0,0,1,0,0,0,0,0,0,-1
30,10,8,0,1,0,0,0,3,0,0,0,0,0.0,0.8333,4.0314,2.6464,0,1,0,0,0,0,0,0,0,0,0,0,0,-1
37,7,10,0,3,0,0,0,4,0,0,0,0,0.0541,0.7297,4.2966,2.5216,1,0,0,0,0,0,0,0,0,0,0,0,0,-1
34,14,7,0,4,0,0,0,3,0,0,0,0,0.4706,0.2647,4.0797,3.0391,0,0,1,1,0,0,1,0,0,0,0,0,0,-1
31,14,10,0,3,0,0,0,4,0,0,0,0,0.4194,0.3226,3.9779,2.6995,0,0,1,0,0,0,1,0,0,0,0,0,0,-1
76,13,56,0,4,1,1,0,5,0,0,0,0,0.3684,0.4342,4.4932,2.5654,0,0,1,0,0,0,1,0,0,0,0,0,0,-1
41,13,16,0,1,0,0,0,4,0,0,0,0,0.0,0.8537,4.0043,3.2389,0,1,0,0,0,0,0,0,0,0,0,0,0,-1
25,13,5,0,3,0,0,0,3,0,0,0,0,0.4,0.32,3.9435,2.8731,0,0,1,0,0,0,1,0,0,0,0,0,0,-1
54,13,34,0,5,0,0,0,4,0,0,0,0,0.1852,0.6296,4.1995,2.4493,0,0,1,0,0,0,1,0,0,0,0,0,0,-1
31,11,7,0,4,0,0,0,3,0,0,0,0,0.4194,0.2903,3.9378,2.4817,0,0,1,1,0,0,1,0,0,0,0,0,0,-1
52,20,16,0,2,0,0,0,4,0,0,0,0,0.0769,0.7692,4.2892,3.3842,0,0,0,1,0,0,0,0,0,0,0,0,0,-1
26,7,8,0,1,0,0,0,3,0,0,0,0,0.0,0.8077,3.6903,2.8074,0,1,0,0,0,0,0,0,0,0,0,0,0,-1
33,11,15,0,4,0,0,0,5,0,0,0,0,0.2727,0.4242,3.8818,2.6635,0,0,1,0,0,0,1,0,0,0,0,0,0,-1
41,19,10,0,1,0,0,0,3,0,0,0,0,0.0,0.878,3.8509,2.945,0,1,0,0,0,0,0,0,0,0,0,0,0,-1
24,12,5,0,3,0,0,0,3,0,0,0,0,0.375,0.3333,3.6573,2.4591,0,0,1,0,0,0,1,0,0,0,0,0,0,-1
40,12,21,0,4,0,0,0,4,0,0,0,0,0.225,0.55,3.9653,2.6258,0,0,1,0,0,0,1,0,0,0,0,0,0,-1
70,13,37,0,2,4,0,0,3,0,0,0,0,0.2857,0.5714,4.7859,3.5466,1,1,0,0,0,0,0,0,0,0,0,0,0,-1
33,15,11,0,4,0,0,0,3,0,0,0,0,0.3939,0.3636,4.1273,3.0062,0,0,1,0,0,0,1,0,0,0,0,0,0,-1
30,13,5,0,1,0,0,0,3,0,0,0,0,0.0,0.8333,3.9647,3.1808,0,1,0,0,0,0,0,0,0,0,0,0,0,-1
39,4,7,16,1,0,0,0,3,1,0,0,1,0.0,0.7692,4.2849,2.0,0,1,0,0,0,0,0,0,0,0,0,0,0,-1
46,10,7,16,1,0,0,0,3,1,0,0,1,0.0,0.8043,4.2925,2.4464,0,1,0,0,0,0,0,0,0,0,0,0,0,-1
32,8,12,0,1,0,0,0,4,0,0,0,0,0.125,0.6875,4.1639,2.5,0,1,0,0,0,0,0,0,0,0,0,0,0,-1
86,24,47,0,2,6,0,0,4,0,0,0,0,0.186,0.6628,4.6354,3.455,0,1,0,0,0,0,0,0,0,1,1,0,0,-1
27,12,2,0,3,0,0,0,3,0,0,0,0,0.5185,0.1852,3.8282,2.8554,0,0,1,1,0,0,1,0,0,0,0,0,0,-1
42,12,8,0,3,0,0,0,3,0,0,0,0,0.0,0.8333,4.2641,3.0221,1,0,0,0,0,0,0,0,0,0,0,0,0,-1
32,7,0,12,1,0,0,0,2,1,0,0,1,0.0,0.8125,4.1525,2.5216,0,1,0,0,0,0,0,0,0,0,0,0,0,-1
25,13,5,0,3,0,0,0,3,0,0,0,0,0.44,0.28,3.8635,2.8731,0,0,1,0,0,0,1,0,0,0,0,0,0,-1
26,14,5,0,3,0,0,0,3,0,0,0,0,0.4615,0.2692,3.8731,2.8963,0,0,1,0,0,0,1,0,0,0,0,0,0,-1
29,14,2,0,3,0,0,0,3,0,0,0,0,0.5517,0.1724,3.5554,2.3527,0,0,1,1,0,0,1,0,0,0,0,0,0,-1
42,5,14,10,1,0,2,0,4,1,0,0,1,0.1667,0.5952,4.7733,1.9219,0,1,0,0,0,0,0,0,0,0,0,0,0,-1
40,8,20,0,1,0,0,0,4,0,0,0,0,0.0,0.85,4.1842,3.0,0,1,0,0,0,0,0,0,0,0,0,0,0,-1
35,10,14,0,1,0,0,0,3,0,0,0,0,0.0,0.8571,3.9142,3.1219,0,1,0,0,0,0,0,0,0,0,0,0,0,-1
24,0,7,0,2,0,0,0,3,0,0,0,0,0.0,0.75,3.8554,0.0,0,1,0,0,0,0,0,0,0,0,0,0,0,-1
21,3,7,0,1,0,0,0,3,0,0,0,0,0.0,0.7619,3.6538,1.585,0,1,0,0,0,0,0,0,0,0,0,0,0,-1
31,15,5,0,1,0,0,0,3,0,0,0,0,0.0,0.8387,3.8732,3.2402,0,1,0,0,0,0,0,0,0,0,0,0,0,-1
31,11,8,0,1,0,0,0,3,0,0,0,0,0.0,0.8387,4.1313,3.2776,0,1,0,0,0,0,0,0,0,0,0,0,0,-1
33,11,10,0,1,0,0,0,3,0,0,0,0,0.0,0.8485,3.8967,2.8454,0,1,0,0,0,0,0,0,0,0,0,0,0,-1
36,7,6,0,2,0,0,0,3,0,0,0,0,0.0556,0.7778,4.2391,2.1281,1,0,0,0,0,0,0,0,0,0,0,0,0,-1
62,27,7,16,1,1,0,0,3,1,0,0,1,0.0,0.8548,4.0999,3.4579,0,1,0,0,0,0,0,0,0,0,0,0,0,-1
36,4,20,0,1,0,0,0,4,0,0,0,0,0.0,0.8333,4.0378,2.0,0,1,0,0,0,0,0,0,0,0,0,0,0,-1
34,5,14,0,2,0,0,0,4,0,0,0,0,0.0,0.7941,4.1019,2.3219,0,1,0,0,0,0,0,0,0,0,0,0,0,-1
80,12,50,0,3,4,0,0,4,0,0,0,0,0.2125,0.6375,4.8733,3.1887,1,1,0,0,0,0,0,0,0,1,1,0,0,-1
33,13,7,0,4,0,0,0,3,0,0,0,0,0.4545,0.2727,3.8471,2.7193,0,0,1,1,0,0,1,0,0,0,0,0,0,-1
28,11,5,0,1,0,0,0,3,0,0,0,0,0.0357,0.7857,4.0391,3.2776,0,1,0,0,0,0,1,0,0,0,0,0,0,-1
42,5,19,0,1,0,0,0,4,0,0,0,0,0.0,0.8571,4.2315,1.9219,0,1,0,0,0,0,0,0,0,0,0,0,0,-1
79,9,48,0,3,5,0,0,4,0,0,0,0,0.2658,0.5696,4.5574,3.1699,1,1,0,0,0,0,0,0,0,0,0,0,0,-1
62,8,37,0,2,4,0,0,3,0,0,0,0,0.2581,0.5806,4.577,2.75,1,1,0,0,0,0,0,0,0,0,0,0,0,-1
43,14,22,0,4,0,0,0,4,0,0,0,0,0.3488,0.4419,4.2459,2.8424,0,0,1,0,0,0,1,0,0,0,0,0,0,-1
31,9,0,7,2,1,0,0,2,1,0,0,1,0.0,0.7419,4.1069,2.9477,0,1,0,0,0,0,0,0,0,0,0,0,0,-1
29,14,2,0,3,0,0,0,3,0,0,0,0,0.5517,0.1724,3.578,2.6106,0,0,1,1,0,0,1,0,0,0,0,0,0,-1
27,4,11,0,1,0,0,0,4,0,0,0,0,0.0,0.7778,3.5879,2.0,0,1,0,0,0,0,0,0,0,0,0,0,0,-1
27,13,7,0,3,0,1,0,3,0,0,0,0,0.5185,0.1852,3.7542,2.8731,0,0,1,0,0,0,1,0,0,0,0,0,0,-1
22,7,4,0,1,0,0,0,3,0,0,0,0,0.0,0.7727,3.3908,2.1281,0,1,0,0,0,0,0,0,0,0,0,0,0,-1
25,14,4,0,3,0,0,0,3,0,0,0,0,0.44,0.28,3.5329,2.306,0,0,1,0,0,0,1,0,0,0,0,0,0,-1
33,13,13,0,4,0,0,0,3,0,0,0,0,0.303,0.4545,4.0438,2.6612,0,0,1,0,0,0,1,0,0,1,1,0,0,-1
31,11,7,0,4,0,0,0,3,0,0,0,0,0.4194,0.2903,3.9134,2.8454,0,0,1,1,0,0,1,0,0,0,0,0,0,-1
35,15,7,0,4,0,0,0,3,0,0,0,0,0.4857,0.2571,3.9329,2.5493,0,0,1,1,0,0,1,0,0,0,0,0,0,-1
37,7,6,0,3,1,0,0,3,0,0,0,0,0.0,0.7838,4.2834,2.5216,1,0,0,0,0,0,0,0,0,0,0,0,0,-1
28,13,2,0,3,0,0,0,3,0,0,0,0,0.5357,0.1786,3.7709,2.6612,0,0,1,1,0,0,1,0,0,0,0,0,0,-1
25,13,5,0,3,0,0,0,3,0,0,0,0,0.44,0.28,3.9435,2.8731,0,0,1,0,0,0,1,0,0,0,0,0,0,-1
33,13,7,0,4,0,0,0,3,0,0,0,0,0.4545,0.2727,3.859,2.6612,0,0,1,1,0,0,1,0,0,0,0,0,0,-1
40,11,17,0,1,0,0,0,4,0,0,0,0,0.0,0.85,3.9726,2.4131,0,1,0,0,0,0,0,0,0,0,0,0,0,-1
27,0,0,12,1,0,0,0,2,1,0,0,1,0.0,0.7778,4.1805,0.0,0,1,0,0,0,0,0,0,0,0,0,0,0,-1
34,14,7,0,4,0,0,0,3,0,0,0,0,0.4706,0.2647,3.9842,2.7534,0,0,1,1,0,0,1,0,0,0,0,0,0,-1
34,14,7,0,4,0,0,0,3,0,0,0,0,0.4706,0.2647,3.9987,2.6995,0,0,1,1,0,0,1,0,0,0,0,0,0,-1
27,12,2,0,3,0,0,0,3,0,0,0,0,0.5185,0.1852,3.8562,2.6887,0,0,1,1,0,0,1,0,0,0,0,0,0,-1
26,9,5,0,1,0,0,0,3,0,0,0,0,0.0,0.8077,3.8441,2.7255,0,1,0,0,0,0,0,0,0,0,0,0,0,-1
41,13,21,0,4,0,1,0,5,0,0,0,0,0.3415,0.3902,4.0555,2.8151,0,0,1,0,0,0,1,0,0,0,0,0,0,-1
29,4,13,0,1,0,0,0,4,0,0,0,0,0.0,0.7931,4.0733,2.0,0,1,0,0,0,0,0,0,0,0,0,0,0,-1
30,15,2,0,3,0,0,0,3,0,0,0,0,0.5667,0.1667,3.8062,2.9232,0,0,1,1,0,0,1,0,0,0,0,0,0,-1
33,4,17,0,1,1,0,0,4,0,0,0,0,0.0,0.7879,3.8132,2.0,0,1,0,0,0,0,0,0,0,0,0,0,0,-1
36,14,15,0,5,2,0,0,3,0,0,0,0,0.3333,0.3611,4.0067,2.6106,0,0,1,0,0,0,1,0,0,0,0,0,0,-1
34,5,17,0,1,0,0,0,4,0,0,0,0,0.0,0.8235,4.1019,2.3219,0,1,0,0,0,0,0,0,0,0,0,0,0,-1
29,14,2,0,3,0,0,0,3,0,0,0,0,0.5517,0.1724,3.7194,2.8424,0,0,1,1,0,0,1,0,0,0,0,0,0,-1
31,6,9,0,2,0,0,0,3,0,0,0,0,0.0,0.8065,3.8489,1.9183,1,1,0,0,0,0,0,0,0,1,1,1,1,-1
41,6,7,16,1,0,0,0,3,1,0,0,1,0.0,0.8049,4.2963,1.9183,0,1,0,0,0,0,0,0,0,1,1,1,1,-1
34,6,16,0,1,0,0,0,4,0,0,0,0,0.0,0.8235,3.962,2.2516,0,1,0,0,0,0,0,0,0,0,0,0,0,-1
34,14,7,0,4,0,0,0,3,0,0,0,0,0.4706,0.2647,3.9476,2.8424,0,0,1,1,0,0,1,0,0,0,0,0,0,-1
37,8,17,0,1,0,0,0,4,0,0,0,0,0.0,0.8378,4.1345,2.5,0,1,0,0,0,0,0,0,0,0,0,0,0,-1
43,21,10,0,1,0,0,0,3,0,0,0,0,0.0,0.8837,3.9873,3.2135,0,1,0,0,0,0,0,0,0,0,0,0,0,-1
29,14,2,0,3,0,0,0,3,0,0,0,0,0.5517,0.1724,3.6899,2.6106,0,0,1,1,0,0,1,0,0,0,0,0,0,-1
56,20,7,16,1,0,0,0,3,1,0,0,1,0.0,0.8571,4.3271,3.7842,0,1,0,0,0,0,0,0,0,0,0,0,0,-1
37,4,21,0,1,0,0,0,5,0,0,0,0,0.1351,0.6757,4.0954,2.0,0,1,0,0,0,0,0,0,0,0,0,0,0,-1
20,3,5,0,1,0,0,0,3,0,0,0,0,0.0,0.75,3.5464,1.585,0,1,0,0,0,0,0,0,0,0,0,0,0,-1
32,10,11,0,2,0,0,0,3,0,0,0,0,0.0,0.8125,4.0389,2.8464,0,1,0,0,0,0,0,0,0,0,0,0,0,-1
37,5,20,0,2,0,0,0,5,0,0,0,0,0.027,0.7568,3.7639,2.3219,0,1,0,0,0,0,0,0,0,1,1,0,0,-1
20,4,5,0,1,0,0,0,3,0,0,0,0,0.0,0.75,3.6464,2.0,0,1,0,0,0,0,0,0,0,0,0,0,0,-1
23,3,8,0,1,0,0,0,3,0,0,0,0,0.0,0.7826,3.5014,1.585,0,1,0,0,0,0,0,0,0,0,0,0,0,-1
28,13,2,0,3,0,0,0,3,0,0,0,0,0.5357,0.1786,3.7979,2.5654,0,0,1,1,0,0,1,0,0,0,0,0,0,-1
37,5,12,0,3,0,1,0,3,0,0,0,0,0.0541,0.7297,4.2497,2.3219,2,0,0,0,0,0,0,0,0,0,0,0,0,-1
52,11,34,0,4,0,3,0,4,0,0,0,0,0.1923,0.5769,4.5086,2.8454,0,0,1,0,0,0,1,0,0,0,0,0,0,-1
33,13,7,0,4,0,0,0,3,0,0,0,0,0.4545,0.2727,3.9912,2.6032,0,0,1,1,0,0,1,0,0,0,0,0,0,-1
57,6,29,0,5,1,3,0,3,0,0,0,0,0.0702,0.7018,4.4389,2.585,1,1,0,0,0,0,0,0,0,0,0,0,0,-1
25,4,9,0,1,0,0,0,3,0,0,0,0,0.0,0.8,3.7035,2.0,0,1,0,0,0,0,0,0,0,0,0,0,0,-1
47,12,21,0,2,0,0,0,5,0,0,0,0,0.1064,0.7234,3.9846,3.085,0,1,0,0,0,0,0,0,0,0,0,0,0,-1
32,12,7,0,4,0,0,0,3,0,0,0,0,0.4375,0.2812,4.0542,2.7925,0,0,1,1,0,0,1,0,0,0,0,0,0,-1
33,5,14,0,2,0,0,0,4,0,0,0,0,0.1212,0.6667,4.2714,1.9219,0,1,0,0,0,0,0,0,0,0,0,0,0,-1
26,0,9,0,1,0,0,0,3,0,0,0,0,0.0,0.8077,3.7962,0.0,0,1,0,0,0,0,0,0,0,0,0,0,0,-1
26,13,6,0,3,0,0,0,3,0,0,0,0,0.4231,0.3077,3.8441,2.6612,0,0,1,0,0,0,1,0,0,0,0,0,0,-1
47,16,19,0,1,1,0,0,5,0,0,0,0,0.0,0.8298,4.0098,3.0778,0,1,0,0,0,0,0,0,0,0,0,0,0,-1
47,10,26,0,1,2,0,0,6,0,0,0,0,0.0,0.7872,4.0866,3.1219,0,1,0,0,0,0,0,0,0,0,0,0,0,-1
23,4,5,0,2,0,0,0,3,0,0,0,0,0.0,0.7391,3.4144,2.0,0,1,0,0,0,0,0,0,0,0,0,0,0,-1
27,14,6,0,3,0,0,0,3,0,0,0,0,0.4815,0.2593,4.0043,3.0391,0,0,1,0,0,0,1,0,0,0,0,0,0,-1
40,13,20,0,3,0,0,0,4,0,0,0,0,0.25,0.55,4.3776,3.027,0,0,1,0,0,0,1,0,0,0,0,0,0,-1
35,3,20,0,1,0,0,0,5,0,0,0,0,0.0,0.8,4.1614,1.585,0,1,0,0,0,0,0,0,0,1,1,0,0,-1
27,12,2,0,3,0,0,0,3,0,0,0,0,0.5185,0.1852,3.4542,2.3962,0,0,1,1,0,0,1,0,0,0,0,0,0,-1
39,12,20,0,4,0,0,0,4,0,0,0,0,0.2308,0.5385,4.2404,2.6887,0,0,1,0,0,0,1,0,0,0,0,0,0,-1
33,7,9,0,2,0,0,0,4,0,0,0,0,0.0,0.7879,3.9306,2.8074,1,1,0,0,0,0,0,0,0,0,0,0,0,-1
22,2,0,6,1,0,0,0,2,1,0,0,1,0.0455,0.6818,4.0049,1.0,0,1,0,0,0,0,0,0,0,0,0,0,0,-1
33,0,19,0,1,1,0,0,5,0,0,0,0,0.0,0.7576,3.9573,0.0,0,1,0,0,0,0,0,0,0,0,0,0,0,-1
33,13,7,0,4,0,0,0,3,0,0,0,0,0.4545,0.2727,3.7377,2.4116,0,0,1,1,0,0,1,0,0,0,0,0,0,-1
29,14,2,0,3,0,0,0,3,0,0,0,0,0.5517,0.1724,3.8313,2.7885,0,0,1,1,0,0,1,0,0,0,0,0,0,-1
33,13,7,0,4,0,0,0,3,0,0,0,0,0.4545,0.2727,3.87,2.8731,0,0,1,1,0,0,1,0,0,0,0,0,0,-1
33,14,12,0,4,0,0,0,3,0,0,0,0,0.3636,0.3939,4.173,2.7534,0,0,1,0,0,0,1,0,0,0,0,0,0,-1
36,10,14,0,1,0,0,0,3,0,0,0,0,0.0,0.8611,3.8599,2.6464,0,1,0,0,0,0,0,0,0,0,0,0,0,-1
33,5,7,8,1,0,0,0,3,1,0,0,1,0.0,0.7879,4.3091,2.3219,0,1,0,0,0,0,0,0,0,0,0,0,0,-1
29,6,12,0,1,0,0,0,4,0,0,0,0,0.1034,0.6897,4.2373,1.9183,0,1,0,0,0,0,0,0,0,1,1,1,1,-1
44,8,7,16,1,0,0,0,3,1,0,0,1,0.0,0.8182,4.1098,2.25,0,1,0,0,0,0,0,0,0,0,0,0,0,-1
36,4,20,0,1,0,0,0,5,0,0,0,0,0.0,0.8056,4.1808,2.0,0,1,0,0,0,0,0,0,0,1,1,0,0,-1
22,4,6,0,1,0,0,0,3,0,0,0,0,0.0,0.7727,3.6635,2.0,0,1,0,0,0,0,0,0,0,1,1,0,0,-1
29,10,8,0,1,0,0,0,3,0,0,0,0,0.0,0.8276,4.1163,3.1219,0,1,0,0,0,0,0,0,0,0,0,0,0,-1
34,7,9,0,3,0,0,0,3,0,0,0,0,0.0588,0.7353,4.315,2.5216,1,0,0,0,0,0,0,0,0,0,0,0,0,-1
42,14,16,0,1,1,0,0,4,0,0,0,0,0.0,0.8333,3.9395,3.0391,0,1,0,0,0,0,0,0,0,0,0,0,0,-1
83,14,1,42,2,5,0,0,3,1,0,0,1,0.2892,0.5542,4.9564,3.3249,1,1,0,0,0,0,0,0,0,0,0,0,0,-1
34,14,7,0,4,0,0,0,3,0,0,0,0,0.4706,0.2647,3.962,2.6456,0,0,1,1,0,0,1,0,0,0,0,0,0,-1
36,4,20,0,1,0,0,0,5,0,0,0,0,0.0,0.8056,4.1734,2.0,0,1,0,0,0,0,0,0,0,1,1,0,0,-1
44,12,16,0,2,0,0,0,4,0,0,0,0,0.0909,0.7273,4.235,3.2516,0,0,0,1,0,0,0,0,0,0,0,0,0,-1
44,8,7,16,1,0,0,0,3,1,0,0,1,0.0227,0.7727,4.3908,3.0,0,1,0,0,0,0,1,0,0,0,0,0,0,-1
30,15,2,0,3,0,0,0,3,0,0,0,0,0.5667,0.1667,3.6859,2.3656,0,0,1,1,0,0,1,0,0,0,0,0,0,-1
39,3,7,16,1,0,0,0,3,1,0,0,1,0.0,0.7692,4.3362,1.585,0,1,0,0,0,0,0,0,0,0,0,0,0,-1
38,6,20,0,2,0,0,0,5,0,0,0,0,0.0526,0.7368,4.1132,2.585,0,1,0,0,0,0,1,0,0,1,1,0,0,-1
33,13,7,0,4,0,0,0,3,0,0,0,0,0.4545,0.2727,4.1124,2.7193,0,0,1,1,0,0,1,0,0,0,0,0,0,-1
83,21,47,0,2,4,0,0,4,0,0,0,0,0.2289,0.6386,4.6012,3.5352,0,1,0,0,0,0,0,0,0,1,1,0,0,-1
97,6,79,0,2,4,0,0,9,0,0,0,0,0.0309,0.8041,4.5283,2.585,0,1,0,0,0,0,0,0,0,0,0,0,0,-1
27,7,8,0,1,0,0,0,3,0,0,0,0,0.0,0.8148,3.4579,2.2359,0,1,0,0,0,0,0,0,0,0,0,0,0,-1
78,19,47,0,2,4,0,0,4,0,0,0,0,0.2821,0.5769,4.9006,3.4264,0,0,0,0,0,0,0,0,0,1,1,0,0,-1
36,10,14,0,1,0,0,0,4,0,0,0,0,0.0,0.8333,4.0515,3.1219,0,1,0,0,0,0,0,0,0,0,0,0,0,-1
32,2,19,0,1,0,0,0,4,0,0,0,0,0.0,0.8125,3.9917,1.0,0,1,0,0,0,0,0,0,0,0,0,0,0,-1
41,8,21,0,1,1,0,0,4,0,0,0,0,0.0,0.8293,4.0708,3.0,0,1,0,0,0,0,0,0,0,0,0,0,0,-1
30,9,6,0,2,0,0,0,3,0,0,0,0,0.0,0.8,3.9811,2.7255,0,1,0,0,0,0,0,0,0,0,0,0,0,-1
27,12,8,0,4,0,0,0,3,0,0,0,0,0.3333,0.3704,3.838,2.6887,0,0,1,0,0,0,1,0,0,0,0,0,0,-1
84,12,50,0,3,4,0,0,4,0,0,0,0,0.1905,0.6667,4.7583,3.0221,1,1,0,0,0,0,0,0,0,1,1,0,0,-1
34,14,7,0,4,0,0,0,3,0,0,0,0,0.4706,0.2647,3.9987,2.6995,0,0,1,1,0,0,1,0,0,0,0,0,0,-1
18,0,5,0,1,0,0,0,3,0,0,0,0,0.0,0.7222,3.5305,0.0,0,1,0,0,0,0,0,0,0,0,0,0,0,-1
25,11,7,0,3,0,0,0,3,0,0,0,0,0.48,0.24,3.7231,2.5949,0,0,1,0,0,0,1,0,0,0,0,0,0,-1
29,4,13,0,1,0,0,0,4,0,0,0,0,0.0,0.7931,3.7975,2.0,0,1,0,0,0,0,0,0,0,0,0,0,0,-1
88,25,47,0,2,6,0,0,4,0,0,0,0,0.2159,0.6364,4.5682,3.5933,0,1,0,0,0,0,0,0,0,1,1,0,0,-1
38,14,17,0,4,0,1,0,4,0,0,0,0,0.3947,0.3421,4.1228,2.6456,0,0,1,0,0,0,1,0,0,0,0,0,0,-1
34,14,7,0,4,0,0,0,3,0,0,0,0,0.4706,0.2647,4.0064,2.6106,0,0,1,1,0,0,1,0,0,0,0,0,0,-1
33,13,8,0,1,0,0,0,3,0,0,0,0,0.0,0.8485,3.5318,2.6535,0,1,0,0,0,0,0,0,0,0,0,0,0,-1
29,14,2,0,3,0,0,0,3,0,0,0,0,0.5517,0.1724,3.5554,2.217,0,0,1,1,0,0,1,0,0,0,0,0,0,-1
27,13,7,0,4,0,0,0,3,0,0,0,0,0.3704,0.3333,3.7821,2.8151,0,0,1,0,0,0,1,0,0,0,0,0,0,-1
26,14,5,0,3,0,0,0,3,0,0,0,0,0.4231,0.3077,3.6903,2.5567,0,0,1,0,0,0,1,0,0,0,0,0,0,-1
29,14,2,0,3,0,0,0,3,0,0,0,0,0.5517,0.1724,3.6209,2.6106,0,0,1,1,0,0,1,0,0,0,0,0,0,-1
24,6,6,0,1,0,0,0,3,0,0,0,0,0.0,0.7917,3.6887,2.585,0,1,0,0,0,0,0,0,0,0,0,0,0,-1
39,9,19,0,1,0,0,0,4,0,0,0,0,0.0,0.8462,4.253,2.9477,0,1,0,0,0,0,0,0,0,0,0,0,0,-1
31,11,8,0,1,0,0,0,3,0,0,0,0,0.0,0.8387,3.8489,3.2776,0,1,0,0,0,0,0,0,0,0,0,0,0,-1
83,14,1,42,2,4,0,0,3,1,0,0,1,0.3494,0.506,4.8856,2.9852,1,1,0,0,0,0,0,0,0,0,0,0,0,-1
26,5,9,0,1,0,0,0,4,0,0,0,0,0.0,0.7692,3.7962,1.9219,0,1,0,0,0,0,0,0,0,0,0,0,0,-1
64,15,1,22,2,0,0,0,3,1,0,0,1,0.0625,0.8125,4.7272,3.0566,1,1,0,0,0,0,0,0,0,0,0,0,0,-1
24,7,5,0,1,0,0,0,3,0,0,0,0,0.0,0.7917,3.7406,2.8074,0,1,0,0,0,0,0,0,0,0,0,0,0,-1
34,6,7,8,1,0,0,0,3,1,0,0,1,0.0,0.7941,4.0575,2.2516,0,1,0,0,0,0,0,0,0,0,0,0,0,-1
34,12,10,0,1,0,0,0,3,0,0,0,0,0.0,0.8529,3.9398,3.085,0,1,0,0,0,0,0,0,0,0,0,0,0,-1
68,13,48,0,4,1,1,0,5,0,0,0,0,0.4412,0.3824,4.4165,2.5654,0,0,1,0,0,0,1,0,0,0,0,0,0,-1
38,14,12,0,4,0,0,0,3,0,0,0,0,0.3947,0.3684,4.0304,2.6106,0,0,1,1,0,0,1,0,0,0,0,0,0,-1
39,10,17,0,1,1,0,0,4,0,0,0,0,0.0,0.8205,3.904,3.1219,0,1,0,0,0,0,0,0,0,0,0,0,0,-1
41,9,20,0,1,0,0,0,5,0,0,0,0,0.0,0.8293,4.3362,2.9477,0,1,0,0,0,0,0,0,0,1,1,0,0,-1
34,14,7,0,4,0,0,0,3,0,0,0,0,0.4706,0.2647,4.1019,2.8424,0,0,1,1,0,0,1,0,0,0,0,0,0,-1
34,8,14,0,1,0,0,0,4,0,0,0,0,0.1765,0.6471,4.4992,2.5,0,1,0,0,0,0,1,0,0,0,0,0,0,-1
74,6,53,0,3,0,0,0,6,0,0,0,0,0.3243,0.5405,4.624,2.585,1,1,0,0,0,0,0,0,0,0,0,0,0,-1
76,11,1,42,2,4,0,0,3,1,0,0,1,0.2237,0.6184,4.8132,3.0958,1,1,0,0,0,0,0,0,0,0,0,0,0,-1
43,7,7,16,1,0,0,0,3,1,0,0,1,0.0,0.814,4.1558,2.8074,0,1,0,0,0,0,0,0,0,0,0,0,0,-1
32,11,9,0,1,0,0,0,4,0,0,0,0,0.0,0.8125,4.0389,3.0958,0,1,0,0,0,0,0,0,0,0,0,0,0,-1
28,13,2,0,3,0,0,0,3,0,0,0,0,0.5357,0.1786,3.8693,3.027,0,0,1,1,0,0,1,0,0,0,0,0,0,-1
45,14,24,0,4,0,1,0,4,0,0,0,0,0.3333,0.4444,4.3581,2.8424,0,0,1,0,0,0,1,0,0,0,0,0,0,-1
29,14,8,0,4,0,0,0,3,0,0,0,0,0.3793,0.3448,3.9523,2.9852,0,0,1,0,0,0,1,0,0,0,0,0,0,-1
27,12,2,0,3,0,0,0,3,0,0,0,0,0.5185,0.1852,3.5599,2.6258,0,0,1,1,0,0,1,0,0,0,0,0,0,-1
87,28,47,0,2,8,0,0,4,0,0,0,0,0.1724,0.6552,4.5606,3.6281,0,0,0,0,0,0,0,0,0,1,1,0,0,-1
28,8,5,0,1,0,0,0,3,0,0,0,0,0.0,0.8214,3.8249,2.4056,0,1,0,0,0,0,0,0,1,0,0,0,0,-1
28,3,8,0,2,0,0,0,3,0,0,0,0,0.0,0.7857,3.5706,1.585,1,1,0,0,0,0,0,0,0,0,0,0,0,-1
27,13,7,0,3,0,0,0,3,0,0,0,0,0.3704,0.3704,3.8562,2.5074,0,0,1,0,0,0,1,0,0,0,0,0,0,-1
28,13,2,0,3,0,0,0,3,0,0,0,0,0.5357,0.1786,3.8424,2.8151,0,0,1,1,0,0,1,0,0,0,0,0,0,-1
33,14,12,0,4,0,0,0,4,0,0,0,0,0.3333,0.3939,4.0061,2.7885,0,0,1,0,0,0,1,0,0,0,0,0,0,-1
25,13,5,0,3,0,0,0,3,0,0,0,0,0.44,0.28,3.8333,2.6612,0,0,1,0,0,0,1,0,0,0,0,0,0,-1
47,10,14,10,1,0,2,0,4,1,0,0,1,0.1489,0.6383,4.6553,2.7219,0,1,0,0,0,0,0,0,0,0,0,0,0,-1
28,13,2,0,3,0,0,0,3,0,0,0,0,0.5357,0.1786,3.6281,2.7193,0,0,1,1,0,0,1,0,0,0,0,0,0,-1
27,2,14,0,1,0,0,0,4,0,0,0,0,0.1852,0.5926,4.2364,1.0,0,1,0,0,0,0,0,0,0,0,0,0,0,-1
45,25,8,0,1,0,0,0,3,0,0,0,0,0.0,0.8889,3.8683,3.3231,0,1,0,0,0,0,0,0,0,0,0,0,0,-1
28,13,2,0,3,0,0,0,3,0,0,0,0,0.5357,0.1786,3.6995,2.6612,0,0,1,1,0,0,1,0,0,0,0,0,0,-1
26,4,11,0,1,0,0,0,4,0,0,0,0,0.0,0.7692,3.8543,2.0,0,1,0,0,0,0,0,0,0,0,0,0,0,-1
28,13,2,0,3,0,0,0,3,0,0,0,0,0.5357,0.1786,3.7265,2.5654,0,0,1,1,0,0,1,0,0,0,0,0,0,-1
43,7,14,10,1,0,2,0,4,1,0,0,1,0.1628,0.6047,4.5074,2.5216,0,1,0,0,0,0,0,0,0,0,0,0,0,-1
28,13,2,0,3,0,0,0,3,0,0,0,0,0.5357,0.1786,3.6726,2.5074,0,0,1,1,0,0,1,0,0,0,0,0,0,-1
68,13,48,0,4,1,1,0,5,0,0,0,0,0.3824,0.4412,4.4213,2.5654,0,0,1,0,0,0,1,0,0,0,0,0,0,-1
72,7,1,42,2,4,0,0,3,1,0,0,1,0.3333,0.5,4.8852,2.5216,1,1,0,0,0,0,1,0,0,0,0,0,0,-1
86,24,47,0,2,4,0,0,4,0,0,0,0,0.2209,0.6512,4.6727,3.6887,0,1,0,0,0,0,0,0,0,1,1,0,0,-1
32,6,14,0,1,0,0,0,4,0,0,0,0,0.0,0.8125,3.8278,2.2516,0,1,0,0,0,0,0,0,0,0,0,0,0,-1
36,13,11,0,1,0,0,0,4,0,0,0,0,0.0,0.8333,4.1388,3.1808,0,1,0,0,0,0,0,0,0,0,0,0,0,-1
28,13,2,0,3,0,0,0,3,0,0,0,0,0.5357,0.1786,3.655,2.6612,0,0,1,1,0,0,1,0,0,0,0,0,0,-1
33,13,7,0,4,0,0,0,3,0,0,0,0,0.4545,0.2727,3.9455,2.6612,0,0,1,1,0,0,1,0,0,0,0,0,0,-1
30,9,9,0,1,0,0,0,4,0,0,0,0,0.0,0.8,3.8817,3.1699,0,1,0,0,0,0,0,0,0,0,0,0,0,-1
31,11,7,0,4,0,0,0,3,0,0,0,0,0.4194,0.2903,3.9134,2.6635,0,0,1,1,0,0,1,0,0,0,0,0,0,-1
28,14,7,0,3,0,0,0,3,0,0,0,0,0.3929,0.3571,3.9852,2.7885,0,0,1,0,0,0,1,0,0,0,0,0,0,-1
36,11,14,0,1,0,0,0,4,0,0,0,0,0.0,0.8333,3.9376,3.0958,0,1,0,0,0,0,0,0,0,0,0,0,0,-1
25,13,5,0,3,0,0,0,3,0,0,0,0,0.44,0.28,3.8333,2.8731,0,0,1,0,0,0,1,0,0,0,0,0,0,-1
30,6,9,0,2,0,0,0,3,0,0,0,0,0.0,0.8,3.8981,1.9183,0,1,0,0,0,0,0,0,0,1,1,1,1,-1
22,5,5,0,1,0,0,0,3,0,0,0,0,0.0,0.7727,3.7201,1.9219,0,1,0,0,0,0,0,0,0,0,0,0,0,-1
27,4,9,0,2,0,0,0,3,0,0,0,0,0.0,0.7778,3.6899,2.0,0,1,0,0,0,0,0,0,0,0,0,0,0,-1
34,14,7,0,4,0,0,0,3,0,0,0,0,0.4706,0.2647,4.0431,2.6106,0,0,1,1,0,0,1,0,0,0,0,0,0,-1
34,14,7,0,4,0,0,0,3,0,0,0,0,0.4706,0.2647,3.9842,2.8424,0,0,1,1,0,0,1,0,0,0,0,0,0,-1
25,14,4,0,3,0,0,0,3,0,0,0,0,0.48,0.24,3.5329,2.306,0,0,1,0,0,0,1,0,0,0,0,0,0,-1
24,3,9,0,1,0,0,0,3,0,0,0,0,0.0,0.7917,3.7721,1.585,0,1,0,0,0,0,0,0,0,0,0,0,0,-1
36,4,20,0,1,0,0,0,5,0,0,0,0,0.0278,0.7778,4.1734,2.0,0,1,0,0,0,0,1,0,0,1,1,0,0,-1
63,17,30,0,3,4,0,0,6,0,0,0,0,0.0317,0.746,4.2852,3.4548,1,1,0,0,0,0,0,0,0,0,0,0,0,-1
32,12,7,0,4,0,0,0,3,0,0,0,0,0.4375,0.2812,4.0153,2.4591,0,0,1,1,0,0,1,0,0,0,0,0,0,-1
29,14,2,0,3,0,0,0,3,0,0,0,0,0.5517,0.1724,3.4816,2.0742,0,0,1,1,0,0,1,0,0,0,0,0,0,-1
44,11,21,0,2,1,0,0,3,0,0,0,0,0.1364,0.7045,4.311,2.8454,0,1,0,0,0,0,0,0,0,0,0,0,0,-1
27,7,0,7,1,0,0,0,2,1,0,0,1,0.0741,0.7037,4.1343,2.5216,0,1,0,0,0,0,1,0,0,0,0,0,0,-1
29,11,0,6,1,0,0,0,2,1,0,0,1,0.0345,0.7586,3.8144,2.6635,0,1,0,0,0,0,0,0,0,0,0,0,0,-1
38,5,21,0,1,0,0,0,5,0,0,0,0,0.1316,0.6842,4.1224,1.9219,0,1,0,0,0,0,0,0,0,0,0,0,0,-1
25,2,11,0,1,0,0,0,4,0,0,0,0,0.0,0.76,3.8937,1.0,0,1,0,0,0,0,0,0,0,0,0,0,0,-1
18,2,5,0,1,0,0,0,3,0,0,0,0,0.0,0.7222,3.6835,1.0,0,1,0,0,0,0,0,0,0,0,0,0,0,-1
24,3,9,0,1,0,0,0,3,0,0,0,0,0.0,0.7917,3.8554,1.585,0,1,0,0,0,0,0,0,0,0,0,0,0,-1
51,5,34,0,1,1,0,0,5,0,0,0,0,0.0,0.8431,4.1827,2.3219,0,1,0,0,0,0,0,0,0,0,0,0,0,-1
27,12,2,0,3,0,0,0,3,0,0,0,0,0.5185,0.1852,3.7821,2.5221,0,0,1,1,0,0,1,0,0,0,0,0,0,-1
30,13,5,0,3,0,0,0,3,0,0,0,0,0.4667,0.2667,3.8314,2.6612,0,0,1,1,0,0,1,0,0,0,0,0,0,-1
29,14,2,0,3,0,0,0,3,0,0,0,0,0.5517,0.1724,3.7194,2.6456,0,0,1,1,0,0,1,0,0,0,0,0,0,-1
31,12,12,0,4,0,0,0,3,0,0,0,0,0.3226,0.4194,4.2202,3.0221,0,0,1,0,0,0,1,0,0,0,0,0,0,-1
44,13,23,0,5,0,0,0,4,0,0,0,0,0.2273,0.5455,4.3431,2.8731,0,1,1,0,0,0,1,0,0,0,0,0,0,-1
31,11,7,0,4,0,0,0,3,0,0,0,0,0.4194,0.2903,3.9378,2.8454,0,0,1,1,0,0,1,0,0,0,0,0,0,-1
35,7,16,0,1,0,0,0,4,0,0,0,0,0.0,0.8286,4.1147,2.5216,0,1,0,0,0,0,0,0,0,0,0,0,0,-1
42,14,21,0,4,0,0,0,4,0,0,0,0,0.3333,0.4524,4.2315,2.6106,0,0,1,0,0,0,1,0,0,0,0,0,0,-1
77,7,1,42,2,4,0,0,3,1,0,0,1,0.2727,0.5714,4.8738,2.8074,1,1,0,0,0,0,0,0,0,0,0,0,0,-1
36,9,15,0,1,0,0,0,4,0,0,0,0,0.0,0.8333,3.8956,2.7255,0,1,0,0,0,0,0,0,0,0,0,0,0,-1
41,9,20,0,1,0,0,0,4,0,0,0,0,0.0,0.8537,3.8788,2.7255,0,1,0,0,0,0,0,0,0,0,0,0,0,-1
36,11,0,12,1,0,0,0,2,1,0,0,1,0.0,0.8333,4.086,3.4594,0,1,0,0,0,0,0,0,0,0,0,0,0,-1
40,19,9,0,1,0,0,0,3,0,0,0,0,0.0,0.875,3.9562,3.3264,0,1,0,0,0,0,0,0,0,0,0,0,0,-1
42,5,14,10,1,0,2,0,4,1,0,0,1,0.1667,0.5952,4.6897,2.3219,0,1,0,0,0,0,0,0,0,0,0,0,0,-1
52,7,33,0,1,3,0,0,5,0,0,0,0,0.0962,0.7115,4.3957,2.8074,0,1,0,0,0,0,0,0,0,0,0,0,0,-1
28,13,2,0,3,0,0,0,3,0,0,0,0,0.5357,0.1786,3.9408,2.8151,0,0,1,1,0,0,1,0,0,0,0,0,0,-1
34,6,16,0,1,0,0,0,4,0,0,0,0,0.0,0.8235,3.9003,2.2516,0,1,0,0,0,0,0,0,0,0,0,0,0,-1
24,13,4,0,3,0,0,0,3,0,0,0,0,0.4167,0.2917,3.8554,2.8731,0,0,1,0,0,0,1,0,0,0,0,0,0,-1
29,13,9,0,4,0,0,0,3,0,0,0,0,0.3793,0.3448,4.0044,2.8731,0,0,1,0,0,0,1,0,0,0,0,0,0,-1
24,13,4,0,3,0,0,0,3,0,0,0,0,0.4167,0.2917,3.7721,2.8731,0,0,1,0,0,0,1,0,0,0,0,0,0,-1
30,12,6,0,1,0,0,0,3,0,0,0,0,0.0,0.8333,4.0729,3.2516,0,1,0,0,0,0,0,0,0,0,0,0,0,-1
28,13,2,0,3,0,0,0,3,0,0,0,0,0.5357,0.1786,3.7709,2.6612,0,0,1,1,0,0,1,0,0,0,0,0,0,-1
35,13,10,0,4,0,0,0,3,0,0,0,0,0.4,0.3429,3.9544,2.7193,0,0,1,1,0,0,1,0,0,0,0,0,0,-1
32,15,10,0,3,0,0,0,4,0,0,0,0,0.375,0.375,4.2653,3.0062,0,0,1,0,0,0,1,0,0,0,0,0,0,-1
26,8,6,0,1,0,0,0,3,0,0,0,0,0.0,0.8077,3.7381,2.75,0,1,0,0,0,0,0,0,0,0,0,0,0,-1
27,12,2,0,3,0,0,0,3,0,0,0,0,0.5185,0.1852,3.5003,2.3554,0,0,1,1,0,0,1,0,0,0,0,0,0,-1
26,8,6,0,1,0,0,0,3,0,0,0,0,0.1154,0.6923,4.027,2.5,0,1,0,0,0,0,1,0,0,0,0,0,0,-1
35,15,7,0,4,0,0,0,3,0,0,0,0,0.4857,0.2571,4.0791,2.7899,0,0,1,1,0,0,1,0,0,0,0,0,0,-1
38,10,16,0,1,0,0,0,4,0,0,0,0,0.0,0.8421,3.9381,2.9219,0,1,0,0,0,0,0,0,0,0,0,0,0,-1
26,9,5,0,1,0,0,0,3,0,0,0,0,0.0,0.8077,3.9501,2.7255,0,1,0,0,0,0,0,0,0,0,0,0,0,-1
37,15,10,0,1,0,0,0,3,0,0,0,0,0.0,0.8649,3.9288,3.3736,0,1,0,0,0,0,0,0,0,0,0,0,0,-1
27,7,9,0,1,1,0,0,3,0,0,0,0,0.0,0.7778,3.8842,2.5216,0,1,0,0,0,0,0,0,0,0,0,0,0,-1
32,12,7,0,4,0,0,0,3,0,0,0,0,0.4375,0.2812,3.9917,2.6887,0,0,1,1,0,0,1,0,0,0,0,0,0,-1
33,8,13,0,1,0,0,0,4,0,0,0,0,0.0,0.8182,4.0141,2.75,0,1,0,0,0,0,0,0,0,0,0,0,0,-1
32,15,10,0,3,0,1,0,3,0,0,0,0,0.375,0.375,4.2181,2.9559,0,0,1,0,0,0,1,0,0,0,0,0,0,-1
39,6,21,0,1,0,0,0,5,0,0,0,0,0.1282,0.6923,4.0385,2.585,0,1,0,0,0,0,0,0,0,0,0,0,0,-1
41,18,11,0,1,2,0,0,4,0,0,0,0,0.0,0.8049,3.946,3.6835,0,1,0,0,0,0,0,0,0,1,1,0,0,-1
32,6,14,0,1,0,0,0,4,0,0,0,0,0.0,0.8125,3.7386,1.9183,0,1,0,0,0,0,0,0,0,0,0,0,0,-1
27,13,7,0,3,0,0,0,4,0,0,0,0,0.4074,0.2963,3.9862,2.8731,0,0,1,0,0,0,1,0,0,0,0,0,0,-1
29,8,9,0,1,0,0,0,3,0,0,0,0,0.0,0.8276,3.8573,3.0,0,1,0,0,0,0,0,0,0,0,0,0,0,-1
52,11,34,0,5,0,0,0,4,0,0,0,0,0.1538,0.6538,4.1767,2.4131,0,0,1,0,0,0,1,0,0,0,0,0,0,-1
23,4,8,0,1,0,0,0,3,0,0,0,0,0.0,0.7826,3.882,2.0,0,1,0,0,0,0,0,0,0,0,0,0,0,-1
42,12,23,0,4,0,0,0,4,0,0,0,0,0.2619,0.5238,4.3384,2.6887,0,0,1,0,0,0,1,0,0,0,0,0,0,-1
73,8,1,42,2,4,0,0,3,1,0,0,1,0.3151,0.5205,4.8732,2.4056,1,1,0,0,0,0,0,0,0,0,0,0,0,-1
33,13,7,0,4,0,0,0,3,0,0,0,0,0.4545,0.2727,3.9802,2.3535,0,0,1,1,0,0,1,0,0,0,0,0,0,-1
29,14,2,0,3,0,0,0,3,0,0,0,0,0.5517,0.1724,3.7454,2.5567,0,0,1,1,0,0,1,0,0,0,0,0,0,-1
42,6,7,16,1,0,0,0,3,1,0,0,1,0.0,0.8095,4.112,1.585,0,1,0,0,0,0,0,0,0,0,0,0,0,-1
15,3,0,0,1,0,0,0,2,0,0,0,0,0.0667,0.6667,3.5069,1.585,0,1,0,0,0,0,1,0,0,0,0,0,0,-1
37,13,12,0,1,0,0,0,4,0,0,0,0,0.0,0.8378,3.9288,3.3927,0,1,0,0,0,0,0,0,0,0,0,0,0,-1
22,5,5,0,1,0,0,0,3,0,0,0,0,0.0,0.7727,3.5383,1.9219,0,1,0,0,0,0,0,0,0,0,0,0,0,-1
19,3,5,0,1,0,0,0,3,0,0,0,0,0.0,0.7368,3.4316,1.585,0,1,0,0,0,0,0,0,0,0,0,0,0,-1
34,12,15,0,4,0,0,0,4,0,0,0,0,0.2647,0.4706,4.1607,2.8554,0,0,1,0,0,0,1,0,0,0,0,0,0,-1
25,11,7,0,3,0,0,0,3,0,0,0,0,0.4,0.32,3.6431,2.5949,0,0,1,0,0,0,1,0,0,0,0,0,0,-1
26,5,9,0,1,0,0,0,3,0,0,0,0,0.0,0.8077,4.056,2.3219,0,1,0,0,0,0,0,0,0,0,0,0,0,-1
34,14,7,0,4,0,0,0,3,0,0,0,0,0.4706,0.2647,4.0431,2.7534,0,0,1,1,0,0,1,0,0,0,0,0,0,-1
26,14,5,0,3,0,0,0,3,0,0,0,0,0.4231,0.3077,3.8441,2.8424,0,0,1,0,0,0,1,0,0,0,0,0,0,-1
15,3,0,0,1,0,0,0,2,0,0,0,0,0.0,0.7333,3.5069,1.585,0,1,0,0,0,0,0,0,0,0,0,0,0,-1
46,12,20,0,3,0,0,0,4,0,0,0,0,0.0,0.8261,3.9061,3.085,1,1,0,0,0,0,0,0,0,0,0,0,0,-1
30,11,7,0,1,0,0,0,3,0,0,0,0,0.0,0.8333,4.0566,2.8454,0,1,0,0,0,0,0,0,0,1,1,0,0,-1
29,14,2,0,3,0,0,0,3,0,0,0,0,0.5517,0.1724,3.7454,2.6995,0,0,1,1,0,0,1,0,0,0,0,0,0,-1
75,10,1,42,2,4,0,0,3,1,0,0,1,0.28,0.56,4.8036,2.9219,1,1,0,0,0,0,0,0,0,0,0,0,0,-1
77,17,42,0,2,5,0,0,4,0,0,0,0,0.2987,0.5455,4.5394,3.7345,0,1,0,0,0,0,0,0,0,0,0,0,0,-1
71,15,37,0,2,4,0,0,3,0,0,0,0,0.2958,0.5634,4.8575,3.5069,1,1,0,0,0,0,0,0,0,0,0,0,0,-1
31,3,16,0,1,0,0,0,4,0,0,0,0,0.0,0.8065,3.9536,1.585,0,1,0,0,0,0,0,0,0,0,0,0,0,-1
28,12,4,0,1,0,0,0,3,0,0,0,0,0.0,0.8214,3.9408,2.9183,0,1,0,0,0,0,0,0,0,0,0,0,0,-1
25,11,7,0,3,0,0,0,3,0,0,0,0,0.52,0.2,3.7835,2.5949,0,0,1,0,0,0,1,0,0,0,0,0,0,-1
45,14,23,0,5,0,0,0,4,0,0,0,0,0.2444,0.5333,4.17,2.2988,0,1,1,0,0,0,1,0,0,0,0,0,0,-1
21,5,5,0,1,0,0,0,3,0,0,0,0,0.0,0.7619,3.4633,2.3219,0,1,0,0,0,0,0,0,0,0,0,0,0,-1
30,5,11,0,2,0,0,0,4,0,0,0,0,0.0,0.7667,3.9232,2.3219,0,1,0,0,0,0,0,0,0,0,0,0,0,-1
28,13,2,0,3,0,0,0,3,0,0,0,0,0.5357,0.1786,3.5836,2.1039,0,0,1,1,0,0,1,0,0,0,0,0,0,-1
28,13,2,0,3,0,0,0,3,0,0,0,0,0.5357,0.1786,3.7709,2.8151,0,0,1,1,0,0,1,0,0,0,0,0,0,-1
34,9,15,0,2,0,0,0,5,0,0,0,0,0.0588,0.7059,4.0323,3.1699,0,0,0,0,0,0,1,0,0,0,0,0,0,-1
39,12,20,0,4,0,0,0,4,0,0,0,0,0.2308,0.5385,4.1572,2.6887,0,0,1,0,0,0,1,0,0,0,0,0,0,-1
50,4,34,0,1,1,0,0,5,0,0,0,0,0.0,0.84,4.1664,2.0,0,1,0,0,0,0,0,0,0,0,0,0,0,-1
33,14,7,0,1,0,0,0,3,0,0,0,0,0.0,0.8485,3.9802,3.2359,0,1,0,0,0,0,0,0,0,0,0,0,0,-1
21,3,6,0,1,0,0,0,3,0,0,0,0,0.0,0.7619,3.6538,1.585,0,1,0,0,0,0,0,0,0,0,0,0,0,-1
37,18,0,6,1,0,0,0,2,1,0,0,1,0.027,0.8108,4.1957,3.3502,0,1,0,0,0,0,0,0,0,0,0,0,0,-1
33,13,7,0,4,0,0,0,3,0,0,0,0,0.4545,0.2727,3.9306,2.8151,0,0,1,1,0,0,1,0,0,0,0,0,0,-1
40,7,21,0,1,0,0,0,5,0,0,0,0,0.125,0.7,4.2726,2.5216,0,1,0,0,0,0,0,0,0,0,0,0,0,-1
36,5,16,0,2,0,0,0,4,0,0,0,0,0.0,0.8056,4.1626,1.9219,0,1,0,0,0,0,0,0,0,0,0,0,0,-1
34,14,7,0,4,0,0,0,3,0,0,0,0,0.4706,0.2647,3.9254,2.8424,0,0,1,1,0,0,1,0,0,0,0,0,0,-1
29,14,2,0,3,0,0,0,3,0,0,0,0,0.5517,0.1724,3.483,2.067,0,0,1,1,0,0,1,0,0,0,0,0,0,-1
37,10,15,0,1,0,0,0,4,0,0,0,0,0.0,0.8378,4.108,2.9219,0,1,0,0,0,0,0,0,0,0,0,0,0,-1
38,5,13,0,4,0,0,0,4,0,0,0,0,0.0,0.7632,4.1883,2.3219,2,0,0,0,0,0,0,0,0,0,0,0,0,-1
38,7,8,0,2,0,0,0,3,0,0,0,0,0.0526,0.7895,4.241,2.5216,1,0,0,0,0,0,0,0,0,0,0,0,0,-1
52,11,30,0,1,3,0,0,5,0,0,0,0,0.0962,0.7115,4.3277,3.0272,0,1,0,0,0,0,0,0,0,0,0,0,0,-1
26,11,2,0,3,0,0,0,3,0,0,0,0,0.5,0.1923,3.6903,2.8454,0,0,1,1,0,0,1,0,0,0,0,0,0,-1
22,6,5,0,1,0,0,0,3,0,0,0,0,0.0,0.7727,3.6635,1.9183,0,1,0,0,0,0,0,0,0,1,1,1,1,-1
33,15,6,0,1,0,0,0,3,0,0,0,0,0.0,0.8485,3.8162,2.9736,0,1,0,0,0,0,0,0,0,0,0,0,0,-1
28,13,2,0,3,0,0,0,3,0,0,0,0,0.5357,0.1786,3.6281,2.4116,0,0,1,1,0,0,1,0,0,0,0,0,0,-1
35,13,15,0,4,0,0,0,4,0,0,0,0,0.3143,0.4286,4.2721,2.8731,0,0,1,0,0,0,1,0,0,0,0,0,0,-1
32,12,7,0,4,0,0,0,3,0,0,0,0,0.4375,0.2812,4.0778,2.8554,0,0,1,1,0,0,1,0,0,0,0,0,0,-1
25,6,7,0,1,0,0,0,3,0,0,0,0,0.0,0.8,3.9435,2.585,0,1,0,0,0,0,0,0,0,0,0,0,0,-1
33,3,16,0,2,0,0,0,4,0,0,0,0,0.0,0.7879,4.0896,1.585,0,1,0,0,0,0,0,0,0,0,0,0,0,-1
28,13,2,0,3,0,0,0,3,0,0,0,0,0.5357,0.1786,3.744,2.8731,0,0,1,1,0,0,1,0,0,0,0,0,0,-1
35,5,19,0,1,0,0,0,4,0,0,0,0,0.0,0.8286,4.0576,2.3219,0,1,0,0,0,0,0,0,0,0,0,0,0,-1
43,9,22,0,1,0,1,0,4,0,0,0,0,0.0,0.8372,4.1245,2.9477,0,1,0,0,0,0,0,0,0,0,0,0,0,-1
28,13,2,0,3,0,0,0,3,0,0,0,0,0.5357,0.1786,3.8424,2.6612,0,0,1,1,0,0,1,0,0,0,0,0,0,-1
32,5,7,0,3,0,0,0,3,0,0,0,0,0.0312,0.75,4.3667,2.3219,2,0,0,0,0,0,0,0,0,0,0,0,0,-1
29,8,10,0,1,0,0,0,3,0,0,0,0,0.0,0.8276,3.6933,2.75,0,1,0,0,0,0,0,0,0,0,0,0,0,-1
27,5,10,0,1,0,0,0,3,0,0,0,0,0.0,0.8148,3.9582,2.3219,0,1,0,0,0,0,0,0,0,0,0,0,0,-1
30,15,2,0,3,0,0,0,3,0,0,0,0,0.5667,0.1667,3.7232,2.5232,0,0,1,1,0,0,1,0,0,0,0,0,0,-1
31,5,14,0,1,0,0,0,3,0,0,0,0,0.0,0.8387,4.0023,2.3219,0,1,0,0,0,0,0,0,0,0,0,0,0,-1
34,14,7,0,4,0,0,0,3,0,0,0,0,0.4706,0.2647,3.962,2.6106,0,0,1,1,0,0,1,0,0,0,0,0,0,-1
25,8,5,0,1,0,0,0,3,0,0,0,0,0.0,0.8,3.9435,2.75,0,1,0,0,0,0,0,0,0,0,0,0,0,-1
29,6,8,0,2,0,0,0,3,0,0,0,0,0.0,0.7931,4.0902,1.9183,0,1,0,0,0,0,0,0,0,1,1,1,1,-1
47,13,22,0,4,0,1,0,4,0,0,0,0,0.3617,0.4043,4.2828,2.8731,0,0,1,1,0,0,1,0,0,0,0,0,0,-1
32,12,7,0,4,0,0,0,3,0,0,0,0,0.4375,0.2812,3.8514,2.5221,0,0,1,1,0,0,1,0,0,0,0,0,0,-1
37,5,20,0,3,0,0,0,5,0,0,0,0,0.0811,0.6757,4.1318,2.3219,0,1,0,0,0,0,0,0,0,0,0,0,0,-1
46,7,27,0,1,2,0,0,5,0,0,0,0,0.2174,0.587,4.4992,2.2359,0,1,0,0,0,0,1,0,0,0,0,0,0,-1
28,13,2,0,3,0,0,0,3,0,0,0,0,0.5357,0.1786,3.6106,2.8151,0,0,1,1,0,0,1,0,0,0,0,0,0,-1
26,7,8,0,1,0,0,0,3,0,0,0,0,0.0,0.8077,3.6864,2.8074,0,1,0,0,0,0,0,0,0,0,0,0,0,-1
23,8,4,0,1,0,0,0,3,0,0,0,0,0.0,0.7826,3.4314,2.1556,0,1,0,0,0,0,0,0,0,0,0,0,0,-1
33,7,14,0,1,0,0,0,4,0,0,0,0,0.1515,0.6667,4.5595,2.8074,0,1,0,0,0,0,0,0,0,0,0,0,0,-1
44,12,21,0,1,0,0,0,5,0,0,0,0,0.1136,0.7273,4.1552,2.8554,0,1,0,0,0,0,0,0,0,0,0,0,0,-1
41,11,20,0,2,0,0,0,5,0,0,0,0,0.0732,0.7317,4.0371,3.0958,0,0,0,0,0,0,1,0,0,0,0,0,0,-1
33,13,7,0,4,0,0,0,3,0,0,0,0,0.4545,0.2727,3.8471,2.1039,0,0,1,1,0,0,1,0,0,0,0,0,0,-1
21,4,5,0,1,0,0,0,3,0,0,0,0,0.0,0.7619,3.749,2.0,0,1,0,0,0,0,0,0,0,0,0,0,0,-1
28,13,2,0,3,0,0,0,3,0,0,0,0,0.5357,0.1786,3.8693,2.8151,0,0,1,1,0,0,1,0,0,0,0,0,0,-1
19,3,5,0,1,0,0,0,3,0,0,0,0,0.0,0.7368,3.4316,1.585,0,1,0,0,0,0,0,0,0,0,0,0,0,-1
42,8,0,21,1,0,0,0,2,2,1,0,1,0.0,0.8095,4.386,2.75,0,1,0,0,0,0,0,0,0,0,0,0,0,-1
34,14,7,0,4,0,0,0,3,0,0,0,0,0.4706,0.2647,4.0064,2.8963,0,0,1,1,0,0,1,0,0,0,0,0,0,-1
21,4,6,0,1,0,0,0,3,0,0,0,0,0.0,0.7619,3.5585,2.0,0,1,0,0,0,0,0,0,0,0,0,0,0,-1
42,14,21,0,4,0,0,0,4,0,0,0,0,0.3333,0.4524,4.4992,2.8424,0,0,1,0,0,0,1,0,0,0,0,0,0,-1
32,11,9,0,1,0,0,0,3,0,0,0,0,0.0,0.8438,4.0153,3.0958,0,1,0,0,0,0,0,0,0,0,0,0,0,-1
88,28,47,0,2,5,0,0,4,0,0,0,0,0.1818,0.6818,4.6511,3.7359,0,1,0,0,0,0,0,0,0,1,1,0,0,-1
34,8,14,0,1,0,0,0,4,0,0,0,0,0.1176,0.7059,4.315,2.75,0,1,0,0,0,0,0,0,0,0,0,0,0,-1
33,14,12,0,4,0,1,0,3,0,0,0,0,0.4545,0.2727,4.1124,2.7534,0,0,1,0,0,0,1,0,0,0,0,0,0,-1
34,7,15,0,1,0,0,0,4,0,0,0,0,0.0,0.8235,4.1385,2.5216,0,1,0,0,0,0,0,0,0,0,0,0,0,-1
41,5,7,16,1,0,0,0,3,1,0,0,1,0.0,0.8049,4.1923,1.9219,0,1,0,0,0,0,0,0,0,0,0,0,0,-1
33,9,12,0,1,0,0,0,4,0,0,0,0,0.0,0.8182,3.9832,2.6416,0,1,0,0,0,0,0,0,0,0,0,1,1,-1
28,13,2,0,3,0,0,0,3,0,0,0,0,0.5357,0.1786,3.669,2.2878,0,0,1,1,0,0,1,0,0,0,0,0,0,-1
88,14,50,0,3,4,0,0,4,0,0,0,0,0.1818,0.6818,4.7234,3.0391,1,1,0,0,0,0,0,0,0,1,1,0,0,-1
31,3,14,0,2,0,0,0,4,0,0,0,0,0.0,0.7742,4.0911,1.585,0,1,0,0,0,0,0,0,0,0,0,0,0,-1
23,3,9,0,1,0,0,0,4,0,0,0,0,0.0,0.7391,3.5884,0.9183,0,1,0,0,0,0,0,0,0,0,0,0,0,-1
24,13,4,0,3,0,0,0,3,0,0,0,0,0.5,0.2083,3.7406,2.8731,0,0,1,0,0,0,1,0,0,0,0,0,0,-1
27,14,5,0,3,0,0,0,3,0,0,0,0,0.5185,0.2222,3.6484,2.4956,0,1,1,0,0,0,1,0,0,0,0,0,0,-1
34,14,7,0,4,0,0,0,3,0,0,0,0,0.4706,0.2647,3.8222,2.4956,0,0,1,1,0,0,1,0,0,0,0,0,0,-1
45,20,0,12,1,1,0,0,2,1,0,0,1,0.0,0.8444,4.2801,3.2842,0,1,0,0,0,0,0,0,0,0,0,0,0,-1
32,4,16,0,1,0,0,0,4,0,0,0,0,0.0,0.8125,3.8903,2.0,0,1,0,0,0,0,0,0,0,0,0,0,0,-1
25,7,6,0,1,0,0,0,3,0,0,0,0,0.0,0.8,3.8635,2.8074,0,1,0,0,0,0,0,0,0,0,0,0,0,-1
31,12,5,0,2,0,0,0,3,0,0,0,0,0.0,0.8065,3.76,3.0221,0,1,0,0,0,0,0,0,0,0,0,0,0,-1
48,3,34,0,1,1,0,0,5,0,0,0,0,0.0,0.8333,4.1217,1.585,0,1,0,0,0,0,0,0,0,0,0,0,0,-1
20,0,0,6,1,0,0,0,2,1,0,0,1,0.05,0.65,3.7842,0.0,0,1,0,0,0,0,0,0,0,0,0,0,0,-1
28,13,2,0,3,0,0,0,3,0,0,0,0,0.5357,0.1786,3.7709,2.4493,0,0,1,1,0,0,1,0,0,0,0,0,0,-1
29,12,5,0,3,0,0,0,3,0,0,0,0,0.4828,0.2414,3.7194,2.6258,0,0,1,1,0,0,1,0,0,0,0,0,0,-1
27,12,2,0,3,0,0,0,3,0,0,0,0,0.5185,0.1852,3.606,2.3962,0,0,1,1,0,0,1,0,0,0,0,0,0,-1
34,14,7,0,4,0,0,0,3,0,0,0,0,0.4706,0.2647,3.9398,2.4956,0,0,1,1,0,0,1,0,0,0,0,0,0,-1
33,7,14,0,1,0,0,0,3,0,0,0,0,0.0,0.8485,3.7556,2.2359,0,1,0,0,0,0,0,0,0,0,0,0,0,-1
64,7,37,0,2,4,0,0,3,0,0,0,0,0.3438,0.5,4.715,2.8074,1,1,0,0,0,0,1,0,0,0,0,0,0,-1
27,7,8,0,1,0,0,0,3,0,0,0,0,0.0,0.8148,4.0323,2.8074,0,1,0,0,0,0,0,0,0,0,0,0,0,-1
31,15,9,0,4,0,0,0,3,0,0,0,0,0.4194,0.3226,4.0266,2.9232,0,0,1,0,0,0,1,0,0,0,0,0,0,-1
27,13,7,0,3,0,0,0,4,0,0,0,0,0.4074,0.2963,3.9121,2.8731,0,0,1,0,0,0,1,0,0,0,0,0,0,-1
43,5,26,0,1,1,0,0,6,0,0,0,0,0.0,0.7907,4.1757,1.9219,0,1,0,0,0,0,0,0,0,0,0,0,0,-1
20,3,5,0,1,0,0,0,3,0,0,0,0,0.0,0.75,3.5464,1.585,0,1,0,0,0,0,0,0,0,0,0,0,0,-1
47,15,25,0,4,0,0,0,4,0,0,0,0,0.4468,0.3617,4.1634,2.6892,0,0,1,0,0,0,1,0,0,0,0,0,0,-1
31,12,12,0,3,0,1,0,3,0,0,0,0,0.2903,0.4516,4.0582,2.6258,0,0,1,0,0,0,1,0,0,0,0,0,0,-1
26,4,10,0,1,0,0,0,3,0,0,0,0,0.0,0.8077,3.8441,2.0,0,1,0,0,0,0,0,0,0,0,0,0,0,-1
55,15,28,0,1,2,0,0,4,0,0,0,0,0.0,0.8545,4.2152,3.3232,0,1,0,0,0,0,0,0,0,1,1,1,1,-1
19,3,5,0,1,0,0,0,3,0,0,0,0,0.0,0.7368,3.4714,0.9183,0,1,0,0,0,0,0,0,0,0,0,0,0,-1
45,14,19,0,1,1,0,0,4,0,0,0,0,0.0,0.8444,4.4112,3.3249,0,1,0,0,0,0,0,0,0,0,0,0,0,-1
29,7,10,0,1,0,0,0,3,0,0,0,0,0.0,0.8276,4.0473,2.8074,0,1,0,0,0,0,0,0,0,0,0,0,0,-1
33,12,9,0,1,0,0,0,3,0,0,0,0,0.0,0.8485,3.6573,2.6887,0,1,0,0,0,0,0,0,0,0,0,0,0,-1
47,7,27,0,3,1,0,0,4,0,0,0,0,0.0213,0.7872,4.3923,2.8074,1,1,0,0,0,0,0,0,0,0,0,0,0,-1
37,14,16,0,3,0,1,0,4,0,0,0,0,0.3243,0.4324,4.2834,2.9852,0,0,1,0,0,0,1,0,0,0,0,0,0,-1
34,7,7,8,1,0,0,0,3,1,0,0,1,0.0,0.7941,3.9764,2.5216,0,1,0,0,0,0,0,0,0,0,0,0,0,-1
68,9,37,0,2,4,0,0,3,0,0,0,0,0.2647,0.5882,4.7382,2.4194,1,1,0,0,0,0,0,0,0,0,0,0,0,-1
66,9,37,0,2,4,0,0,3,0,0,0,0,0.3636,0.4848,4.6657,2.4194,1,1,0,0,0,0,0,0,0,0,0,0,0,-1
31,13,11,0,4,0,0,0,3,0,0,0,0,0.3226,0.4194,4.1557,2.8731,0,0,1,0,0,0,1,0,0,0,0,0,0,-1
34,17,5,0,1,2,0,0,3,0,0,0,0,0.0,0.7941,3.9176,3.1751,0,1,0,0,0,0,0,0,0,0,0,0,0,-1
23,4,7,0,1,0,0,0,3,0,0,0,0,0.0,0.7826,3.5555,2.0,0,1,0,0,0,0,0,0,0,1,1,0,0,-1
28,13,2,0,3,0,0,0,3,0,0,0,0,0.5357,0.1786,3.7265,2.8731,0,0,1,1,0,0,1,0,0,0,0,0,0,-1
52,8,33,0,1,3,0,0,5,0,0,0,0,0.0962,0.7115,4.4431,2.75,0,1,0,0,0,0,0,0,0,0,0,0,0,-1
27,5,10,0,1,0,0,0,3,0,0,0,0,0.0,0.8148,3.8562,2.3219,0,1,0,0,0,0,0,0,0,0,0,0,0,-1
34,14,8,0,1,0,0,0,3,0,0,0,0,0.0,0.8529,3.8925,3.0391,0,1,0,0,0,0,0,0,0,1,1,0,0,-1
34,9,13,0,1,0,0,0,4,0,0,0,0,0.0,0.8235,4.0653,2.7255,0,1,0,0,0,0,0,0,0,0,0,0,0,-1
31,10,9,0,1,0,0,0,3,0,0,0,0,0.0,0.8387,3.8732,3.1219,0,1,0,0,0,0,0,0,0,0,0,0,0,-1
85,12,49,0,3,4,0,0,4,0,0,0,0,0.2,0.6588,4.7219,3.085,1,1,0,0,0,0,0,0,0,0,0,0,0,-1
33,12,9,0,1,0,0,0,3,0,0,0,0,0.0,0.8485,3.7556,3.085,0,1,0,0,0,0,0,0,0,0,0,0,0,-1
45,8,14,10,1,0,2,0,4,1,0,0,1,0.1556,0.6222,4.764,3.0,0,1,0,0,0,0,0,0,0,0,0,0,0,-1
43,7,24,0,1,0,0,0,5,0,0,0,0,0.0,0.8372,4.1359,2.8074,0,1,0,0,0,0,0,0,0,1,1,0,0,-1
27,12,2,0,3,0,0,0,3,0,0,0,0,0.5185,0.1852,3.606,2.4591,0,0,1,1,0,0,1,0,0,0,0,0,0,-1
29,14,2,0,3,0,0,0,3,0,0,0,0,0.5517,0.1724,3.5125,2.7534,0,0,1,1,0,0,1,0,0,0,0,0,0,-1
35,18,5,0,1,0,0,0,3,0,0,0,0,0.0,0.8571,3.646,2.78,0,1,0,0,0,0,0,0,0,0,0,0,0,-1
29,14,2,0,3,0,0,0,3,0,0,0,0,0.5517,0.1724,3.8313,2.8424,0,0,1,1,0,0,1,0,0,0,0,0,0,-1
25,13,5,0,3,0,0,0,3,0,0,0,0,0.44,0.28,3.7035,2.8731,0,0,1,0,0,0,1,0,0,0,0,0,0,-1
29,14,2,0,3,0,0,0,3,0,0,0,0,0.5517,0.1724,3.8573,2.7534,0,0,1,1,0,0,1,0,0,0,0,0,0,-1
45,22,11,0,1,0,0,0,4,0,0,0,0,0.0,0.8667,4.2969,3.8797,0,1,0,0,0,0,0,0,0,0,0,0,0,-1
46,10,17,0,3,0,0,0,4,0,0,0,0,0.0652,0.7609,4.2055,3.3219,1,0,0,0,0,0,1,0,1,0,0,0,0,-1
28,13,2,0,3,0,0,0,3,0,0,0,0,0.5357,0.1786,3.6281,2.6612,0,0,1,1,0,0,1,0,0,0,0,0,0,-1
80,6,3,52,2,0,0,0,3,2,1,0,1,0.05,0.825,5.0401,1.9183,1,1,0,0,0,0,0,0,0,1,1,1,0,-1
27,5,8,0,2,0,0,0,3,0,0,0,0,0.0,0.7778,3.9582,1.9219,0,1,0,0,0,0,0,0,0,0,0,0,0,-1
25,4,9,0,1,0,0,0,3,0,0,0,0,0.0,0.8,3.8137,2.0,0,1,0,0,0,0,0,0,0,0,0,0,0,-1
27,12,2,0,3,0,0,0,3,0,0,0,0,0.5185,0.1852,3.7542,2.6887,0,0,1,1,0,0,1,0,0,0,0,0,0,-1
33,13,7,0,4,0,0,0,3,0,0,0,0,0.4545,0.2727,3.9455,2.8731,0,0,1,1,0,0,1,0,0,0,0,0,0,-1
82,13,1,42,2,5,0,0,3,1,0,0,1,0.2561,0.5854,4.8771,3.2389,1,1,0,0,0,0,0,0,0,0,0,0,0,-1
21,3,6,0,1,0,0,0,3,0,0,0,0,0.0,0.7619,3.5945,1.585,0,1,0,0,0,0,0,0,0,1,1,0,0,-1
34,6,14,0,2,0,0,0,4,0,0,0,0,0.0,0.7941,4.0431,1.7925,0,1,0,0,0,0,0,0,0,0,0,0,0,-1
31,13,6,0,4,0,0,0,3,0,0,0,0,0.4516,0.2581,3.9378,2.8731,0,0,1,1,0,0,1,0,0,0,0,0,0,-1
33,1,20,0,1,0,0,0,4,0,0,0,0,0.0,0.8182,3.9912,0.0,0,1,0,0,0,0,0,0,0,0,0,0,0,-1
30,9,9,0,1,0,0,0,3,0,0,0,0,0.0,0.8333,3.8062,3.1699,0,1,0,0,0,0,0,0,0,0,0,0,0,-1
81,21,42,0,2,6,0,0,4,0,0,0,0,0.2346,0.6049,4.7194,3.5585,0,1,0,0,0,0,0,0,0,0,0,0,0,-1
28,12,5,0,1,1,0,0,3,0,0,0,0,0.0,0.7857,3.9677,3.4183,0,1,0,0,0,0,0,0,0,0,0,0,0,-1
76,6,58,0,2,2,0,0,9,0,0,0,0,0.0263,0.7895,4.3495,2.585,0,1,0,0,0,0,0,0,0,0,0,0,0,-1
25,13,5,0,3,0,0,0,3,0,0,0,0,0.44,0.28,3.9435,2.8731,0,0,1,0,0,0,1,0,0,0,0,0,0,-1
32,12,7,0,4,0,0,0,3,0,0,0,0,0.4375,0.2812,3.8042,2.6887,0,0,1,1,0,0,1,0,0,0,0,0,0,-1
69,7,6,0,3,3,0,0,3,0,0,0,0,0.1159,0.7391,4.8267,2.5216,2,1,0,0,0,0,0,0,0,0,0,0,0,-1
20,4,4,0,1,0,0,0,3,0,0,0,0,0.0,0.75,3.6464,2.0,0,1,0,0,0,0,0,0,0,0,0,0,0,-1
22,4,6,0,1,0,0,0,3,0,0,0,0,0.0,0.7727,3.5726,2.0,0,1,0,0,0,0,0,0,0,1,1,0,0,-1
26,9,5,0,1,0,0,0,3,0,0,0,0,0.0,0.8077,3.7672,2.5033,0,1,0,0,0,0,0,0,0,0,0,0,0,-1
19,7,0,0,1,0,0,0,2,0,0,0,0,0.0,0.7895,3.7216,2.5216,0,1,0,0,0,0,0,0,0,0,0,0,0,-1
47,9,26,0,1,1,0,0,6,0,0,0,0,0.0,0.8085,4.2667,2.9477,0,1,0,0,0,0,0,0,0,0,0,0,0,-1
34,14,7,0,4,0,0,0,3,0,0,0,0,0.4706,0.2647,3.9003,2.7534,0,0,1,1,0,0,1,0,0,0,0,0,0,-1
39,11,9,0,2,1,0,0,3,0,0,0,0,0.0,0.8205,3.9966,2.7322,1,1,0,0,0,0,0,0,0,0,0,0,0,-1
32,13,12,0,4,0,0,0,3,0,0,0,0,0.3438,0.4062,4.1639,2.8731,0,0,1,0,0,0,1,0,0,0,0,0,0,-1
30,13,10,0,4,0,0,0,3,0,0,0,0,0.4,0.3333,4.0151,2.8151,0,0,1,0,0,0,1,0,0,0,0,0,0,-1
28,13,2,0,3,0,0,0,3,0,0,0,0,0.5357,0.1786,3.6281,2.6612,0,0,1,1,0,0,1,0,0,0,0,0,0,-1
30,15,8,0,3,0,0,0,3,0,0,0,0,0.4667,0.3,4.0729,2.8226,0,0,1,0,0,0,1,0,0,0,0,0,0,-1
28,13,2,0,3,0,0,0,3,0,0,0,0,0.5357,0.1786,3.7534,2.4116,0,0,1,1,0,0,1,0,0,0,0,0,0,-1
24,7,5,0,1,0,0,0,3,0,0,0,0,0.0,0.7917,3.5698,1.8424,0,1,0,0,0,0,0,0,0,0,0,0,0,-1
33,13,7,0,4,0,0,0,3,0,0,0,0,0.4545,0.2727,3.9077,2.6612,0,0,1,1,0,0,1,0,0,0,0,0,0,-1
24,13,4,0,3,0,0,0,3,0,0,0,0,0.4167,0.2917,3.8554,2.8731,0,0,1,0,0,0,1,0,0,0,0,0,0,-1
30,4,14,0,1,0,0,0,4,0,0,0,0,0.0667,0.7333,4.0402,2.0,0,1,0,0,0,0,1,0,0,0,0,0,0,-1
29,14,2,0,3,0,0,0,3,0,0,0,0,0.5517,0.1724,3.7454,2.6456,0,0,1,1,0,0,1,0,0,0,0,0,0,-1
22,3,5,0,2,0,0,0,3,0,0,0,0,0.0,0.7273,3.6978,1.585,0,1,0,0,0,0,0,0,0,0,0,0,0,-1
24,3,9,0,1,0,0,0,3,0,0,0,0,0.0,0.7917,3.7406,1.585,0,1,0,0,0,0,0,0,0,0,0,0,0,-1
36,11,0,12,1,0,0,0,2,1,0,0,1,0.0,0.8333,4.2391,3.2776,0,1,0,0,0,0,0,0,0,0,0,0,0,-1
43,13,23,0,5,0,0,0,4,0,0,0,0,0.2326,0.5349,4.2023,2.4493,0,0,1,0,0,0,1,0,0,0,0,0,0,-1
23,3,9,0,1,0,0,0,3,0,0,0,0,0.0,0.7826,3.7081,0.9183,0,1,0,0,0,0,0,0,0,0,0,0,0,-1
20,3,5,0,1,0,0,0,3,0,0,0,0,0.0,0.75,3.5464,0.9183,0,1,0,0,0,0,0,0,0,0,0,0,0,-1
29,14,2,0,3,0,0,0,3,0,0,0,0,0.5517,0.1724,3.6504,2.5027,0,0,1,1,0,0,1,0,0,0,0,0,0,-1
33,13,7,0,4,0,0,0,3,0,0,0,0,0.4545,0.2727,3.9424,2.2878,0,0,1,1,0,0,1,0,0,0,0,0,0,-1
34,13,14,0,4,0,0,0,4,0,0,0,0,0.3824,0.3529,4.2639,3.027,0,0,1,0,0,0,1,0,0,0,0,0,0,-1
28,8,8,0,1,0,0,0,3,0,0,0,0,0.0,0.8214,3.9677,2.75,0,1,0,0,0,0,0,0,0,0,0,0,0,-1
29,14,2,0,3,0,0,0,3,0,0,0,0,0.5517,0.1724,3.8573,2.6456,0,0,1,1,0,0,1,0,0,0,0,0,0,-1
30,10,8,0,1,0,0,0,3,0,0,0,0,0.0,0.8333,4.0729,3.1219,0,1,0,0,0,0,0,0,0,0,0,0,0,-1
28,13,2,0,3,0,0,0,3,0,0,0,0,0.5357,0.1786,3.8424,2.8151,0,0,1,1,0,0,1,0,0,0,0,0,0,-1
31,14,10,0,4,0,0,0,3,0,0,0,0,0.3548,0.3871,3.6553,2.5567,0,0,1,0,0,0,1,0,0,0,0,0,0,-1
27,12,2,0,3,0,0,0,3,0,0,0,0,0.5185,0.1852,3.8562,2.6258,0,0,1,1,0,0,1,0,0,0,0,0,0,-1
22,5,5,0,1,0,0,0,3,0,0,0,0,0.0,0.7727,3.5726,2.3219,0,1,0,0,0,0,0,0,0,0,0,0,0,-1
25,4,10,0,1,0,0,0,3,0,0,0,0,0.0,0.8,3.5933,1.5,0,1,0,0,0,0,0,0,0,0,0,0,0,-1
49,18,20,0,1,1,0,0,4,0,0,0,0,0.0,0.8571,4.1724,3.2391,0,1,0,0,0,0,0,0,0,1,1,0,0,-1
20,4,5,0,1,0,0,0,3,0,0,0,0,0.0,0.75,3.6842,1.5,0,1,0,0,0,0,0,0,0,0,0,0,0,-1
28,8,8,0,1,0,0,0,3,0,0,0,0,0.0,0.8214,3.9677,2.5,0,1,0,0,0,0,0,0,0,0,0,0,0,-1
34,14,7,0,4,0,0,0,3,0,0,0,0,0.4706,0.2647,3.7238,2.4488,0,0,1,1,0,0,1,0,0,0,0,0,0,-1
34,14,7,0,4,0,0,0,3,0,0,0,0,0.4706,0.2647,3.962,2.6456,0,0,1,1,0,0,1,0,0,0,0,0,0,-1
25,13,5,0,3,0,0,0,3,0,0,0,0,0.44,0.28,3.7835,2.8731,0,0,1,0,0,0,1,0,0,0,0,0,0,-1
26,7,7,0,1,0,0,0,3,0,0,0,0,0.0,0.8077,3.7672,2.8074,0,1,0,0,0,0,0,0,0,0,0,0,0,-1
37,14,16,0,4,0,0,0,3,0,0,0,0,0.2973,0.4865,4.1885,2.6456,0,0,1,0,0,0,1,0,0,0,0,0,0,-1
25,13,5,0,3,0,0,0,3,0,0,0,0,0.44,0.28,3.8635,2.8731,0,0,1,0,0,0,1,0,0,0,0,0,0,-1
46,10,14,10,1,0,2,0,4,1,0,0,1,0.1522,0.6304,4.8115,3.1219,0,1,0,0,0,0,0,0,0,0,0,0,0,-1
39,14,13,0,1,0,0,0,4,0,0,0,0,0.0,0.8462,3.9259,3.182,0,1,0,0,0,0,0,0,0,0,0,0,0,-1
31,12,7,0,3,0,0,0,3,0,0,0,0,0.4516,0.2903,4.0668,2.6258,0,0,1,1,0,0,1,0,0,0,0,0,0,-1
28,13,2,0,3,0,0,0,3,0,0,0,0,0.5357,0.1786,3.6959,2.5654,0,0,1,1,0,0,1,0,0,0,0,0,0,-1
26,14,5,0,3,0,0,0,3,0,0,0,0,0.4615,0.2692,3.6322,2.306,0,0,1,0,0,0,1,0,0,0,0,0,0,-1
35,13,15,0,3,0,1,0,3,0,0,0,0,0.3429,0.4286,4.4004,2.8151,0,0,1,0,0,0,1,0,0,0,0,0,0,-1
43,9,10,0,2,0,0,0,4,0,0,0,0,0.2093,0.6279,4.2954,2.7255,1,0,0,0,0,0,0,0,0,0,0,0,0,-1
58,13,34,0,1,1,0,0,5,0,0,0,0,0.0,0.8621,4.2332,3.3927,0,1,0,0,0,0,0,0,0,0,0,0,0,-1
36,19,5,0,1,0,0,0,3,0,0,0,0,0.0,0.8611,3.8611,3.2608,0,1,0,0,0,0,0,0,0,0,0,0,0,-1
33,13,7,0,4,0,0,0,3,0,0,0,0,0.4545,0.2727,4.0061,2.6612,0,0,1,1,0,0,1,0,0,0,0,0,0,-1
46,9,14,10,1,0,2,0,4,1,0,0,1,0.1522,0.6304,4.7951,2.6416,0,1,0,0,0,0,0,0,0,0,0,0,0,-1
43,11,22,0,2,0,0,0,5,0,0,0,0,0.093,0.7209,4.3884,3.0958,0,0,0,0,0,0,1,0,0,0,0,0,0,-1
31,7,12,0,1,0,0,0,3,0,0,0,0,0.0,0.8387,3.9503,2.8074,0,1,0,0,0,0,0,0,0,0,0,0,0,-1
29,14,2,0,3,0,0,0,3,0,0,0,0,0.5517,0.1724,3.8144,2.6106,0,0,1,1,0,0,1,0,0,0,0,0,0,-1
35,15,7,0,4,0,0,0,3,0,0,0,0,0.4857,0.2571,3.8757,2.6062,0,0,1,1,0,0,1,0,0,0,0,0,0,-1
29,14,2,0,3,0,0,0,3,0,0,0,0,0.5517,0.1724,3.7623,3.0391,0,0,1,1,0,0,1,0,0,0,0,0,0,-1
43,11,20,0,2,0,0,0,5,0,0,0,0,0.0233,0.7907,4.0595,3.0958,0,1,0,0,0,0,0,0,0,1,1,0,0,-1
35,6,11,0,3,0,0,0,3,0,0,0,0,0.1429,0.6571,4.3573,2.585,1,1,0,0,0,0,0,0,0,0,0,0,0,-1
29,14,2,0,3,0,0,0,3,0,0,0,0,0.5517,0.1724,3.6075,2.4488,0,0,1,1,0,0,1,0,0,0,0,0,0,-1
30,4,14,0,1,0,0,0,4,0,0,0,0,0.0,0.8,3.8566,2.0,0,1,0,0,0,0,0,0,0,0,0,0,0,-1
24,13,4,0,3,0,0,0,3,0,0,0,0,0.4167,0.2917,3.7406,2.8151,0,0,1,0,0,0,1,0,0,0,0,0,0,-1
90,30,47,0,2,8,0,0,4,0,0,0,0,0.2111,0.6222,4.77,3.9647,0,1,0,0,0,0,0,0,0,1,1,0,0,-1
48,13,23,0,4,0,0,0,4,0,0,0,0,0.5417,0.25,4.0952,2.7193,0,0,1,1,0,0,1,0,0,0,0,0,0,-1
26,11,2,0,3,0,0,0,3,0,0,0,0,0.5,0.1923,3.6133,2.4131,0,0,1,1,0,0,1,0,0,0,0,0,0,-1
25,11,7,0,3,0,0,0,3,0,0,0,0,0.48,0.24,3.6431,2.5949,0,0,1,0,0,0,1,0,0,0,0,0,0,-1
33,6,7,8,1,0,0,0,3,1,0,0,1,0.0,0.7879,4.2485,2.2516,0,1,0,0,0,0,0,0,0,0,0,0,0,-1
33,3,15,0,2,0,0,0,4,0,0,0,0,0.0,0.7879,3.6424,0.9183,0,1,0,0,0,0,0,0,0,0,0,0,0,-1
84,15,1,42,2,5,0,0,3,1,0,0,1,0.2262,0.619,4.9589,3.2402,1,1,0,0,0,0,0,0,0,0,0,0,0,-1
32,12,7,0,4,0,0,0,3,0,0,0,0,0.4375,0.2812,3.9292,2.4591,0,0,1,1,0,0,1,0,0,0,0,0,0,-1
30,15,8,0,3,0,0,0,3,0,0,0,0,0.4,0.3667,4.0729,2.8226,0,0,1,0,0,0,1,0,0,0,0,0,0,-1
29,11,6,0,1,0,0,0,3,0,0,0,0,0.0,0.8276,3.8144,2.2999,0,1,0,0,0,0,0,0,0,0,0,0,0,-1
28,10,6,0,1,0,0,0,3,0,0,0,0,0.0,0.8214,3.9138,2.9219,0,1,0,0,0,0,0,0,0,0,0,0,0,-1
28,8,8,0,1,0,0,0,4,0,0,0,0,0.0,0.7857,4.0931,2.75,0,1,0,0,0,0,0,0,0,0,0,0,0,-1
29,14,2,0,3,0,0,0,3,0,0,0,0,0.5517,0.1724,3.7454,2.9852,0,0,1,1,0,0,1,0,0,0,0,0,0,-1
35,6,14,0,2,0,0,0,4,0,0,0,0,0.0,0.8,3.8861,2.2516,0,1,0,0,0,0,0,0,0,0,0,0,0,-1
29,4,10,0,2,0,0,0,3,0,0,0,0,0.0,0.7931,3.8313,2.0,0,1,0,0,0,0,0,0,0,0,0,0,0,-1
48,6,30,0,2,1,0,0,7,0,0,0,0,0.125,0.6458,4.3053,2.585,0,1,0,0,0,0,0,0,0,0,0,0,0,-1
33,13,13,0,3,0,1,0,4,0,0,0,0,0.3333,0.3939,4.3549,3.027,0,0,1,0,0,0,1,0,0,0,0,0,0,-1
85,14,49,0,3,5,0,0,4,0,0,0,0,0.1882,0.6588,4.7663,3.3788,1,1,0,0,0,0,0,0,0,0,0,0,0,-1
87,13,50,0,3,4,0,0,4,0,0,0,0,0.1839,0.6782,4.6994,3.5466,1,1,0,0,0,0,0,0,0,1,1,0,0,-1
28,13,2,0,3,0,0,0,3,0,0,0,0,0.5357,0.1786,3.6726,2.5074,0,0,1,1,0,0,1,0,0,0,0,0,0,-1
81,22,47,0,2,5,0,0,4,0,0,0,0,0.3086,0.5432,4.8028,3.4817,0,0,0,0,0,0,0,0,0,1,1,0,0,-1
29,7,10,0,1,0,0,0,3,0,0,0,0,0.0,0.8276,3.7363,2.8074,0,1,0,0,0,0,0,0,0,0,0,0,0,-1
31,7,12,0,1,0,0,0,4,0,0,0,0,0.0968,0.7097,4.0911,2.5216,0,1,0,0,0,0,1,0,0,0,0,0,0,-1
48,20,15,0,2,0,0,0,4,0,0,0,0,0.0417,0.8125,4.2385,3.2037,0,0,0,0,0,0,0,0,0,0,0,0,0,-1
76,11,1,42,2,4,0,0,3,1,0,0,1,0.3684,0.4737,4.9104,3.2776,1,1,0,0,0,0,1,0,0,0,0,0,0,-1
31,11,9,0,1,1,0,0,3,0,0,0,0,0.0,0.8065,4.0149,3.2776,0,1,0,0,0,0,0,0,0,0,0,0,0,-1
30,13,10,0,3,0,0,0,4,0,0,0,0,0.3333,0.4,3.9899,2.6612,0,0,1,0,0,0,1,0,0,0,0,0,0,-1
45,9,24,0,1,0,0,0,5,0,0,0,0,0.0,0.8444,4.0724,2.9477,0,1,0,0,0,0,0,0,0,1,1,0,0,-1
71,25,34,0,1,1,0,0,5,0,0,0,0,0.0,0.8873,4.172,3.4449,0,1,0,0,0,0,0,0,0,0,0,0,0,-1
25,14,4,0,3,0,0,0,3,0,0,0,0,0.44,0.28,3.5329,2.306,0,0,1,0,0,0,1,0,0,0,0,0,0,-1
28,13,2,0,3,0,0,0,3,0,0,0,0,0.5357,0.1786,3.655,2.6612,0,0,1,1,0,0,1,0,0,0,0,0,0,-1
50,13,14,10,1,0,2,0,4,1,0,0,1,0.14,0.66,4.7186,2.7193,0,1,0,0,0,0,0,0,0,0,0,0,0,-1
31,13,6,0,1,0,0,0,3,0,0,0,0,0.0,0.8387,3.926,3.1808,0,1,0,0,0,0,0,0,0,1,1,0,0,-1
31,5,14,0,1,0,0,0,4,0,0,0,0,0.0,0.8065,3.8976,1.9219,0,1,0,0,0,0,0,0,0,0,0,0,0,-1
24,13,4,0,3,0,0,0,3,0,0,0,0,0.4583,0.25,3.8554,2.8731,0,0,1,0,0,0,1,0,0,0,0,0,0,-1
28,13,2,0,3,0,0,0,3,0,0,0,0,0.5357,0.1786,3.9677,2.8731,0,0,1,1,0,0,1,0,0,0,0,0,0,-1
33,3,7,8,2,0,0,0,3,1,0,0,1,0.0,0.7576,4.1879,1.585,0,1,0,0,0,0,0,0,0,0,0,0,0,-1
26,5,9,0,1,0,0,0,3,0,0,0,0,0.0,0.8077,3.8151,2.3219,0,1,0,0,0,0,0,0,0,0,0,0,0,-1
35,12,11,0,1,0,0,0,4,0,0,0,0,0.0,0.8286,4.229,3.0221,0,1,0,0,0,0,0,0,0,0,0,0,0,-1
40,4,24,0,1,0,0,0,5,0,0,0,0,0.0,0.825,4.1062,2.0,0,1,0,0,0,0,0,0,0,1,1,0,0,-1
87,25,47,0,2,7,0,0,4,0,0,0,0,0.2529,0.5862,4.6919,3.7533,0,1,0,0,0,0,0,0,0,1,1,0,0,-1
36,4,20,0,2,0,0,0,5,0,0,0,0,0.0278,0.75,4.0595,1.5,0,1,0,0,0,0,0,0,0,1,1,0,0,-1
35,15,7,0,4,0,0,0,3,0,0,0,0,0.4857,0.2571,3.8961,2.4989,0,0,1,1,0,0,1,0,0,0,0,0,0,-1
32,12,8,0,1,0,0,0,3,0,0,0,0,0.0,0.8438,3.9528,3.2516,0,1,0,0,0,0,0,0,0,0,0,0,0,-1
28,13,2,0,3,0,0,0,3,0,0,0,0,0.5357,0.1786,3.4138,1.7759,0,0,1,1,0,0,1,0,0,0,0,0,0,-1
35,15,7,0,4,0,0,0,3,0,0,0,0,0.4857,0.2571,3.9789,2.8729,0,0,1,1,0,0,1,0,0,0,0,0,0,-1
34,9,13,0,1,0,0,0,4,0,0,0,0,0.0,0.8235,4.0431,3.1699,0,1,0,0,0,0,0,0,0,0,0,0,0,-1
34,14,7,0,4,0,0,0,3,0,0,0,0,0.4706,0.2647,4.1385,2.9852,0,0,1,1,0,0,1,0,0,0,0,0,0,-1
22,4,6,0,1,0,0,0,3,0,0,0,0,0.0,0.7727,3.9706,1.5,0,1,0,0,0,0,0,0,0,1,1,0,0,-1
38,8,19,0,1,1,0,0,5,0,0,0,0,0.0263,0.7632,4.0477,3.0,0,1,0,0,0,0,1,0,0,0,0,0,0,-1
78,18,42,0,2,6,0,0,4,0,0,0,0,0.2821,0.5513,4.7384,3.3083,0,1,0,0,0,0,0,0,0,0,0,0,0,-1
24,13,4,0,3,0,0,0,3,0,0,0,0,0.4583,0.25,3.8554,2.8731,0,0,1,0,0,0,1,0,0,0,0,0,0,-1
29,8,9,0,1,1,0,0,3,0,0,0,0,0.0,0.7931,3.8833,3.0,0,1,0,0,0,0,0,0,0,0,0,0,0,-1
32,13,12,0,4,0,1,0,3,0,0,0,0,0.4375,0.2812,4.1403,2.8731,0,0,1,0,0,0,1,0,0,0,0,0,0,-1
30,6,13,0,1,0,0,0,4,0,0,0,0,0.0,0.8,4.0151,1.9183,0,1,0,0,0,0,0,0,0,1,1,1,1,-1
27,0,14,0,1,0,0,0,4,0,0,0,0,0.0,0.7778,3.5697,0.0,0,1,0,0,0,0,0,0,0,0,0,0,0,-1
34,16,6,0,1,0,0,0,3,0,0,0,0,0.0,0.8529,4.0797,3.5778,0,1,0,0,0,0,0,0,0,0,0,0,0,-1
43,9,0,21,1,0,0,0,2,2,1,0,1,0.0,0.814,4.1933,2.7255,0,1,0,0,0,0,0,0,0,0,0,0,0,-1
23,6,6,0,1,0,0,0,3,0,0,0,0,0.0,0.7826,3.5884,2.585,0,1,0,0,0,0,0,0,0,0,0,0,0,-1
29,14,2,0,3,0,0,0,3,0,0,0,0,0.5517,0.1724,3.5554,2.5027,0,0,1,1,0,0,1,0,0,0,0,0,0,-1
26,7,7,0,1,0,0,0,3,0,0,0,0,0.0,0.8077,3.9501,2.2359,0,1,0,0,0,0,0,0,0,0,0,0,0,-1
28,9,8,0,1,0,0,0,3,0,0,0,0,0.0,0.8214,4.0661,3.1699,0,1,0,0,0,0,0,0,0,0,0,0,0,-1
30,11,5,0,2,0,0,0,3,0,0,0,0,0.0,0.8,3.7647,3.0958,0,1,0,0,0,0,0,0,0,0,0,0,0,-1
46,15,24,0,4,0,1,0,4,0,0,0,0,0.3478,0.4348,4.4743,2.7899,0,0,1,0,0,0,1,0,0,0,0,0,0,-1
29,11,0,6,1,0,0,0,2,1,0,0,1,0.0345,0.7586,4.1163,3.4594,0,1,0,0,0,0,0,0,0,0,0,0,0,-1
30,6,12,0,1,0,0,0,4,0,0,0,0,0.1333,0.6667,4.2402,2.2516,0,1,0,0,0,0,0,0,0,0,0,0,0,-1
48,11,7,16,1,0,0,0,3,1,0,0,1,0.0,0.8333,4.2705,2.8454,0,1,0,0,0,0,0,0,0,0,0,0,0,-1
43,20,10,0,2,0,0,0,3,0,0,0,0,0.0,0.8605,3.8416,3.2037,0,0,0,0,0,0,0,0,0,0,0,0,0,-1
32,7,14,0,1,0,0,0,4,0,0,0,0,0.0,0.8125,3.8903,2.8074,0,1,0,0,0,0,0,0,0,0,0,0,0,-1
50,6,32,0,2,2,0,0,8,0,0,0,0,0.12,0.62,4.4786,2.585,0,1,0,0,0,0,0,0,0,0,0,0,0,-1
32,12,13,0,4,0,0,0,3,0,0,0,0,0.3125,0.4375,4.4139,2.8554,0,0,1,0,0,0,1,0,0,0,0,0,0,-1
28,6,7,0,2,0,0,0,3,0,0,0,0,0.0,0.7857,3.8424,1.9183,0,1,0,0,0,0,0,0,0,2,1,1,1,-1
30,5,13,0,1,0,0,0,4,0,0,0,0,0.0,0.8,4.0402,2.3219,0,1,0,0,0,0,0,0,0,0,0,0,0,-1
23,6,5,0,1,0,0,0,3,0,0,0,0,0.0,0.7826,3.7294,2.585,0,1,0,0,0,0,0,0,0,0,0,0,0,-1
37,5,21,0,1,0,0,0,5,0,0,0,0,0.1351,0.6757,4.0573,2.3219,0,1,0,0,0,0,0,0,0,0,0,0,0,-1
31,14,5,0,3,0,0,0,3,0,0,0,0,0.4839,0.2581,3.9134,2.8424,0,0,1,1,0,0,1,0,0,0,0,0,0,-1
37,9,2,13,1,0,0,0,3,1,0,0,1,0.0,0.7838,4.2426,2.9477,0,1,0,0,0,0,0,0,0,0,0,0,0,-1
67,10,37,0,2,4,0,0,3,0,0,0,0,0.2687,0.5821,4.7798,3.3219,1,1,0,0,0,0,1,0,0,0,0,0,0,-1
26,14,5,0,3,0,0,0,3,0,0,0,0,0.5,0.2308,3.921,3.0391,0,0,1,0,0,0,1,0,0,0,0,0,0,-1
26,11,2,0,3,0,0,0,3,0,0,0,0,0.5,0.1923,3.5805,2.2999,0,0,1,1,0,0,1,0,0,0,0,0,0,-1
21,4,5,0,1,0,0,0,3,0,0,0,0,0.0,0.7619,3.7849,1.5,0,1,0,0,0,0,0,0,0,0,0,0,0,-1
26,3,11,0,2,0,0,0,3,0,0,0,0,0.0,0.7692,3.6133,0.9183,0,1,0,0,0,0,0,0,0,0,0,0,0,-1
28,8,8,0,1,0,0,0,3,0,0,0,0,0.0,0.8214,3.7709,2.5,0,1,0,0,0,0,0,0,0,0,0,0,0,-1
37,10,15,0,1,1,0,0,4,0,0,0,0,0.0,0.8108,4.1957,3.3219,0,1,0,0,0,0,0,0,0,0,0,0,0,-1
32,12,7,0,4,0,0,0,3,0,0,0,0,0.4375,0.2812,4.0153,2.4591,0,0,1,1,0,0,1,0,0,0,0,0,0,-1
27,15,5,0,3,0,0,0,3,0,0,0,0,0.4444,0.2963,3.8101,2.7899,0,0,1,0,0,0,1,0,0,0,0,0,0,-1
32,14,4,0,1,0,0,0,3,0,0,0,0,0.0,0.8438,3.9056,3.3788,0,1,0,0,0,0,0,0,0,0,0,0,0,-1
33,13,7,0,4,0,0,0,3,0,0,0,0,0.4545,0.2727,3.8014,2.6612,0,0,1,1,0,0,1,0,0,0,0,0,0,-1
19,0,5,0,1,0,0,0,3,0,0,0,0,0.0,0.7368,3.5766,0.0,0,1,0,0,0,0,0,0,0,0,0,0,0,-1
83,20,47,0,2,6,0,0,4,0,0,0,0,0.2169,0.6265,4.4352,3.0037,0,1,0,0,0,0,0,0,0,1,1,0,0,-1
34,14,7,0,4,0,0,0,3,0,0,0,0,0.4706,0.2647,3.9957,2.3527,0,0,1,1,0,0,1,0,0,0,0,0,0,-1
27,6,9,0,1,0,0,0,3,0,0,0,0,0.0,0.8148,3.7821,2.585,0,1,0,0,0,0,0,0,0,0,0,0,0,-1
30,7,5,0,2,0,0,0,3,0,0,0,0,0.0667,0.7333,4.3232,2.5216,1,0,0,0,0,0,0,0,0,0,0,0,0,-1
35,12,16,0,4,0,0,0,3,0,0,0,0,0.2571,0.5143,4.3217,3.0221,0,0,1,0,0,0,1,0,0,0,0,0,0,-1
30,14,9,0,3,0,1,0,3,0,0,0,0,0.4333,0.3,4.0566,2.6106,0,0,1,0,0,0,1,0,0,0,0,0,0,-1
26,6,8,0,1,1,0,0,3,0,0,0,0,0.0,0.7692,3.921,2.2516,0,1,0,0,0,0,0,0,0,1,1,0,0,-1
46,19,15,0,1,0,0,0,4,0,0,0,0,0.0,0.8696,4.1435,3.3661,0,1,0,0,0,0,0,0,0,0,0,0,0,-1
29,11,6,0,1,0,0,0,3,0,0,0,0,0.0,0.8276,3.7589,2.6635,0,1,0,0,0,0,0,0,0,0,0,0,0,-1
25,5,9,0,1,0,0,0,3,0,0,0,0,0.0,0.8,3.6235,1.9219,0,1,0,0,0,0,0,0,0,0,0,0,0,-1
42,4,26,0,1,1,0,0,6,0,0,0,0,0.0,0.7857,4.2345,1.5,0,1,0,0,0,0,0,0,0,0,0,0,0,-1
33,13,7,0,4,0,0,0,3,0,0,0,0,0.4545,0.2727,3.859,2.5654,0,0,1,1,0,0,1,0,0,0,0,0,0,-1
20,2,6,0,1,0,0,0,3,0,0,0,0,0.0,0.75,3.7842,1.0,0,1,0,0,0,0,0,0,0,1,1,0,0,-1
30,14,9,0,4,0,0,0,3,0,0,0,0,0.3667,0.3667,3.9484,2.7534,0,0,1,0,0,0,1,0,0,0,0,0,0,-1
41,6,7,16,1,0,0,0,3,1,0,0,1,0.0,0.7805,4.1739,1.9183,0,1,0,0,0,0,0,0,0,1,1,1,1,-1
25,7,6,0,1,0,0,0,3,0,0,0,0,0.0,0.8,3.6537,2.5216,0,1,0,0,0,0,0,0,0,0,0,0,0,-1
29,17,0,0,1,1,0,0,2,0,0,0,0,0.0,0.8276,3.9614,3.4548,0,1,0,0,0,0,0,0,0,0,0,0,0,-1
35,15,7,0,4,0,0,0,3,0,0,0,0,0.4857,0.2571,3.9573,2.2389,0,0,1,1,0,0,1,0,0,0,0,0,0,-1
34,8,14,0,1,0,0,0,3,0,0,0,0,0.0,0.8529,4.0101,2.75,0,1,0,0,0,0,0,0,0,0,0,0,0,-1
22,7,4,0,1,0,0,0,3,0,0,0,0,0.0,0.7727,3.6069,2.1281,0,1,0,0,0,0,0,0,0,0,0,0,0,-1
30,14,9,0,4,0,0,0,3,0,0,0,0,0.3667,0.3667,3.9647,2.8424,0,0,1,0,0,0,1,0,0,0,0,0,0,-1
21,4,6,0,1,0,0,0,3,0,0,0,0,0.0,0.7619,3.5226,2.0,0,1,0,0,0,0,0,0,0,0,0,0,0,-1
33,9,12,0,1,0,0,0,4,0,0,0,0,0.1212,0.697,4.0518,2.9477,0,1,0,0,0,0,0,0,0,0,0,0,0,-1
41,14,20,0,4,0,0,0,4,0,0,0,0,0.3171,0.4634,4.1196,2.7885,0,0,1,0,0,0,1,0,0,0,0,0,0,-1
49,3,34,0,1,1,0,0,5,0,0,0,0,0.0,0.8367,4.1505,1.585,0,1,0,0,0,0,0,0,0,0,0,0,0,-1
27,8,0,6,1,0,0,0,2,1,0,0,1,0.037,0.7407,3.8064,2.1556,0,1,0,0,0,0,0,0,0,0,0,0,0,-1
33,9,12,0,1,0,0,0,3,0,0,0,0,0.0303,0.8182,3.7903,3.1699,0,1,0,0,0,0,1,0,0,0,0,0,0,-1
26,12,7,0,3,0,0,0,3,0,0,0,0,0.3846,0.3462,3.998,2.7925,0,0,1,0,0,0,1,0,0,0,0,0,0,-1
43,5,24,0,2,0,0,0,5,0,0,0,0,0.0,0.814,4.0719,2.3219,0,1,0,0,0,0,0,0,0,0,0,0,0,-1
34,14,7,0,4,0,0,0,3,0,0,0,0,0.4706,0.2647,3.9369,2.3527,0,0,1,1,0,0,1,0,0,0,0,0,0,-1
30,9,9,0,1,0,0,0,3,0,0,0,0,0.0,0.8333,3.9144,2.9477,0,1,0,0,0,0,0,0,0,0,0,0,0,-1
84,10,50,0,3,4,0,0,4,0,0,0,0,0.1905,0.6667,4.7265,2.4464,1,1,0,0,0,0,0,0,0,1,1,0,0,-1
76,14,47,0,2,4,0,0,4,0,0,0,0,0.2237,0.6316,4.5687,3.182,0,1,0,0,0,0,0,0,0,1,1,0,0,-1
30,9,9,0,1,0,0,0,3,0,0,0,0,0.0,0.8333,4.0062,2.6416,0,1,0,0,0,0,0,0,0,0,0,0,0,-1
30,7,11,0,2,0,0,0,3,0,0,0,0,0.0,0.8,3.9899,2.5216,0,1,0,0,0,0,0,0,0,0,0,0,0,-1
31,6,0,12,1,0,0,0,2,1,0,0,1,0.0,0.8065,4.1313,2.2516,0,1,0,0,0,0,0,0,0,0,0,0,0,-1
62,22,28,0,1,3,0,0,4,0,0,0,0,0.0,0.8548,4.159,3.4817,0,1,0,0,0,0,0,0,0,0,0,0,0,-1
34,14,7,0,4,0,0,0,3,0,0,0,0,0.4706,0.2647,4.1385,2.6456,0,0,1,1,0,0,1,0,0,0,0,0,0,-1
32,8,13,0,1,0,0,0,4,0,0,0,0,0.0,0.8125,4.1014,2.5,0,1,0,0,0,0,0,0,0,0,0,0,0,-1
34,3,11,0,3,0,0,0,4,0,0,0,0,0.0,0.7647,4.3006,1.585,1,1,0,0,0,0,0,0,0,0,0,0,0,-1
36,4,20,0,1,0,0,0,4,0,0,0,0,0.0,0.8333,3.882,1.5,0,1,0,0,0,0,0,0,0,0,0,0,0,-1
27,5,10,0,1,0,0,0,3,0,0,0,0,0.0,0.8148,3.8101,2.3219,0,1,0,0,0,0,0,0,0,0,0,0,0,-1
86,23,47,0,2,6,0,0,4,0,0,0,0,0.2093,0.6395,4.686,3.654,0,1,0,0,0,0,0,0,0,1,1,0,0,-1
33,7,14,0,1,0,0,0,4,0,0,0,0,0.1515,0.6667,4.4989,2.2359,0,1,0,0,0,0,0,0,0,0,0,0,0,-1
42,13,17,0,1,1,0,0,4,0,0,0,0,0.0,0.8333,3.8919,3.027,0,1,0,0,0,0,0,0,0,0,0,0,0,-1
32,12,7,0,4,0,0,0,3,0,0,0,0,0.4375,0.2812,3.9917,2.8554,0,0,1,1,0,0,1,0,0,0,0,0,0,-1
25,14,4,0,3,0,0,0,3,0,0,0,0,0.44,0.28,3.5329,2.306,0,0,1,0,0,0,1,0,0,0,0,0,0,-1
76,9,1,42,2,4,0,0,3,1,0,0,1,0.2368,0.6053,4.8906,3.1699,1,1,0,0,0,0,0,0,0,0,0,0,0,-1
38,7,19,0,1,0,0,0,4,0,0,0,0,0.0,0.8421,4.2608,2.5216,0,1,0,0,0,0,0,0,0,0,0,0,0,-1
27,6,9,0,1,0,0,0,3,0,0,0,0,0.0,0.8148,3.6484,2.2516,0,1,0,0,0,0,0,0,0,0,0,0,0,-1
41,5,7,16,1,0,0,0,3,1,0,0,1,0.0,0.8049,4.2411,1.9219,0,1,0,0,0,0,0,0,0,0,0,0,0,-1
31,2,11,0,3,0,0,0,3,0,0,0,0,0.129,0.6452,4.0668,1.0,2,0,0,0,0,0,1,0,0,0,0,0,0,-1
24,8,4,0,1,0,0,0,3,0,0,0,0,0.0,0.7917,3.8554,3.0,0,1,0,0,0,0,0,0,0,0,0,0,0,-1
28,7,9,0,1,0,0,0,3,0,0,0,0,0.0,0.8214,3.8693,2.5216,0,1,0,0,0,0,0,0,0,0,0,0,0,-1
83,6,65,0,2,1,1,0,9,0,0,0,0,0.0361,0.7952,4.427,2.585,0,1,0,0,0,0,0,0,0,0,0,0,0,-1
37,12,13,0,1,0,0,0,4,0,0,0,0,0.0,0.8378,3.8101,2.7516,0,1,0,0,0,0,0,0,0,0,0,0,0,-1
32,4,17,0,1,1,0,0,4,0,0,0,0,0.0,0.7812,3.8278,2.0,0,1,0,0,0,0,0,0,0,0,0,0,0,-1
34,14,7,0,4,0,0,0,3,0,0,0,0,0.4706,0.2647,3.9842,2.9852,0,0,1,1,0,0,1,0,0,0,0,0,0,-1
28,14,7,0,4,0,0,0,3,0,0,0,0,0.3929,0.3214,3.8249,2.6995,0,0,1,0,0,0,1,0,0,0,0,0,0,-1
34,14,8,0,1,0,0,0,3,0,0,0,0,0.0,0.8529,4.0575,3.3788,0,1,0,0,0,0,0,0,0,0,0,0,0,-1
25,13,5,0,3,0,0,0,3,0,0,0,0,0.4,0.32,3.8635,2.8731,0,0,1,0,0,0,1,0,0,0,0,0,0,-1
69,15,37,0,2,4,0,0,3,0,0,0,0,0.2754,0.5797,4.6818,3.2402,1,1,0,0,0,0,0,0,0,0,0,0,0,-1
47,7,28,0,1,1,0,0,4,0,0,0,0,0.0,0.8511,4.0783,2.5216,0,1,0,0,0,0,0,0,0,0,0,0,0,-1
22,5,5,0,1,0,0,0,3,0,0,0,0,0.0,0.7727,3.6635,2.3219,0,1,0,0,0,0,0,0,0,0,0,0,0,-1
29,6,8,0,2,0,0,0,3,0,0,0,0,0.0,0.7931,3.7025,1.9183,0,1,0,0,0,0,0,0,0,1,1,1,1,-1
28,14,7,0,4,0,0,0,3,0,0,0,0,0.3929,0.3214,3.7804,2.6106,0,0,1,0,0,0,1,0,0,0,0,0,0,-1
26,5,9,0,1,0,0,0,4,0,0,0,0,0.0,0.7692,3.8543,2.3219,0,1,0,0,0,0,0,0,0,0,0,0,0,-1
25,5,0,7,1,0,0,0,2,1,0,0,1,0.0,0.76,3.8137,2.3219,0,1,0,0,0,0,0,0,0,0,0,0,0,-1
33,13,7,0,4,0,0,0,3,0,0,0,0,0.4545,0.2727,4.0061,2.8731,0,0,1,1,0,0,1,0,0,0,0,0,0,-1
29,14,2,0,3,0,0,0,3,0,0,0,0,0.5517,0.1724,3.5125,2.4488,0,0,1,1,0,0,1,0,0,0,0,0,0,-1
33,8,14,0,1,0,0,0,4,0,0,0,0,0.1515,0.6667,4.332,2.5,0,1,0,0,0,0,0,0,0,0,0,0,0,-1
30,3,16,0,1,0,0,0,4,0,0,0,0,0.0,0.8,3.7144,1.585,0,1,0,0,0,0,0,0,0,0,0,0,0,-1
30,7,5,0,2,0,0,0,3,0,0,0,0,0.0667,0.7333,4.3232,2.5216,1,0,0,0,0,0,0,0,0,0,0,0,0,-1
33,16,5,0,1,0,0,0,3,0,0,0,0,0.0,0.8485,3.7556,3.0306,0,1,0,0,0,0,0,0,0,0,0,0,0,-1
23,6,5,0,1,0,0,0,3,0,0,0,0,0.0,0.7826,3.8164,2.2516,0,1,0,0,0,0,0,0,0,0,0,0,0,-1
32,13,12,0,3,0,1,0,3,0,0,0,0,0.375,0.375,4.1556,2.8731,0,0,1,0,0,0,1,0,0,0,0,0,0,-1
26,9,5,0,1,0,0,0,3,0,0,0,0,0.0,0.8077,3.5805,1.8366,0,1,0,0,0,0,0,0,0,0,0,0,0,-1
37,5,20,0,1,0,0,0,4,0,0,0,0,0.0,0.8378,4.0335,1.9219,0,1,0,0,0,0,0,0,0,0,0,0,0,-1
67,10,37,0,2,4,0,0,3,0,0,0,0,0.2836,0.5672,4.7095,3.1219,1,1,0,0,0,0,0,0,0,0,0,0,0,-1
26,5,9,0,1,0,0,0,3,0,0,0,0,0.0,0.8077,4.027,2.3219,0,1,0,0,0,0,0,0,0,0,0,0,0,-1
29,14,2,0,3,0,0,0,3,0,0,0,0,0.5517,0.1724,3.7883,2.7885,0,0,1,1,0,0,1,0,0,0,0,0,0,-1
28,13,2,0,3,0,0,0,3,0,0,0,0,0.5357,0.1786,3.8693,2.8151,0,0,1,1,0,0,1,0,0,0,0,0,0,-1
35,15,7,0,4,0,0,0,3,0,0,0,0,0.4857,0.2571,4.0144,3.0062,0,0,1,1,0,0,1,0,0,0,0,0,0,-1
28,13,2,0,3,0,0,0,3,0,0,0,0,0.5357,0.1786,3.7265,2.6612,0,0,1,1,0,0,1,0,0,0,0,0,0,-1
32,12,7,0,4,0,0,0,3,0,0,0,0,0.4375,0.2812,3.9917,2.4591,0,0,1,1,0,0,1,0,0,0,0,0,0,-1
28,5,11,0,1,0,0,0,4,0,0,0,0,0.1071,0.6786,4.0661,1.9219,0,1,0,0,0,0,1,0,0,0,0,0,0,-1
36,4,20,0,2,0,0,0,5,0,0,0,0,0.0278,0.75,3.983,2.0,0,1,0,0,0,0,0,0,0,1,1,0,0,-1
36,8,7,8,1,0,0,0,3,1,0,0,1,0.0,0.8056,4.1552,2.75,0,1,0,0,0,0,0,0,0,0,0,0,0,-1
34,14,7,0,4,0,0,0,3,0,0,0,0,0.4706,0.2647,4.0797,2.8424,0,0,1,1,0,0,1,0,0,0,0,0,0,-1
30,15,2,0,3,0,0,0,3,0,0,0,0,0.5667,0.1667,3.6062,2.5232,0,0,1,1,0,0,1,0,0,0,0,0,0,-1
24,6,6,0,1,0,0,0,3,0,0,0,0,0.0,0.7917,3.8035,2.585,0,1,0,0,0,0,0,0,0,0,0,0,0,-1
36,4,20,0,1,0,0,0,4,0,0,0,0,0.0,0.8333,3.9058,2.0,0,1,0,0,0,0,0,0,0,0,0,0,0,-1
38,10,21,0,4,0,0,0,4,0,0,0,0,0.2105,0.5526,4.1754,2.4464,0,0,1,0,0,0,1,0,0,0,0,0,0,-1
37,9,2,13,1,0,0,0,3,1,0,0,1,0.0,0.7838,4.1753,2.6416,0,1,0,0,0,0,0,0,0,0,0,0,0,-1
34,14,7,0,4,0,0,0,3,0,0,0,0,0.4706,0.2647,4.0653,2.7534,0,0,1,1,0,0,1,0,0,0,0,0,0,-1
68,13,48,0,4,1,1,0,5,0,0,0,0,0.4559,0.3676,4.1444,2.5654,0,0,1,0,0,0,1,0,0,0,0,0,0,-1
36,4,7,10,2,0,0,0,3,1,0,0,1,0.0,0.7778,4.2154,2.0,0,1,0,0,0,0,0,0,0,0,0,0,0,-1
29,13,9,0,3,0,0,0,4,0,0,0,0,0.4138,0.3103,3.9783,2.8731,0,0,1,0,0,0,1,0,0,0,0,0,0,-1
31,11,7,0,4,0,0,0,3,0,0,0,0,0.4194,0.2903,4.0023,2.8454,0,0,1,1,0,0,1,0,0,0,0,0,0,-1
24,7,5,0,1,0,0,0,3,0,0,0,0,0.0,0.7917,3.9702,2.5216,0,1,0,0,0,0,0,0,0,0,0,0,0,-1
25,11,7,0,3,0,0,0,3,0,0,0,0,0.44,0.28,3.7231,2.5949,0,0,1,0,0,0,1,0,0,0,0,0,0,-1
88,14,50,0,3,4,0,0,4,0,0,0,0,0.1818,0.6818,4.7327,3.0391,1,1,0,0,0,0,0,0,0,1,1,0,0,-1
23,0,10,0,1,0,0,0,3,0,0,0,0,0.0,0.7826,3.6753,0.0,0,1,0,0,0,0,0,0,0,0,0,0,0,-1
42,6,24,0,1,0,0,0,5,0,0,0,0,0.0,0.8333,3.9425,2.585,0,1,0,0,0,0,0,0,0,0,0,0,0,-1
53,11,30,0,1,3,0,0,5,0,0,0,0,0.0943,0.717,4.48,3.2776,0,1,0,0,0,0,0,0,0,0,0,0,0,-1
52,7,33,0,1,3,0,0,5,0,0,0,0,0.0962,0.7115,4.4941,2.5216,0,1,0,0,0,0,0,0,0,0,0,0,0,-1
31,7,0,12,1,0,0,0,2,1,0,0,1,0.0,0.8065,3.889,2.5216,0,1,0,0,0,0,0,0,0,0,0,0,0,-1
30,15,2,0,3,0,0,0,3,0,0,0,0,0.5667,0.1667,3.7111,2.6826,0,0,1,1,0,0,1,0,0,0,0,0,0,-1
90,23,45,0,3,4,0,0,4,0,0,0,0,0.2444,0.6222,4.7765,3.5555,1,1,0,0,0,0,0,0,0,0,0,0,0,-1
25,13,5,0,3,0,0,0,3,0,0,0,0,0.44,0.28,3.8333,2.8731,0,0,1,0,0,0,1,0,0,0,0,0,0,-1
52,7,33,0,1,3,0,0,5,0,0,0,0,0.0962,0.7115,4.4431,2.8074,0,1,0,0,0,0,0,0,0,0,0,0,0,-1
43,7,13,0,3,0,0,0,3,0,0,0,0,0.1628,0.6512,4.5188,2.5216,1,0,0,1,0,0,0,0,0,0,0,0,0,-1
30,13,5,0,3,0,0,0,3,0,0,0,0,0.4667,0.2667,3.9232,2.5654,0,0,1,1,0,0,1,0,0,0,0,0,0,-1
71,11,47,0,2,5,0,0,4,0,0,0,0,0.338,0.493,4.6319,3.4594,0,1,0,0,0,0,0,0,0,1,1,0,0,-1
22,11,4,0,3,0,0,0,3,0,0,0,0,0.4545,0.2273,3.6635,2.8454,0,0,1,0,0,0,1,0,0,0,0,0,0,-1
39,5,0,21,1,0,0,0,2,2,1,0,1,0.0,0.7949,4.2849,1.9219,0,1,0,0,0,0,0,0,0,0,0,0,0,-1
43,7,7,16,1,0,0,0,3,1,0,0,1,0.0,0.814,4.377,2.8074,0,1,0,0,0,0,0,0,0,0,0,0,0,-1
68,11,37,0,2,4,0,0,3,0,0,0,0,0.25,0.6029,4.7142,3.0958,1,1,0,0,0,0,0,0,0,0,0,0,0,-1
29,14,2,0,3,0,0,0,3,0,0,0,0,0.5517,0.1724,3.388,2.2099,0,0,1,1,0,0,1,0,0,0,0,0,0,-1
24,13,4,0,3,0,0,0,3,0,0,0,0,0.4583,0.25,3.7721,2.8731,0,0,1,0,0,0,1,0,0,0,0,0,0,-1
44,12,25,0,4,0,0,0,4,0,0,0,0,0.5227,0.2727,3.8138,2.8554,0,0,1,0,0,0,1,0,0,0,0,0,0,-1
38,4,22,0,1,1,0,0,5,0,0,0,0,0.1579,0.6316,4.1106,1.5,0,1,0,0,0,0,0,0,0,0,0,0,0,-1
31,12,7,0,1,0,0,0,3,0,0,0,0,0.0,0.8387,4.1313,2.9183,0,1,0,0,0,0,0,0,0,0,0,0,0,-1
36,8,16,0,1,0,0,0,4,0,0,0,0,0.0556,0.7778,4.0697,2.75,0,1,0,0,0,0,1,0,0,0,0,0,0,-1
38,6,20,0,1,0,0,0,4,0,0,0,0,0.0,0.8421,4.0831,2.2516,0,1,0,0,0,0,0,0,0,0,0,0,0,-1
34,14,7,0,4,0,0,0,3,0,0,0,0,0.4706,0.2647,4.0797,2.9852,0,0,1,1,0,0,1,0,0,0,0,0,0,-1
26,3,8,0,2,0,0,0,3,0,0,0,0,0.0,0.7692,3.7381,1.585,0,1,0,0,0,0,0,0,0,1,1,0,0,-1
26,15,4,0,3,0,0,0,3,0,0,0,0,0.4615,0.2692,3.7962,2.7899,0,0,1,0,0,0,1,0,0,0,0,0,0,-1
34,13,14,0,4,0,0,0,4,0,0,0,0,0.2941,0.4412,4.1241,2.6612,0,0,1,0,0,0,1,0,0,0,0,0,0,-1
28,13,8,0,4,0,0,0,3,0,0,0,0,0.3571,0.3571,3.7979,2.6032,0,0,1,0,0,0,1,0,0,0,0,0,0,-1
29,7,11,0,1,0,0,0,4,0,0,0,0,0.1034,0.6897,3.6899,2.1281,0,1,0,0,0,0,1,0,0,0,0,0,0,-1
48,13,24,0,1,2,0,0,4,0,0,0,0,0.0833,0.75,4.2781,3.1808,0,1,0,0,0,0,0,0,0,0,0,0,0,-1
41,16,0,12,1,2,0,0,2,1,0,0,1,0.0,0.8049,4.3267,3.2028,0,1,0,0,0,0,0,0,0,0,0,0,0,-1
34,2,20,0,1,0,0,0,4,0,0,0,0,0.0,0.8235,3.8666,1.0,0,1,0,0,0,0,0,0,0,0,0,0,0,-1
50,10,28,0,1,1,0,0,4,0,0,0,0,0.0,0.86,3.9962,3.1219,0,1,0,0,0,0,0,0,0,0,0,0,0,-1
38,7,19,0,1,0,0,0,4,0,0,0,0,0.0,0.8421,4.1883,2.5216,0,1,0,0,0,0,0,0,0,0,0,0,0,-1
27,12,2,0,3,0,0,0,3,0,0,0,0,0.5185,0.1852,3.7542,2.8554,0,0,1,1,0,0,1,0,0,0,0,0,0,-1
49,12,26,0,1,2,0,0,6,0,0,0,0,0.0,0.7959,4.3386,3.085,0,1,0,0,0,0,0,0,0,0,0,0,0,-1
35,15,7,0,4,0,0,0,3,0,0,0,0,0.4857,0.2571,3.8402,2.4729,0,0,1,1,0,0,1,0,0,0,0,0,0,-1
28,13,2,0,3,0,0,0,3,0,0,0,0,0.5357,0.1786,3.655,2.6612,0,0,1,1,0,0,1,0,0,0,0,0,0,-1
34,14,7,0,4,0,0,0,3,0,0,0,0,0.4706,0.2647,4.0797,2.9852,0,0,1,1,0,0,1,0,0,0,0,0,0,-1
28,7,10,0,1,0,0,0,3,0,0,0,0,0.0,0.8214,3.8249,2.5216,0,1,0,0,0,0,0,0,0,0,0,0,0,-1
41,11,23,0,5,0,0,0,4,0,0,0,0,0.1951,0.561,4.1411,2.2313,0,0,1,0,0,0,1,0,0,0,0,0,0,-1
25,11,7,0,3,0,0,0,3,0,0,0,0,0.44,0.28,3.8333,2.5949,0,0,1,0,0,0,1,0,0,0,0,0,0,-1
26,7,7,0,1,0,0,0,3,0,0,0,0,0.0,0.8077,3.5553,2.8074,0,1,0,0,0,0,0,0,0,1,1,0,0,-1
30,13,10,0,4,0,0,0,3,0,0,0,0,0.3333,0.4,4.1484,2.8731,0,0,1,0,0,0,1,0,0,0,0,0,0,-1
34,14,7,0,4,0,0,0,3,0,0,0,0,0.4706,0.2647,3.9254,2.3249,0,0,1,1,0,0,1,0,0,0,0,0,0,-1
30,10,8,0,1,0,0,0,3,0,0,0,0,0.0,0.8333,3.8281,2.9219,0,1,0,0,0,0,0,0,0,0,0,0,0,-1
21,4,5,0,1,0,0,0,3,0,0,0,0,0.0,0.7619,3.8802,2.0,0,1,0,0,0,0,0,0,0,0,0,0,0,-1
24,13,4,0,3,0,0,0,3,0,0,0,0,0.5,0.2083,3.8554,2.8731,0,0,1,0,0,0,1,0,0,0,0,0,0,-1
37,12,10,0,2,0,0,0,4,0,0,0,0,0.027,0.7838,3.9458,3.085,1,0,0,0,0,0,0,0,0,0,0,0,0,-1
32,5,7,8,1,0,0,0,3,1,0,0,1,0.0,0.7812,4.2417,1.9219,0,1,0,0,0,0,0,0,0,0,0,0,0,-1
25,10,2,0,3,0,0,0,3,0,0,0,0,0.48,0.2,3.6733,2.4464,0,0,1,1,0,0,1,0,0,0,0,0,0,-1
35,10,0,12,1,0,0,0,2,1,0,0,1,0.0,0.8286,4.1119,2.6464,0,1,0,0,0,0,0,0,0,0,0,0,0,-1
48,13,24,0,1,1,0,0,5,0,0,0,0,0.0,0.8333,4.0404,3.2389,0,1,0,0,0,0,0,0,0,1,1,0,0,-1
28,13,2,0,3,0,0,0,3,0,0,0,0,0.5357,0.1786,3.8693,2.8151,0,0,1,1,0,0,1,0,0,0,0,0,0,-1
41,12,17,0,1,0,0,0,4,0,0,0,0,0.0,0.8537,4.0555,3.0221,0,1,0,0,0,0,0,0,0,0,0,0,0,-1
21,4,5,0,1,0,0,0,3,0,0,0,0,0.0,0.7619,3.5226,1.5,0,1,0,0,0,0,0,0,0,0,0,0,0,-1
33,12,9,0,1,1,0,0,3,0,0,0,0,0.0,0.8182,3.7118,3.0221,0,1,0,0,0,0,0,0,0,0,0,0,0,-1
41,6,7,16,1,0,0,0,3,1,0,0,1,0.0,0.8049,4.2172,1.9183,0,1,0,0,0,0,0,0,0,1,1,1,1,-1
33,6,16,0,1,0,0,0,4,0,0,0,0,0.0,0.8182,3.9832,2.2516,0,1,0,0,0,0,0,0,0,0,0,0,0,-1
30,14,9,0,4,0,0,0,3,0,0,0,0,0.4667,0.2667,3.8477,2.6456,0,0,1,0,0,0,1,0,0,0,0,0,0,-1
31,7,12,0,1,0,0,0,4,0,0,0,0,0.0,0.8065,3.9747,2.1281,0,1,0,0,0,0,0,0,0,0,0,0,0,-1
38,4,22,0,1,1,0,0,5,0,0,0,0,0.1579,0.6316,4.1235,1.5,0,1,0,0,0,0,0,0,0,0,0,0,0,-1
25,7,6,0,1,0,0,0,3,0,0,0,0,0.0,0.8,3.9435,2.5216,0,1,0,0,0,0,0,0,0,0,0,0,0,-1
34,14,7,0,4,0,0,0,3,0,0,0,0,0.4706,0.2647,3.8192,2.2988,0,0,1,1,0,0,1,0,0,0,0,0,0,-1
28,15,6,0,3,0,0,0,3,0,0,0,0,0.5,0.25,3.655,2.8729,0,0,1,0,0,0,1,0,0,0,0,0,0,-1
28,11,5,0,1,0,0,0,3,0,0,0,0,0.0,0.8214,4.182,3.2776,0,1,0,0,0,0,0,0,0,0,0,0,0,-1
34,12,4,0,1,1,0,0,3,0,0,0,0,0.0,0.8235,3.8732,3.0221,0,1,0,0,0,0,0,0,0,0,0,0,0,-1
29,6,12,0,1,0,0,0,4,0,0,0,0,0.0,0.7931,3.8664,1.9183,0,1,0,0,0,0,0,0,0,1,1,1,1,-1
33,12,14,0,3,1,0,0,3,0,0,0,0,0.3636,0.3939,4.1014,2.7925,0,0,1,0,0,0,1,0,0,0,0,0,0,-1
83,10,57,0,3,0,2,0,7,0,0,0,0,0.2048,0.6386,4.9495,3.3219,1,1,0,0,0,0,0,0,0,0,0,0,0,-1
38,3,7,16,1,0,0,0,3,1,0,0,1,0.0,0.7895,4.0933,1.585,0,1,0,0,0,0,0,0,0,0,0,0,0,-1
67,10,37,0,2,4,0,0,3,0,0,0,0,0.2836,0.5672,4.6242,3.1219,1,1,0,0,0,0,0,0,0,0,0,0,0,-1
21,0,7,0,1,0,0,0,3,0,0,0,0,0.0,0.7619,3.7849,0.0,0,1,0,0,0,0,0,0,0,0,0,0,0,-1
18,6,0,0,1,0,0,0,2,0,0,0,0,0.0,0.7778,3.6144,2.2516,0,1,0,0,0,0,0,0,0,0,0,0,0,-1
42,15,15,0,1,1,0,0,4,0,0,0,0,0.0,0.8333,4.3267,3.5069,0,1,0,0,0,0,0,0,0,0,0,0,0,-1
69,9,47,0,2,4,0,0,4,0,0,0,0,0.3188,0.5217,4.643,2.7255,0,1,0,0,0,0,0,0,0,1,1,0,0,-1
30,15,2,0,3,0,0,0,3,0,0,0,0,0.5667,0.1667,3.9144,3.1899,0,0,1,1,0,0,1,0,0,0,0,0,0,-1
23,6,5,0,1,0,0,0,3,0,0,0,0,0.0,0.7826,3.8164,1.7925,0,1,0,0,0,0,0,0,0,0,0,0,0,-1
33,11,10,0,1,0,0,0,3,0,0,0,0,0.0,0.8485,3.7636,2.914,0,1,0,0,0,0,0,0,0,0,0,0,0,-1
33,13,7,0,4,0,0,0,3,0,0,0,0,0.4545,0.2727,3.8471,2.5654,0,0,1,1,0,0,1,0,0,0,0,0,0,-1
42,10,20,0,2,0,0,0,5,0,0,0,0,0.0238,0.7857,4.1845,3.1219,0,1,0,0,0,0,0,0,0,1,1,0,0,-1
25,11,7,0,3,0,0,0,3,0,0,0,0,0.52,0.2,3.6733,2.5949,0,0,1,0,0,0,1,0,0,0,0,0,0,-1
32,12,8,0,1,0,0,0,3,0,0,0,0,0.0,0.8438,3.8789,3.085,0,1,0,0,0,0,0,0,0,0,0,0,0,-1
28,13,2,0,3,0,0,0,3,0,0,0,0,0.5357,0.1786,3.5836,2.3535,0,0,1,1,0,0,1,0,0,0,0,0,0,-1
33,13,7,0,4,0,0,0,3,0,0,0,0,0.4545,0.2727,3.9683,2.3535,0,0,1,1,0,0,1,0,0,0,0,0,0,-1
50,18,20,0,2,0,0,0,5,0,0,0,0,0.02,0.82,4.0909,3.4613,0,1,0,0,0,0,0,0,0,1,1,0,0,-1
88,29,47,0,2,8,0,0,4,0,0,0,0,0.25,0.5795,4.5588,3.7194,0,0,0,0,0,0,0,0,0,1,1,0,0,-1
33,13,9,0,1,2,0,0,3,0,0,0,0,0.0303,0.7576,4.1044,3.3927,0,1,0,0,0,0,1,0,0,0,0,0,0,-1
44,8,24,0,1,0,0,0,5,0,0,0,0,0.0,0.8409,3.9712,2.75,0,1,0,0,0,0,0,0,0,0,0,0,0,-1
25,13,5,0,3,0,0,0,3,0,0,0,0,0.4,0.32,3.8635,2.8731,0,0,1,0,0,0,1,0,0,0,0,0,0,-1
41,5,24,0,1,0,0,0,5,0,0,0,0,0.0,0.8293,3.9948,2.3219,0,1,0,0,0,0,0,0,0,0,0,0,0,-1
43,7,24,0,1,0,0,0,5,0,0,0,0,0.0,0.8372,4.1825,2.5216,0,1,0,0,0,0,0,0,0,0,0,0,0,-1
43,5,26,0,1,1,0,0,6,0,0,0,0,0.0,0.7907,4.1643,2.3219,0,1,0,0,0,0,0,0,0,0,0,0,0,-1
38,14,12,0,4,0,0,0,3,0,0,0,0,0.3947,0.3684,4.0079,2.4956,0,0,1,1,0,0,1,0,0,0,0,0,0,-1
40,11,12,0,2,0,0,0,4,0,0,0,0,0.1,0.725,4.2939,3.2776,1,1,0,0,0,0,0,0,0,0,0,0,0,-1
24,7,5,0,1,0,0,0,3,0,0,0,0,0.0,0.7917,3.9702,2.8074,0,1,0,0,0,0,0,0,0,0,0,0,0,-1
33,8,14,0,1,0,0,0,3,0,0,0,0,0.0,0.8485,3.9115,3.0,0,1,0,0,0,0,0,0,0,0,0,0,0,-1
34,14,7,0,4,0,0,0,3,0,0,0,0,0.4706,0.2647,3.881,2.6456,0,0,1,1,0,0,1,0,0,0,0,0,0,-1
33,4,17,0,1,0,0,0,4,0,0,0,0,0.0,0.8182,3.9683,1.5,0,1,0,0,0,0,0,0,0,0,0,0,0,-1
31,7,9,0,3,0,0,0,4,0,0,0,0,0.0645,0.6774,4.1069,2.8074,1,0,0,0,0,0,0,0,0,0,0,0,0,-1
78,15,47,0,2,4,0,0,4,0,0,0,0,0.2821,0.5769,4.7439,3.5069,0,1,0,0,0,0,0,0,0,1,1,0,0,-1
25,11,7,0,3,0,0,0,3,0,0,0,0,0.56,0.16,3.4635,2.5949,0,0,1,0,0,0,1,0,0,0,0,0,0,-1
24,13,4,0,3,0,0,0,3,0,0,0,0,0.4167,0.2917,3.8554,2.8731,0,0,1,0,0,0,1,0,0,0,0,0,0,-1
36,7,17,0,1,1,0,0,4,0,0,0,0,0.0,0.8056,3.8156,2.8074,0,1,0,0,0,0,0,0,0,0,0,0,0,-1
34,14,7,0,4,0,0,0,3,0,0,0,0,0.4706,0.2647,3.962,2.4677,0,0,1,1,0,0,1,0,0,0,0,0,0,-1
33,13,7,0,4,0,0,0,3,0,0,0,0,0.4545,0.2727,3.9226,2.5074,0,0,1,1,0,0,1,0,0,0,0,0,0,-1
30,9,9,0,1,0,0,0,3,0,0,0,0,0.0,0.8333,3.8029,2.0588,0,1,0,0,0,0,0,0,0,0,0,0,0,-1
28,8,9,0,1,0,0,0,3,0,0,0,0,0.0,0.8214,3.9408,2.75,0,1,0,0,0,0,0,0,0,0,0,0,0,-1
31,6,13,0,1,0,0,0,4,0,0,0,0,0.0,0.8065,3.9779,2.585,0,1,0,0,0,0,0,0,0,0,0,0,0,-1
29,8,9,0,1,0,0,0,3,0,0,0,0,0.0,0.8276,3.8573,3.0,0,1,0,0,0,0,0,0,0,0,0,0,0,-1
32,6,12,0,2,0,0,0,4,0,0,0,0,0.125,0.6562,4.0153,1.9183,0,1,0,0,0,0,0,0,0,1,1,1,1,-1
25,5,8,0,1,0,0,0,3,0,0,0,0,0.0,0.8,3.8937,2.3219,0,1,0,0,0,0,0,0,0,0,0,0,0,-1
31,11,8,0,1,0,0,0,3,0,0,0,0,0.0,0.8387,3.7726,2.6635,0,1,0,0,0,0,0,0,0,0,0,1,1,-1
38,9,19,0,2,0,0,0,5,0,0,0,0,0.0526,0.7368,4.3039,3.1699,0,0,0,0,0,0,1,0,0,0,0,0,0,-1
30,15,2,0,3,0,0,0,3,0,0,0,0,0.5667,0.1667,3.7777,2.4159,0,0,1,1,0,0,1,0,0,0,0,0,0,-1
37,12,10,0,2,0,0,0,4,0,0,0,0,0.0,0.8108,3.9023,3.085,1,0,0,0,0,0,0,0,0,0,0,0,0,-1
45,14,23,0,5,0,0,0,4,0,0,0,0,0.2444,0.5333,4.1613,2.2709,0,1,1,0,0,0,1,0,0,0,0,0,0,-1
26,4,11,0,2,0,0,0,3,0,0,0,0,0.0,0.7692,3.8731,1.5,0,1,0,0,0,0,0,0,0,0,0,0,0,-1
30,0,12,0,1,0,0,0,3,0,0,0,0,0.0,0.8333,3.7232,0.0,0,1,0,0,0,0,0,0,0,0,0,0,0,-1
39,6,21,0,1,0,0,0,5,0,0,0,0,0.1282,0.6923,4.1898,2.2516,0,1,0,0,0,0,0,0,0,0,0,0,0,-1
23,3,8,0,1,0,0,0,3,0,0,0,0,0.0,0.7826,3.5555,1.585,0,1,0,0,0,0,0,0,0,1,1,0,0,-1
27,11,5,0,1,0,0,0,3,0,0,0,0,0.0,0.8148,4.1343,3.2776,0,1,0,0,0,0,0,0,0,0,0,0,0,-1
87,28,47,0,2,8,0,0,4,0,0,0,0,0.2184,0.6092,4.6481,3.7804,0,0,0,0,0,0,0,0,0,1,1,0,0,-1
22,5,5,0,1,0,0,0,3,0,0,0,0,0.0,0.7727,3.6635,1.9219,0,1,0,0,0,0,0,0,0,0,0,0,0,-1
41,6,20,0,2,0,0,0,5,0,0,0,0,0.0,0.8049,4.1322,1.9183,0,1,0,0,0,0,0,0,0,2,1,1,1,-1
71,6,38,14,2,1,1,0,8,1,0,0,1,0.0141,0.7746,4.6304,2.585,0,1,0,0,0,0,0,0,0,0,0,0,0,-1
44,6,7,16,2,0,0,0,3,1,0,0,1,0.0,0.7955,4.1441,1.9183,0,1,0,0,0,0,0,0,0,1,1,1,1,-1
27,3,12,0,1,0,0,0,4,0,0,0,0,0.1111,0.6667,4.2364,1.585,0,1,0,0,0,0,0,0,0,0,0,0,0,-1
86,26,47,0,2,6,0,0,4,0,0,0,0,0.186,0.6628,4.6857,3.6424,0,1,0,0,0,0,0,0,0,1,1,0,0,-1
92,30,47,0,2,7,0,0,4,0,0,0,0,0.2391,0.6087,4.791,3.7232,0,1,0,0,0,0,0,0,0,1,1,0,0,-1
57,11,34,0,1,1,0,0,5,0,0,0,0,0.0,0.8596,4.2083,3.0958,0,1,0,0,0,0,0,0,0,0,0,0,0,-1
26,14,5,0,3,0,0,0,3,0,0,0,0,0.4231,0.3077,3.6322,2.306,0,0,1,0,0,0,1,0,0,0,0,0,0,-1
22,6,5,0,1,0,0,0,3,0,0,0,0,0.0,0.7727,3.5726,2.2516,0,1,0,0,0,0,0,0,0,0,0,0,0,-1
34,14,7,0,4,0,0,0,3,0,0,0,0,0.4706,0.2647,3.8444,2.3599,0,0,1,1,0,0,1,0,0,0,0,0,0,-1
38,10,21,0,4,0,0,0,4,0,0,0,0,0.2105,0.5526,4.1754,2.4464,0,0,1,0,0,0,1,0,0,0,0,0,0,-1
26,12,2,0,3,0,0,0,3,0,0,0,0,0.5,0.1923,3.7193,2.8554,0,0,1,1,0,0,1,0,0,0,0,0,0,-1
29,10,7,0,1,0,0,0,3,0,0,0,0,0.0,0.8276,4.0213,2.9219,0,1,0,0,0,0,0,0,0,0,0,0,0,-1
39,5,22,0,1,1,0,0,5,0,0,0,0,0.1538,0.641,4.1604,1.9219,0,1,0,0,0,0,0,0,0,0,0,0,0,-1
53,11,30,0,1,2,0,0,5,0,0,0,0,0.1321,0.6981,4.532,3.0958,0,1,0,0,0,0,1,0,0,0,0,0,0,-1
80,17,47,0,2,6,0,0,4,0,0,0,0,0.25,0.5875,4.6779,3.6169,0,1,0,0,0,0,0,0,0,1,1,0,0,-1
34,14,7,0,4,0,0,0,3,0,0,0,0,0.4706,0.2647,4.0064,2.9852,0,0,1,1,0,0,1,0,0,0,0,0,0,-1
30,11,8,0,1,0,0,0,3,0,0,0,0,0.0,0.8333,3.8729,2.914,0,1,0,0,0,0,0,0,0,0,0,0,0,-1
20,2,6,0,1,0,0,0,3,0,0,0,0,0.0,0.75,3.6464,1.0,0,1,0,0,0,0,0,0,0,0,0,0,0,-1
26,6,9,0,1,0,0,0,3,0,0,0,0,0.0,0.8077,3.5843,2.585,0,1,0,0,0,0,0,0,0,0,0,0,0,-1
29,14,2,0,3,0,0,0,3,0,0,0,0,0.5517,0.1724,3.9263,2.9852,0,0,1,1,0,0,1,0,0,0,0,0,0,-1
27,8,0,7,1,0,0,0,2,1,0,0,1,0.0,0.7778,3.9582,2.75,0,1,0,0,0,0,0,0,0,0,0,0,0,-1
42,15,20,0,4,0,0,0,4,0,0,0,0,0.2857,0.5,4.2315,2.6062,0,0,1,0,0,0,1,0,0,0,0,0,0,-1
33,12,10,0,1,1,0,0,3,0,0,0,0,0.0,0.8182,4.0061,3.0221,0,1,0,0,0,0,0,0,0,0,0,0,0,-1
26,8,7,0,1,0,0,0,3,0,0,0,0,0.0,0.8077,3.9501,2.75,0,1,0,0,0,0,0,0,0,0,0,0,0,-1
26,14,5,0,3,0,0,0,3,0,0,0,0,0.4231,0.3077,3.9501,3.0391,0,0,1,0,0,0,1,0,0,0,0,0,0,-1
23,6,5,0,1,0,0,0,3,0,0,0,0,0.0,0.7826,3.7623,2.585,0,1,0,0,0,0,0,0,0,0,0,0,0,-1
33,10,11,0,1,0,0,0,4,0,0,0,0,0.0,0.8182,4.1044,2.7219,0,1,0,0,0,0,0,0,0,0,0,0,0,-1
24,5,7,0,1,0,0,0,3,0,0,0,0,0.0,0.7917,3.8554,1.9219,0,1,0,0,0,0,0,0,0,0,0,0,0,-1
27,6,9,0,1,0,0,0,3,0,0,0,0,0.0,0.8148,3.5562,2.585,0,1,0,0,0,0,0,0,0,0,0,0,0,-1
35,15,7,0,4,0,0,0,3,0,0,0,0,0.4857,0.2571,4.0144,3.0062,0,0,1,1,0,0,1,0,0,0,0,0,0,-1
22,5,5,0,1,0,0,0,3,0,0,0,0,0.0,0.7727,3.9363,2.3219,0,1,0,0,0,0,0,0,0,0,0,0,0,-1
39,11,7,8,1,0,0,0,3,1,0,0,1,0.0,0.8205,4.2336,3.0958,0,1,0,0,0,0,0,0,0,0,0,0,0,-1
38,12,14,0,1,0,0,0,4,0,0,0,0,0.1053,0.7368,4.386,3.2516,0,1,0,0,0,0,0,0,0,0,0,0,0,-1
41,4,14,10,1,0,2,0,4,1,0,0,1,0.1707,0.5854,4.6074,2.0,0,1,0,0,0,0,0,0,0,0,0,0,0,-1
30,15,2,0,3,0,0,0,3,0,0,0,0,0.5667,0.1667,3.7111,2.6826,0,0,1,1,0,0,1,0,0,0,0,0,0,-1
36,8,7,8,1,0,0,0,3,1,0,0,1,0.0278,0.7778,4.3083,3.0,0,1,0,0,0,0,1,0,0,0,0,0,0,-1
32,12,7,0,4,0,0,0,3,0,0,0,0,0.4375,0.2812,4.0389,2.5221,0,0,1,1,0,0,1,0,0,0,0,0,0,-1
26,14,5,0,3,0,0,0,3,0,0,0,0,0.4615,0.2692,3.5074,2.306,0,0,1,0,0,0,1,0,0,0,0,0,0,-1
24,12,5,0,3,0,0,0,3,0,0,0,0,0.375,0.3333,3.8239,2.6258,0,0,1,0,0,0,1,0,0,0,0,0,0,-1
44,9,11,0,2,0,0,0,4,0,0,0,0,0.25,0.5909,4.3714,2.7255,1,0,0,0,0,0,0,0,0,0,0,0,0,-1
28,9,0,6,1,0,0,0,2,1,0,0,1,0.0357,0.75,3.7229,2.4194,0,1,0,0,0,0,0,0,0,0,0,0,0,-1
46,8,26,0,1,1,0,0,6,0,0,0,0,0.0,0.8043,4.1079,2.5,0,1,0,0,0,0,0,0,0,0,0,0,0,-1
26,5,9,0,1,0,0,0,3,0,0,0,0,0.0,0.8077,3.6574,2.3219,0,1,0,0,0,0,0,0,0,0,0,0,0,-1
27,6,9,0,1,0,0,0,3,0,0,0,0,0.0,0.8148,3.606,2.2516,0,1,0,0,0,0,0,0,0,0,0,0,0,-1
32,12,7,0,4,0,0,0,3,0,0,0,0,0.4375,0.2812,3.7775,2.3554,0,0,1,1,0,0,1,0,0,0,0,0,0,-1
34,3,17,0,2,1,0,0,4,0,0,0,0,0.0,0.7647,3.8588,1.585,0,1,0,0,0,0,0,0,0,0,0,0,0,-1
38,7,19,0,1,1,0,0,5,0,0,0,0,0.0,0.7895,3.9354,2.5216,0,1,0,0,0,0,0,0,0,0,0,0,0,-1
33,14,12,0,4,0,0,0,4,0,0,0,0,0.3333,0.3939,4.1124,3.0391,0,0,1,0,0,0,1,0,0,0,0,0,0,-1
33,13,7,0,4,0,0,0,3,0,0,0,0,0.4545,0.2727,4.0896,2.8731,0,0,1,1,0,0,1,0,0,0,0,0,0,-1
28,6,11,0,1,0,0,0,4,0,0,0,0,0.0,0.7857,3.6375,2.2516,0,1,0,0,0,0,0,0,0,0,0,0,0,-1
27,12,2,0,3,0,0,0,3,0,0,0,0,0.5185,0.1852,3.7821,2.6887,0,0,1,1,0,0,1,0,0,0,0,0,0,-1
21,3,6,0,1,0,0,0,3,0,0,0,0,0.0,0.7619,3.7849,1.585,0,1,0,0,0,0,0,0,0,0,0,0,0,-1
85,22,47,0,2,6,0,0,4,0,0,0,0,0.2235,0.6235,4.8188,3.6635,0,1,0,0,0,0,0,0,0,1,1,0,0,-1
28,8,8,0,1,0,0,0,3,0,0,0,0,0.0,0.8214,4.1106,3.0,0,1,0,0,0,0,0,0,0,0,0,0,0,-1
36,11,13,0,1,0,0,0,4,0,0,0,0,0.0,0.8333,4.0724,2.914,0,1,0,0,0,0,0,0,0,0,0,0,0,-1
27,13,7,0,4,0,0,0,3,0,0,0,0,0.3704,0.3333,3.8842,3.027,0,0,1,0,0,0,1,0,0,0,0,0,0,-1
42,13,17,0,1,1,0,0,4,0,0,0,0,0.0,0.8333,4.0144,3.2389,0,1,0,0,0,0,0,0,0,0,0,0,0,-1
33,9,12,0,1,0,0,0,3,0,0,0,0,0.0,0.8485,3.8997,2.9477,0,1,0,0,0,0,0,0,0,0,0,0,0,-1
28,14,7,0,3,0,0,0,3,0,0,0,0,0.4286,0.3214,4.0122,2.8424,0,0,1,0,0,0,1,0,0,0,0,0,0,-1
98,6,9,52,3,0,0,0,3,2,1,0,1,0.0918,0.7959,5.0515,1.9183,2,1,0,0,0,0,0,0,0,1,1,1,0,-1
32,11,9,0,1,1,0,0,3,0,0,0,0,0.0,0.8125,3.5192,3.0958,0,1,0,0,0,0,0,0,0,0,0,0,0,-1
28,13,2,0,3,0,0,0,3,0,0,0,0,0.5357,0.1786,3.744,2.4493,0,0,1,1,0,0,1,0,0,0,0,0,0,-1
26,11,2,0,3,0,0,0,3,0,0,0,0,0.5,0.1923,3.4595,2.4131,0,0,1,1,0,0,1,0,0,0,0,0,0,-1
23,6,5,0,1,0,0,0,3,0,0,0,0,0.0,0.7826,3.7294,2.2516,0,1,0,0,0,0,0,0,0,0,0,0,0,-1
33,13,7,0,4,0,0,0,3,0,0,0,0,0.4545,0.2727,3.8014,2.4416,0,0,1,1,0,0,1,0,0,0,0,0,0,-1
28,13,2,0,3,0,0,0,3,0,0,0,0,0.5357,0.1786,3.682,2.6612,0,0,1,1,0,0,1,0,0,0,0,0,0,-1
38,5,21,0,1,0,0,0,5,0,0,0,0,0.1316,0.6842,4.2089,2.3219,0,1,0,0,0,0,0,0,0,0,0,0,0,-1
40,6,22,0,1,1,0,0,5,0,0,0,0,0.15,0.65,4.2251,2.585,0,1,0,0,0,0,0,0,0,0,0,0,0,-1
85,23,47,0,2,7,0,0,4,0,0,0,0,0.3059,0.5294,4.6575,3.4029,0,1,0,0,0,0,0,0,0,1,1,0,0,-1
35,18,5,0,1,0,0,0,3,0,0,0,0,0.0,0.8571,4.0716,3.3921,0,1,0,0,0,0,0,0,0,0,0,0,0,-1
26,8,6,0,1,0,0,0,3,0,0,0,0,0.0,0.8077,3.8731,3.0,0,1,0,0,0,0,0,0,0,0,0,0,0,-1
31,10,9,0,1,0,0,0,3,0,0,0,0,0.0,0.8387,3.8489,3.1219,0,1,0,0,0,0,0,0,0,0,0,0,0,-1
30,15,2,0,3,0,0,0,3,0,0,0,0,0.5667,0.1667,3.7396,2.8226,0,0,1,1,0,0,1,0,0,0,0,0,0,-1
33,13,0,7,1,0,0,0,2,1,0,0,1,0.0,0.8182,4.0896,2.8151,0,1,0,0,0,0,0,0,0,0,0,0,0,-1
24,13,4,0,3,0,0,0,3,0,0,0,0,0.4583,0.25,3.7721,2.8731,0,0,1,0,0,0,1,0,0,0,0,0,0,-1
29,14,2,0,3,0,0,0,3,0,0,0,0,0.5517,0.1724,3.7883,2.8424,0,0,1,1,0,0,1,0,0,0,0,0,0,-1
35,12,8,0,2,0,0,0,3,0,0,0,0,0.0,0.8286,4.1287,3.0221,0,1,0,0,0,0,0,0,0,0,0,0,0,-1
27,6,10,0,1,0,0,0,3,0,0,0,0,0.0,0.8148,3.606,1.9183,0,1,0,0,0,0,0,0,0,1,1,1,1,-1
29,14,2,0,3,0,0,0,3,0,0,0,0,0.5517,0.1724,3.8404,2.7534,0,0,1,1,0,0,1,0,0,0,0,0,0,-1
33,7,14,0,1,0,0,0,3,0,0,0,0,0.0303,0.8182,4.0408,2.5216,0,1,0,0,0,0,1,0,0,0,0,0,0,-1
24,13,4,0,3,0,0,0,3,0,0,0,0,0.4583,0.25,3.7721,2.8731,0,0,1,0,0,0,1,0,0,0,0,0,0,-1
26,6,0,7,1,0,0,0,2,1,0,0,1,0.0,0.7692,4.056,2.585,0,1,0,0,0,0,0,0,0,0,0,0,0,-1
52,6,11,0,3,0,0,0,3,0,0,0,0,0.0,0.8654,3.9466,2.2516,1,0,0,0,0,0,0,0,1,0,0,0,0,-1
31,10,0,6,2,0,0,0,2,1,0,0,1,0.0323,0.7419,4.1313,2.9219,0,1,0,0,0,0,0,0,0,0,0,0,0,-1
24,7,5,0,1,0,0,0,3,0,0,0,0,0.0,0.7917,3.8554,2.5216,0,1,0,0,0,0,0,0,0,0,0,0,0,-1
28,14,2,0,3,0,0,0,3,0,0,0,0,0.5357,0.1786,3.7979,2.8963,0,0,1,1,0,0,1,0,0,0,0,0,0,-1
22,4,6,0,1,0,0,0,3,0,0,0,0,0.0,0.7727,3.6635,1.5,0,1,0,0,0,0,0,0,0,0,0,0,0,-1
112,12,93,0,6,5,0,0,3,0,0,0,0,0.0804,0.7857,4.513,2.8554,0,0,1,0,0,0,1,0,0,0,0,0,0,-1
44,13,19,0,1,1,0,0,5,0,0,0,0,0.0,0.8182,4.2327,3.1808,0,1,0,0,0,0,0,0,0,0,0,0,0,-1
36,10,14,0,1,0,0,0,4,0,0,0,0,0.0,0.8333,3.7499,2.9219,0,1,0,0,0,0,0,0,0,0,0,0,0,-1
34,17,5,0,1,0,0,0,3,0,0,0,0,0.0,0.8529,4.0797,3.2639,0,1,0,0,0,0,0,0,0,0,0,0,0,-1
37,13,12,0,1,0,0,0,4,0,0,0,0,0.0811,0.7568,4.3446,3.2389,0,1,0,0,0,0,0,0,0,0,0,0,0,-1
30,5,13,0,1,0,0,0,4,0,0,0,0,0.0,0.8,3.8729,2.3219,0,1,0,0,0,0,0,0,0,0,0,0,0,-1
33,5,7,8,1,0,0,0,3,1,0,0,1,0.0,0.7879,4.0438,2.3219,0,1,0,0,0,0,0,0,0,0,0,0,0,-1
30,9,9,0,1,0,0,0,3,0,0,0,0,0.0,0.8333,3.9232,2.5033,0,1,0,0,0,0,0,0,0,0,0,0,0,-1
25,11,7,0,3,0,0,0,3,0,0,0,0,0.56,0.16,3.4031,2.5949,0,0,1,0,0,0,1,0,0,0,0,0,0,-1
27,5,10,0,1,0,0,0,3,0,0,0,0,0.1111,0.7037,4.1064,2.3219,0,1,0,0,0,0,1,0,0,0,0,0,0,-1
35,14,9,0,4,0,0,0,3,0,0,0,0,0.4286,0.3143,3.99,2.9852,0,0,1,1,0,0,1,0,0,0,0,0,0,-1
31,11,7,0,4,0,0,0,3,0,0,0,0,0.4194,0.2903,4.0023,2.6635,0,0,1,1,0,0,1,0,0,0,0,0,0,-1
23,3,8,0,1,0,0,0,3,0,0,0,0,0.0,0.7826,3.5884,1.585,0,1,0,0,0,0,0,0,0,0,0,0,0,-1
41,5,16,0,4,0,0,0,4,0,0,0,0,0.0,0.7805,4.2107,2.3219,2,0,0,0,0,0,0,0,0,0,0,0,0,-1
33,13,7,0,4,0,0,0,3,0,0,0,0,0.4545,0.2727,3.8243,2.5654,0,0,1,1,0,0,1,0,0,0,0,0,0,-1
37,4,21,0,1,1,0,0,4,0,0,0,0,0.0,0.8108,4.006,1.5,0,1,0,0,0,0,0,0,0,0,0,0,0,-1
31,11,6,0,2,0,0,0,3,0,0,0,0,0.0,0.8065,4.1069,3.0958,0,1,0,0,0,0,0,0,0,0,0,0,0,-1
40,13,15,0,4,0,1,0,3,0,0,0,0,0.375,0.375,4.0776,2.7193,0,0,1,1,0,0,1,0,0,0,0,0,0,-1
81,21,42,0,2,6,0,0,4,0,0,0,0,0.2222,0.6173,4.6594,3.2495,0,1,0,0,0,0,0,0,0,0,0,0,0,-1
65,11,37,0,2,4,0,0,3,0,0,0,0,0.3231,0.5231,4.6987,2.4817,1,1,0,0,0,0,0,0,0,0,0,0,0,-1
28,13,2,0,3,0,0,0,3,0,0,0,0,0.5357,0.1786,3.8424,2.6032,0,0,1,1,0,0,1,0,0,0,0,0,0,-1
25,11,7,0,3,0,0,0,3,0,0,0,0,0.56,0.16,3.6733,2.5949,0,0,1,0,0,0,1,0,0,0,0,0,0,-1
36,4,21,0,1,1,0,0,4,0,0,0,0,0.0,0.8056,3.9613,2.0,0,1,0,0,0,0,0,0,0,0,0,0,0,-1
33,13,7,0,4,0,0,0,3,0,0,0,0,0.4545,0.2727,3.6771,1.8262,0,0,1,1,0,0,1,0,0,0,0,0,0,-1
39,7,20,0,1,1,0,0,5,0,0,0,0,0.0,0.7949,4.2436,2.8074,0,1,0,0,0,0,0,0,0,1,1,0,0,-1
46,21,14,0,1,0,0,0,4,0,0,0,0,0.0,0.8696,3.9532,3.5352,0,1,0,0,0,0,0,0,0,0,0,0,0,-1
32,12,8,0,1,0,0,0,3,0,0,0,0,0.0,0.8438,4.0542,3.2516,0,1,0,0,0,0,0,0,0,0,0,0,0,-1
38,3,24,0,1,0,0,0,5,0,0,0,0,0.0,0.8158,4.051,1.585,0,1,0,0,0,0,0,0,0,0,0,0,0,-1
30,15,2,0,3,0,0,0,3,0,0,0,0,0.5667,0.1667,3.6696,2.2826,0,0,1,1,0,0,1,0,0,0,0,0,0,-1
37,17,8,0,1,0,0,0,3,0,0,0,0,0.0,0.8649,3.7969,2.9398,0,1,0,0,0,0,0,0,0,1,1,0,0,-1
31,13,11,0,4,0,0,0,3,0,0,0,0,0.3226,0.4194,3.889,2.6612,0,0,1,0,0,0,1,0,0,0,0,0,0,-1
23,3,5,0,2,0,0,0,3,0,0,0,0,0.0,0.7391,3.7623,1.585,0,1,0,0,0,0,0,0,0,0,0,0,0,-1
29,13,9,0,4,0,0,0,3,0,0,0,0,0.3448,0.3793,4.0473,2.6612,0,0,1,0,0,0,1,0,0,0,0,0,0,-1
24,13,4,0,3,0,0,0,3,0,0,0,0,0.4167,0.2917,3.8554,2.8731,0,0,1,0,0,0,1,0,0,0,0,0,0,-1
41,13,21,0,4,0,0,0,5,0,0,0,0,0.2927,0.4634,4.1411,2.8151,0,0,1,0,0,0,1,0,0,0,0,0,0,-1
30,15,2,0,3,0,0,0,3,0,0,0,0,0.5667,0.1667,3.6729,2.4729,0,0,1,1,0,0,1,0,0,0,0,0,0,-1
23,6,5,0,1,0,0,0,3,0,0,0,0,0.0,0.7826,3.7951,2.585,0,1,0,0,0,0,0,0,0,0,0,0,0,-1
46,15,15,0,2,1,0,0,4,0,0,0,0,0.1087,0.6957,4.2712,2.9232,0,0,0,1,0,0,1,0,0,0,0,0,0,-1
36,12,13,0,2,0,0,0,3,0,0,0,0,0.0,0.8333,4.4194,3.085,0,1,0,0,0,0,0,0,0,0,0,0,0,-1
24,5,7,0,1,0,0,0,3,0,0,0,0,0.0,0.7917,3.7406,2.3219,0,1,0,0,0,0,0,0,0,1,1,0,0,-1
33,13,7,0,4,0,0,0,3,0,0,0,0,0.4545,0.2727,4.0896,2.7193,0,0,1,1,0,0,1,0,0,0,0,0,0,-1
72,15,37,0,2,4,0,0,3,0,0,0,0,0.2778,0.5833,4.7304,3.3736,1,1,0,0,0,0,0,0,0,0,0,0,0,-1
84,12,48,0,3,4,0,0,4,0,0,0,0,0.2738,0.5833,4.7845,3.085,1,1,0,0,0,0,0,0,0,0,0,0,0,-1
30,4,14,0,1,0,0,0,4,0,0,0,0,0.0,0.8,3.7232,2.0,0,1,0,0,0,0,0,0,0,0,0,0,0,-1
29,14,2,0,3,0,0,0,3,0,0,0,0,0.5517,0.1724,3.6209,2.6995,0,0,1,1,0,0,1,0,0,0,0,0,0,-1
24,4,8,0,1,0,0,0,3,0,0,0,0,0.0,0.7917,3.6054,1.5,0,1,0,0,0,0,0,0,0,0,0,0,0,-1
35,6,17,0,1,0,0,0,4,0,0,0,0,0.0,0.8286,4.05,2.585,0,1,0,0,0,0,0,0,0,0,0,0,0,-1
29,14,2,0,3,0,0,0,3,0,0,0,0,0.5517,0.1724,3.6244,2.5027,0,0,1,1,0,0,1,0,0,0,0,0,0,-1
30,13,10,0,3,0,0,0,4,0,0,0,0,0.3667,0.3667,4.1232,2.8731,0,0,1,0,0,0,1,0,0,0,0,0,0,-1
27,12,2,0,3,0,0,0,3,0,0,0,0,0.5185,0.1852,3.6521,2.6258,0,0,1,1,0,0,1,0,0,0,0,0,0,-1
34,8,14,0,1,0,0,0,4,0,0,0,0,0.0,0.8235,3.9842,2.75,0,1,0,0,0,0,0,0,0,0,0,0,0,-1
33,13,7,0,4,0,0,0,3,0,0,0,0,0.4545,0.2727,4.0061,3.027,0,0,1,1,0,0,1,0,0,0,0,0,0,-1
46,14,25,0,4,0,1,0,4,0,0,0,0,0.3261,0.4565,4.2818,2.7885,0,0,1,0,0,0,1,0,0,0,0,0,0,-1
28,7,9,0,1,0,0,0,3,0,0,0,0,0.0,0.8214,3.7404,2.5216,0,1,0,0,0,0,0,0,0,0,0,0,0,-1
82,13,1,42,2,5,0,0,3,1,0,0,1,0.3049,0.5366,4.8,3.2389,1,1,0,0,0,0,0,0,0,0,0,0,0,-1
35,6,7,10,1,0,0,0,3,1,0,0,1,0.0,0.8,4.0576,1.9183,0,1,0,0,0,0,0,0,0,1,1,1,1,-1
29,14,2,0,3,0,0,0,3,0,0,0,0,0.5517,0.1724,3.8833,2.9852,0,0,1,1,0,0,1,0,0,0,0,0,0,-1
42,6,24,0,1,0,0,0,5,0,0,0,0,0.0,0.8333,4.1572,2.585,0,1,0,0,0,0,0,0,0,1,1,0,0,-1
33,9,14,0,2,0,0,0,4,0,0,0,0,0.0303,0.7576,4.0289,3.1699,0,0,0,0,0,0,1,0,0,0,0,0,0,-1
23,3,6,0,2,0,0,0,3,0,0,0,0,0.0,0.7391,3.7081,0.9183,0,1,0,0,0,0,0,0,0,0,0,0,0,-1
27,13,7,0,3,0,0,0,3,0,0,0,0,0.4074,0.3333,4.0043,2.8151,0,0,1,0,0,0,1,0,0,0,0,0,0,-1
33,5,16,0,1,0,0,0,4,0,0,0,0,0.0,0.8182,3.9455,2.3219,0,1,0,0,0,0,0,0,0,0,0,0,0,-1
62,5,37,0,2,4,0,0,3,0,0,0,0,0.4032,0.4355,4.5527,1.9219,1,1,0,0,0,0,0,0,0,0,0,0,0,-1
74,13,37,0,2,4,0,0,3,0,0,0,0,0.3378,0.527,4.7933,3.027,1,1,0,0,0,0,1,0,0,0,0,0,0,-1
37,6,20,0,3,0,0,0,5,0,0,0,0,0.0811,0.6757,4.0777,2.2516,0,1,0,0,0,0,0,0,0,0,0,0,0,-1
34,8,11,0,3,0,0,0,3,0,0,0,0,0.0294,0.7647,4.1895,2.5,1,0,0,0,0,0,1,0,1,0,0,0,0,-1
43,14,22,0,4,0,0,0,4,0,0,0,0,0.3256,0.4651,4.2047,2.8424,0,0,1,0,0,0,1,0,0,0,0,0,0,-1
31,14,5,0,3,0,0,0,3,0,0,0,0,0.4839,0.2581,3.8213,2.8424,0,0,1,1,0,0,1,0,0,0,0,0,0,-1
83,20,47,0,2,4,0,0,4,0,0,0,0,0.241,0.6265,4.7272,3.5842,0,1,0,0,0,0,0,0,0,1,1,0,0,-1
49,7,30,0,1,2,0,0,5,0,0,0,0,0.102,0.7143,4.4844,2.5216,0,1,0,0,0,0,0,0,0,0,0,0,0,-1
35,15,7,0,4,0,0,0,3,0,0,0,0,0.4857,0.2571,3.8402,2.4226,0,0,1,1,0,0,1,0,0,0,0,0,0,-1
85,23,47,0,2,4,0,0,4,0,0,0,0,0.2706,0.6,4.7791,3.6753,0,1,0,0,0,0,0,0,0,1,1,0,0,-1
30,6,8,0,2,0,0,0,3,0,0,0,0,0.1333,0.6333,4.0151,2.585,0,0,0,1,0,0,0,0,1,0,0,0,0,-1
34,14,7,0,4,0,0,0,3,0,0,0,0,0.4706,0.2647,3.9254,2.6456,0,0,1,1,0,0,1,0,0,0,0,0,0,-1
47,8,27,0,1,2,0,0,5,0,0,0,0,0.1277,0.6809,4.3128,2.5,0,1,0,0,0,0,0,0,0,0,0,0,0,-1
46,13,21,0,1,0,0,0,5,0,0,0,0,0.1087,0.7391,4.2055,3.3927,0,1,0,0,0,0,0,0,0,0,0,0,0,-1
45,13,20,0,1,1,0,0,5,0,0,0,0,0.0,0.8222,4.3033,3.3927,0,1,0,0,0,0,0,0,0,1,1,0,0,-1
28,14,7,0,3,0,0,0,3,0,0,0,0,0.4286,0.3214,4.0122,2.8424,0,0,1,0,0,0,1,0,0,0,0,0,0,-1
38,5,21,0,1,0,0,0,5,0,0,0,0,0.1316,0.6842,4.1261,2.3219,0,1,0,0,0,0,0,0,0,0,0,0,0,-1
26,14,5,0,3,0,0,0,3,0,0,0,0,0.4231,0.3077,3.7381,2.6456,0,0,1,0,0,0,1,0,0,0,0,0,0,-1
47,5,30,0,1,2,0,0,5,0,0,0,0,0.1064,0.7021,4.3923,2.3219,0,1,0,0,0,0,0,0,0,0,0,0,0,-1
38,11,16,0,1,0,0,0,4,0,0,0,0,0.0,0.8421,4.0831,3.2776,0,1,0,0,0,0,0,0,0,0,0,0,0,-1
37,5,12,0,3,0,0,0,4,0,0,0,0,0.027,0.7568,4.52,2.3219,2,0,0,0,0,0,0,0,0,0,0,0,0,-1
28,10,6,0,1,0,0,0,3,0,0,0,0,0.0,0.8214,3.9408,3.1219,0,1,0,0,0,0,0,0,0,0,0,0,0,-1
25,5,8,0,1,0,0,0,3,0,0,0,0,0.04,0.76,3.7533,2.3219,0,1,0,0,0,0,1,0,0,0,0,0,0,-1
80,17,45,0,2,5,0,0,4,0,0,0,0,0.2875,0.5625,4.7712,3.4548,0,1,0,0,0,0,0,0,0,0,0,0,0,-1
27,10,5,0,1,0,0,0,3,0,0,0,0,0.0,0.8148,3.9303,3.3219,0,1,0,0,0,0,0,0,0,0,0,0,0,-1
27,7,9,0,1,0,0,0,3,0,0,0,0,0.0,0.8148,3.6801,2.8074,0,1,0,0,0,0,0,0,0,0,0,0,0,-1
28,10,6,0,1,0,0,0,3,0,0,0,0,0.0,0.8214,3.8693,3.1219,0,1,0,0,0,0,0,0,0,0,0,0,0,-1
43,13,7,10,1,0,0,0,3,1,0,0,1,0.0,0.8372,4.2398,3.3927,0,1,0,0,0,0,0,0,0,0,0,0,0,-1
31,3,7,8,1,0,0,0,3,1,0,0,1,0.0,0.7742,4.1715,1.585,0,1,0,0,0,0,0,0,0,0,0,0,0,-1
44,9,20,0,3,0,0,0,5,0,0,0,0,0.0227,0.7727,4.0449,2.9477,0,1,0,0,0,0,0,0,0,1,1,0,0,-1
31,7,0,12,1,0,0,0,2,1,0,0,1,0.0,0.8065,4.2603,2.8074,0,1,0,0,0,0,0,0,0,0,0,0,0,-1
26,8,6,0,1,0,0,0,3,0,0,0,0,0.0,0.8077,4.027,2.75,0,1,0,0,0,0,0,0,0,1,1,0,0,-1
30,14,5,0,1,0,0,0,3,0,0,0,0,0.0,0.8333,4.2817,3.5216,0,1,0,0,0,0,0,0,0,0,0,0,0,-1
32,12,7,0,4,0,0,0,3,0,0,0,0,0.4375,0.2812,3.9917,2.6887,0,0,1,1,0,0,1,0,0,0,0,0,0,-1
31,15,5,0,1,0,0,0,3,0,0,0,0,0.0,0.8387,3.8647,3.1899,0,0,0,0,0,0,0,0,0,0,0,0,0,-1
31,12,12,0,4,0,0,0,3,0,0,0,0,0.3226,0.4194,4.0668,2.6258,0,0,1,0,0,0,1,0,0,0,0,0,0,-1
57,12,34,0,1,1,0,0,5,0,0,0,0,0.0,0.8596,4.2122,3.4183,0,1,0,0,0,0,0,0,0,0,0,0,0,-1
81,12,1,42,2,5,0,0,3,1,0,0,1,0.2593,0.5802,4.823,3.4183,1,1,0,0,0,0,0,0,0,0,0,0,0,-1
28,11,5,0,1,0,0,0,3,0,0,0,0,0.0,0.8214,3.7979,2.6635,0,1,0,0,0,0,0,0,0,0,0,0,0,-1
44,8,24,0,1,2,0,0,4,0,0,0,0,0.0909,0.7273,4.1069,2.5,0,1,0,0,0,0,0,0,0,0,0,0,0,-1
28,13,2,0,3,0,0,0,3,0,0,0,0,0.5357,0.1786,3.7709,2.8731,0,0,1,1,0,0,1,0,0,0,0,0,0,-1
24,7,5,0,1,0,0,0,3,0,0,0,0,0.0417,0.75,3.6887,2.2359,0,1,0,0,0,0,1,0,0,0,0,0,0,-1
40,6,22,0,1,1,0,0,5,0,0,0,0,0.15,0.65,4.2226,1.7925,0,1,0,0,0,0,0,0,0,0,0,0,0,-1
32,5,15,0,1,1,0,0,4,0,0,0,0,0.0,0.7812,4.1403,2.3219,0,1,0,0,0,0,0,0,0,0,0,0,0,-1
34,14,7,0,4,0,0,0,3,0,0,0,0,0.4706,0.2647,3.8402,1.9212,0,0,1,1,0,0,1,0,0,0,0,0,0,-1
25,11,7,0,3,0,0,0,3,0,0,0,0,0.48,0.24,3.7835,2.5949,0,0,1,0,0,0,1,0,0,0,0,0,0,-1
24,4,8,0,1,0,0,0,3,0,0,0,0,0.0,0.7917,3.5383,2.0,0,1,0,0,0,0,0,0,0,0,0,0,0,-1
32,12,7,0,4,0,0,0,3,0,0,0,0,0.4375,0.2812,3.8903,2.8554,0,0,1,1,0,0,1,0,0,0,0,0,0,-1
28,11,5,0,1,0,0,0,3,0,0,0,0,0.0,0.8214,4.0122,3.0958,0,1,0,0,0,0,0,0,0,0,0,0,0,-1
29,13,9,0,4,0,0,0,3,0,0,0,0,0.4138,0.3103,3.9354,2.9689,0,0,1,0,0,0,1,0,0,0,0,0,0,-1
69,12,37,0,2,4,0,0,3,0,0,0,0,0.2899,0.5652,4.5695,3.085,1,1,0,0,0,0,0,0,0,0,0,0,0,-1
30,13,10,0,3,0,0,0,4,0,0,0,0,0.3333,0.4,3.9232,2.6612,0,0,1,0,0,0,1,0,0,0,0,0,0,-1
29,9,8,0,1,0,0,0,3,0,0,0,0,0.0,0.8276,4.0473,3.1699,0,1,0,0,0,0,0,0,0,0,0,0,0,-1
36,13,11,0,4,0,1,0,3,0,0,0,0,0.4167,0.3056,4.0833,2.7193,0,0,1,1,0,0,1,0,0,0,0,0,0,-1
22,3,7,0,1,0,0,0,3,0,0,0,0,0.0,0.7727,3.7888,1.585,0,1,0,0,0,0,0,0,0,1,1,0,0,-1
81,19,47,0,2,6,0,0,4,0,0,0,0,0.1975,0.642,4.6622,3.5766,0,1,0,0,0,0,0,0,0,1,1,0,0,-1
31,12,12,0,3,0,1,0,4,0,0,0,0,0.4194,0.2903,3.8858,2.2296,0,0,1,0,0,0,1,0,0,0,0,0,0,-1
73,10,47,0,2,4,0,0,4,0,0,0,0,0.3836,0.4658,4.7736,3.3219,0,1,0,0,0,0,0,0,0,1,1,0,0,-1
78,13,13,0,3,3,0,0,3,0,0,0,0,0.0385,0.8333,4.5895,3.3927,1,0,0,0,0,0,0,0,0,0,0,0,0,-1
29,9,0,7,1,0,0,0,2,1,0,0,1,0.0,0.7931,4.1683,2.9477,0,1,0,0,0,0,0,0,0,0,0,0,0,-1
21,5,5,0,1,0,0,0,3,0,0,0,0,0.0,0.7619,3.8802,2.3219,0,1,0,0,0,0,0,0,0,0,0,0,0,-1
38,14,12,0,4,0,0,0,3,0,0,0,0,0.4211,0.3421,4.0831,2.6106,0,0,1,1,0,0,1,0,0,0,0,0,0,-1
29,13,9,0,4,0,0,0,3,0,0,0,0,0.4138,0.3103,3.9094,2.6032,0,0,1,0,0,0,1,0,0,0,0,0,0,-1
25,2,9,0,2,0,0,0,3,0,0,0,0,0.0,0.76,3.7835,1.0,0,1,0,0,0,0,0,0,0,0,0,0,0,-1
31,8,11,0,1,0,0,0,4,0,0,0,0,0.0,0.8065,3.9378,2.75,0,1,0,0,0,0,0,0,0,0,0,0,0,-1
36,14,15,0,4,0,0,0,4,0,0,0,0,0.3056,0.4444,4.1835,2.5567,0,0,1,0,0,0,1,0,0,0,0,0,0,-1
26,5,9,0,1,2,0,0,3,0,0,0,0,0.0,0.7308,3.8441,2.3219,0,1,0,0,0,0,0,0,0,0,0,0,0,-1
36,15,9,0,1,0,0,0,3,0,0,0,0,0.0,0.8611,3.983,3.3736,0,1,0,0,0,0,0,0,0,0,0,0,0,-1
29,14,2,0,3,0,0,0,3,0,0,0,0,0.5517,0.1724,3.7194,2.6456,0,0,1,1,0,0,1,0,0,0,0,0,0,-1
24,13,4,0,3,0,0,0,3,0,0,0,0,0.4167,0.2917,3.8554,2.8731,0,0,1,0,0,0,1,0,0,0,0,0,0,-1
84,6,66,0,2,2,0,0,10,0,0,0,0,0.0238,0.7976,4.3317,2.585,0,1,0,0,0,0,0,0,0,0,0,0,0,-1
29,12,5,0,1,0,0,0,3,0,0,0,0,0.0,0.8276,3.7194,2.9183,0,1,0,0,0,0,0,0,0,0,0,0,0,-1
30,11,7,0,4,0,0,0,3,0,0,0,0,0.4,0.3,4.1232,2.5949,0,0,1,1,0,0,1,0,0,0,0,0,0,-1
28,3,11,0,2,0,0,0,4,0,0,0,0,0.0,0.75,3.8518,1.585,0,1,0,0,0,0,0,0,0,0,0,0,0,-1
30,6,12,0,1,0,0,0,3,0,0,0,0,0.0,0.8333,3.9484,2.2516,0,1,0,0,0,0,0,0,0,0,0,0,0,-1
39,4,0,21,1,0,0,0,2,2,1,0,1,0.0,0.7949,4.2404,2.0,0,1,0,0,0,0,0,0,0,0,0,0,0,-1
24,2,10,0,1,0,0,0,3,0,0,0,0,0.0,0.7917,3.6573,1.0,0,1,0,0,0,0,0,0,0,0,0,0,0,-1
28,13,2,0,3,0,0,0,3,0,0,0,0,0.5357,0.1786,3.7674,2.7193,0,0,1,1,0,0,1,0,0,0,0,0,0,-1
23,4,8,0,1,0,0,0,3,0,0,0,0,0.0,0.7826,3.8492,2.0,0,1,0,0,0,0,0,0,0,1,1,0,0,-1
53,13,33,0,3,0,0,0,4,0,0,0,0,0.2264,0.6226,3.7651,2.6612,0,0,1,0,0,0,1,0,0,0,0,0,0,-1
31,6,11,0,2,0,0,0,4,0,0,0,0,0.0,0.7742,3.6553,2.2516,0,1,0,0,0,0,0,0,0,0,0,0,0,-1
29,14,2,0,3,0,0,0,3,0,0,0,0,0.5517,0.1724,3.7883,2.8963,0,0,1,1,0,0,1,0,0,0,0,0,0,-1
49,12,30,0,3,0,0,0,4,0,0,0,0,0.2449,0.5918,3.6141,2.7925,0,0,1,0,0,0,1,0,0,0,0,0,0,-1
27,3,12,0,1,0,0,0,4,0,0,0,0,0.1111,0.6667,4.2084,1.585,0,1,0,0,0,0,0,0,0,0,0,0,0,-1
49,13,29,0,4,0,0,0,5,0,0,0,0,0.4082,0.3878,4.3112,2.4493,0,0,1,0,0,0,1,0,0,0,0,0,0,-1
20,5,4,0,1,0,0,0,3,0,0,0,0,0.0,0.75,3.4842,1.9219,0,1,0,0,0,0,0,0,0,0,0,0,0,-1
29,14,2,0,3,0,0,0,3,0,0,0,0,0.5517,0.1724,3.5259,2.3527,0,0,1,1,0,0,1,0,0,0,0,0,0,-1
39,6,22,0,1,0,1,0,4,0,0,0,0,0.0,0.8205,4.0579,2.2516,0,1,0,0,0,0,0,0,0,0,0,0,0,-1
26,5,9,0,1,0,0,0,3,0,0,0,0,0.0,0.8077,3.8731,1.9219,0,1,0,0,0,0,0,0,0,0,0,0,0,-1
35,5,7,10,1,0,0,0,3,1,0,0,1,0.0,0.8,4.1719,1.9219,0,1,0,0,0,0,0,0,0,0,0,0,0,-1
52,14,26,0,1,1,0,0,6,0,0,0,0,0.0,0.8269,4.3591,3.3249,0,1,0,0,0,0,0,0,0,0,0,0,0,-1
35,15,7,0,4,0,0,0,3,0,0,0,0,0.4857,0.2571,3.9544,2.8159,0,0,1,1,0,0,1,0,0,0,0,0,0,-1
69,15,37,0,2,4,0,0,3,0,0,0,0,0.3333,0.5217,4.8036,3.2402,1,1,0,0,0,0,0,0,0,0,0,0,0,-1
31,6,0,12,1,0,0,0,2,1,0,0,1,0.0,0.8065,4.2202,2.585,0,1,0,0,0,0,0,0,0,0,0,0,0,-1
24,12,5,0,3,0,0,0,3,0,0,0,0,0.4167,0.2917,3.7406,2.6887,0,0,1,0,0,0,1,0,0,0,0,0,0,-1
35,6,17,0,1,0,0,0,4,0,0,0,0,0.0,0.8286,4.0931,2.2516,0,1,0,0,0,0,0,0,0,0,0,0,0,-1
27,6,9,0,1,0,0,0,3,0,0,0,0,0.0,0.8148,3.8003,2.585,0,1,0,0,0,0,0,0,0,0,0,0,0,-1
38,15,11,0,1,0,0,0,4,0,0,0,0,0.0,0.8421,3.9027,3.4566,0,1,0,0,0,0,0,0,0,0,0,0,0,-1
28,13,2,0,3,0,0,0,3,0,0,0,0,0.5357,0.1786,3.7709,2.8731,0,0,1,1,0,0,1,0,0,0,0,0,0,-1
43,17,14,0,1,0,0,0,4,0,0,0,0,0.1163,0.7442,4.618,3.3816,0,1,0,0,0,0,0,0,0,0,0,0,0,-1
35,13,15,0,4,0,0,0,4,0,0,0,0,0.2857,0.4571,4.0791,2.6612,0,0,1,0,0,0,1,0,0,0,0,0,0,-1
44,5,24,0,2,2,0,0,4,0,0,0,0,0.0909,0.7045,4.3408,2.3219,0,1,0,0,0,0,0,0,0,0,0,0,0,-1
29,14,2,0,3,0,0,0,3,0,0,0,0,0.5517,0.1724,3.6244,2.4138,0,0,1,1,0,0,1,0,0,0,0,0,0,-1
25,14,4,0,3,0,0,0,3,0,0,0,0,0.48,0.24,3.4227,2.306,0,0,1,0,0,0,1,0,0,0,0,0,0,-1
24,6,6,0,1,0,0,0,3,0,0,0,0,0.0,0.7917,3.7406,2.2516,0,1,0,0,0,0,0,0,0,0,0,0,0,-1
40,16,12,0,1,1,0,0,4,0,0,0,0,0.0,0.825,4.1464,3.625,0,1,0,0,0,0,0,0,0,0,0,0,0,-1
36,11,0,12,1,0,0,0,2,1,0,0,1,0.0,0.8333,4.0724,3.2776,0,1,0,0,0,0,0,0,0,0,0,0,0,-1
29,14,7,0,4,0,0,0,3,0,0,0,0,0.3793,0.3448,3.7454,2.5027,0,1,1,0,0,0,1,0,0,0,0,0,0,-1
27,12,2,0,3,0,0,0,3,0,0,0,0,0.5185,0.1852,3.7821,2.6887,0,0,1,1,0,0,1,0,0,0,0,0,0,-1
30,4,11,0,2,0,0,0,4,0,0,0,0,0.0,0.7667,3.6062,2.0,0,1,0,0,0,0,0,0,0,0,0,0,0,-1
23,3,5,0,2,0,0,0,3,0,0,0,0,0.0,0.7391,3.882,1.585,0,1,0,0,0,0,0,0,0,0,0,0,0,-1
40,12,7,8,1,0,0,0,3,1,0,0,1,0.0,0.825,4.0842,3.0221,0,1,0,0,0,0,0,0,0,0,0,0,0,-1
51,13,31,0,4,0,0,0,4,0,0,0,0,0.451,0.3725,4.3435,2.8151,0,0,1,0,0,0,1,0,0,0,0,0,0,-1
35,15,7,0,4,0,0,0,3,0,0,0,0,0.4857,0.2571,3.7363,2.5493,0,0,1,1,0,0,1,0,0,0,0,0,0,-1
26,11,2,0,3,0,0,0,3,0,0,0,0,0.5,0.1923,3.6424,2.5949,0,0,1,1,0,0,1,0,0,0,0,0,0,-1
40,12,2,13,1,0,0,0,3,1,0,0,1,0.0,0.8,4.0939,2.4591,0,1,0,0,0,0,0,0,0,0,0,0,0,-1
39,3,7,16,1,0,0,0,3,1,0,0,1,0.0,0.7949,4.0998,1.585,0,1,0,0,0,0,0,0,0,0,0,0,0,-1
32,8,12,0,1,0,0,0,4,0,0,0,0,0.0,0.8125,3.8903,3.0,0,1,0,0,0,0,0,0,0,0,0,0,0,-1
80,6,3,52,2,0,0,0,3,2,1,0,1,0.075,0.8,5.1858,1.9183,1,1,0,0,0,0,0,0,0,1,1,1,0,-1
38,17,9,0,1,0,0,0,3,0,0,0,0,0.0,0.8684,3.9881,3.2928,0,1,0,0,0,0,0,0,0,0,0,0,0,-1
69,13,49,0,4,1,1,0,6,0,0,0,0,0.4638,0.3478,4.3577,2.5654,0,0,1,0,0,0,1,0,0,0,0,0,0,-1
26,5,9,0,1,0,0,0,3,0,0,0,0,0.0,0.8077,3.921,2.3219,0,1,0,0,0,0,0,0,0,0,0,0,0,-1
42,6,7,16,1,0,0,0,3,1,0,0,1,0.0,0.8095,3.9674,2.585,0,1,0,0,0,0,0,0,0,0,0,0,0,-1
48,9,15,0,3,0,0,0,4,0,0,0,0,0.2083,0.625,4.4311,2.7255,1,0,0,0,0,0,0,0,0,0,0,0,0,-1
22,6,5,0,1,0,0,0,3,0,0,0,0,0.0,0.7727,3.8454,2.585,0,1,0,0,0,0,0,0,0,0,0,0,0,-1
32,12,7,0,4,0,0,0,3,0,0,0,0,0.4375,0.2812,3.7889,2.2296,0,0,1,1,0,0,1,0,0,0,0,0,0,-1
28,6,7,0,2,0,0,0,3,0,0,0,0,0.0,0.7857,3.9408,1.9183,0,1,0,0,0,0,0,0,0,1,1,1,1,-1
26,14,5,0,3,0,0,0,3,0,0,0,0,0.5,0.2308,3.9501,3.0391,0,0,1,0,0,0,1,0,0,0,0,0,0,-1
30,9,9,0,1,1,0,0,3,0,0,0,0,0.0,0.8,3.8729,2.7255,0,1,0,0,0,0,0,0,0,0,0,0,0,-1
38,9,19,0,2,0,0,0,5,0,0,0,0,0.0526,0.7368,4.146,3.1699,0,0,0,0,0,0,1,0,0,0,0,0,0,-1
34,14,7,0,4,0,0,0,3,0,0,0,0,0.4706,0.2647,3.962,2.4138,0,0,1,1,0,0,1,0,0,0,0,0,0,-1
33,10,11,0,2,0,0,0,3,0,0,0,0,0.0,0.8182,4.0896,3.1219,0,1,0,0,0,0,0,0,0,0,0,0,0,-1
25,13,5,0,3,0,0,0,3,0,0,0,0,0.4,0.32,3.9435,2.8731,0,0,1,0,0,0,1,0,0,0,0,0,0,-1
26,7,7,0,1,0,0,0,3,0,0,0,0,0.0,0.8077,3.921,2.5216,0,1,0,0,0,0,0,0,0,0,0,0,0,-1
48,8,28,0,1,1,0,0,4,0,0,0,0,0.0,0.8542,4.1272,3.0,0,1,0,0,0,0,0,0,0,0,0,0,0,-1
45,9,7,16,1,0,0,0,3,1,0,0,1,0.0,0.8222,4.2334,2.7255,0,1,0,0,0,0,0,0,0,0,0,0,0,-1
25,4,9,0,1,0,0,0,3,0,0,0,0,0.0,0.8,3.7035,2.0,0,1,0,0,0,0,0,0,0,0,0,0,0,-1
29,13,9,0,3,0,0,0,4,0,0,0,0,0.3793,0.3448,4.0473,2.8151,0,0,1,0,0,0,1,0,0,0,0,0,0,-1
30,14,9,0,3,0,0,0,4,0,0,0,0,0.4,0.3333,3.8817,2.6106,0,0,1,0,0,0,1,0,0,0,0,0,0,-1
28,7,9,0,1,0,0,0,3,0,0,0,0,0.0,0.8214,3.8963,2.8074,0,1,0,0,0,0,0,0,0,0,0,0,0,-1
47,10,14,10,1,0,2,0,4,1,0,0,1,0.1489,0.6383,4.8577,2.9219,0,1,0,0,0,0,0,0,0,0,0,0,0,-1
80,14,49,0,3,4,0,0,4,0,0,0,0,0.2125,0.6375,4.7401,3.3788,1,1,0,0,0,0,0,0,0,0,0,0,0,-1
28,13,2,0,3,0,0,0,3,0,0,0,0,0.5357,0.1786,3.5976,2.4416,0,0,1,1,0,0,1,0,0,0,0,0,0,-1
32,4,2,13,1,0,0,0,3,1,0,0,1,0.0,0.75,4.2028,2.0,0,1,0,0,0,0,0,0,0,0,0,0,0,-1
33,16,5,0,1,0,0,0,3,0,0,0,0,0.0,0.8485,4.1124,3.25,0,1,0,0,0,0,0,0,0,0,0,0,0,-1
41,7,19,0,2,0,0,0,4,0,0,0,0,0.0,0.8293,4.1715,2.5216,0,1,0,0,0,0,0,0,0,0,0,0,0,-1
92,21,47,0,3,6,0,0,4,0,0,0,0,0.1957,0.6522,4.7841,3.5945,1,1,0,0,0,0,0,0,0,1,1,0,0,-1
27,7,9,0,1,1,0,0,3,0,0,0,0,0.0,0.7778,4.1064,2.8074,0,1,0,0,0,0,0,0,0,0,0,0,0,-1
41,6,1,10,2,1,0,0,3,1,0,0,1,0.0244,0.7561,4.2387,2.2516,1,1,0,0,0,0,0,0,0,0,0,0,0,-1
30,7,5,0,2,0,0,0,3,0,0,0,0,0.0,0.8,4.1899,2.5216,1,1,0,0,0,0,0,0,0,0,0,0,0,-1
68,15,46,0,4,0,0,0,4,0,0,0,0,0.2206,0.6471,4.5984,2.8159,0,0,1,0,0,0,1,0,0,0,0,0,0,-1
34,14,7,0,4,0,0,0,3,0,0,0,0,0.4706,0.2647,3.9254,2.8424,0,0,1,1,0,0,1,0,0,0,0,0,0,-1
35,15,7,0,4,0,0,0,3,0,0,0,0,0.4857,0.2571,3.9789,2.6062,0,0,1,1,0,0,1,0,0,0,0,0,0,-1
34,14,7,0,4,0,0,0,3,0,0,0,0,0.4706,0.2647,3.8559,2.3527,0,0,1,1,0,0,1,0,0,0,0,0,0,-1
27,12,2,0,3,0,0,0,3,0,0,0,0,0.5185,0.1852,3.6521,2.4591,0,0,1,1,0,0,1,0,0,0,0,0,0,-1
28,8,9,0,1,0,0,0,3,0,0,0,0,0.0,0.8214,3.682,2.4056,0,1,0,0,0,0,0,0,0,0,0,0,0,-1
30,13,5,0,1,0,0,0,3,0,0,0,0,0.0,0.8333,3.7362,2.6235,0,1,0,0,0,0,0,0,0,0,0,0,0,-1
24,13,4,0,3,0,0,0,3,0,0,0,0,0.4167,0.2917,3.8554,2.8731,0,0,1,0,0,0,1,0,0,0,0,0,0,-1
40,4,15,0,3,0,0,0,4,0,0,0,0,0.0,0.8,4.2342,1.5,1,1,0,0,0,0,0,0,0,0,0,0,0,-1
32,7,6,0,3,0,0,0,3,0,0,0,0,0.0312,0.75,4.1403,2.5216,1,0,0,0,0,0,0,0,0,0,0,0,0,-1
25,0,11,0,1,0,0,0,4,0,0,0,0,0.0,0.76,3.7035,0.0,0,1,0,0,0,0,0,0,0,0,0,0,0,-1
65,8,37,0,2,4,0,0,3,0,0,0,0,0.3077,0.5385,4.7511,3.0,1,1,0,0,0,0,0,0,0,0,0,0,0,-1
33,13,7,0,4,0,0,0,3,0,0,0,0,0.4545,0.2727,3.7408,1.9878,0,0,1,1,0,0,1,0,0,0,0,0,0,-1
33,13,7,0,4,0,0,0,3,0,0,0,0,0.4545,0.2727,3.9226,2.4493,0,0,1,1,0,0,1,0,0,0,0,0,0,-1
36,12,17,0,4,0,0,0,4,0,0,0,0,0.25,0.5,4.0724,2.1258,0,0,1,0,0,0,1,0,0,0,0,0,0,-1
28,13,2,0,3,0,0,0,3,0,0,0,0,0.5357,0.1786,3.3103,2.2878,0,0,1,1,0,0,1,0,0,0,0,0,0,-1
35,8,12,0,2,0,0,0,4,0,0,0,0,0.1143,0.6857,4.229,2.75,0,1,0,0,0,0,0,0,0,0,0,0,0,-1
34,14,7,0,4,0,0,0,3,0,0,0,0,0.4706,0.2647,3.7412,2.0742,0,0,1,1,0,0,1,0,0,0,0,0,0,-1
86,14,48,0,3,4,0,0,4,0,0,0,0,0.2674,0.593,4.6774,3.182,1,1,0,0,0,0,0,0,0,0,0,0,0,-1
26,4,10,0,1,0,0,0,3,0,0,0,0,0.0,0.8077,3.998,2.0,0,1,0,0,0,0,0,0,0,0,0,0,0,-1
60,4,37,0,2,4,0,0,3,0,0,0,0,0.3,0.5333,4.4712,2.0,1,1,0,0,0,0,0,0,0,0,0,0,0,-1
36,10,14,0,1,0,0,0,4,0,0,0,0,0.1389,0.6944,4.6144,2.9219,0,1,0,0,0,0,0,0,0,0,0,0,0,-1
49,13,24,0,1,0,0,0,5,0,0,0,0,0.0,0.8571,4.016,3.0851,0,1,0,0,0,0,0,0,0,1,1,0,0,-1
24,13,4,0,3,0,0,0,3,0,0,0,0,0.4167,0.2917,3.8554,2.8731,0,0,1,0,0,0,1,0,0,0,0,0,0,-1
91,6,73,0,2,4,0,0,10,0,0,0,0,0.022,0.7912,4.5168,2.585,0,1,0,0,0,0,0,0,0,1,1,0,0,-1
30,6,0,12,1,0,0,0,2,1,0,0,1,0.0,0.8,4.0402,2.2516,0,1,0,0,0,0,0,0,0,0,0,0,0,-1
32,4,16,0,1,0,0,0,4,0,0,0,0,0.0,0.8125,4.0542,2.0,0,1,0,0,0,0,0,0,0,0,0,0,0,-1
31,10,7,0,2,0,0,0,3,0,0,0,0,0.0,0.8065,4.0794,2.8464,0,1,0,0,0,0,0,0,0,0,0,0,0,-1
55,14,34,0,5,0,0,0,4,0,0,0,0,0.2,0.6182,4.3407,2.9852,0,0,1,0,0,0,1,0,0,0,0,0,0,-1
28,13,2,0,3,0,0,0,3,0,0,0,0,0.5357,0.1786,3.6995,2.4493,0,0,1,1,0,0,1,0,0,0,0,0,0,-1
25,8,5,0,1,0,0,0,3,0,0,0,0,0.0,0.8,3.7035,3.0,0,1,0,0,0,0,0,0,0,0,0,0,0,-1
40,13,20,0,4,0,1,0,4,0,0,0,0,0.35,0.4,4.1653,2.6032,0,0,1,0,0,0,1,0,0,0,0,0,0,-1
31,14,10,0,3,0,0,0,4,0,0,0,0,0.3548,0.3871,4.1557,3.0391,0,0,1,0,0,0,1,0,0,0,0,0,0,-1
29,14,2,0,3,0,0,0,3,0,0,0,0,0.5517,0.1724,3.9263,2.8424,0,0,1,1,0,0,1,0,0,0,0,0,0,-1
30,15,2,0,3,0,0,0,3,0,0,0,0,0.5667,0.1667,3.6696,2.5232,0,0,1,1,0,0,1,0,0,0,0,0,0,-1
28,13,2,0,3,0,0,0,3,0,0,0,0,0.5357,0.1786,3.7979,2.6612,0,0,1,1,0,0,1,0,0,0,0,0,0,-1
39,13,14,0,4,0,2,0,3,0,0,0,0,0.4872,0.2308,4.0798,2.7193,0,0,1,1,0,0,1,0,0,0,0,0,0,-1
35,15,7,0,4,0,0,0,3,0,0,0,0,0.4857,0.2571,4.0004,2.8729,0,0,1,1,0,0,1,0,0,0,0,0,0,-1
30,13,10,0,3,0,0,0,3,0,0,0,0,0.3667,0.4,4.0062,2.6612,0,0,1,0,0,0,1,0,0,0,0,0,0,-1
24,13,4,0,3,0,0,0,3,0,0,0,0,0.4167,0.2917,3.8554,2.8731,0,0,1,0,0,0,1,0,0,0,0,0,0,-1
44,8,7,16,1,0,0,0,3,1,0,0,1,0.0,0.7955,4.3625,2.75,0,1,0,0,0,0,0,0,0,0,0,0,0,-1
21,4,5,0,1,0,0,0,3,0,0,0,0,0.0,0.7619,3.5226,2.0,0,1,0,0,0,0,0,0,0,0,0,0,0,-1
68,13,48,0,4,1,1,0,5,0,0,0,0,0.4265,0.3971,4.3978,2.5654,0,0,1,0,0,0,1,0,0,0,0,0,0,-1
29,14,2,0,3,0,0,0,3,0,0,0,0,0.5517,0.1724,3.7194,2.6456,0,0,1,1,0,0,1,0,0,0,0,0,0,-1
49,12,14,10,1,0,2,0,4,1,0,0,1,0.1429,0.6531,4.7622,3.4183,0,1,0,0,0,0,0,0,0,0,0,0,0,-1
37,19,6,0,1,0,0,0,3,0,0,0,0,0.0,0.8649,4.0645,3.3211,0,1,0,0,0,0,0,0,0,0,0,0,0,-1
41,4,14,10,1,0,2,0,4,1,0,0,1,0.1707,0.5854,4.6562,2.0,0,1,0,0,0,0,0,0,0,0,0,0,0,-1
31,10,10,0,1,0,0,0,4,0,0,0,0,0.1613,0.6452,3.9219,2.3219,0,0,0,0,0,0,1,0,0,0,0,0,0,-1
28,13,2,0,3,0,0,0,3,0,0,0,0,0.5357,0.1786,3.655,2.6612,0,0,1,1,0,0,1,0,0,0,0,0,0,-1
28,12,9,0,4,0,0,0,3,0,0,0,0,0.3571,0.3571,3.9947,2.6887,0,0,1,0,0,0,1,0,0,0,0,0,0,-1
31,5,14,0,1,0,0,0,4,0,0,0,0,0.129,0.6774,4.2603,2.3219,0,1,0,0,0,0,0,0,0,0,0,0,0,-1
28,10,6,0,1,0,0,0,3,0,0,0,0,0.0,0.8214,4.0122,2.8464,0,1,0,0,0,0,0,0,0,0,0,0,0,-1
49,13,29,0,4,0,0,0,5,0,0,0,0,0.4286,0.3673,4.5152,2.4493,0,0,1,0,0,0,1,0,0,0,0,0,0,-1
23,3,9,0,1,0,0,0,3,0,0,0,0,0.0,0.7826,3.7623,1.585,0,1,0,0,0,0,0,0,0,0,0,0,0,-1
22,3,8,0,1,0,0,0,3,0,0,0,0,0.0,0.7727,3.7544,1.585,0,1,0,0,0,0,0,0,0,0,0,0,0,-1
47,14,21,0,1,0,0,0,5,0,0,0,0,0.1064,0.7447,4.3497,3.2359,0,1,0,0,0,0,0,0,0,0,0,0,0,-1
27,12,2,0,3,0,0,0,3,0,0,0,0,0.5185,0.1852,3.7821,2.8554,0,0,1,1,0,0,1,0,0,0,0,0,0,-1
32,12,7,0,4,0,0,0,3,0,0,0,0,0.4375,0.2812,3.9056,2.3962,0,0,1,1,0,0,1,0,0,0,0,0,0,-1
27,12,2,0,3,0,0,0,3,0,0,0,0,0.5185,0.1852,3.8842,2.6887,0,0,1,1,0,0,1,0,0,0,0,0,0,-1
47,11,14,10,1,0,2,0,4,1,0,0,1,0.1489,0.6383,4.4586,2.6635,0,1,0,0,0,0,0,0,0,0,0,0,0,-1
40,16,12,0,1,0,0,0,4,0,0,0,0,0.075,0.775,4.5342,3.4528,0,1,0,0,0,0,0,0,0,0,0,0,0,-1
41,5,24,0,1,0,0,0,5,0,0,0,0,0.0,0.8293,4.0923,2.3219,0,1,0,0,0,0,0,0,0,1,1,0,0,-1
35,5,19,0,1,0,0,0,4,0,0,0,0,0.0,0.8286,4.1503,2.3219,0,1,0,0,0,0,0,0,0,0,0,0,0,-1
26,10,4,0,1,0,0,0,3,0,0,0,0,0.0,0.8077,3.9791,3.3219,0,1,0,0,0,0,0,0,0,0,0,0,0,-1
37,11,14,0,1,0,0,0,4,0,0,0,0,0.1351,0.7027,4.6485,3.2776,0,1,0,0,0,0,0,0,0,0,0,0,0,-1
28,13,2,0,3,0,0,0,3,0,0,0,0,0.5357,0.1786,3.7534,2.6612,0,0,1,1,0,0,1,0,0,0,0,0,0,-1
25,13,5,0,4,0,0,0,3,0,0,0,0,0.4,0.28,3.6235,2.8731,0,0,1,0,0,0,1,0,0,0,0,0,0,-1
27,7,8,0,1,0,0,0,3,0,0,0,0,0.0,0.8148,3.8562,2.8074,0,1,0,0,0,0,0,0,0,0,0,0,0,-1
57,14,36,0,3,0,0,0,4,0,0,0,0,0.193,0.6667,4.0429,2.6106,0,0,1,0,0,0,1,0,0,0,0,0,0,-1
25,11,7,0,3,0,0,0,3,0,0,0,0,0.44,0.28,3.7035,2.5949,0,0,1,0,0,0,1,0,0,0,0,0,0,-1
30,7,6,0,1,0,0,0,3,0,0,0,0,0.0,0.8333,3.9396,2.8074,0,1,0,0,0,0,0,0,0,0,0,0,0,-1
31,11,7,0,4,0,0,0,3,0,0,0,0,0.4194,0.2903,4.0266,2.8454,0,0,1,1,0,0,1,0,0,0,0,0,0,-1
30,15,2,0,3,0,0,0,3,0,0,0,0,0.5667,0.1667,3.8314,2.6566,0,0,1,1,0,0,1,0,0,0,0,0,0,-1
29,7,10,0,1,0,0,0,3,0,0,0,0,0.0345,0.7931,3.8144,2.8074,0,1,0,0,0,0,1,0,0,0,0,0,0,-1
23,3,0,7,1,0,0,0,2,1,0,0,1,0.0,0.7391,3.882,0.9183,0,1,0,0,0,0,0,0,0,0,0,0,0,-1
42,9,21,0,1,0,0,0,5,0,0,0,0,0.119,0.7143,4.3273,2.7255,0,1,0,0,0,0,0,0,0,0,0,0,0,-1
43,14,22,0,4,0,0,0,4,0,0,0,0,0.3488,0.4419,4.4899,2.8424,0,0,1,0,0,0,1,0,0,0,0,0,0,-1
28,14,7,0,3,0,0,0,3,0,0,0,0,0.4286,0.3214,4.0391,2.7534,0,0,1,0,0,0,1,0,0,0,0,0,0,-1
26,6,8,0,1,0,0,0,3,0,0,0,0,0.0,0.8077,3.6424,1.9183,0,1,0,0,0,0,0,0,0,0,0,0,0,-1
29,7,10,0,1,0,0,0,3,0,0,0,0,0.0,0.8276,3.8573,2.2359,0,1,0,0,0,0,0,0,0,0,0,0,0,-1
33,13,7,0,4,0,0,0,3,0,0,0,0,0.4545,0.2727,4.0518,2.5654,0,0,1,1,0,0,1,0,0,0,0,0,0,-1
23,7,4,0,1,0,0,0,3,0,0,0,0,0.0,0.7826,3.882,2.5216,0,1,0,0,0,0,0,0,0,0,0,0,0,-1
36,12,12,0,1,0,0,0,4,0,0,0,0,0.0,0.8333,3.9166,2.7516,0,1,0,0,0,0,0,0,0,0,0,0,0,-1
28,13,2,0,3,0,0,0,3,0,0,0,0,0.5357,0.1786,3.6106,2.3535,0,0,1,1,0,0,1,0,0,0,0,0,0,-1
45,12,21,0,1,1,0,0,4,0,0,0,0,0.0,0.8444,4.2633,3.4183,0,1,0,0,0,0,0,0,0,0,0,0,0,-1
28,13,2,0,3,0,0,0,3,0,0,0,0,0.5357,0.1786,3.7674,2.7193,0,0,1,1,0,0,1,0,0,0,0,0,0,-1
41,13,16,0,3,0,1,0,4,0,0,0,0,0.3415,0.4146,4.3731,2.8731,0,0,1,1,0,0,1,0,0,0,0,0,0,-1
26,11,2,0,3,0,0,0,3,0,0,0,0,0.5,0.1923,3.7672,2.8454,0,0,1,1,0,0,1,0,0,0,0,0,0,-1
28,11,10,0,3,0,0,0,4,0,0,0,0,0.2857,0.4286,3.9947,2.8454,0,0,1,0,0,0,1,0,0,0,0,0,0,-1
33,5,17,0,1,0,0,0,4,0,0,0,0,0.0,0.8182,4.0667,2.3219,0,1,0,0,0,0,0,0,0,0,0,0,0,-1
25,13,5,0,3,0,0,0,3,0,0,0,0,0.44,0.28,3.8333,2.8731,0,0,1,0,0,0,1,0,0,0,0,0,0,-1
28,13,2,0,3,0,0,0,3,0,0,0,0,0.5357,0.1786,3.7265,3.027,0,0,1,1,0,0,1,0,0,0,0,0,0,-1
29,12,5,0,1,0,0,0,3,0,0,0,0,0.0,0.8276,3.5125,2.8554,0,1,0,0,0,0,0,0,0,0,0,0,0,-1
29,14,2,0,3,0,0,0,3,0,0,0,0,0.5517,0.1724,3.4435,2.4138,0,0,1,1,0,0,1,0,0,0,0,0,0,-1
38,9,17,0,1,1,0,0,4,0,0,0,0,0.0,0.8158,4.0304,2.9477,0,1,0,0,0,0,0,0,0,0,0,0,0,-1
78,18,47,0,2,4,0,0,4,0,0,0,0,0.2051,0.6538,4.6758,3.6835,0,1,0,0,0,0,0,0,0,1,1,0,0,-1
45,13,25,0,4,0,0,0,4,0,0,0,0,0.5333,0.2667,3.5631,2.5074,0,0,1,0,0,0,1,0,0,0,0,0,0,-1
34,8,14,0,1,0,0,0,4,0,0,0,0,0.0,0.8235,3.962,2.75,0,1,0,0,0,0,0,0,0,0,0,0,0,-1
24,5,7,0,1,0,0,0,3,0,0,0,0,0.0,0.7917,3.8554,1.371,0,1,0,0,0,0,0,0,0,1,1,0,0,-1
71,6,1,42,2,4,0,0,3,1,0,0,1,0.3521,0.4789,4.8733,2.585,1,1,0,0,0,0,0,0,0,0,0,0,0,-1
80,6,3,52,2,1,0,0,3,2,1,0,1,0.0875,0.775,5.2026,1.9183,1,1,0,0,0,0,0,0,0,1,1,1,0,-1
36,14,10,0,1,0,0,0,3,0,0,0,0,0.0,0.8611,3.9194,3.3788,0,1,0,0,0,0,0,0,0,0,0,0,0,-1
46,7,27,0,1,2,0,0,5,0,0,0,0,0.1304,0.6739,4.3196,2.5216,0,1,0,0,0,0,0,0,0,0,0,0,0,-1
51,6,10,0,2,0,1,0,3,0,0,0,0,0.0196,0.8431,3.9922,2.2516,1,0,0,0,0,0,0,0,1,0,0,0,0,-1
66,11,37,0,2,4,0,0,3,0,0,0,0,0.3182,0.5303,4.6011,3.0958,1,1,0,0,0,0,1,0,0,0,0,0,0,-1
43,14,22,0,4,0,0,0,4,0,0,0,0,0.2558,0.5349,4.2108,2.8424,0,0,1,0,0,0,1,0,0,0,0,0,0,-1
32,12,7,0,4,0,0,0,3,0,0,0,0,0.4375,0.2812,3.9917,2.6887,0,0,1,1,0,0,1,0,0,0,0,0,0,-1
93,31,47,0,2,7,0,0,4,0,0,0,0,0.2043,0.6452,4.569,3.4329,0,1,0,0,0,0,0,0,0,1,1,0,0,-1
34,13,9,0,1,0,0,0,3,0,0,0,0,0.0,0.8529,3.9591,3.027,0,1,0,0,0,0,0,0,0,0,0,0,0,-1
67,10,37,0,2,4,0,0,3,0,0,0,0,0.2985,0.5522,4.7433,3.1219,1,1,0,0,0,0,1,0,0,0,0,0,0,-1
42,4,26,0,1,1,0,0,6,0,0,0,0,0.0,0.7857,4.1392,1.5,0,1,0,0,0,0,0,0,0,0,0,0,0,-1
33,13,7,0,4,0,0,0,3,0,0,0,0,0.4545,0.2727,3.859,2.6032,0,0,1,1,0,0,1,0,0,0,0,0,0,-1
29,14,2,0,3,0,0,0,3,0,0,0,0,0.5517,0.1724,3.6504,2.6456,0,0,1,1,0,0,1,0,0,0,0,0,0,-1
33,5,17,0,1,1,0,0,4,0,0,0,0,0.0,0.7879,3.7636,2.3219,0,1,0,0,0,0,0,0,0,0,0,0,0,-1
78,7,14,0,4,2,0,0,3,0,0,0,0,0.0769,0.7949,4.8059,2.5216,2,1,0,0,0,0,0,0,0,0,0,0,0,-1
22,2,9,0,1,0,0,0,4,0,0,0,0,0.0,0.7273,3.6978,1.0,0,1,0,0,0,0,0,0,0,0,0,0,0,-1
33,13,7,0,4,0,0,0,3,0,0,0,0,0.4545,0.2727,4.0289,2.7193,0,0,1,1,0,0,1,0,0,0,0,0,0,-1
34,11,11,0,2,1,0,0,3,0,0,0,0,0.0,0.7941,4.315,3.2776,0,1,0,0,0,0,0,0,0,0,0,0,0,-1
26,8,6,0,1,0,0,0,3,0,0,0,0,0.0,0.8077,3.7343,2.0,0,1,0,0,0,0,0,0,0,1,1,0,0,-1
33,13,7,0,4,0,0,0,3,0,0,0,0,0.4545,0.2727,3.9683,2.4493,0,0,1,1,0,0,1,0,0,0,0,0,0,-1
36,5,19,0,1,1,0,0,5,0,0,0,0,0.0,0.7778,4.0277,2.3219,0,1,0,0,0,0,0,0,0,0,0,0,0,-1
33,13,7,0,4,0,0,0,3,0,0,0,0,0.4545,0.2727,4.0667,2.6612,0,0,1,1,0,0,1,0,0,0,0,0,0,-1
22,5,5,0,1,0,0,0,3,0,0,0,0,0.0,0.7727,3.7888,1.9219,0,1,0,0,0,0,0,0,0,0,0,0,0,-1
41,13,16,0,1,0,0,0,4,0,0,0,0,0.0,0.8537,4.046,3.0851,0,1,0,0,0,0,0,0,0,0,0,0,0,-1
32,14,11,0,4,0,0,0,3,0,0,0,0,0.375,0.375,3.9917,2.5567,0,0,1,0,0,0,1,0,0,0,0,0,0,-1
38,8,19,0,1,0,0,0,4,0,0,0,0,0.0,0.8421,4.1158,2.5,0,1,0,0,0,0,0,0,0,0,0,0,0,-1
23,6,5,0,1,0,0,0,3,0,0,0,0,0.0,0.7826,3.9362,2.585,0,1,0,0,0,0,0,0,0,0,0,0,0,-1
32,12,8,0,1,1,0,0,3,0,0,0,0,0.0,0.8125,3.9056,3.4183,0,1,0,0,0,0,0,0,0,0,0,0,0,-1
49,13,29,0,4,0,0,0,5,0,0,0,0,0.4286,0.3673,4.4744,2.4493,0,0,1,0,0,0,1,0,0,0,0,0,0,-1
25,13,5,0,3,0,0,0,3,0,0,0,0,0.4,0.32,3.8333,2.8731,0,0,1,0,0,0,1,0,0,0,0,0,0,-1
29,14,2,0,3,0,0,0,3,0,0,0,0,0.5517,0.1724,3.5645,2.5567,0,0,1,1,0,0,1,0,0,0,0,0,0,-1
68,9,37,0,2,4,0,0,3,0,0,0,0,0.2647,0.5882,4.8906,2.4194,1,1,0,0,0,0,0,0,0,0,0,0,0,-1
62,5,37,0,2,4,0,0,3,0,0,0,0,0.3548,0.4839,4.6939,2.3219,1,1,0,0,0,0,0,0,0,0,0,0,0,-1
27,14,6,0,4,0,0,0,3,0,0,0,0,0.4074,0.2963,3.6619,2.5567,0,0,1,0,0,0,1,0,0,0,0,0,0,-1
25,9,4,0,1,0,0,0,3,0,0,0,0,0.0,0.8,3.7533,2.7255,0,1,0,0,0,0,0,0,0,0,0,0,0,-1
25,3,11,0,1,0,0,0,4,0,0,0,0,0.0,0.76,3.7639,1.585,0,1,0,0,0,0,0,0,0,0,0,0,0,-1
27,4,11,0,2,0,0,0,3,0,0,0,0,0.0,0.7778,4.0323,2.0,0,1,0,0,0,0,0,0,0,0,0,0,0,-1
43,12,20,0,3,0,0,0,5,0,0,0,0,0.0698,0.7209,4.1184,2.8554,0,1,0,0,0,0,0,0,0,0,0,0,0,-1
21,3,7,0,1,0,0,0,3,0,0,0,0,0.0,0.7619,3.404,0.9183,0,1,0,0,0,0,0,0,0,0,0,0,0,-1
40,12,21,0,4,0,0,0,4,0,0,0,0,0.25,0.525,4.0153,2.6258,0,0,1,0,0,0,1,0,0,0,0,0,0,-1
47,9,26,0,1,1,0,0,6,0,0,0,0,0.0,0.8085,4.3149,2.7255,0,1,0,0,0,0,0,0,0,0,0,0,0,-1
26,3,11,0,1,0,0,0,4,0,0,0,0,0.0,0.7692,3.5945,1.585,0,1,0,0,0,0,0,0,0,0,0,0,0,-1
35,3,20,0,3,0,0,0,5,0,0,0,0,0.0857,0.6571,4.0256,1.585,0,1,0,0,0,0,0,0,0,0,0,0,0,-1
42,13,13,0,1,0,0,0,4,0,0,0,0,0.0,0.8571,3.8676,2.8151,0,1,0,0,0,0,0,0,0,0,0,0,0,-1
37,5,20,0,2,0,0,0,5,0,0,0,0,0.027,0.7568,3.8781,1.9219,0,1,0,0,0,0,0,0,0,1,1,0,0,-1
52,12,28,0,1,1,0,0,4,0,0,0,0,0.0,0.8654,4.3013,3.0221,0,1,0,0,0,0,0,0,0,0,0,0,0,-1
46,13,22,0,1,1,0,0,5,0,0,0,0,0.1304,0.6957,4.2119,3.2389,0,1,0,0,0,0,0,0,0,0,0,0,0,-1
31,12,12,0,4,0,1,0,3,0,0,0,0,0.4194,0.2903,4.0424,2.6258,0,0,1,0,0,0,1,0,0,0,0,0,0,-1
32,10,10,0,1,0,0,0,3,0,0,0,0,0.0,0.8438,3.7653,2.7219,0,1,0,0,0,0,0,0,0,0,0,0,0,-1
49,13,24,0,1,0,0,0,5,0,0,0,0,0.0,0.8571,4.0239,2.8731,0,1,0,0,0,0,0,0,0,1,1,0,0,-1
25,4,9,0,1,0,0,0,4,0,0,0,0,0.0,0.76,3.8137,2.0,0,1,0,0,0,0,0,0,0,0,0,0,0,-1
27,12,2,0,3,0,0,0,3,0,0,0,0,0.5185,0.1852,3.7542,2.3962,0,0,1,1,0,0,1,0,0,0,0,0,0,-1
34,14,7,0,4,0,0,0,3,0,0,0,0,0.4706,0.2647,3.9398,2.6385,0,0,1,1,0,0,1,0,0,0,0,0,0,-1
24,13,4,0,3,0,0,0,3,0,0,0,0,0.5,0.2083,3.8554,2.8731,0,0,1,0,0,0,1,0,0,0,0,0,0,-1
34,7,7,0,2,0,0,0,3,0,0,0,0,0.0,0.8235,4.1751,2.5216,1,0,0,0,0,0,0,0,0,0,0,0,0,-1
70,13,47,0,2,4,0,0,4,0,0,0,0,0.3286,0.5143,4.5155,3.2389,0,0,0,0,0,0,0,0,0,1,1,0,0,-1
25,7,7,0,1,0,0,0,3,0,0,0,0,0.0,0.8,3.8333,2.5216,0,1,0,0,0,0,0,0,0,0,0,0,0,-1
37,14,11,0,3,0,1,0,3,0,0,0,0,0.4324,0.3243,4.3507,2.6456,0,0,1,1,0,0,1,0,0,0,0,0,0,-1
35,10,0,12,1,0,0,0,2,1,0,0,1,0.0,0.8286,4.3217,3.1219,0,1,0,0,0,0,0,0,0,0,0,0,0,-1
41,5,24,0,1,2,0,0,4,0,0,0,0,0.0976,0.7073,4.2451,2.3219,0,1,0,0,0,0,0,0,0,0,0,0,0,-1
33,10,11,0,1,0,0,0,4,0,0,0,0,0.0,0.8182,3.6543,2.9219,0,1,0,0,0,0,0,0,0,0,0,0,0,-1
27,7,8,0,1,0,0,0,3,0,0,0,0,0.0,0.8148,4.0043,2.8074,0,1,0,0,0,0,0,0,0,0,0,0,0,-1
38,11,17,0,2,0,0,0,5,0,0,0,0,0.0789,0.7105,4.146,3.0958,0,0,0,0,0,0,1,0,0,0,0,0,0,-1
33,10,11,0,1,0,0,0,4,0,0,0,0,0.0,0.8182,3.8094,2.7219,0,1,0,0,0,0,0,0,0,0,0,0,0,-1
25,7,6,0,1,0,0,0,3,0,0,0,0,0.0,0.8,3.8333,2.5216,0,1,0,0,0,0,0,0,0,0,0,0,0,-1
30,10,7,0,4,0,0,0,3,0,0,0,0,0.4,0.3,3.6981,2.171,0,0,1,1,0,0,1,0,0,0,0,0,0,-1
42,7,7,16,1,0,0,0,3,1,0,0,1,0.0,0.8095,4.2252,2.1281,0,1,0,0,0,0,0,0,0,0,0,0,0,-1
27,7,8,0,1,0,0,0,3,0,0,0,0,0.0,0.8148,3.7784,2.5216,0,1,0,0,0,0,0,0,0,0,0,0,0,-1
32,12,7,0,4,0,0,0,3,0,0,0,0,0.4375,0.2812,3.9764,2.6887,0,0,1,1,0,0,1,0,0,0,0,0,0,-1
29,14,2,0,3,0,0,0,3,0,0,0,0,0.5517,0.1724,3.4604,2.4138,0,0,1,1,0,0,1,0,0,0,0,0,0,-1
51,14,30,0,3,0,0,0,4,0,0,0,0,0.2745,0.5686,3.6031,2.6106,0,0,1,0,0,0,1,0,0,0,0,0,0,-1
24,7,5,0,1,0,0,0,3,0,0,0,0,0.0,0.7917,3.9702,2.5216,0,1,0,0,0,0,0,0,0,0,0,0,0,-1
29,10,0,6,1,0,0,0,2,1,0,0,1,0.0345,0.7586,4.1423,3.1219,0,1,0,0,0,0,0,0,0,0,0,0,0,-1
70,10,47,0,2,4,0,0,4,0,0,0,0,0.3143,0.5286,4.8824,3.1219,0,1,0,0,0,0,0,0,0,1,1,0,0,-1
33,13,8,0,1,0,0,0,3,0,0,0,0,0.0,0.8485,3.8849,3.0851,0,1,0,0,0,0,0,0,0,1,1,0,0,-1
28,5,12,0,1,0,0,0,4,0,0,0,0,0.0,0.7857,3.9677,2.3219,0,1,0,0,0,0,0,0,0,0,0,0,0,-1
26,3,12,0,1,0,0,0,4,0,0,0,0,0.1538,0.6154,3.7774,1.585,0,1,0,0,0,0,0,0,0,0,0,0,0,-1
29,10,0,6,1,1,0,0,2,1,0,0,1,0.0345,0.7241,4.3232,3.3219,0,1,0,0,0,0,0,0,0,0,0,0,0,-1
28,13,2,0,3,0,0,0,3,0,0,0,0,0.5357,0.1786,3.655,2.5654,0,0,1,1,0,0,1,0,0,0,0,0,0,-1
32,14,11,0,4,0,0,0,3,0,0,0,0,0.375,0.375,4.0389,2.7534,0,0,1,0,0,0,1,0,0,0,0,0,0,-1
32,14,11,0,5,0,0,0,3,0,0,0,0,0.375,0.3438,3.9178,2.7885,0,0,1,0,0,0,1,0,0,0,0,0,0,-1
33,13,7,0,4,0,0,0,3,0,0,0,0,0.4545,0.2727,4.0289,2.4493,0,0,1,1,0,0,1,0,0,0,0,0,0,-1
28,13,2,0,3,0,0,0,3,0,0,0,0,0.5357,0.1786,3.6281,2.5074,0,0,1,1,0,0,1,0,0,0,0,0,0,-1
27,12,2,0,3,0,0,0,3,0,0,0,0,0.5185,0.1852,3.8562,2.8554,0,0,1,1,0,0,1,0,0,0,0,0,0,-1
25,11,7,0,3,0,0,0,3,0,0,0,0,0.56,0.16,3.7231,2.5949,0,0,1,0,0,0,1,0,0,0,0,0,0,-1
32,9,11,0,1,0,0,0,4,0,0,0,0,0.0,0.8125,3.7775,2.9477,0,1,0,0,0,0,0,0,0,0,0,0,0,-1
35,7,16,0,1,0,0,0,4,0,0,0,0,0.0,0.8286,3.9433,2.5216,0,1,0,0,0,0,0,0,0,0,0,0,0,-1
25,13,5,0,3,0,0,0,3,0,0,0,0,0.44,0.28,3.8333,2.8731,0,0,1,0,0,0,1,0,0,0,0,0,0,-1
35,13,10,0,4,0,0,0,3,0,0,0,0,0.4,0.3429,4.05,2.8731,0,0,1,1,0,0,1,0,0,0,0,0,0,-1
26,13,6,0,3,0,0,0,3,0,0,0,0,0.3846,0.3462,3.9501,2.8731,0,0,1,0,0,0,1,0,0,0,0,0,0,-1
39,3,24,0,1,2,0,0,4,0,0,0,0,0.1026,0.6923,3.9646,1.585,0,1,0,0,0,0,0,0,0,0,0,0,0,-1
28,13,2,0,3,0,0,0,3,0,0,0,0,0.5357,0.1786,3.8249,2.4116,0,0,1,1,0,0,1,0,0,0,0,0,0,-1
32,12,7,0,4,0,0,0,3,0,0,0,0,0.4375,0.2812,3.9528,2.6258,0,0,1,1,0,0,1,0,0,0,0,0,0,-1
26,4,0,6,2,0,0,0,2,1,0,0,1,0.0385,0.6923,4.056,2.0,0,1,0,0,0,0,0,0,0,0,0,0,0,-1
31,11,7,0,4,0,0,0,3,0,0,0,0,0.4516,0.2581,3.9779,2.2999,0,0,1,1,0,0,1,0,0,0,0,0,0,-1
25,6,0,7,1,0,0,0,2,1,0,0,1,0.0,0.76,3.9435,2.2516,0,1,0,0,0,0,0,0,0,0,0,0,0,-1
36,8,2,13,1,0,0,0,3,1,0,0,1,0.0,0.7778,4.1416,2.5,0,1,0,0,0,0,0,0,0,0,0,0,0,-1
37,3,22,0,1,1,0,0,5,0,0,0,0,0.1622,0.6216,4.1291,1.585,0,1,0,0,0,0,0,0,0,0,0,0,0,-1
33,13,7,0,4,0,0,0,3,0,0,0,0,0.4545,0.2727,4.0667,2.8731,0,0,1,1,0,0,1,0,0,0,0,0,0,-1
87,28,47,0,2,8,0,0,4,0,0,0,0,0.1839,0.6437,4.6677,3.6281,0,0,0,0,0,0,0,0,0,1,1,0,0,-1
29,10,0,6,1,0,0,0,2,1,0,0,1,0.0345,0.7586,4.0733,2.6464,0,1,0,0,0,0,0,0,0,0,0,0,0,-1
34,14,7,0,4,0,0,0,3,0,0,0,0,0.4706,0.2647,4.0797,2.6456,0,0,1,1,0,0,1,0,0,0,0,0,0,-1
37,14,16,0,3,0,0,0,4,0,0,0,0,0.3243,0.4595,4.3038,2.9852,0,0,1,0,0,0,1,0,0,0,0,0,0,-1
66,9,37,0,2,4,0,0,3,0,0,0,0,0.3485,0.5,4.6613,2.7255,1,1,0,0,0,0,1,0,0,0,0,0,0,-1
35,5,10,0,4,0,0,0,3,0,0,0,0,0.0571,0.7143,4.229,2.3219,2,0,0,0,0,0,0,0,0,0,0,0,0,-1
35,15,7,0,4,0,0,0,3,0,0,0,0,0.4857,0.2571,3.839,2.4226,0,0,1,1,0,0,1,0,0,0,0,0,0,-1
28,8,8,0,1,0,0,0,3,0,0,0,0,0.0,0.8214,3.8693,2.75,0,1,0,0,0,0,0,0,0,1,1,0,0,-1
36,16,8,0,1,0,0,0,3,0,0,0,0,0.0,0.8611,3.8848,2.9528,0,1,0,0,0,0,0,0,0,0,0,1,1,-1
34,14,13,0,3,0,1,0,4,0,0,0,0,0.3529,0.3824,4.1751,2.9852,0,0,1,0,0,0,1,0,0,0,0,0,0,-1
28,9,7,0,1,0,0,0,3,0,0,0,0,0.0,0.8214,3.6995,2.7255,0,1,0,0,0,0,0,0,0,1,1,0,0,-1
24,13,4,0,3,0,0,0,3,0,0,0,0,0.4583,0.25,3.7406,2.8731,0,0,1,0,0,0,1,0,0,0,0,0,0,-1
45,6,7,16,2,0,0,0,3,1,0,0,1,0.0,0.7778,4.4579,2.585,0,1,0,0,0,0,0,0,0,0,0,0,0,-1
29,7,10,0,1,0,0,0,3,0,0,0,0,0.0,0.8276,3.8539,2.5216,0,1,0,0,0,0,0,0,0,0,0,0,0,-1
27,12,2,0,3,0,0,0,3,0,0,0,0,0.5185,0.1852,3.6619,2.8554,0,0,1,1,0,0,1,0,0,0,0,0,0,-1
34,12,10,0,1,0,0,0,3,0,0,0,0,0.0,0.8529,3.9909,3.4183,0,1,0,0,0,0,0,0,0,0,0,0,0,-1
23,1,11,0,1,0,0,0,4,0,0,0,0,0.0,0.7391,3.741,0.0,0,1,0,0,0,0,0,0,0,0,0,0,0,-1
25,8,6,0,1,0,0,0,3,0,0,0,0,0.0,0.8,3.4635,2.75,0,1,0,0,0,0,0,0,0,0,0,0,0,-1
27,6,9,0,1,0,0,0,3,0,0,0,0,0.0,0.8148,3.8562,2.2516,0,1,0,0,0,0,0,0,0,0,0,0,0,-1
31,11,7,0,4,0,0,0,3,0,0,0,0,0.4194,0.2903,3.9378,2.2313,0,0,1,1,0,0,1,0,0,0,0,0,0,-1
25,13,5,0,3,0,0,0,3,0,0,0,0,0.4,0.32,3.9435,2.8731,0,0,1,0,0,0,1,0,0,0,0,0,0,-1
49,13,29,0,4,0,0,0,5,0,0,0,0,0.4694,0.3265,4.342,2.4493,0,0,1,0,0,0,1,0,0,0,0,0,0,-1
68,13,48,0,4,1,1,0,5,0,0,0,0,0.4265,0.3971,4.499,2.5654,0,0,1,0,0,0,1,0,0,0,0,0,0,-1
25,14,4,0,3,0,0,0,3,0,0,0,0,0.48,0.24,3.5329,2.306,0,0,1,0,0,0,1,0,0,0,0,0,0,-1
45,9,24,0,1,2,0,0,4,0,0,0,0,0.0889,0.7333,4.1169,2.7255,0,1,0,0,0,0,0,0,0,0,0,0,0,-1
74,17,41,0,3,0,0,0,8,0,0,0,0,0.0,0.8378,4.3852,3.4548,1,1,0,0,0,0,0,0,0,0,0,0,0,-1
45,9,24,0,1,2,0,0,4,0,0,0,0,0.0889,0.7333,4.17,2.4194,0,1,0,0,0,0,0,0,0,0,0,0,0,-1
40,9,19,0,1,0,0,0,4,0,0,0,0,0.0,0.85,4.0439,2.7255,0,1,0,0,0,0,0,0,0,0,0,0,0,-1
37,8,15,0,2,0,0,0,4,0,0,0,0,0.0,0.8108,3.8543,3.0,0,1,0,0,0,0,0,0,0,0,0,0,0,-1
43,10,22,0,1,0,1,0,4,0,0,0,0,0.0,0.8372,4.1734,2.7219,0,1,0,0,0,0,0,0,0,0,0,0,0,-1
91,32,47,0,2,8,0,0,4,0,0,0,0,0.2857,0.5495,4.7012,3.5695,0,0,0,0,0,0,0,0,0,1,1,0,0,-1
35,13,10,0,1,1,0,0,3,0,0,0,0,0.0,0.8286,3.99,3.0851,0,1,0,0,0,0,0,0,0,0,0,0,0,-1
19,0,6,0,1,0,0,0,3,0,0,0,0,0.0,0.7368,3.5369,0.0,0,1,0,0,0,0,0,0,0,0,0,0,0,-1
35,15,7,0,4,0,0,0,3,0,0,0,0,0.4857,0.2571,3.9433,2.7899,0,0,1,1,0,0,1,0,0,0,0,0,0,-1
27,12,2,0,3,0,0,0,3,0,0,0,0,0.5185,0.1852,3.4299,2.0546,0,0,1,1,0,0,1,0,0,0,0,0,0,-1
32,5,7,8,1,0,0,0,3,1,0,0,1,0.0,0.7812,4.1403,2.3219,0,1,0,0,0,0,0,0,0,0,0,0,0,-1
34,13,14,0,4,0,0,0,4,0,0,0,0,0.3529,0.3824,4.2417,2.6612,0,0,1,0,0,0,1,0,0,0,0,0,0,-1
32,14,11,0,3,0,0,0,4,0,0,0,0,0.375,0.375,4.0153,2.4138,0,0,1,0,0,0,1,0,0,0,0,0,0,-1
30,15,2,0,3,0,0,0,3,0,0,0,0,0.5667,0.1667,3.5396,2.1493,0,0,1,1,0,0,1,0,0,0,0,0,0,-1
25,14,4,0,3,0,0,0,3,0,0,0,0,0.52,0.2,3.4529,2.306,0,0,1,0,0,0,1,0,0,0,0,0,0,-1
26,9,5,0,1,1,0,0,3,0,0,0,0,0.0,0.7692,4.056,3.1699,0,1,0,0,0,0,0,0,0,0,0,0,0,-1
30,13,6,0,1,1,0,0,3,0,0,0,0,0.0,0.8,4.0314,3.2389,0,1,0,0,0,0,0,0,0,0,0,0,0,-1
52,19,21,0,1,0,0,0,5,0,0,0,0,0.0962,0.7692,4.3591,3.1761,0,1,0,0,0,0,0,0,0,0,0,0,0,-1
34,2,20,0,2,0,0,0,5,0,0,0,0,0.0294,0.7353,3.7468,1.0,0,1,0,0,0,0,0,0,0,1,1,0,0,-1
24,5,8,0,1,0,0,0,3,0,0,0,0,0.0833,0.7083,3.8198,2.3219,0,1,0,0,0,0,1,0,0,0,0,0,0,-1
71,15,37,0,2,4,0,0,3,0,0,0,0,0.2535,0.6056,4.6724,3.0062,1,1,0,0,0,0,0,0,0,0,0,0,0,-1
35,15,7,0,4,0,0,0,3,0,0,0,0,0.4857,0.2571,3.7818,2.3656,0,0,1,1,0,0,1,0,0,0,0,0,0,-1
42,9,21,0,1,0,0,0,5,0,0,0,0,0.119,0.7143,4.1369,2.7255,0,1,0,0,0,0,0,0,0,0,0,0,0,-1
41,13,15,0,2,0,1,0,3,0,0,0,0,0.1463,0.6829,4.4546,3.027,0,1,0,0,0,0,0,0,0,0,0,0,0,-1
40,5,0,21,1,0,0,0,2,2,1,0,1,0.0,0.8,4.2464,1.9219,0,1,0,0,0,0,0,0,1,0,0,0,0,-1
27,12,2,0,3,0,0,0,3,0,0,0,0,0.5185,0.1852,3.7542,2.8554,0,0,1,1,0,0,1,0,0,0,0,0,0,-1
47,8,27,0,1,2,0,0,5,0,0,0,0,0.1277,0.6809,4.3741,2.75,0,1,0,0,0,0,0,0,0,0,0,0,0,-1
29,5,12,0,1,0,0,0,3,0,0,0,0,0.0,0.8276,3.8664,2.3219,0,1,0,0,0,0,0,0,0,0,0,0,0,-1
63,10,41,0,1,4,0,0,4,0,0,0,0,0.2698,0.5714,4.6537,3.3219,0,1,0,0,0,0,0,0,0,0,0,0,0,-1
25,8,5,0,1,0,0,0,3,0,0,0,0,0.0,0.8,3.8635,2.5,0,1,0,0,0,0,0,0,0,0,0,0,0,-1
37,16,9,0,1,0,0,0,3,0,0,0,0,0.0,0.8649,4.1681,3.625,0,1,0,0,0,0,0,0,0,0,0,0,0,-1
25,11,7,0,3,0,0,0,3,0,0,0,0,0.52,0.2,3.7835,2.5949,0,0,1,0,0,0,1,0,0,0,0,0,0,-1
35,13,15,0,5,2,0,0,3,0,0,0,0,0.3143,0.3714,4.183,3.027,0,0,1,0,0,0,1,0,0,0,0,0,0,-1
63,17,30,0,3,4,0,0,6,0,0,0,0,0.0952,0.6825,4.5387,3.4548,1,1,0,0,0,0,0,0,0,0,0,0,0,-1
40,7,21,0,1,0,0,0,5,0,0,0,0,0.125,0.7,4.216,2.5216,0,1,0,0,0,0,0,0,0,0,0,0,0,-1
28,13,2,0,3,0,0,0,3,0,0,0,0,0.5357,0.1786,3.6106,2.5074,0,0,1,1,0,0,1,0,0,0,0,0,0,-1
36,5,11,0,4,0,0,0,3,0,0,0,0,0.0,0.7778,4.1626,2.3219,2,0,0,0,0,0,0,0,0,0,0,0,0,-1
31,11,8,0,1,0,0,0,3,0,0,0,0,0.0,0.8387,4.1715,3.4594,0,1,0,0,0,0,0,0,0,0,0,0,0,-1
35,15,7,0,4,0,0,0,3,0,0,0,0,0.4857,0.2571,4.0716,2.6892,0,0,1,1,0,0,1,0,0,0,0,0,0,-1
24,3,9,0,1,0,0,0,3,0,0,0,0,0.0,0.7917,3.6887,0.9183,0,1,0,0,0,0,0,0,0,0,0,0,0,-1
34,14,7,0,4,0,0,0,3,0,0,0,0,0.4706,0.2647,3.9032,2.4488,0,0,1,1,0,0,1,0,0,0,0,0,0,-1
29,6,11,0,1,0,0,0,4,0,0,0,0,0.0,0.7931,3.8664,2.585,0,1,0,0,0,0,0,0,0,0,0,0,0,-1
23,5,6,0,1,0,0,0,3,0,0,0,0,0.0,0.7826,3.8164,1.9219,0,1,0,0,0,0,0,0,0,0,0,0,0,-1
42,8,22,0,1,0,1,0,4,0,0,0,0,0.0,0.8333,4.2791,2.5,0,1,0,0,0,0,0,0,0,0,0,0,0,-1
33,13,7,0,4,0,0,0,3,0,0,0,0,0.4545,0.2727,3.7755,2.1997,0,0,1,1,0,0,1,0,0,0,0,0,0,-1
27,12,2,0,3,0,0,0,3,0,0,0,0,0.5185,0.1852,3.8562,2.4591,0,0,1,1,0,0,1,0,0,0,0,0,0,-1
38,3,19,0,2,0,0,0,4,0,0,0,0,0.0,0.8158,4.3264,1.585,1,1,0,0,0,0,0,0,0,0,0,0,0,-1
29,14,2,0,3,0,0,0,3,0,0,0,0,0.5517,0.1724,3.5385,2.4677,0,0,1,1,0,0,1,0,0,0,0,0,0,-1
42,5,14,10,1,0,2,0,4,1,0,0,1,0.1667,0.5952,4.7077,2.3219,0,1,0,0,0,0,0,0,0,0,0,0,0,-1
43,10,21,0,1,1,0,0,4,0,0,0,0,0.0,0.8372,4.0338,3.1219,0,1,0,0,0,0,0,0,0,0,0,0,0,-1
39,9,19,0,1,0,0,0,4,0,0,0,0,0.0,0.8462,4.1504,3.1699,0,1,0,0,0,0,0,0,0,0,0,0,0,-1
24,13,4,0,3,0,0,0,3,0,0,0,0,0.4583,0.25,3.7406,2.8731,0,0,1,0,0,0,1,0,0,0,0,0,0,-1
61,7,37,0,2,4,0,0,3,0,0,0,0,0.4098,0.4262,4.5858,2.8074,1,1,0,0,0,0,0,0,0,0,0,0,0,-1
34,13,9,0,1,0,0,0,3,0,0,0,0,0.0,0.8529,3.8925,3.027,0,1,0,0,0,0,0,0,0,0,0,0,0,-1
28,14,7,0,4,0,0,0,3,0,0,0,0,0.3929,0.3214,3.709,2.4677,0,0,1,0,0,0,1,0,0,0,0,0,0,-1
47,11,7,16,1,1,0,0,3,1,0,0,1,0.0,0.7872,4.2346,3.0958,0,1,0,0,0,0,0,0,0,0,0,0,0,-1
38,14,17,0,4,0,0,0,3,0,0,0,0,0.2895,0.5,4.1685,2.7885,0,0,1,0,0,0,1,0,0,0,0,0,0,-1
44,6,26,0,1,1,0,0,6,0,0,0,0,0.0,0.7955,4.2827,2.2516,0,1,0,0,0,0,0,0,0,0,0,0,0,-1
31,11,8,0,1,0,0,0,3,0,0,0,0,0.0,0.8387,3.8245,3.2776,0,1,0,0,0,0,0,0,0,0,0,0,0,-1
58,20,26,0,1,1,0,0,6,0,0,0,0,0.0,0.8448,4.2817,3.4464,0,1,0,0,0,0,0,0,0,0,0,0,0,-1
28,13,2,0,3,0,0,0,3,0,0,0,0,0.5357,0.1786,3.6726,2.8151,0,0,1,1,0,0,1,0,0,0,0,0,0,-1
29,14,2,0,3,0,0,0,3,0,0,0,0,0.5517,0.1724,3.7194,2.6456,0,0,1,1,0,0,1,0,0,0,0,0,0,-1
31,11,7,0,4,0,0,0,3,0,0,0,0,0.4194,0.2903,4.0023,2.4131,0,0,1,1,0,0,1,0,0,0,0,0,0,-1
43,15,16,0,1,0,0,0,4,0,0,0,0,0.0,0.8605,4.1444,3.3232,0,1,0,0,0,0,0,0,0,0,0,0,0,-1
49,13,29,0,3,0,0,0,4,0,0,0,0,0.2245,0.6122,3.5171,2.5654,0,0,1,0,0,0,1,0,0,0,0,0,0,-1
29,8,9,0,1,0,0,0,3,0,0,0,0,0.0,0.8276,3.6865,2.75,0,1,0,0,0,0,0,0,0,0,0,0,0,-1
25,13,0,0,1,0,0,0,2,0,0,0,0,0.0,0.84,4.0537,3.3927,0,1,0,0,0,0,0,0,0,0,0,0,0,-1
29,6,11,0,1,0,0,0,4,0,0,0,0,0.0,0.7931,3.647,2.2516,0,1,0,0,0,0,0,0,0,0,0,0,0,-1
20,0,7,0,1,0,0,0,3,0,0,0,0,0.0,0.75,3.4464,0.0,0,1,0,0,0,0,0,0,0,0,0,0,0,-1
53,13,6,0,3,3,0,0,3,0,0,0,0,0.0,0.8113,4.162,3.3927,1,0,0,0,0,0,0,0,0,0,0,0,0,-1
33,13,7,0,4,0,0,0,3,0,0,0,0,0.4545,0.2727,4.0289,2.6612,0,0,1,1,0,0,1,0,0,0,0,0,0,-1
80,8,61,0,2,0,5,0,4,0,0,1,0,0.125,0.7125,4.9098,2.75,0,0,0,0,0,0,0,0,0,0,0,0,0,-1
29,4,13,0,1,0,0,0,4,0,0,0,0,0.0,0.7931,3.8404,2.0,0,1,0,0,0,0,0,0,0,0,0,0,0,-1
27,12,2,0,3,0,0,0,3,0,0,0,0,0.5185,0.1852,3.634,2.5221,0,0,1,1,0,0,1,0,0,0,0,0,0,-1
36,10,14,0,1,0,0,0,4,0,0,0,0,0.1111,0.7222,4.4613,2.9219,0,1,0,0,0,0,0,0,0,0,0,0,0,-1
30,9,9,0,1,1,0,0,3,0,0,0,0,0.0,0.8,4.0566,3.1699,0,1,0,0,0,0,0,0,0,0,0,0,0,-1
30,13,10,0,3,0,0,0,4,0,0,0,0,0.4,0.3333,4.0314,2.8151,0,0,1,0,0,0,1,0,0,0,0,0,0,-1
28,13,2,0,3,0,0,0,3,0,0,0,0,0.5357,0.1786,3.7265,2.6612,0,0,1,1,0,0,1,0,0,0,0,0,0,-1
39,13,19,0,4,0,0,0,4,0,0,0,0,0.3077,0.4615,3.9772,2.2878,0,0,1,0,0,0,1,0,0,0,0,0,0,-1
25,4,9,0,1,0,0,0,3,0,0,0,0,0.0,0.8,3.6235,1.5,0,1,0,0,0,0,0,0,0,0,0,0,0,-1
89,29,47,0,2,8,0,0,4,0,0,0,0,0.2135,0.618,4.6874,3.7194,0,1,0,0,0,0,0,0,0,1,1,0,0,-1
32,12,13,0,3,0,1,0,4,0,0,0,0,0.3125,0.4062,4.2028,2.4591,0,0,1,0,0,0,1,0,0,0,0,0,0,-1
25,4,9,0,1,0,0,0,3,0,0,0,0,0.0,0.8,3.7533,2.0,0,1,0,0,0,0,0,0,0,0,0,0,0,-1
44,12,20,0,1,0,0,0,5,0,0,0,0,0.0,0.8409,4.1247,3.0221,0,1,0,0,0,0,0,0,0,1,1,0,0,-1
71,13,47,0,2,4,0,0,4,0,0,0,0,0.3239,0.5211,4.5305,3.2389,0,1,0,0,0,0,0,0,0,1,1,0,0,-1
28,13,2,0,3,0,0,0,3,0,0,0,0,0.5357,0.1786,3.6995,2.8731,0,0,1,1,0,0,1,0,0,0,0,0,0,-1
35,9,14,0,1,0,0,0,4,0,0,0,0,0.0,0.8286,3.6687,2.6416,0,1,0,0,0,0,0,0,0,0,0,0,0,-1
74,8,48,0,3,4,0,0,4,0,0,0,0,0.3108,0.527,4.4476,2.75,1,1,0,0,0,0,0,0,0,0,0,0,0,-1
22,3,8,0,1,0,0,0,3,0,0,0,0,0.0,0.7727,3.6635,1.585,0,1,0,0,0,0,0,0,0,0,0,0,0,-1
23,6,6,0,1,0,0,0,3,0,0,0,0,0.0,0.7826,3.6753,1.9183,0,1,0,0,0,0,0,0,0,1,1,1,1,-1
28,13,8,0,4,0,0,0,3,0,0,0,0,0.3571,0.3571,3.8693,2.8151,0,0,1,0,0,0,1,0,0,0,0,0,0,-1
78,13,13,0,3,3,0,0,3,0,0,0,0,0.0385,0.8333,4.4954,3.3927,1,1,0,0,0,0,0,0,0,0,0,0,0,-1
26,8,0,6,1,0,0,0,2,1,0,0,1,0.0385,0.7308,4.162,3.0,0,1,0,0,0,0,0,0,0,0,0,0,0,-1
35,3,17,0,2,0,0,0,4,0,0,0,0,0.0,0.8,4.2074,1.585,0,1,0,0,0,0,0,0,0,0,0,0,0,-1
22,4,6,0,1,0,0,0,3,0,0,0,0,0.0,0.7727,3.5383,1.0,0,1,0,0,0,0,0,0,0,1,1,0,0,-1
44,17,15,0,1,0,0,0,4,0,0,0,0,0.0,0.8636,3.9146,3.1463,0,1,0,0,0,0,0,0,0,0,0,0,0,-1
35,8,16,0,1,0,0,0,4,0,0,0,0,0.0,0.8286,3.9329,2.75,0,1,0,0,0,0,0,0,0,0,0,0,0,-1
50,10,24,0,2,0,0,0,4,0,0,0,0,0.08,0.76,4.2386,2.7219,0,0,0,1,0,0,0,0,0,0,0,0,0,-1
30,13,10,0,3,0,1,0,3,0,0,0,0,0.3333,0.4,4.0981,2.6612,0,0,1,0,0,0,1,0,0,0,0,0,0,-1
89,30,47,0,2,8,0,0,4,0,0,0,0,0.2022,0.6292,4.7223,3.6981,0,0,0,0,0,0,0,0,0,1,1,0,0,-1
29,14,2,0,3,0,0,0,3,0,0,0,0,0.5517,0.1724,3.7159,2.6385,0,0,1,1,0,0,1,0,0,0,0,0,0,-1
31,11,7,0,4,0,0,0,3,0,0,0,0,0.4194,0.2903,4.0023,2.6635,0,0,1,1,0,0,1,0,0,0,0,0,0,-1
47,15,25,0,4,0,1,0,4,0,0,0,0,0.2766,0.5106,4.4586,2.7899,0,0,1,0,0,0,1,0,0,0,0,0,0,-1
34,14,7,0,4,0,0,0,3,0,0,0,0,0.4706,0.2647,3.8666,2.8424,0,0,1,1,0,0,1,0,0,0,0,0,0,-1
31,10,9,0,1,0,0,0,3,0,0,0,0,0.0,0.8387,3.9292,2.7219,0,1,0,0,0,0,0,0,0,0,0,0,0,-1
38,3,7,16,1,0,0,0,3,1,0,0,1,0.0,0.7632,4.3989,1.585,0,1,0,0,0,0,0,0,0,0,0,0,0,-1
28,10,6,0,1,0,0,0,3,0,0,0,0,0.0,0.8214,3.7534,2.9219,0,1,0,0,0,0,0,0,0,0,0,0,0,-1
37,5,17,0,2,1,0,0,4,0,0,0,0,0.0,0.7838,3.8509,2.3219,0,1,0,0,0,0,0,0,0,0,0,0,0,-1
24,7,5,0,1,0,0,0,3,0,0,0,0,0.0,0.7917,3.9702,2.2359,0,1,0,0,0,0,0,0,0,0,0,0,0,-1
29,14,2,0,3,0,0,0,3,0,0,0,0,0.5517,0.1724,3.6504,2.6106,0,0,1,1,0,0,1,0,0,0,0,0,0,-1
33,13,7,0,4,0,0,0,3,0,0,0,0,0.4545,0.2727,3.9226,2.7193,0,0,1,1,0,0,1,0,0,0,0,0,0,-1
43,13,23,0,4,0,0,0,4,0,0,0,0,0.2558,0.5349,4.1994,2.5654,0,0,1,0,0,0,1,0,0,0,0,0,0,-1
86,14,48,0,3,4,0,0,4,0,0,0,0,0.2674,0.593,4.7868,3.6645,1,1,0,0,0,0,0,0,0,0,0,0,0,-1
32,10,11,0,1,1,0,0,4,0,0,0,0,0.0,0.7812,3.8514,2.9219,0,1,0,0,0,0,0,0,0,0,0,0,0,-1
34,17,5,0,1,0,0,0,3,0,0,0,0,0.0,0.8529,3.9957,3.5725,0,1,0,0,0,0,0,0,0,0,0,0,0,-1
76,14,47,0,2,4,0,0,4,0,0,0,0,0.2368,0.6184,4.7974,3.4677,0,1,0,0,0,0,0,0,0,1,1,0,0,-1
38,14,17,0,4,0,0,0,4,0,0,0,0,0.3158,0.4474,4.3135,2.7885,0,0,1,0,0,0,1,0,0,0,0,0,0,-1
35,10,14,0,2,2,0,0,3,0,0,0,0,0.0571,0.7143,4.2074,2.8464,0,0,0,0,0,0,0,0,1,0,0,0,0,-1
29,14,2,0,3,0,0,0,3,0,0,0,0,0.5517,0.1724,3.7623,2.8963,0,0,1,1,0,0,1,0,0,0,0,0,0,-1
32,10,10,0,1,0,0,0,3,0,0,0,0,0.0,0.8438,3.9917,2.9219,0,1,0,0,0,0,0,0,0,0,0,0,0,-1
87,13,50,0,3,4,0,0,4,0,0,0,0,0.1839,0.6782,4.7311,3.5466,1,1,0,0,0,0,0,0,0,1,1,0,0,-1
29,7,4,0,2,0,0,0,3,0,0,0,0,0.0345,0.7586,4.1852,2.5216,1,0,0,0,0,0,0,0,0,0,0,0,0,-1
28,13,2,0,3,0,0,0,3,0,0,0,0,0.5357,0.1786,3.5706,2.6032,0,0,1,1,0,0,1,0,0,0,0,0,0,-1
30,7,11,0,1,0,0,0,4,0,0,0,0,0.0,0.8,3.7484,2.5216,0,1,0,0,0,0,0,0,0,0,0,0,0,-1
42,13,22,0,4,0,0,0,4,0,0,0,0,0.2619,0.5238,4.1955,2.6612,0,0,1,0,0,0,1,0,0,0,0,0,0,-1
37,16,9,0,1,1,0,0,3,0,0,0,0,0.0,0.8378,4.0237,3.2028,0,1,0,0,0,0,0,0,0,0,0,0,0,-1
34,11,11,0,2,0,0,0,3,0,0,0,0,0.0,0.8235,4.0131,2.914,0,1,0,0,0,0,0,0,0,0,0,0,0,-1
43,8,7,16,1,0,0,0,3,1,0,0,1,0.0,0.814,4.2687,2.5,0,1,0,0,0,0,0,0,0,0,0,0,0,-1
46,12,22,0,1,1,0,0,5,0,0,0,0,0.1304,0.6957,4.1785,3.0221,0,1,0,0,0,0,0,0,0,0,0,0,0,-1
40,6,20,0,2,0,0,0,4,0,0,0,0,0.0,0.825,3.8964,1.9183,0,1,0,0,0,0,0,0,0,1,1,1,1,-1
33,13,7,0,4,0,0,0,3,0,0,0,0,0.4545,0.2727,4.0061,2.7193,0,0,1,1,0,0,1,0,0,0,0,0,0,-1
20,0,5,0,1,0,0,0,3,0,0,0,0,0.0,0.75,3.7842,0.0,0,1,0,0,0,0,0,0,0,0,0,0,0,-1
32,12,7,0,4,0,0,0,3,0,0,0,0,0.4375,0.2812,3.8431,2.6258,0,0,1,1,0,0,1,0,0,0,0,0,0,-1
45,9,7,16,1,0,0,0,3,1,0,0,1,0.0,0.8,4.2144,2.7255,0,1,0,0,0,0,0,0,0,0,0,0,0,-1
35,15,7,0,4,0,0,0,3,0,0,0,0,0.4857,0.2571,3.7934,2.5232,0,0,1,1,0,0,1,0,0,0,0,0,0,-1
30,15,2,0,3,0,0,0,3,0,0,0,0,0.5667,0.1667,3.8029,2.5493,0,0,1,1,0,0,1,0,0,0,0,0,0,-1
33,6,9,0,2,0,0,0,3,0,0,0,0,0.0,0.8182,3.9603,1.9183,1,1,0,0,0,0,0,0,0,1,1,1,1,-1
30,15,2,0,3,0,0,0,3,0,0,0,0,0.5667,0.1667,3.7111,2.4729,0,0,1,1,0,0,1,0,0,0,0,0,0,-1
28,8,8,0,1,0,0,0,3,0,0,0,0,0.0,0.8214,3.9138,2.4056,0,1,0,0,0,0,0,0,0,0,0,0,0,-1
54,11,31,0,2,1,2,0,4,0,0,0,0,0.0,0.8148,4.4032,2.8454,0,1,0,0,0,0,0,0,0,0,0,0,0,-1
35,7,16,0,1,0,0,0,4,0,0,0,0,0.0,0.8286,4.0576,2.5216,0,1,0,0,0,0,0,0,0,0,0,0,0,-1
41,14,15,0,1,0,0,0,4,0,0,0,0,0.0,0.8537,4.0531,3.5216,0,1,0,0,0,0,0,0,0,0,0,0,0,-1
33,6,15,0,1,0,0,0,4,0,0,0,0,0.0,0.8182,3.6424,2.2516,0,1,0,0,0,0,0,0,0,0,0,0,0,-1
33,13,7,0,4,0,0,0,3,0,0,0,0,0.4545,0.2727,4.0289,2.4493,0,0,1,1,0,0,1,0,0,0,0,0,0,-1
50,6,9,0,2,0,1,0,3,0,0,0,0,0.0,0.86,3.93,2.2516,1,0,0,0,0,0,0,0,1,0,0,0,0,-1
36,8,7,8,1,0,0,0,3,1,0,0,1,0.0,0.8056,4.1762,3.0,0,1,0,0,0,0,0,0,0,0,0,0,0,-1
30,6,12,0,1,0,0,0,4,0,0,0,0,0.1333,0.6667,4.1069,2.2516,0,1,0,0,0,0,0,0,0,0,0,0,0,-1
83,23,42,0,2,6,0,0,4,0,0,0,0,0.2289,0.6145,4.7314,3.6753,0,1,0,0,0,0,0,0,0,0,0,0,0,-1
49,13,29,0,4,0,0,0,5,0,0,0,0,0.4286,0.3673,4.3212,2.4493,0,0,1,0,0,0,1,0,0,0,0,0,0,-1
28,7,9,0,1,1,0,0,3,0,0,0,0,0.0,0.7857,3.6281,2.5216,0,1,0,0,0,0,0,0,0,0,0,0,0,-1
30,15,2,0,3,0,0,0,3,0,0,0,0,0.5667,0.1667,3.7111,2.6062,0,0,1,1,0,0,1,0,0,0,0,0,0,-1
36,9,2,13,1,0,0,0,3,1,0,0,1,0.0,0.7778,4.1416,2.9477,0,1,0,0,0,0,0,0,0,0,0,0,0,-1
33,13,7,0,4,0,0,0,3,0,0,0,0,0.4545,0.2727,4.0667,2.8151,0,0,1,1,0,0,1,0,0,0,0,0,0,-1
29,15,7,0,4,0,0,0,3,0,0,0,0,0.4138,0.3103,3.7714,2.6062,0,0,1,0,0,0,1,0,0,0,0,0,0,-1
44,3,30,0,1,2,0,0,5,0,0,0,0,0.1136,0.6818,4.3691,1.585,0,1,0,0,0,0,0,0,0,0,0,0,0,-1
31,2,11,0,3,0,0,0,3,0,0,0,0,0.0323,0.7419,3.8858,1.0,2,0,0,0,0,0,1,0,0,0,0,0,0,-1
32,12,7,0,4,0,0,0,3,0,0,0,0,0.4375,0.2812,4.0153,2.6258,0,0,1,1,0,0,1,0,0,0,0,0,0,-1
36,9,15,0,1,0,0,0,4,0,0,0,0,0.0,0.8333,4.0169,3.1699,0,1,0,0,0,0,0,0,0,0,0,0,0,-1
31,9,10,0,1,0,0,0,3,0,0,0,0,0.0,0.8387,3.8489,2.9477,0,1,0,0,0,0,0,0,0,0,0,0,0,-1
29,14,2,0,3,0,0,0,3,0,0,0,0,0.5517,0.1724,3.4401,2.4488,0,0,1,1,0,0,1,0,0,0,0,0,0,-1
37,8,14,0,2,0,0,0,3,0,0,0,0,0.0,0.8378,3.7976,2.75,0,1,0,0,0,0,0,0,0,0,0,0,0,-1
43,13,8,0,3,0,0,0,3,0,0,0,0,0.0,0.8372,4.0566,3.3927,1,1,0,0,0,0,0,0,0,0,0,0,0,-1
62,5,37,0,2,4,0,0,3,0,0,0,0,0.3387,0.5,4.7124,2.3219,1,1,0,0,0,0,0,0,0,0,0,0,0,-1
28,13,2,0,3,0,0,0,3,0,0,0,0,0.5357,0.1786,3.6959,2.5654,0,0,1,1,0,0,1,0,0,0,0,0,0,-1
25,13,5,0,3,0,0,0,3,0,0,0,0,0.44,0.28,3.8333,2.6612,0,0,1,0,0,0,1,0,0,0,0,0,0,-1
25,13,5,0,3,0,0,0,3,0,0,0,0,0.52,0.2,3.7533,2.8731,0,0,1,0,0,0,1,0,0,0,0,0,0,-1
30,15,2,0,3,0,0,0,3,0,0,0,0,0.5667,0.1667,3.6859,2.4989,0,0,1,1,0,0,1,0,0,0,0,0,0,-1
32,8,12,0,1,0,0,0,4,0,0,0,0,0.1875,0.625,4.1403,2.75,0,1,0,0,0,0,1,0,0,0,0,0,0,-1
39,5,22,0,1,1,0,0,5,0,0,0,0,0.1538,0.641,4.1385,2.3219,0,1,0,0,0,0,0,0,0,0,0,0,0,-1
28,11,5,0,1,0,0,0,3,0,0,0,0,0.0,0.8214,3.4547,2.6635,0,1,0,0,0,0,0,0,0,0,0,0,0,-1
50,14,29,0,3,0,0,0,4,0,0,0,0,0.24,0.6,3.6033,2.6106,0,0,1,0,0,0,1,0,0,0,0,0,0,-1
28,13,2,0,3,0,0,0,3,0,0,0,0,0.5357,0.1786,3.7265,2.8151,0,0,1,1,0,0,1,0,0,0,0,0,0,-1
22,7,4,0,1,0,0,0,3,0,0,0,0,0.0,0.7727,3.504,2.8074,0,1,0,0,0,0,0,0,0,0,0,0,0,-1
34,14,7,0,4,0,0,0,3,0,0,0,0,0.4706,0.2647,3.9032,2.5567,0,0,1,1,0,0,1,0,0,0,0,0,0,-1
49,15,22,0,1,0,1,0,4,0,0,0,0,0.0,0.8571,4.1325,3.1899,0,1,0,0,0,0,0,0,0,0,0,0,0,-1
31,9,10,0,1,0,0,0,3,0,0,0,0,0.0,0.8387,3.7357,2.9477,0,1,0,0,0,0,0,0,0,0,0,0,0,-1
36,7,17,0,1,1,0,0,4,0,0,0,0,0.0,0.8056,3.8956,2.5216,0,1,0,0,0,0,0,0,0,0,0,0,0,-1
27,12,2,0,3,0,0,0,3,0,0,0,0,0.5185,0.1852,3.634,2.7925,0,0,1,1,0,0,1,0,0,0,0,0,0,-1
31,12,12,0,4,0,0,0,3,0,0,0,0,0.3226,0.4194,4.2202,3.0221,0,0,1,0,0,0,1,0,0,0,0,0,0,-1
29,9,9,0,1,0,0,0,3,0,0,0,0,0.0,0.8276,3.9094,3.1699,0,1,0,0,0,0,0,0,0,0,0,0,0,-1
19,3,5,0,1,0,0,0,3,0,0,0,0,0.0,0.7368,3.6819,1.585,0,1,0,0,0,0,0,0,0,0,0,0,0,-1
28,10,6,0,1,0,0,0,3,0,0,0,0,0.0,0.8214,3.9677,2.9219,0,1,0,0,0,0,0,0,0,0,0,0,0,-1
33,13,7,0,4,0,0,0,3,0,0,0,0,0.4545,0.2727,3.8849,2.4493,0,0,1,1,0,0,1,0,0,0,0,0,0,-1
27,12,2,0,3,0,0,0,3,0,0,0,0,0.5185,0.1852,3.8562,2.8554,0,0,1,1,0,0,1,0,0,0,0,0,0,-1
41,11,15,0,2,0,0,0,4,0,0,0,0,0.0,0.8293,4.2899,3.0272,0,1,0,0,0,0,0,0,0,0,0,0,0,-1
28,13,2,0,3,0,0,0,3,0,0,0,0,0.5357,0.1786,3.744,2.8731,0,0,1,1,0,0,1,0,0,0,0,0,0,-1
29,13,9,0,4,0,0,0,3,0,0,0,0,0.4138,0.3103,4.0473,2.9689,0,0,1,0,0,0,1,0,0,0,0,0,0,-1
34,14,7,0,4,0,0,0,3,0,0,0,0,0.4706,0.2647,3.83,2.6106,0,0,1,1,0,0,1,0,0,0,0,0,0,-1
46,20,14,0,1,0,0,0,4,0,0,0,0,0.087,0.7826,4.4743,3.4464,0,1,0,0,0,0,0,0,0,0,0,0,0,-1
35,15,7,0,4,0,0,0,3,0,0,0,0,0.4857,0.2571,3.7474,2.6062,0,0,1,1,0,0,1,0,0,0,0,0,0,-1
39,3,24,0,1,0,0,0,5,0,0,0,0,0.0,0.8205,4.004,1.585,0,1,0,0,0,0,0,0,0,1,1,0,0,-1
33,13,7,0,4,0,0,0,3,0,0,0,0,0.4545,0.2727,3.6771,2.2374,0,0,1,1,0,0,1,0,0,0,0,0,0,-1
44,8,7,16,1,0,0,0,3,1,0,0,1,0.0,0.8182,4.235,2.5,0,1,0,0,0,0,0,0,0,0,0,0,0,-1
44,5,28,0,1,1,0,0,4,0,0,0,0,0.0,0.8409,4.0987,2.3219,0,1,0,0,0,0,0,0,0,0,0,0,0,-1
24,5,0,6,1,0,0,0,2,1,0,0,1,0.0417,0.7083,4.0016,2.3219,0,1,0,0,0,0,0,0,0,0,0,0,0,-1
26,4,0,6,1,0,0,0,2,1,0,0,1,0.0385,0.7308,4.056,2.0,0,1,0,0,0,0,0,0,0,0,0,0,0,-1
25,11,7,0,3,0,0,0,3,0,0,0,0,0.48,0.24,3.9133,2.5949,0,0,1,0,0,0,1,0,0,0,0,0,0,-1
35,13,15,0,4,0,0,0,4,0,0,0,0,0.2857,0.4571,4.1719,2.8151,0,0,1,0,0,0,1,0,0,0,0,0,0,-1
29,14,2,0,3,0,0,0,3,0,0,0,0,0.5517,0.1724,3.647,2.4956,0,0,1,1,0,0,1,0,0,0,0,0,0,-1
24,7,5,0,1,0,0,0,3,0,0,0,0,0.0,0.7917,3.4073,2.5216,0,1,0,0,0,0,0,0,0,0,0,0,0,-1
34,12,10,0,1,0,0,0,3,0,0,0,0,0.0,0.8529,3.7382,2.9183,0,1,0,0,0,0,0,0,0,0,0,0,0,-1
28,13,2,0,3,0,0,0,3,0,0,0,0,0.5357,0.1786,3.6245,2.5654,0,0,1,1,0,0,1,0,0,0,0,0,0,-1
47,12,24,0,1,1,0,0,5,0,0,0,0,0.0,0.8298,4.0601,3.1887,0,1,0,0,0,0,0,0,0,0,0,0,0,-1
24,13,4,0,3,0,0,0,3,0,0,0,0,0.4167,0.2917,3.7406,2.6612,0,0,1,0,0,0,1,0,0,0,0,0,0,-1
86,14,48,0,3,4,0,0,4,0,0,0,0,0.2674,0.593,4.7821,3.3788,1,1,0,0,0,0,0,0,0,0,0,0,0,-1
24,4,8,0,1,0,0,0,3,0,0,0,0,0.0,0.7917,3.8554,2.0,0,1,0,0,0,0,0,0,0,0,0,0,0,-1
24,4,9,0,1,1,0,0,3,0,0,0,0,0.0,0.75,3.6573,2.0,0,1,0,0,0,0,0,0,0,0,0,0,0,-1
31,10,9,0,1,0,0,0,3,0,0,0,0,0.0,0.8387,3.889,2.9219,0,1,0,0,0,0,0,0,0,0,0,0,0,-1
34,14,7,0,4,0,0,0,3,0,0,0,0,0.4706,0.2647,3.797,2.156,0,0,1,1,0,0,1,0,0,0,0,0,0,-1
80,20,42,0,2,5,0,0,4,0,0,0,0,0.2875,0.5625,4.7468,3.371,0,1,0,0,0,0,0,0,0,0,0,0,0,-1
47,15,20,0,3,0,0,0,5,0,0,0,0,0.0638,0.7447,4.2729,3.3232,0,1,0,0,0,0,0,0,0,0,0,0,0,-1
40,15,0,12,1,0,0,0,2,1,0,0,1,0.0,0.85,4.2439,3.0566,0,1,0,0,0,0,0,0,0,0,0,0,0,-1
33,6,7,8,1,0,0,0,3,1,0,0,1,0.0,0.7879,4.1421,1.9183,0,1,0,0,0,0,0,0,0,1,1,1,1,-1
38,9,17,0,1,0,0,0,4,0,0,0,0,0.0,0.8421,4.0433,2.9477,0,1,0,0,0,0,0,0,0,0,0,0,0,-1
49,15,22,0,1,0,1,0,4,0,0,0,0,0.0,0.8571,4.1724,3.0062,0,1,0,0,0,0,0,0,0,0,0,0,0,-1
40,12,16,0,4,0,0,0,4,0,0,0,0,0.325,0.425,4.3031,2.6887,0,0,1,1,0,0,1,0,0,0,0,0,0,-1
29,14,2,0,3,0,0,0,3,0,0,0,0,0.5517,0.1724,3.8144,2.7534,0,0,1,1,0,0,1,0,0,0,0,0,0,-1
34,14,7,0,4,0,0,0,3,0,0,0,0,0.4706,0.2647,4.0431,2.7534,0,0,1,1,0,0,1,0,0,0,0,0,0,-1
33,13,7,0,4,0,0,0,3,0,0,0,0,0.4545,0.2727,4.0518,2.5654,0,0,1,1,0,0,1,0,0,0,0,0,0,-1
27,12,2,0,3,0,0,0,3,0,0,0,0,0.5185,0.1852,3.606,2.3962,0,0,1,1,0,0,1,0,0,0,0,0,0,-1
68,13,48,0,4,1,1,0,5,0,0,0,0,0.4559,0.3676,4.3538,2.5654,0,0,1,0,0,0,1,0,0,0,0,0,0,-1
25,5,8,0,1,0,0,0,3,0,0,0,0,0.0,0.8,3.7337,2.3219,0,1,0,0,0,0,0,0,0,0,0,0,0,-1
31,6,13,0,1,0,0,0,4,0,0,0,0,0.0,0.8065,4.1155,1.585,0,1,0,0,0,0,0,0,0,0,0,0,0,-1
29,9,8,0,1,0,0,0,3,0,0,0,0,0.1034,0.7241,3.7714,2.9477,0,1,0,0,0,0,1,0,0,0,0,0,0,-1
26,11,2,0,3,0,0,0,3,0,0,0,0,0.5,0.1923,3.6903,2.4817,0,0,1,1,0,0,1,0,0,0,0,0,0,-1
21,4,5,0,1,0,0,0,3,0,0,0,0,0.0,0.7619,3.5585,2.0,0,1,0,0,0,0,0,0,0,0,0,0,0,-1
26,5,9,0,1,0,0,0,3,0,0,0,0,0.0,0.8077,3.7091,2.3219,0,1,0,0,0,0,0,0,0,0,0,0,0,-1
25,5,5,0,2,0,0,0,3,0,0,0,0,0.0,0.76,3.7835,1.9219,0,1,0,0,0,0,0,0,0,0,0,0,0,-1
31,3,13,0,2,0,0,0,4,0,0,0,0,0.0,0.7742,3.9621,1.585,0,1,0,0,0,0,0,0,0,0,0,0,0,-1
46,10,7,16,1,0,0,0,3,1,0,0,1,0.0,0.8261,4.3816,2.9219,0,1,0,0,0,0,0,0,0,0,0,0,0,-1
30,0,11,0,2,0,0,0,3,0,0,0,0,0.0,0.8,3.7111,0.0,0,1,0,0,0,0,0,0,0,0,0,0,0,-1
28,13,2,0,3,0,0,0,3,0,0,0,0,0.5357,0.1786,3.7979,2.6612,0,0,1,1,0,0,1,0,0,0,0,0,0,-1
24,4,8,0,1,0,0,0,3,0,0,0,0,0.0,0.7917,3.4906,1.5,0,1,0,0,0,0,0,0,0,0,0,0,0,-1
26,6,5,0,2,0,0,0,3,0,0,0,0,0.0,0.7692,3.6714,1.9183,0,1,0,0,0,0,0,0,0,1,1,1,1,-1
32,12,7,0,4,0,0,0,3,0,0,0,0,0.4375,0.2812,4.0542,2.3962,0,0,1,1,0,0,1,0,0,0,0,0,0,-1
32,12,7,0,4,0,0,0,3,0,0,0,0,0.4375,0.2812,3.9292,2.4591,0,0,1,1,0,0,1,0,0,0,0,0,0,-1
27,12,2,0,3,0,0,0,3,0,0,0,0,0.5185,0.1852,3.7262,2.6258,0,0,1,1,0,0,1,0,0,0,0,0,0,-1
37,11,14,0,2,0,0,0,3,0,0,0,0,0.027,0.8108,3.7489,3.0958,0,1,0,0,0,0,0,0,0,0,0,0,0,-1
45,18,15,0,1,0,0,0,4,0,0,0,0,0.0667,0.8,4.3858,3.7255,0,1,0,0,0,0,1,0,0,0,0,0,0,-1
66,11,37,0,2,4,0,0,3,0,0,0,0,0.3636,0.4848,4.614,3.0958,1,1,0,0,0,0,1,0,0,0,0,0,0,-1
21,5,5,0,1,0,0,0,3,0,0,0,0,0.0,0.7619,3.5945,2.3219,0,1,0,0,0,0,0,0,0,0,0,0,0,-1
36,6,13,0,2,0,0,0,4,0,0,0,0,0.0,0.8056,3.9058,2.2516,1,1,0,0,0,0,0,0,0,0,0,0,0,-1
34,14,7,0,4,0,0,0,3,0,0,0,0,0.4706,0.2647,3.8414,2.182,0,0,1,1,0,0,1,0,0,0,0,0,0,-1
31,13,6,0,1,0,0,0,3,0,0,0,0,0.0,0.8387,4.1069,3.3927,0,1,0,0,0,0,0,0,0,0,0,0,0,-1
31,5,14,0,1,0,0,0,4,0,0,0,0,0.0,0.8065,3.8732,2.3219,0,1,0,0,0,0,0,0,0,0,0,0,0,-1
48,17,19,0,1,1,0,0,5,0,0,0,0,0.0,0.8333,4.1319,3.5725,0,1,0,0,0,0,0,0,0,0,0,0,0,-1
44,8,7,16,1,0,0,0,3,1,0,0,1,0.0,0.8182,4.1441,2.75,0,1,0,0,0,0,0,0,0,0,0,0,0,-1
26,14,5,0,3,0,0,0,3,0,0,0,0,0.4231,0.3077,3.5262,2.306,0,0,1,0,0,0,1,0,0,0,0,0,0,-1
46,7,24,0,2,0,0,0,5,0,0,0,0,0.0,0.8261,4.1377,2.5216,0,1,0,0,0,0,0,0,0,1,1,0,0,-1
36,11,13,0,1,0,0,0,4,0,0,0,0,0.0,0.8333,4.1626,2.7322,0,1,0,0,0,0,0,0,0,0,0,0,0,-1
28,13,2,0,3,0,0,0,3,0,0,0,0,0.5357,0.1786,3.8693,2.6612,0,0,1,1,0,0,1,0,0,0,0,0,0,-1
34,14,7,0,4,0,0,0,3,0,0,0,0,0.4706,0.2647,4.1241,2.8963,0,0,1,1,0,0,1,0,0,0,0,0,0,-1
21,5,4,0,1,0,0,0,3,0,0,0,0,0.0,0.7619,3.5945,1.9219,0,1,0,0,0,0,0,0,0,0,0,0,0,-1
33,8,13,0,1,0,0,0,4,0,0,0,0,0.0,0.8182,4.1273,3.0,0,1,0,0,0,0,0,0,0,0,0,0,0,-1
24,12,0,0,1,0,0,0,2,0,0,0,0,0.0,0.8333,3.5016,2.8554,0,1,0,0,0,0,0,0,0,0,0,0,0,-1
38,13,0,12,1,0,0,0,2,1,0,0,1,0.0,0.8421,4.0735,3.3927,0,1,0,0,0,0,0,0,0,0,0,0,0,-1
86,14,65,0,4,0,0,0,4,0,0,4,0,0.2209,0.6279,4.8286,2.8424,0,0,1,0,0,0,1,0,0,1,1,0,0,-1
34,6,17,0,1,1,0,0,4,0,0,0,0,0.0,0.7941,3.8192,2.2516,0,1,0,0,0,0,0,0,0,0,0,0,0,-1
22,2,5,0,2,0,0,0,3,0,0,0,0,0.0,0.7273,3.7544,1.0,0,1,0,0,0,0,0,0,0,0,0,0,0,-1
23,7,4,0,1,0,0,0,3,0,0,0,0,0.0435,0.7391,3.3603,2.5216,0,0,0,0,0,0,1,0,0,0,0,0,0,-1
56,12,32,0,4,0,3,0,4,0,0,0,0,0.375,0.3929,4.4517,2.6887,0,0,1,1,0,0,1,0,0,0,0,0,0,-1
30,14,9,0,4,0,0,0,3,0,0,0,0,0.4667,0.2667,4.0566,2.8424,0,0,1,0,0,0,1,0,0,0,0,0,0,-1
27,12,2,0,3,0,0,0,3,0,0,0,0,0.5185,0.1852,3.634,2.6887,0,0,1,1,0,0,1,0,0,0,0,0,0,-1
40,8,17,0,2,0,0,0,4,0,0,0,0,0.0,0.825,4.1531,2.75,0,1,0,0,0,0,0,0,0,0,0,0,0,-1
28,12,9,0,3,0,0,0,3,0,0,0,0,0.3214,0.4286,3.9677,2.5221,0,0,1,0,0,0,1,0,0,0,0,0,0,-1
25,13,5,0,3,0,0,0,3,0,0,0,0,0.48,0.24,3.6431,2.8731,0,0,1,0,0,0,1,0,0,0,0,0,0,-1
40,14,14,0,1,0,0,0,4,0,0,0,0,0.125,0.725,4.5153,2.8963,0,1,0,0,0,0,0,0,0,0,0,0,0,-1
22,3,8,0,1,0,0,0,3,0,0,0,0,0.0,0.7727,3.9706,1.585,0,1,0,0,0,0,0,0,0,0,0,0,0,-1
33,9,12,0,1,0,0,0,4,0,0,0,0,0.0,0.8182,3.7636,2.9477,0,1,0,0,0,0,0,0,0,0,0,0,0,-1
69,15,37,0,2,4,0,0,3,0,0,0,0,0.2899,0.5652,4.8326,3.4566,1,1,0,0,0,0,0,0,0,0,0,0,0,-1
49,13,24,0,1,2,0,0,4,0,0,0,0,0.0816,0.7551,4.3191,3.027,0,1,0,0,0,0,0,0,0,0,0,0,0,-1
26,3,11,0,1,0,0,0,4,0,0,0,0,0.0,0.7692,3.6714,0.9183,0,1,0,0,0,0,0,0,0,0,0,0,0,-1
34,14,7,0,4,0,0,0,3,0,0,0,0,0.4706,0.2647,4.0064,2.5567,0,0,1,1,0,0,1,0,0,0,0,0,0,-1
29,3,14,0,1,0,0,0,4,0,0,0,0,0.1724,0.6207,4.3752,1.585,0,1,0,0,0,0,0,0,0,0,0,0,0,-1
33,8,0,12,1,0,0,0,2,1,0,0,1,0.0,0.8182,4.3549,2.5,0,1,0,0,0,0,0,0,0,0,0,0,0,-1
33,13,7,0,4,0,0,0,3,0,0,0,0,0.4545,0.2727,3.8471,2.3535,0,0,1,1,0,0,1,0,0,0,0,0,0,-1
83,23,42,0,2,4,0,0,4,0,0,0,0,0.2892,0.5783,4.667,3.3488,0,1,0,0,0,0,0,0,0,0,0,0,0,-1
19,2,5,0,1,0,0,0,3,0,0,0,0,0.0,0.7368,3.5766,1.0,0,1,0,0,0,0,0,0,0,0,0,0,0,-1
34,14,7,0,4,0,0,0,3,0,0,0,0,0.4706,0.2647,3.8666,2.6456,0,0,1,1,0,0,1,0,0,0,0,0,0,-1
33,7,14,0,1,0,0,0,4,0,0,0,0,0.0,0.8182,3.7259,2.2359,0,1,0,0,0,0,0,0,0,0,0,0,0,-1
28,8,8,0,1,0,0,0,3,0,0,0,0,0.0,0.8214,3.8963,2.75,0,1,0,0,0,0,0,0,0,0,0,0,0,-1
39,13,14,0,1,0,0,0,4,0,0,0,0,0.0,0.8462,3.9653,3.2389,0,1,0,0,0,0,0,0,0,0,0,0,0,-1
26,6,8,0,1,0,0,0,3,0,0,0,0,0.0,0.8077,3.7193,2.2516,0,1,0,0,0,0,0,0,0,0,0,0,0,-1
30,15,2,0,3,0,0,0,3,0,0,0,0,0.5667,0.1667,3.5777,2.4989,0,0,1,1,0,0,1,0,0,0,0,0,0,-1
24,6,6,0,1,0,0,0,3,0,0,0,0,0.0,0.7917,4.0535,2.2516,0,1,0,0,0,0,0,0,0,1,1,0,0,-1
28,13,2,0,3,0,0,0,3,0,0,0,0,0.5357,0.1786,3.5976,2.4493,0,0,1,1,0,0,1,0,0,0,0,0,0,-1
28,8,8,0,1,0,0,0,3,0,0,0,0,0.0,0.8214,4.1106,3.0,0,1,0,0,0,0,0,0,0,0,0,0,0,-1
33,13,7,0,4,0,0,0,3,0,0,0,0,0.4545,0.2727,3.8212,2.7193,0,0,1,1,0,0,1,0,0,0,0,0,0,-1
31,6,13,0,1,0,0,0,4,0,0,0,0,0.0,0.8065,4.1069,2.585,0,1,0,0,0,0,0,0,0,0,0,0,0,-1
37,11,14,0,1,0,0,0,4,0,0,0,0,0.0,0.8378,3.8792,2.6635,0,1,0,0,0,0,0,0,0,0,0,0,0,-1
25,3,8,0,2,0,0,0,3,0,0,0,0,0.0,0.76,3.5933,0.9183,0,1,0,0,0,0,0,0,0,0,0,0,0,-1
32,12,7,0,4,0,0,0,3,0,0,0,0,0.4375,0.2812,4.0153,2.8554,0,0,1,1,0,0,1,0,0,0,0,0,0,-1
78,11,48,0,3,4,0,0,4,0,0,0,0,0.2692,0.5769,4.7993,3.0958,1,1,0,0,0,0,0,0,0,0,0,0,0,-1
32,2,19,0,1,0,0,0,4,0,0,0,0,0.0312,0.7812,3.9681,1.0,0,1,0,0,0,0,1,0,0,0,0,0,0,-1
21,4,6,0,1,0,0,0,3,0,0,0,0,0.0,0.7619,3.6897,2.0,0,1,0,0,0,0,0,0,0,0,0,0,0,-1
33,8,13,0,1,0,0,0,4,0,0,0,0,0.0,0.8182,4.0896,2.75,0,1,0,0,0,0,0,0,0,0,0,0,0,-1
27,12,2,0,3,0,0,0,3,0,0,0,0,0.5185,0.1852,3.7821,2.8554,0,0,1,1,0,0,1,0,0,0,0,0,0,-1
34,14,7,0,4,0,0,0,3,0,0,0,0,0.4706,0.2647,3.8192,2.6106,0,0,1,1,0,0,1,0,0,0,0,0,0,-1
25,13,5,0,3,0,0,0,3,0,0,0,0,0.44,0.28,3.8333,2.8151,0,0,1,0,0,0,1,0,0,0,0,0,0,-1
33,14,12,0,4,0,0,0,3,0,0,0,0,0.3333,0.4242,4.0061,2.7534,0,0,1,0,0,0,1,0,0,0,0,0,0,-1
20,3,5,0,1,0,0,0,3,0,0,0,0,0.0,0.75,3.6842,1.585,0,1,0,0,0,0,0,0,0,0,0,0,0,-1
51,6,33,0,1,3,0,0,5,0,0,0,0,0.098,0.7059,4.418,2.2516,0,1,0,0,0,0,0,0,0,0,0,0,0,-1
33,2,20,0,1,0,0,0,5,0,0,0,0,0.0,0.7879,3.9115,1.0,0,1,0,0,0,0,0,0,0,1,1,0,0,-1
44,14,7,10,1,0,0,0,3,1,0,0,1,0.0682,0.7727,4.3454,3.182,0,1,0,0,0,0,1,0,0,0,0,0,0,-1
25,14,0,0,1,1,0,0,2,0,0,0,0,0.0,0.8,3.6039,3.182,0,1,0,0,0,0,0,0,0,0,0,0,0,-1
30,15,2,0,3,0,0,0,3,0,0,0,0,0.5667,0.1667,3.7777,3.0062,0,0,1,1,0,0,1,0,0,0,0,0,0,-1
24,3,9,0,1,1,0,0,3,0,0,0,0,0.0,0.75,3.7202,1.585,0,1,0,0,0,0,0,0,0,0,0,0,0,-1
28,12,6,0,2,0,0,0,3,0,0,0,0,0.0357,0.75,3.9677,3.085,0,0,0,0,0,0,0,0,0,0,0,0,0,-1
78,14,37,0,2,5,0,0,3,0,0,0,0,0.2179,0.641,4.6745,3.5216,1,1,0,0,0,0,0,0,0,0,0,0,0,-1
26,4,10,0,1,0,0,0,3,0,0,0,0,0.0,0.8077,3.7381,2.0,0,1,0,0,0,0,0,0,0,0,0,0,0,-1
43,7,7,16,1,0,0,0,3,1,0,0,1,0.0,0.814,4.0011,2.5216,0,1,0,0,0,0,0,0,0,0,0,0,0,-1
27,14,6,0,3,0,0,0,3,0,0,0,0,0.4815,0.2593,3.6801,2.7534,0,0,1,0,0,0,1,0,0,0,0,0,0,-1
34,14,7,0,4,0,0,0,3,0,0,0,0,0.4706,0.2647,3.9032,2.4138,0,0,1,1,0,0,1,0,0,0,0,0,0,-1
25,7,1,0,1,0,0,0,3,0,0,0,0,0.16,0.6,3.8937,1.8424,0,0,0,1,0,0,0,0,0,0,0,0,0,-1
29,5,13,0,1,0,0,0,4,0,0,0,0,0.0,0.7931,3.8404,1.9219,0,1,0,0,0,0,0,0,0,0,0,0,0,-1
34,14,13,0,4,0,0,0,3,0,0,0,0,0.3235,0.4412,4.0431,2.5567,0,0,1,0,0,0,1,0,0,0,0,0,0,-1
32,12,7,0,4,0,0,0,3,0,0,0,0,0.4375,0.2812,4.0778,2.6258,0,0,1,1,0,0,1,0,0,0,0,0,0,-1
23,6,5,0,1,0,0,0,3,0,0,0,0,0.0,0.7826,3.7951,2.585,0,1,0,0,0,0,0,0,0,0,0,0,0,-1
34,14,7,0,4,0,0,0,3,0,0,0,0,0.4706,0.2647,3.9176,2.8963,0,0,1,1,0,0,1,0,0,0,0,0,0,-1
28,13,2,0,3,0,0,0,3,0,0,0,0,0.5357,0.1786,3.7265,2.8151,0,0,1,1,0,0,1,0,0,0,0,0,0,-1
22,4,6,0,1,0,0,0,3,0,0,0,0,0.0,0.7727,3.5383,2.0,0,1,0,0,0,0,0,0,0,0,0,0,0,-1
65,8,44,0,2,4,0,0,4,0,0,0,0,0.3231,0.5077,4.5932,2.75,0,1,0,0,0,0,0,0,0,0,0,0,0,-1
28,14,7,0,4,0,0,0,3,0,0,0,0,0.3929,0.3214,3.709,2.7534,0,0,1,0,0,0,1,0,0,0,0,0,0,-1
33,10,11,0,1,0,0,0,4,0,0,0,0,0.0,0.8182,3.9077,2.9219,0,1,0,0,0,0,0,0,0,0,0,0,0,-1
30,15,2,0,3,0,0,0,3,0,0,0,0,0.5667,0.1667,3.7396,2.6062,0,0,1,1,0,0,1,0,0,0,0,0,0,-1
47,28,8,0,1,1,0,0,3,0,0,0,0,0.0,0.8723,4.1444,3.8518,0,1,0,0,0,0,0,0,0,1,1,0,0,-1
37,12,13,0,1,0,0,0,4,0,0,0,0,0.0,0.8378,3.99,3.2516,0,1,0,0,0,0,0,0,0,0,0,0,0,-1
31,2,10,0,2,0,0,0,3,0,0,0,0,0.0,0.8065,3.687,1.0,1,1,0,0,0,0,0,0,0,0,0,0,0,-1
42,6,24,0,1,0,0,0,5,0,0,0,0,0.0,0.8333,4.1572,2.2516,0,1,0,0,0,0,0,0,0,1,1,0,0,-1
32,12,7,0,4,0,0,0,3,0,0,0,0,0.4375,0.2812,3.7889,2.5221,0,0,1,1,0,0,1,0,0,0,0,0,0,-1
27,12,2,0,3,0,0,0,3,0,0,0,0,0.5185,0.1852,3.736,2.3554,0,0,1,1,0,0,1,0,0,0,0,0,0,-1
48,6,24,0,2,2,0,0,4,0,0,0,0,0.0833,0.7292,4.179,1.9183,1,1,0,0,0,0,0,0,0,1,1,1,0,-1
27,5,11,0,1,0,0,0,4,0,0,0,0,0.0,0.7778,3.4821,1.9219,0,1,0,0,0,0,0,0,0,0,0,0,0,-1
29,14,8,0,4,0,0,0,3,0,0,0,0,0.3793,0.3448,3.8833,2.6456,0,0,1,0,0,0,1,0,0,0,0,0,0,-1
33,16,5,0,1,0,0,0,3,0,0,0,0,0.0,0.8485,3.862,3.1556,0,1,0,0,0,0,0,0,0,0,0,0,0,-1
29,6,11,0,1,0,0,0,4,0,0,0,0,0.0,0.7931,4.0902,2.2516,0,1,0,0,0,0,0,0,0,0,0,0,0,-1
43,3,28,0,1,1,0,0,4,0,0,0,0,0.0,0.8372,4.0918,1.585,0,1,0,0,0,0,0,0,0,0,0,0,0,-1
32,12,8,0,1,0,0,0,3,0,0,0,0,0.0,0.8438,3.757,3.0221,0,1,0,0,0,0,0,0,0,0,0,0,0,-1
46,6,28,0,1,1,0,0,4,0,0,0,0,0.0,0.8478,4.1621,2.585,0,1,0,0,0,0,0,0,0,0,0,0,0,-1
33,13,7,0,4,0,0,0,3,0,0,0,0,0.4545,0.2727,3.8849,2.4493,0,0,1,1,0,0,1,0,0,0,0,0,0,-1
26,6,8,0,1,0,0,0,3,0,0,0,0,0.0,0.8077,4.1039,2.2516,0,1,0,0,0,0,0,0,0,0,0,0,0,-1
28,13,2,0,3,0,0,0,3,0,0,0,0,0.5357,0.1786,3.744,2.4493,0,0,1,1,0,0,1,0,0,0,0,0,0,-1
26,9,6,0,1,0,0,0,3,0,0,0,0,0.0,0.8077,3.8441,2.9477,0,1,0,0,0,0,0,0,0,0,0,0,0,-1
28,11,5,0,1,0,0,0,3,0,0,0,0,0.0,0.8214,3.7265,3.0958,0,1,0,0,0,0,0,0,0,0,0,0,0,-1
89,27,47,0,2,4,0,0,4,0,0,0,0,0.2472,0.6292,4.7345,3.5138,0,1,0,0,0,0,0,0,0,1,1,0,0,-1
27,12,2,0,3,0,0,0,3,0,0,0,0,0.5185,0.1852,3.736,2.3554,0,0,1,1,0,0,1,0,0,0,0,0,0,-1
26,5,6,0,2,0,0,0,3,0,0,0,0,0.0,0.7692,3.8253,2.3219,0,1,0,0,0,0,0,0,0,0,0,0,0,-1
38,10,16,0,2,0,1,0,3,0,0,0,0,0.0,0.8158,4.1883,2.9219,0,1,0,0,0,0,0,0,0,0,0,0,0,-1
62,5,37,0,2,4,0,0,3,0,0,0,0,0.3871,0.4516,4.6156,2.3219,1,1,0,0,0,0,1,0,0,0,0,0,0,-1
40,7,22,0,1,0,1,0,4,0,0,0,0,0.0,0.825,4.0226,2.5216,0,1,0,0,0,0,0,0,0,0,0,0,0,-1
29,14,2,0,3,0,0,0,3,0,0,0,0,0.5517,0.1724,3.7363,2.6456,0,0,1,1,0,0,1,0,0,0,0,0,0,-1
23,7,4,0,1,0,0,0,3,0,0,0,0,0.0,0.7826,3.882,2.8074,0,1,0,0,0,0,0,0,0,0,0,0,0,-1
87,28,47,0,2,8,0,0,4,0,0,0,0,0.2759,0.5517,4.694,3.7804,0,0,0,0,0,0,0,0,0,1,1,0,0,-1
35,15,0,7,1,0,0,0,2,1,0,0,1,0.0,0.8286,4.1287,3.2402,0,1,0,0,0,0,0,0,0,0,0,0,0,-1
21,2,8,0,1,0,0,0,3,0,0,0,0,0.0,0.7619,3.6897,1.0,0,1,0,0,0,0,0,0,0,0,0,0,0,-1
32,2,7,10,1,0,0,0,3,1,0,0,1,0.0,0.7812,4.0542,1.0,0,1,0,0,0,0,0,0,0,0,0,0,0,-1
31,14,10,0,3,0,0,0,4,0,0,0,0,0.3871,0.3548,4.0023,2.4138,0,0,1,0,0,0,1,0,0,0,0,0,0,-1
49,13,24,0,1,2,0,0,4,0,0,0,0,0.0816,0.7551,4.2783,3.3927,0,1,0,0,0,0,0,0,0,0,0,0,0,-1
35,15,7,0,4,0,0,0,3,0,0,0,0,0.4857,0.2571,3.976,2.4989,0,0,1,1,0,0,1,0,0,0,0,0,0,-1
40,6,22,0,1,1,0,0,5,0,0,0,0,0.15,0.65,4.1751,2.585,0,1,0,0,0,0,0,0,0,0,0,0,0,-1
54,13,34,0,5,0,0,0,4,0,0,0,0,0.1852,0.6296,4.2275,2.5654,0,0,1,0,0,0,1,0,0,0,0,0,0,-1
24,13,4,0,3,0,0,0,3,0,0,0,0,0.4583,0.25,3.7721,2.8731,0,0,1,0,0,0,1,0,0,0,0,0,0,-1
35,15,7,0,4,0,0,0,3,0,0,0,0,0.4857,0.2571,3.9789,2.4226,0,0,1,1,0,0,1,0,0,0,0,0,0,-1
29,6,11,0,1,0,0,0,4,0,0,0,0,0.0,0.7931,3.8109,2.585,0,1,0,0,0,0,0,0,0,0,0,0,0,-1
26,7,7,0,1,0,0,0,3,0,0,0,0,0.0,0.8077,3.7962,2.5216,0,1,0,0,0,0,0,0,0,0,0,0,0,-1
38,13,13,0,4,0,1,0,3,0,0,0,0,0.3947,0.3421,4.0933,2.7193,0,0,1,1,0,0,1,0,0,0,0,0,0,-1
29,6,5,0,2,0,0,0,3,0,0,0,0,0.0,0.7931,3.8144,2.2516,1,1,0,0,0,0,0,0,0,1,1,1,0,-1
44,8,7,16,1,0,0,0,3,1,0,0,1,0.0,0.8182,4.2633,2.5,0,1,0,0,0,0,0,0,0,0,0,0,0,-1
15,3,0,0,1,0,0,0,2,0,0,0,0,0.0,0.7333,3.3736,1.585,0,1,0,0,0,0,0,0,0,0,0,0,0,-1
46,10,22,0,2,1,0,0,5,0,0,0,0,0.1304,0.6739,4.3502,3.1219,0,1,0,0,0,0,0,0,0,0,0,0,0,-1
31,4,15,0,1,0,0,0,4,0,0,0,0,0.0,0.8065,4.1557,2.0,0,1,0,0,0,0,0,0,0,0,0,0,0,-1
30,15,2,0,3,0,0,0,3,0,0,0,0,0.5667,0.1667,3.7144,2.8226,0,0,1,1,0,0,1,0,0,0,0,0,0,-1
36,4,20,0,2,0,0,0,5,0,0,0,0,0.0278,0.75,4.004,2.0,0,1,0,0,0,0,0,0,0,1,1,0,0,-1
28,11,5,0,1,0,0,0,3,0,0,0,0,0.0,0.8214,4.0391,3.0958,0,1,0,0,0,0,0,0,0,0,0,0,0,-1
29,4,13,0,1,0,0,0,4,0,0,0,0,0.0,0.7931,3.9094,2.0,0,1,0,0,0,0,0,0,0,0,0,0,0,-1
32,12,7,0,4,0,0,0,3,0,0,0,0,0.4375,0.2812,3.9917,2.6887,0,0,1,1,0,0,1,0,0,0,0,0,0,-1
33,13,7,0,4,0,0,0,3,0,0,0,0,0.4545,0.2727,4.0289,2.7193,0,0,1,1,0,0,1,0,0,0,0,0,0,-1
35,15,0,7,1,0,0,0,2,1,0,0,1,0.0,0.8286,4.243,3.3232,0,1,0,0,0,0,0,0,0,0,0,0,0,-1
35,15,7,0,4,0,0,0,3,0,0,0,0,0.4857,0.2571,3.7934,2.6062,0,0,1,1,0,0,1,0,0,0,0,0,0,-1
51,8,28,0,2,1,0,0,4,0,0,0,0,0.0392,0.8039,4.3191,2.75,0,1,0,0,0,0,1,0,0,0,0,0,0,-1
38,2,24,0,1,0,0,0,5,0,0,0,0,0.0,0.8158,3.9984,1.0,0,1,0,0,0,0,0,0,0,1,1,0,0,-1
28,13,2,0,3,0,0,0,3,0,0,0,0,0.5357,0.1786,3.8693,2.6612,0,0,1,1,0,0,1,0,0,0,0,0,0,-1
26,15,4,0,3,0,0,0,3,0,0,0,0,0.4615,0.2692,3.4745,2.5493,0,0,1,0,0,0,1,0,0,0,0,0,0,-1
34,15,7,0,1,0,0,0,3,0,0,0,0,0.0,0.8529,3.9842,3.3232,0,1,0,0,0,0,0,0,0,0,0,0,0,-1
43,8,7,16,1,0,0,0,3,1,0,0,1,0.0,0.814,4.0719,2.75,0,1,0,0,0,0,0,0,0,0,0,0,0,-1
35,15,7,0,4,0,0,0,3,0,0,0,0,0.4857,0.2571,3.9329,2.2323,0,0,1,1,0,0,1,0,0,0,0,0,0,-1
29,14,8,0,4,0,0,0,3,0,0,0,0,0.3793,0.3448,4.0044,2.8963,0,0,1,0,0,0,1,0,0,0,0,0,0,-1
33,13,7,0,4,0,0,0,3,0,0,0,0,0.4545,0.2727,4.1273,3.027,0,0,1,1,0,0,1,0,0,0,0,0,0,-1
51,6,33,0,1,3,0,0,5,0,0,0,0,0.098,0.7059,4.4893,2.585,0,1,0,0,0,0,0,0,0,0,0,0,0,-1
29,7,10,0,1,0,0,0,3,0,0,0,0,0.0,0.8276,4.1852,2.8074,0,1,0,0,0,0,0,0,0,0,0,0,0,-1
38,16,6,0,1,0,0,0,3,0,0,0,0,0.0,0.8684,3.9053,3.3278,0,1,0,0,0,0,0,0,0,0,0,0,0,-1
81,12,1,42,2,5,0,0,3,1,0,0,1,0.2716,0.5679,5.0141,3.4183,1,1,0,0,0,0,0,0,0,0,0,0,0,-1
39,4,20,0,4,0,0,0,5,0,0,0,0,0.0769,0.6667,4.0134,2.0,0,1,0,0,0,0,0,0,0,0,0,0,0,-1
33,13,7,0,4,0,0,0,3,0,0,0,0,0.4545,0.2727,3.859,2.6612,0,0,1,1,0,0,1,0,0,0,0,0,0,-1
79,6,61,0,2,0,0,0,8,0,0,0,0,0.0127,0.8481,4.3448,2.585,0,1,0,0,0,0,0,0,0,0,0,0,0,-1
43,15,16,0,1,0,0,0,4,0,0,0,0,0.0,0.8605,4.014,3.2402,0,1,0,0,0,0,0,0,0,0,0,0,0,-1
28,11,6,0,1,0,0,0,3,0,0,0,0,0.0,0.8214,3.8693,3.0958,0,1,0,0,0,0,0,0,0,0,0,0,0,-1
28,8,0,7,1,0,0,0,2,1,0,0,1,0.0,0.7857,3.9408,2.5,0,1,0,0,0,0,0,0,0,0,0,0,0,-1
29,14,2,0,3,0,0,0,3,0,0,0,0,0.5517,0.1724,3.7883,2.6995,0,0,1,1,0,0,1,0,0,0,0,0,0,-1
31,10,6,0,2,0,0,0,3,0,0,0,0,0.0,0.8065,4.1313,2.6464,0,1,0,0,0,0,0,0,0,1,1,0,0,-1
35,15,7,0,4,0,0,0,3,0,0,0,0,0.4857,0.2571,4.0116,2.3656,0,0,1,1,0,0,1,0,0,0,0,0,0,-1
38,10,2,13,1,0,0,0,3,1,0,0,1,0.0,0.7895,4.0304,2.6464,0,1,0,0,0,0,0,0,0,0,0,0,0,-1
30,15,2,0,3,0,0,0,3,0,0,0,0,0.5667,0.1667,3.5777,2.5493,0,0,1,1,0,0,1,0,0,0,0,0,0,-1
35,4,20,0,1,0,0,0,4,0,0,0,0,0.0,0.8286,4.0791,2.0,0,1,0,0,0,0,0,0,0,0,0,0,0,-1
26,11,2,0,3,0,0,0,3,0,0,0,0,0.5,0.1923,3.6903,2.6635,0,0,1,1,0,0,1,0,0,0,0,0,0,-1
33,13,7,0,4,0,0,0,3,0,0,0,0,0.4545,0.2727,4.0061,2.6612,0,0,1,1,0,0,1,0,0,0,0,0,0,-1
59,20,27,0,1,2,0,0,5,0,0,0,0,0.1017,0.7458,4.4566,3.3087,0,1,0,0,0,0,0,0,0,0,0,0,0,-1
20,0,6,0,1,0,0,0,3,0,0,0,0,0.0,0.75,3.6464,0.0,0,1,0,0,0,0,0,0,0,0,0,0,0,-1
27,10,6,0,1,0,0,0,3,0,0,0,0,0.0,0.8148,3.606,2.9219,0,1,0,0,0,0,0,0,0,0,0,0,0,-1
31,10,9,0,1,0,0,0,3,0,0,0,0,0.0,0.8387,3.9937,3.1219,0,1,0,0,0,0,0,0,0,0,0,0,0,-1
40,13,15,0,3,1,0,0,4,0,0,0,0,0.4,0.35,4.3964,2.8151,0,0,1,1,0,0,1,0,0,0,0,0,0,-1
70,13,37,0,2,4,0,0,3,0,0,0,0,0.3143,0.5429,4.8702,3.5466,1,1,0,0,0,0,0,0,0,0,0,0,0,-1
31,14,5,0,1,2,0,0,3,0,0,0,0,0.0645,0.7097,4.0181,3.3788,0,1,0,0,0,0,1,0,0,0,0,0,0,-1
24,12,5,0,3,0,0,0,3,0,0,0,0,0.4167,0.2917,3.5739,2.6887,0,0,1,0,0,0,1,0,0,0,0,0,0,-1
25,14,4,0,3,0,0,0,4,0,0,0,0,0.48,0.2,3.4635,2.5567,0,0,1,0,0,0,1,0,0,0,0,0,0,-1
29,11,6,0,1,0,0,0,3,0,0,0,0,0.0,0.8276,4.0642,3.2776,0,1,0,0,0,0,0,0,0,0,0,0,0,-1
19,3,5,0,1,0,0,0,3,0,0,0,0,0.0,0.7368,3.6819,1.585,0,1,0,0,0,0,0,0,0,0,0,0,0,-1
25,0,5,0,1,0,0,0,3,0,0,0,0,0.0,0.8,4.1337,0.0,0,1,0,0,0,0,0,0,0,0,0,0,0,-1
77,22,37,0,2,4,0,0,3,0,0,0,0,0.2857,0.5844,4.9663,3.516,1,1,0,0,0,0,0,0,0,0,0,0,0,-1
28,4,13,0,1,0,0,0,4,0,0,0,0,0.0,0.7857,3.9502,2.0,0,1,0,0,0,0,0,0,0,0,0,0,0,-1
40,8,20,0,2,0,0,0,5,0,0,0,0,0.025,0.775,4.1537,3.0,0,1,0,0,0,0,0,0,0,1,1,0,0,-1
29,14,2,0,3,0,0,0,3,0,0,0,0,0.5517,0.1724,3.8573,2.8424,0,0,1,1,0,0,1,0,0,0,0,0,0,-1
54,12,34,0,5,0,0,0,4,0,0,0,0,0.1667,0.6481,4.3015,2.6887,0,1,1,0,0,0,1,0,0,0,0,0,0,-1
33,5,17,0,1,0,0,0,4,0,0,0,0,0.0,0.8182,4.0289,1.9219,0,1,0,0,0,0,0,0,0,0,0,0,0,-1
28,13,2,0,3,0,0,0,3,0,0,0,0,0.5357,0.1786,3.682,2.5654,0,0,1,1,0,0,1,0,0,0,0,0,0,-1
48,11,22,0,2,1,0,0,5,0,0,0,0,0.125,0.6875,4.2959,3.0958,0,1,0,0,0,0,0,0,0,0,0,0,0,-1
39,6,22,0,1,0,1,0,4,0,0,0,0,0.0,0.8205,4.253,2.585,0,1,0,0,0,0,0,0,0,0,0,0,0,-1
29,6,11,0,1,0,0,0,4,0,0,0,0,0.0,0.7931,3.9614,2.585,0,1,0,0,0,0,0,0,0,0,0,0,0,-1
28,13,2,0,3,0,0,0,3,0,0,0,0,0.5357,0.1786,3.9408,2.6612,0,0,1,1,0,0,1,0,0,0,0,0,0,-1
29,14,2,0,3,0,0,0,3,0,0,0,0,0.5517,0.1724,3.5554,2.217,0,0,1,1,0,0,1,0,0,0,0,0,0,-1
46,15,19,0,1,0,0,0,4,0,0,0,0,0.0,0.8696,4.2055,3.3232,0,1,0,0,0,0,0,0,0,0,0,0,0,-1
34,14,7,0,4,0,0,0,3,0,0,0,0,0.4706,0.2647,3.9032,2.5027,0,0,1,1,0,0,1,0,0,0,0,0,0,-1
32,7,13,0,1,0,0,0,4,0,0,0,0,0.0,0.8125,3.8903,2.8074,0,1,0,0,0,0,0,0,0,0,0,0,0,-1
51,11,28,0,2,1,0,0,5,0,0,0,0,0.0,0.8235,4.254,3.0958,0,1,0,0,0,0,0,0,0,0,0,0,0,-1
34,13,9,0,1,0,0,0,3,0,0,0,0,0.0,0.8529,4.0575,2.8731,0,1,0,0,0,0,0,0,0,0,0,0,0,-1
20,4,4,0,1,0,0,0,3,0,0,0,0,0.0,0.75,3.8842,2.0,0,1,0,0,0,0,0,0,0,0,0,0,0,-1
32,12,8,0,1,1,0,0,3,0,0,0,0,0.0,0.8125,4.0039,3.0221,0,1,0,0,0,0,0,0,0,0,0,0,0,-1
35,10,14,0,2,0,0,0,4,0,0,0,0,0.1143,0.6857,4.0004,2.3219,0,0,0,0,0,0,1,0,0,0,0,0,0,-1
26,3,8,0,2,0,0,0,3,0,0,0,0,0.0,0.7692,3.7962,0.9183,0,1,0,0,0,0,0,0,0,0,0,0,0,-1
108,14,87,0,4,0,0,0,4,0,0,0,0,0.5648,0.3519,3.7056,2.6456,0,0,1,0,0,0,1,0,0,0,0,0,0,-1
42,11,23,0,5,0,0,0,4,0,0,0,0,0.1905,0.5714,4.2228,2.4817,0,1,1,0,0,0,1,0,0,0,0,0,0,-1
98,38,47,0,2,8,0,0,4,0,0,0,0,0.2245,0.6224,4.6892,3.8,0,1,0,0,0,0,0,0,0,1,1,0,0,-1
13,2,0,0,1,0,0,0,2,0,0,0,0,0.0,0.6923,3.2389,1.0,0,1,0,0,0,0,0,0,0,0,0,0,0,-1
32,12,7,0,4,0,0,0,3,0,0,0,0,0.4375,0.2812,3.6914,2.2296,0,0,1,1,0,0,1,0,0,0,0,0,0,-1
27,9,6,0,1,0,0,0,3,0,0,0,0,0.0,0.8148,3.9303,2.7255,0,1,0,0,0,0,0,0,0,0,0,0,0,-1
23,4,8,0,1,0,0,0,3,0,0,0,0,0.0,0.7826,3.6212,1.5,0,1,0,0,0,0,0,0,0,0,0,0,0,-1
35,9,14,0,1,0,0,0,4,0,0,0,0,0.0,0.8286,3.8973,2.7255,0,1,0,0,0,0,0,0,0,0,0,0,0,-1
27,3,12,0,1,0,0,0,4,0,0,0,0,0.0,0.7778,3.7919,1.585,0,1,0,0,0,0,0,0,0,0,0,0,0,-1
38,13,0,12,1,0,0,0,2,1,0,0,1,0.0,0.8421,3.9682,2.7774,0,1,0,0,0,0,0,0,0,0,0,0,0,-1
36,4,20,0,1,0,0,0,5,0,0,0,0,0.0,0.8056,4.1734,2.0,0,1,0,0,0,0,0,0,0,1,1,0,0,-1
30,12,11,0,3,0,1,0,3,0,0,0,0,0.3667,0.3667,4.0729,2.6258,0,0,1,0,0,0,1,0,0,0,0,0,0,-1
49,13,7,16,1,0,0,0,3,1,0,0,1,0.0,0.8367,4.3874,3.2389,0,1,0,0,0,0,0,0,0,0,0,0,0,-1
19,2,5,0,1,0,0,0,3,0,0,0,0,0.1053,0.6316,3.5369,1.0,0,1,0,0,0,0,1,0,0,0,0,0,0,-1
82,22,42,0,2,6,0,0,4,0,0,0,0,0.2561,0.5854,4.6568,3.516,0,1,0,0,0,0,0,0,0,0,0,0,0,-1
28,13,2,0,3,0,0,0,3,0,0,0,0,0.5357,0.1786,3.655,2.8151,0,0,1,1,0,0,1,0,0,0,0,0,0,-1
33,13,7,0,4,0,0,0,3,0,0,0,0,0.4545,0.2727,3.8212,2.3535,0,0,1,1,0,0,1,0,0,0,0,0,0,-1
29,14,2,0,3,0,0,0,3,0,0,0,0,0.5517,0.1724,3.8404,2.7534,0,0,1,1,0,0,1,0,0,0,0,0,0,-1
23,6,5,0,1,0,0,0,3,0,0,0,0,0.0,0.7826,3.8492,2.585,0,1,0,0,0,0,0,0,0,0,0,0,0,-1
24,6,6,0,1,1,0,0,3,0,0,0,0,0.0,0.75,3.7721,1.7925,0,1,0,0,0,0,0,0,0,0,0,0,0,-1
34,14,7,0,4,0,0,0,3,0,0,0,0,0.4706,0.2647,3.8781,2.3527,0,0,1,1,0,0,1,0,0,0,0,0,0,-1
33,13,7,0,4,0,0,0,3,0,0,0,0,0.4545,0.2727,3.87,2.5654,0,0,1,1,0,0,1,0,0,0,0,0,0,-1
23,5,6,0,1,0,0,0,3,0,0,0,0,0.0,0.7826,3.8164,2.3219,0,1,0,0,0,0,0,0,0,1,1,0,0,-1
26,14,5,0,3,0,0,0,3,0,0,0,0,0.5385,0.1923,3.6903,2.8424,0,0,1,0,0,0,1,0,0,0,0,0,0,-1
23,11,0,0,1,0,0,0,2,0,0,0,0,0.0,0.8261,3.7081,2.914,0,1,0,0,0,0,0,0,0,0,0,0,0,-1
32,14,11,0,3,0,0,0,4,0,0,0,0,0.375,0.375,3.9528,2.4138,0,0,1,0,0,0,1,0,0,0,0,0,0,-1
31,14,5,0,1,0,0,0,3,0,0,0,0,0.0,0.8387,4.0023,3.0391,0,1,0,0,0,0,0,0,0,0,0,0,0,-1
26,6,8,0,1,0,0,0,3,0,0,0,0,0.0,0.8077,3.7091,1.7925,0,1,0,0,0,0,0,0,0,1,1,0,0,-1
25,13,5,0,3,0,0,0,3,0,0,0,0,0.44,0.28,3.8635,2.8731,0,0,1,0,0,0,1,0,0,0,0,0,0,-1
33,15,11,0,4,0,0,0,3,0,0,0,0,0.3939,0.3636,4.1502,3.0062,0,0,1,0,0,0,1,0,0,0,0,0,0,-1
30,9,9,0,1,0,0,0,3,0,0,0,0,0.0,0.8333,3.6981,2.9477,0,1,0,0,0,0,0,0,0,1,1,1,0,-1
29,11,6,0,1,0,0,0,3,0,0,0,0,0.0,0.8276,4.0642,3.0958,0,1,0,0,0,0,0,0,0,1,1,0,0,-1
33,14,8,0,1,0,0,0,3,0,0,0,0,0.0,0.8485,4.0815,3.182,0,1,0,0,0,0,0,0,0,0,0,0,0,-1
31,14,10,0,4,0,0,0,3,0,0,0,0,0.3548,0.3871,4.0023,2.5567,0,0,1,0,0,0,1,0,0,0,0,0,0,-1
40,9,19,0,1,0,0,0,4,0,0,0,0,0.0,0.85,4.2531,2.6416,0,1,0,0,0,0,0,0,0,0,0,0,0,-1
79,14,1,42,2,4,0,0,3,1,0,0,1,0.2911,0.557,4.8701,3.3788,1,1,0,0,0,0,0,0,0,0,0,0,0,-1
30,15,2,0,3,0,0,0,3,0,0,0,0,0.5667,0.1667,3.5396,2.2826,0,0,1,1,0,0,1,0,0,0,0,0,0,-1
29,9,0,7,1,0,0,0,2,1,0,0,1,0.0,0.7931,4.1683,2.7255,0,1,0,0,0,0,0,0,0,0,0,0,0,-1
28,13,2,0,3,0,0,0,3,0,0,0,0,0.5357,0.1786,3.7265,2.6612,0,0,1,1,0,0,1,0,0,0,0,0,0,-1
31,11,8,0,1,0,0,0,3,0,0,0,0,0.0,0.8387,3.797,3.0272,0,1,0,0,0,0,0,0,0,0,0,0,0,-1
34,14,7,0,4,0,0,0,3,0,0,0,0,0.4706,0.2647,3.9476,2.6106,0,0,1,1,0,0,1,0,0,0,0,0,0,-1
61,17,28,0,3,3,0,0,6,0,0,0,0,0.0656,0.7213,4.3524,3.4548,1,1,0,0,0,0,0,0,0,0,0,0,0,-1
34,13,14,0,3,0,0,0,4,0,0,0,0,0.2941,0.4706,4.0575,2.6612,0,0,1,0,0,0,1,0,0,0,0,0,0,-1
39,15,17,0,4,0,0,0,4,0,0,0,0,0.3333,0.4359,4.3236,2.8226,0,0,1,0,0,0,1,0,0,0,0,0,0,-1
26,12,7,0,3,0,1,0,3,0,0,0,0,0.5,0.1923,3.7381,2.6258,0,0,1,0,0,0,1,0,0,0,0,0,0,-1
31,3,14,0,2,0,0,0,4,0,0,0,0,0.0,0.7742,3.8976,1.585,0,1,0,0,0,0,0,0,0,0,0,0,0,-1
36,6,19,0,1,0,0,0,4,0,0,0,0,0.0,0.8333,4.107,1.7925,0,1,0,0,0,0,0,0,0,0,0,0,0,-1
75,10,1,42,2,4,0,0,3,1,0,0,1,0.4133,0.4267,4.7554,3.3219,1,1,0,0,0,0,1,0,0,0,0,0,0,-1
22,4,6,0,1,0,0,0,3,0,0,0,0,0.0,0.7727,3.7544,2.0,0,1,0,0,0,0,0,0,0,0,0,1,0,-1
24,5,8,0,1,0,0,0,3,0,0,0,0,0.0,0.7917,3.261,1.9219,0,1,0,0,0,0,0,0,0,0,0,0,0,-1
34,14,7,0,4,0,0,0,3,0,0,0,0,0.4706,0.2647,3.962,2.6456,0,0,1,1,0,0,1,0,0,0,0,0,0,-1
31,6,0,12,1,0,0,0,2,1,0,0,1,0.0,0.8065,4.0023,2.585,0,1,0,0,0,0,0,0,0,0,0,0,0,-1
88,16,48,0,3,4,0,0,4,0,0,0,0,0.2045,0.6591,4.6503,3.4528,1,1,0,0,0,0,0,0,0,1,1,0,0,-1
48,9,24,0,1,2,0,0,4,0,0,0,0,0.0833,0.75,4.2781,2.7255,0,1,0,0,0,0,0,0,1,0,0,0,0,-1
32,14,11,0,4,0,0,0,3,0,0,0,0,0.375,0.375,4.1403,2.8424,0,0,1,0,0,0,1,0,0,0,0,0,0,-1
28,13,2,0,3,0,0,0,3,0,0,0,0,0.5357,0.1786,3.6456,2.4493,0,0,1,1,0,0,1,0,0,0,0,0,0,-1
32,13,7,0,1,0,0,0,3,0,0,0,0,0.0,0.8438,3.7928,3.3347,0,1,0,0,0,0,0,0,0,1,1,0,0,-1
37,18,4,0,2,0,0,0,3,0,0,0,0,0.0,0.8378,3.9723,3.4613,0,1,0,0,0,0,0,0,0,0,0,0,0,-1
73,13,47,0,2,5,0,0,4,0,0,0,0,0.274,0.5616,4.8134,2.8731,0,1,0,0,0,0,0,0,0,1,1,0,0,-1
34,8,14,0,1,0,0,0,4,0,0,0,0,0.0,0.8235,3.9764,2.75,0,1,0,0,0,0,0,0,0,0,0,0,0,-1
45,7,26,0,1,1,0,0,6,0,0,0,0,0.0,0.8,4.1278,2.8074,0,1,0,0,0,0,0,0,0,0,0,0,0,-1
28,8,8,0,1,0,0,0,3,0,0,0,0,0.0,0.8214,3.8249,2.75,0,1,0,0,0,0,0,0,0,0,0,0,0,-1
52,11,31,0,2,0,0,0,5,0,0,0,0,0.0577,0.7885,4.3093,3.0958,0,0,0,0,0,0,1,0,0,0,0,0,0,-1
35,9,14,0,1,0,0,0,4,0,0,0,0,0.0,0.8286,4.0576,2.9477,0,1,0,0,0,0,0,0,0,0,0,0,0,-1
32,12,7,0,4,0,0,0,3,0,0,0,0,0.4375,0.2812,3.9917,3.0221,0,0,1,1,0,0,1,0,0,0,0,0,0,-1
41,11,7,10,1,0,0,0,3,1,0,0,1,0.0,0.8293,4.2715,3.2776,0,1,0,0,0,0,0,0,0,0,0,0,0,-1
53,5,34,0,2,1,0,0,5,0,0,0,0,0.0,0.8302,4.2567,2.3219,0,1,0,0,0,0,0,0,0,0,0,0,0,-1
39,12,15,0,1,0,0,0,4,0,0,0,0,0.0,0.8462,4.0866,2.3554,0,1,0,0,0,0,0,0,0,0,0,0,0,-1
31,13,11,0,3,0,0,0,4,0,0,0,0,0.3548,0.3871,4.0911,2.7193,0,0,1,0,0,0,1,0,0,0,0,0,0,-1
35,16,0,6,1,0,0,0,2,1,0,0,1,0.0286,0.8,4.2402,3.375,0,1,0,0,0,0,0,0,0,0,0,0,0,-1
23,3,9,0,1,0,0,0,3,0,0,0,0,0.0,0.7826,3.6425,1.585,0,1,0,0,0,0,0,0,0,0,0,0,0,-1
34,10,12,0,1,0,0,0,4,0,0,0,0,0.0,0.8235,3.8888,2.9219,0,1,0,0,0,0,0,0,0,0,0,0,0,-1
29,14,2,0,3,0,0,0,3,0,0,0,0,0.5517,0.1724,3.4999,2.4138,0,0,1,1,0,0,1,0,0,0,0,0,0,-1
35,15,7,0,4,0,0,0,3,0,0,0,0,0.4857,0.2571,3.9789,2.6062,0,0,1,1,0,0,1,0,0,0,0,0,0,-1
26,11,2,0,3,0,0,0,3,0,0,0,0,0.5,0.1923,3.6903,2.6635,0,0,1,1,0,0,1,0,0,0,0,0,0,-1
33,13,7,0,4,0,0,0,3,0,0,0,0,0.4545,0.2727,3.87,2.2578,0,0,1,1,0,0,1,0,0,0,0,0,0,-1
49,13,29,0,4,0,0,0,5,0,0,0,0,0.449,0.3469,4.3445,2.4493,0,0,1,0,0,0,1,0,0,0,0,0,0,-1
25,11,7,0,3,0,0,0,3,0,0,0,0,0.44,0.28,3.7533,2.5949,0,0,1,0,0,0,1,0,0,0,0,0,0,-1
28,8,9,0,1,0,0,0,3,0,0,0,0,0.0,0.8214,3.7674,2.25,0,1,0,0,0,0,0,0,0,0,0,0,0,-1
35,7,14,0,2,0,0,0,4,0,0,0,0,0.0,0.8,3.7474,2.8074,0,1,0,0,0,0,0,0,0,0,0,0,0,-1
32,7,2,0,2,0,0,0,3,0,0,0,0,0.0,0.8125,4.0778,2.1281,1,0,0,0,0,0,0,0,0,0,0,0,0,-1
27,12,2,0,3,0,0,0,3,0,0,0,0,0.5185,0.1852,3.6801,2.2925,0,0,1,1,0,0,1,0,0,0,0,0,0,-1
33,6,16,0,1,0,0,0,4,0,0,0,0,0.0,0.8182,3.7865,1.9183,0,1,0,0,0,0,0,0,0,1,1,1,1,-1
29,10,0,6,1,0,0,0,2,1,0,0,1,0.0345,0.7586,4.1163,2.9219,0,1,0,0,0,0,0,0,0,0,0,0,0,-1
70,10,42,0,2,5,0,0,4,0,0,0,0,0.2429,0.5857,4.62,3.3219,0,1,0,0,0,0,0,0,0,0,0,0,0,-1
59,15,32,0,3,0,0,0,5,0,0,0,0,0.4237,0.4068,4.5649,2.7396,0,0,1,1,0,0,1,0,0,0,0,0,0,-1
34,14,7,0,4,0,0,0,3,0,0,0,0,0.4706,0.2647,4.0797,2.6456,0,0,1,1,0,0,1,0,0,0,0,0,0,-1
34,14,7,0,4,0,0,0,3,0,0,0,0,0.4706,0.2647,4.0431,2.7534,0,0,1,1,0,0,1,0,0,0,0,0,0,-1
28,13,2,0,3,0,0,0,3,0,0,0,0,0.5357,0.1786,3.4583,2.1997,0,0,1,1,0,0,1,0,0,0,0,0,0,-1
31,13,11,0,3,0,2,0,3,0,0,0,0,0.4516,0.2581,3.9779,2.8731,0,0,1,0,0,0,1,0,0,0,0,0,0,-1
28,13,2,0,3,0,0,0,3,0,0,0,0,0.5357,0.1786,3.5976,2.6612,0,0,1,1,0,0,1,0,0,0,0,0,0,-1
29,14,2,0,3,0,0,0,3,0,0,0,0,0.5517,0.1724,3.7454,2.6995,0,0,1,1,0,0,1,0,0,0,0,0,0,-1
29,14,2,0,3,0,0,0,3,0,0,0,0,0.5517,0.1724,3.7159,2.4956,0,0,1,1,0,0,1,0,0,0,0,0,0,-1
25,13,5,0,3,0,0,0,3,0,0,0,0,0.44,0.28,3.8635,2.8731,0,0,1,0,0,0,1,0,0,0,0,0,0,-1
23,7,4,0,1,0,0,0,3,0,0,0,0,0.0,0.7826,3.7951,2.5216,0,1,0,0,0,0,0,0,0,0,0,0,0,-1
44,12,20,0,1,0,0,0,5,0,0,0,0,0.0,0.8409,4.1381,3.1887,0,1,0,0,0,0,0,0,0,1,1,0,0,-1
41,17,12,0,1,0,0,0,4,0,0,0,0,0.0732,0.7805,4.5866,3.3372,0,1,0,0,0,0,0,0,0,0,0,0,0,-1
34,14,7,0,4,0,0,0,3,0,0,0,0,0.4706,0.2647,3.7604,2.4138,0,0,1,1,0,0,1,0,0,0,0,0,0,-1
87,19,1,42,3,4,0,0,3,1,0,0,1,0.1839,0.6667,4.7996,3.4714,1,1,0,0,0,0,0,0,0,0,0,0,0,-1
40,4,0,21,2,0,0,0,2,2,1,0,1,0.0,0.775,4.3653,2.0,0,1,0,0,0,0,0,0,0,0,0,0,0,-1
52,8,33,0,1,3,0,0,5,0,0,0,0,0.0962,0.7115,4.3717,2.5,0,1,0,0,0,0,0,0,0,0,0,0,0,-1
29,13,9,0,3,0,1,0,3,0,0,0,0,0.4138,0.3103,4.0213,2.6612,0,0,1,0,0,0,1,0,0,0,0,0,0,-1
33,13,7,0,4,0,0,0,3,0,0,0,0,0.4545,0.2727,4.0667,2.7193,0,0,1,1,0,0,1,0,0,0,0,0,0,-1
68,13,48,0,4,1,1,0,5,0,0,0,0,0.3382,0.4853,4.3312,2.5654,0,0,1,0,0,0,1,0,0,0,0,0,0,-1
55,18,14,10,1,0,2,0,4,1,0,0,1,0.1273,0.6909,4.8764,3.5724,0,1,0,0,0,0,0,0,0,0,0,0,0,-1
30,15,2,0,3,0,0,0,3,0,0,0,0,0.5667,0.1667,3.6444,2.6826,0,0,1,1,0,0,1,0,0,0,0,0,0,-1
29,14,2,0,3,0,0,0,3,0,0,0,0,0.5517,0.1724,3.7623,2.8424,0,0,1,1,0,0,1,0,0,0,0,0,0,-1
69,9,47,0,2,4,0,0,4,0,0,0,0,0.2609,0.5797,4.6078,2.9477,0,1,0,0,0,0,0,0,0,1,1,0,0,-1
36,13,16,0,4,0,0,0,4,0,0,0,0,0.3056,0.4444,4.2601,2.8151,0,0,1,0,0,0,1,0,0,0,0,0,0,-1
26,0,9,0,2,0,0,0,3,0,0,0,0,0.0,0.7692,3.921,0.0,0,1,0,0,0,0,0,0,0,0,0,0,0,-1
29,14,2,0,3,0,0,0,3,0,0,0,0,0.5517,0.1724,3.6075,2.4138,0,0,1,1,0,0,1,0,0,0,0,0,0,-1
29,14,2,0,3,0,0,0,3,0,0,0,0,0.5517,0.1724,3.8144,2.8424,0,0,1,1,0,0,1,0,0,0,0,0,0,-1
33,13,7,0,4,0,0,0,3,0,0,0,0,0.4545,0.2727,3.7865,2.4116,0,0,1,1,0,0,1,0,0,0,0,0,0,-1
29,14,2,0,3,0,0,0,3,0,0,0,0,0.5517,0.1724,3.578,2.2988,0,0,1,1,0,0,1,0,0,0,0,0,0,-1
44,8,24,0,1,2,0,0,4,0,0,0,0,0.0909,0.7273,4.1613,2.5,0,1,0,0,0,0,0,0,0,0,0,0,0,-1
37,10,15,0,1,0,0,0,4,0,0,0,0,0.0,0.8378,4.1345,3.1219,0,1,0,0,0,0,0,0,0,0,0,0,0,-1
90,30,47,0,2,8,0,0,4,0,0,0,0,0.2222,0.6111,4.7777,3.9647,0,1,0,0,0,0,0,0,0,1,1,0,0,-1
37,9,16,0,1,0,0,0,4,0,0,0,0,0.0,0.8378,3.8074,2.7255,0,1,0,0,0,0,0,0,0,0,0,0,0,-1
29,14,2,0,3,0,0,0,3,0,0,0,0,0.5517,0.1724,3.7159,2.4956,0,0,1,1,0,0,1,0,0,0,0,0,0,-1
31,11,7,0,4,0,0,0,3,0,0,0,0,0.4194,0.2903,3.8976,2.2999,0,0,1,1,0,0,1,0,0,0,0,0,0,-1
37,14,16,0,4,0,0,0,3,0,0,0,0,0.3784,0.4054,4.0441,2.5567,0,0,1,0,0,0,1,0,0,0,0,0,0,-1
29,14,2,0,3,0,0,0,3,0,0,0,0,0.5517,0.1724,3.7194,2.4138,0,0,1,1,0,0,1,0,0,0,0,0,0,-1
35,14,14,0,4,0,0,0,4,0,0,0,0,0.4,0.3429,3.7503,2.2709,0,0,1,0,0,0,1,0,0,0,0,0,0,-1
26,9,5,0,1,0,0,0,3,0,0,0,0,0.0,0.8077,3.9022,3.1699,0,1,0,0,0,0,0,0,0,0,0,0,0,-1
27,12,2,0,3,0,0,0,3,0,0,0,0,0.5185,0.1852,3.708,2.3554,0,0,1,1,0,0,1,0,0,0,0,0,0,-1
33,13,7,0,4,0,0,0,3,0,0,0,0,0.4545,0.2727,3.692,2.0759,0,0,1,1,0,0,1,0,0,0,0,0,0,-1
40,10,19,0,1,0,0,0,5,0,0,0,0,0.025,0.8,4.0185,2.7219,0,1,0,0,0,0,1,0,0,0,0,0,0,-1
25,3,11,0,1,0,0,0,4,0,0,0,0,0.0,0.76,3.4293,1.585,0,1,0,0,0,0,0,0,0,0,0,0,0,-1
30,14,9,0,4,0,0,0,3,0,0,0,0,0.4,0.3333,3.9396,2.8424,0,0,1,0,0,0,1,0,0,0,0,0,0,-1
29,5,9,0,2,0,0,0,4,0,0,0,0,0.0,0.7586,3.8664,2.3219,0,1,0,0,0,0,0,0,0,0,0,0,0,-1
32,4,16,0,1,0,0,0,4,0,0,0,0,0.0,0.8125,3.9292,2.0,0,1,0,0,0,0,0,0,0,0,0,0,0,-1
27,12,2,0,3,0,0,0,3,0,0,0,0,0.5185,0.1852,3.708,2.6887,0,0,1,1,0,0,1,0,0,0,0,0,0,-1
25,14,4,0,3,0,0,0,3,0,0,0,0,0.44,0.28,3.5329,2.306,0,0,1,0,0,0,1,0,0,0,0,0,0,-1
68,13,48,0,4,1,1,0,5,0,0,0,0,0.4706,0.3529,4.4,2.5654,0,0,1,0,0,0,1,0,0,0,0,0,0,-1
29,14,2,0,3,0,0,0,3,0,0,0,0,0.5517,0.1724,3.6764,2.5567,0,0,1,1,0,0,1,0,0,0,0,0,0,-1
32,3,14,0,2,0,0,0,4,0,0,0,0,0.0,0.7812,3.8903,1.585,0,1,0,0,0,0,0,0,0,0,0,0,0,-1
24,13,4,0,3,0,0,0,3,0,0,0,0,0.4167,0.2917,3.8554,2.8731,0,0,1,0,0,0,1,0,0,0,0,0,0,-1
34,14,7,0,4,0,0,0,3,0,0,0,0,0.4706,0.2647,3.6823,2.067,0,0,1,1,0,0,1,0,0,0,0,0,0,-1
33,6,15,0,1,0,0,0,4,0,0,0,0,0.0,0.8182,4.332,2.2516,0,1,0,0,0,0,0,0,0,0,0,0,0,-1
28,13,2,0,3,0,0,0,3,0,0,0,0,0.5357,0.1786,3.5297,2.6612,0,0,1,1,0,0,1,0,0,0,0,0,0,-1
44,15,14,0,2,0,0,0,4,0,0,0,0,0.0,0.8409,4.0278,3.6402,0,1,0,0,0,0,0,0,0,0,0,0,0,-1
79,14,1,42,2,4,0,0,3,1,0,0,1,0.3418,0.5063,4.8636,3.182,1,1,0,0,0,0,0,0,0,0,0,0,0,-1
33,13,7,0,4,0,0,0,3,0,0,0,0,0.4545,0.2727,4.0518,2.8151,0,0,1,1,0,0,1,0,0,0,0,0,0,-1
25,11,7,0,3,0,0,0,3,0,0,0,0,0.48,0.24,3.7533,2.5949,0,0,1,0,0,0,1,0,0,0,0,0,0,-1
33,13,7,0,4,0,0,0,3,0,0,0,0,0.4545,0.2727,4.0518,2.8731,0,0,1,1,0,0,1,0,0,0,0,0,0,-1
28,13,2,0,3,0,0,0,3,0,0,0,0,0.5357,0.1786,3.4408,2.4493,0,0,1,1,0,0,1,0,0,0,0,0,0,-1
27,12,2,0,3,0,0,0,3,0,0,0,0,0.5185,0.1852,3.5138,2.2296,0,0,1,1,0,0,1,0,0,0,0,0,0,-1
26,11,2,0,3,0,0,0,3,0,0,0,0,0.5,0.1923,3.6424,2.6635,0,0,1,1,0,0,1,0,0,0,0,0,0,-1
28,13,2,0,3,0,0,0,3,0,0,0,0,0.5357,0.1786,3.655,2.4116,0,0,1,1,0,0,1,0,0,0,0,0,0,-1
68,13,48,0,4,1,1,0,5,0,0,0,0,0.4853,0.3382,4.3168,2.5654,0,0,1,0,0,0,1,0,0,0,0,0,0,-1
22,10,0,0,1,1,0,0,2,0,0,0,0,0.0,0.7727,3.6412,2.9219,0,1,0,0,0,0,0,0,0,0,0,0,0,-1
40,14,14,0,1,0,0,0,4,0,0,0,0,0.0,0.85,4.1464,3.5216,0,1,0,0,0,0,0,0,0,0,0,0,0,-1
32,11,9,0,1,0,0,0,3,0,0,0,0,0.0,0.8438,3.9261,3.4594,0,1,0,0,0,0,0,0,0,0,0,0,0,-1
41,13,0,12,2,0,0,0,2,1,0,0,1,0.0,0.8293,4.1899,3.2389,0,1,0,0,0,0,0,0,0,0,0,0,0,-1
64,8,37,0,2,4,0,0,3,0,0,0,0,0.3594,0.4844,4.693,2.5,1,1,0,0,0,0,0,0,0,0,0,0,0,-1
25,5,9,0,1,0,0,0,3,0,0,0,0,0.0,0.8,3.7035,1.9219,0,1,0,0,0,0,0,0,0,0,0,0,0,-1
34,14,7,0,4,0,0,0,3,0,0,0,0,0.4706,0.2647,3.9369,2.6106,0,0,1,1,0,0,1,0,0,0,0,0,0,-1
22,5,5,0,1,0,0,0,3,0,0,0,0,0.0,0.7727,3.6978,2.3219,0,1,0,0,0,0,0,0,0,0,0,0,0,-1
29,14,2,0,3,0,0,0,3,0,0,0,0,0.5517,0.1724,3.7623,2.6995,0,0,1,1,0,0,1,0,0,0,0,0,0,-1
29,14,2,0,3,0,0,0,3,0,0,0,0,0.5517,0.1724,3.7883,2.8424,0,0,1,1,0,0,1,0,0,0,0,0,0,-1
27,12,2,0,3,0,0,0,3,0,0,0,0,0.5185,0.1852,3.4262,2.4591,0,0,1,1,0,0,1,0,0,0,0,0,0,-1
59,6,41,0,1,5,0,0,4,0,0,0,0,0.2881,0.5254,4.376,1.9183,0,1,0,0,0,0,0,0,0,0,0,0,0,-1
67,17,34,0,3,0,0,0,6,0,0,0,0,0.0448,0.806,4.3467,3.4548,1,1,0,0,0,0,0,0,0,0,0,0,0,-1
35,12,11,0,2,0,0,0,3,0,0,0,0,0.0,0.8286,4.1363,2.8554,0,1,0,0,0,0,0,0,0,0,0,0,0,-1
41,9,20,0,1,0,0,0,5,0,0,0,0,0.0,0.8293,4.2874,2.9477,0,1,0,0,0,0,0,0,0,1,1,0,0,-1
28,13,2,0,3,0,0,0,3,0,0,0,0,0.5357,0.1786,3.7979,3.027,0,0,1,1,0,0,1,0,0,0,0,0,0,-1
43,11,20,0,1,0,0,0,5,0,0,0,0,0.0,0.8372,4.2664,3.0958,0,1,0,0,0,0,0,0,0,1,1,0,0,-1
28,13,2,0,3,0,0,0,3,0,0,0,0,0.5357,0.1786,3.8249,2.8151,0,0,1,1,0,0,1,0,0,0,0,0,0,-1
32,12,7,0,4,0,0,0,3,0,0,0,0,0.4375,0.2812,4.1639,3.0221,0,0,1,1,0,0,1,0,0,0,0,0,0,-1
18,3,0,0,2,0,0,0,2,0,0,0,0,0.0,0.7222,3.4613,1.585,0,1,0,0,0,0,0,0,0,0,0,0,0,-1
31,7,9,0,2,0,0,0,3,0,0,0,0,0.0,0.8065,3.9378,2.5216,0,1,0,0,0,0,0,0,0,0,0,0,0,-1
32,11,10,0,2,1,0,0,3,0,0,0,0,0.0,0.7812,3.9445,3.4594,0,0,0,0,0,0,0,0,0,0,0,0,0,-1
76,13,45,0,2,4,0,0,4,0,0,0,0,0.25,0.6053,4.7776,3.3927,0,1,0,0,0,0,0,0,0,0,0,0,0,-1
35,14,9,0,1,0,0,0,3,0,0,0,0,0.0,0.8571,3.9713,3.3249,0,1,0,0,0,0,0,0,0,0,0,0,0,-1
24,13,4,0,3,0,0,0,3,0,0,0,0,0.4167,0.2917,3.7721,2.7193,0,0,1,0,0,0,1,0,0,0,0,0,0,-1
33,9,12,0,1,0,0,0,3,0,0,0,0,0.0,0.8485,3.653,2.6416,0,1,0,0,0,0,0,0,0,0,0,0,0,-1
26,12,2,0,3,0,0,0,3,0,0,0,0,0.5,0.1923,3.6612,2.4591,0,0,1,1,0,0,1,0,0,0,0,0,0,-1
25,13,5,0,3,0,0,0,3,0,0,0,0,0.44,0.28,3.8635,2.8731,0,0,1,0,0,0,1,0,0,0,0,0,0,-1
74,14,42,0,2,5,0,0,4,0,0,0,0,0.3108,0.527,4.8309,3.3249,0,1,0,0,0,0,0,0,0,0,0,0,0,-1
27,7,8,0,1,0,0,0,3,0,0,0,0,0.0,0.8148,3.9582,2.8074,0,1,0,0,0,0,0,0,0,0,0,0,0,-1
39,15,12,0,1,0,0,0,4,0,0,0,0,0.0,0.8462,4.0798,3.4566,0,1,0,0,0,0,0,0,0,0,0,0,0,-1
25,11,7,0,3,0,0,0,3,0,0,0,0,0.48,0.24,3.7231,2.5949,0,0,1,0,0,0,1,0,0,0,0,0,0,-1
35,19,5,0,1,1,0,0,3,0,0,0,0,0.0,0.8286,4.05,3.2608,0,1,0,0,0,0,0,0,0,0,0,0,0,-1
30,14,9,0,3,0,0,0,4,0,0,0,0,0.3667,0.3667,3.9647,2.7885,0,0,1,0,0,0,1,0,0,0,0,0,0,-1
25,8,5,0,1,0,0,0,3,0,0,0,0,0.0,0.8,3.8333,2.5,0,1,0,0,0,0,0,0,0,0,0,0,0,-1
30,9,9,0,1,0,0,0,3,0,0,0,0,0.0,0.8333,3.6947,2.7255,0,1,0,0,0,0,0,0,0,0,0,0,0,-1
33,13,7,0,4,0,0,0,3,0,0,0,0,0.4545,0.2727,3.9683,2.6612,0,0,1,1,0,0,1,0,0,0,0,0,0,-1
33,12,9,0,1,0,0,0,4,0,0,0,0,0.0,0.8182,4.2108,3.4183,0,1,0,0,0,0,0,0,0,0,0,0,0,-1
32,12,7,0,4,0,0,0,3,0,0,0,0,0.4375,0.2812,3.9292,2.6258,0,0,1,1,0,0,1,0,0,0,0,0,0,-1
34,17,5,0,1,0,0,0,3,0,0,0,0,0.0,0.8529,4.0797,3.2639,0,1,0,0,0,0,0,0,0,0,0,0,0,-1
25,2,11,0,1,0,0,0,4,0,0,0,0,0.0,0.76,3.5737,1.0,0,1,0,0,0,0,0,0,0,0,0,0,0,-1
22,6,5,0,1,0,0,0,3,0,0,0,0,0.0,0.7727,3.516,2.2516,0,1,0,0,0,0,0,0,0,0,0,0,0,-1
34,14,7,0,4,0,0,0,3,0,0,0,0,0.4706,0.2647,3.8781,2.2988,0,0,1,1,0,0,1,0,0,0,0,0,0,-1
30,14,9,0,4,0,0,0,3,0,0,0,0,0.3667,0.3667,4.0817,2.8963,0,0,1,0,0,0,1,0,0,0,0,0,0,-1
25,11,7,0,3,0,0,0,3,0,0,0,0,0.48,0.24,3.8333,2.5949,0,0,1,0,0,0,1,0,0,0,0,0,0,-1
28,9,7,0,1,0,0,0,3,0,0,0,0,0.0,0.8214,4.0122,2.6416,0,1,0,0,0,0,0,0,0,0,0,0,0,-1
34,7,4,0,2,0,0,0,3,0,0,0,0,0.0,0.8235,4.1163,2.5216,1,0,0,0,0,0,0,0,0,0,0,0,0,-1
34,9,13,0,1,0,0,0,4,0,0,0,0,0.0294,0.7941,4.1973,3.1699,0,1,0,0,0,0,1,0,0,0,0,0,0,-1
34,10,0,12,1,0,0,0,2,1,0,0,1,0.0,0.8235,4.396,2.6464,0,1,0,0,0,0,0,0,0,0,0,0,0,-1
65,8,37,0,2,4,0,0,3,0,0,0,0,0.3538,0.4923,4.5948,2.25,1,1,0,0,0,0,1,0,0,0,0,0,0,-1
85,19,45,0,3,4,0,0,4,0,0,0,0,0.2235,0.6353,4.8416,3.8269,1,1,0,0,0,0,0,0,0,0,0,0,0,-1
41,17,12,0,1,0,0,0,3,0,0,0,0,0.0732,0.8049,4.0276,3.4548,0,1,0,0,0,0,1,0,0,0,0,0,0,-1
19,3,5,0,1,0,0,0,3,0,0,0,0,0.0,0.7368,3.5766,1.585,0,1,0,0,0,0,0,0,0,0,0,0,0,-1
43,7,24,0,1,0,0,0,5,0,0,0,0,0.0,0.8372,4.1795,2.5216,0,1,0,0,0,0,0,0,0,1,1,0,0,-1
29,3,11,0,2,0,0,0,4,0,0,0,0,0.0,0.7586,4.0304,1.585,0,1,0,0,0,0,0,0,0,0,0,0,0,-1
25,14,4,0,3,0,0,0,3,0,0,0,0,0.48,0.24,3.5329,2.306,0,0,1,0,0,0,1,0,0,0,0,0,0,-1
33,12,9,0,1,0,0,0,3,0,0,0,0,0.0,0.8485,4.1273,3.2516,0,1,0,0,0,0,0,0,0,0,0,0,0,-1
28,13,2,0,3,0,0,0,3,0,0,0,0,0.5357,0.1786,3.7265,2.4116,0,0,1,1,0,0,1,0,0,0,0,0,0,-1
48,15,22,0,1,2,0,0,5,0,0,0,0,0.125,0.6875,4.1811,3.3736,0,1,0,0,0,0,0,0,0,0,0,0,0,-1
29,9,8,0,1,0,0,0,3,0,0,0,0,0.0,0.8276,3.8833,2.7255,0,1,0,0,0,0,0,0,0,0,0,0,0,-1
29,3,14,0,1,0,0,0,4,0,0,0,0,0.1724,0.6207,4.2802,1.585,0,1,0,0,0,0,0,0,0,0,0,0,0,-1
34,6,16,0,1,0,0,0,4,0,0,0,0,0.0,0.8235,4.0209,2.585,0,1,0,0,0,0,0,0,0,0,0,0,0,-1
19,2,6,0,1,0,0,0,3,0,0,0,0,0.0,0.7368,3.6421,0.0,0,1,0,0,0,0,0,0,0,1,1,0,0,-1
40,14,19,0,4,0,0,0,4,0,0,0,0,0.35,0.425,4.2219,2.6995,0,0,1,0,0,0,1,0,0,0,0,0,0,-1
26,11,2,0,3,0,0,0,3,0,0,0,0,0.5,0.1923,3.7672,2.6635,0,0,1,1,0,0,1,0,0,0,0,0,0,-1
55,7,34,0,2,1,0,0,5,0,0,0,0,0.0,0.8364,4.3225,2.5216,0,1,0,0,0,0,0,0,0,0,0,0,0,-1
29,14,2,0,3,0,0,0,3,0,0,0,0,0.5517,0.1724,3.7849,2.6106,0,0,1,1,0,0,1,0,0,0,0,0,0,-1
33,6,15,0,1,0,0,0,4,0,0,0,0,0.0,0.8182,3.6882,2.2516,0,1,0,0,0,0,0,0,0,0,0,0,0,-1
32,11,9,0,1,1,0,0,3,0,0,0,0,0.0,0.8125,4.2653,3.0958,0,1,0,0,0,0,0,0,0,0,0,0,0,-1
29,14,2,0,3,0,0,0,3,0,0,0,0,0.5517,0.1724,3.8573,2.8424,0,0,1,1,0,0,1,0,0,0,0,0,0,-1
52,17,7,16,1,1,0,0,3,1,0,0,1,0.0,0.8077,4.3257,3.4548,0,1,0,0,0,0,0,0,0,0,0,0,0,-1
33,7,15,0,1,0,0,0,4,0,0,0,0,0.0,0.8182,4.0061,2.5216,0,1,0,0,0,0,0,0,0,0,0,0,0,-1
30,7,11,0,1,0,0,0,4,0,0,0,0,0.0,0.8,3.8151,2.8074,0,1,0,0,0,0,0,0,0,0,0,0,0,-1
31,11,7,0,4,0,0,0,3,0,0,0,0,0.4194,0.2903,4.0266,2.8454,0,0,1,1,0,0,1,0,0,0,0,0,0,-1
80,8,49,0,3,4,0,0,4,0,0,0,0,0.2,0.65,4.684,3.0,1,1,0,0,0,0,0,0,0,0,0,0,0,-1
36,6,19,0,1,1,0,0,5,0,0,0,0,0.0,0.7778,3.983,2.2516,0,1,0,0,0,0,0,0,0,1,1,1,1,-1
42,11,19,0,1,1,0,0,5,0,0,0,0,0.0,0.8095,4.1455,3.2776,0,1,0,0,0,0,0,0,0,0,0,0,0,-1
25,7,6,0,1,0,0,0,3,0,0,0,0,0.0,0.8,3.9133,2.5216,0,1,0,0,0,0,0,0,0,0,0,0,0,-1
40,9,19,0,1,0,0,0,4,0,0,0,0,0.0,0.85,4.3153,3.1699,0,1,0,0,0,0,0,0,0,0,0,0,0,-1
27,3,11,0,1,0,0,0,4,0,0,0,0,0.0,0.7778,3.764,1.585,0,1,0,0,0,0,0,0,1,0,0,0,0,-1
25,11,7,0,3,0,0,0,3,0,0,0,0,0.44,0.28,3.7533,2.5949,0,0,1,0,0,0,1,0,0,0,0,0,0,-1
28,13,2,0,3,0,0,0,3,0,0,0,0,0.5357,0.1786,3.6995,2.6612,0,0,1,1,0,0,1,0,0,0,0,0,0,-1
88,26,47,0,2,7,0,0,4,0,0,0,0,0.2386,0.6023,4.6374,3.6903,0,1,0,0,0,0,0,0,0,1,1,0,0,-1
33,13,7,0,4,0,0,0,3,0,0,0,0,0.4545,0.2727,4.0061,2.6612,0,0,1,1,0,0,1,0,0,0,0,0,0,-1
49,13,29,0,4,0,0,0,5,0,0,0,0,0.4286,0.3673,4.4336,2.4493,0,0,1,0,0,0,1,0,0,0,0,0,0,-1
23,4,7,0,1,0,0,0,3,0,0,0,0,0.0,0.7826,3.8492,2.0,0,1,0,0,0,0,0,0,0,0,0,0,0,-1
84,15,1,42,2,5,0,0,3,1,0,0,1,0.2738,0.5714,4.8582,3.1396,1,1,0,0,0,0,0,0,0,0,0,0,0,-1
44,9,24,0,1,0,0,0,5,0,0,0,0,0.0,0.8409,4.0255,2.6416,0,1,0,0,0,0,0,0,0,1,1,0,0,-1
28,5,8,0,2,0,0,0,3,0,0,0,0,0.0,0.7857,3.655,1.9219,0,1,0,0,0,0,0,0,0,1,1,0,0,-1
26,6,9,0,1,0,0,0,3,0,0,0,0,0.0,0.8077,3.6133,1.9183,0,1,0,0,0,0,0,0,0,1,1,1,1,-1
45,16,17,0,1,1,0,0,4,0,0,0,0,0.0,0.8444,3.9332,3.3278,0,1,0,0,0,0,0,0,0,0,0,0,0,-1
30,13,10,0,3,0,1,0,3,0,0,0,0,0.4333,0.3,4.0314,2.5074,0,0,1,0,0,0,1,0,0,0,0,0,0,-1
33,13,7,0,4,0,0,0,3,0,0,0,0,0.4545,0.2727,3.8849,2.4493,0,0,1,1,0,0,1,0,0,0,0,0,0,-1
27,12,2,0,3,0,0,0,3,0,0,0,0,0.5185,0.1852,3.8282,2.3962,0,0,1,1,0,0,1,0,0,0,0,0,0,-1
36,14,12,0,3,0,1,0,3,0,0,0,0,0.3889,0.3611,4.1626,2.6106,0,0,1,1,0,0,1,0,0,0,0,0,0,-1
32,12,7,0,4,0,0,0,3,0,0,0,0,0.4375,0.2812,3.8042,2.5221,0,0,1,1,0,0,1,0,0,0,0,0,0,-1
35,12,16,0,3,0,0,0,4,0,0,0,0,0.2571,0.5143,4.1859,2.8554,0,0,1,0,0,0,1,0,0,0,0,0,0,-1
27,12,2,0,3,0,0,0,3,0,0,0,0,0.5185,0.1852,3.8842,2.6887,0,0,1,1,0,0,1,0,0,0,0,0,0,-1
21,5,5,0,1,0,0,0,3,0,0,0,0,0.0,0.7619,3.6538,1.9219,0,1,0,0,0,0,0,0,0,0,0,0,0,-1
39,7,20,0,1,0,0,0,5,0,0,0,0,0.0,0.8205,4.2949,2.8074,0,1,0,0,0,0,0,0,0,1,1,0,0,-1
33,13,7,0,4,0,0,0,3,0,0,0,0,0.4545,0.2727,3.9077,2.6612,0,0,1,1,0,0,1,0,0,0,0,0,0,-1
33,13,7,0,4,0,0,0,3,0,0,0,0,0.4545,0.2727,3.9683,2.5074,0,0,1,1,0,0,1,0,0,0,0,0,0,-1
76,12,1,42,2,4,0,0,3,1,0,0,1,0.2237,0.6184,4.8578,3.1887,1,1,0,0,0,0,0,0,0,0,0,0,0,-1
23,2,9,0,1,0,0,0,3,0,0,0,0,0.0,0.7826,3.7294,1.0,0,1,0,0,0,0,0,0,0,0,0,0,0,-1
29,14,2,0,3,0,0,0,3,0,0,0,0,0.5517,0.1724,3.8144,2.8963,0,0,1,1,0,0,1,0,0,0,0,0,0,-1
32,12,7,0,4,0,0,0,3,0,0,0,0,0.4375,0.2812,3.8903,2.6258,0,0,1,1,0,0,1,0,0,0,0,0,0,-1
87,25,47,0,2,6,0,0,4,0,0,0,0,0.1839,0.6667,4.6586,3.7337,0,1,0,0,0,0,0,0,0,1,1,0,0,-1
27,6,9,0,1,0,0,0,3,0,0,0,0,0.0,0.8148,3.8562,2.2516,0,1,0,0,0,0,0,0,0,0,0,0,0,-1
40,4,14,10,1,0,2,0,4,1,0,0,1,0.175,0.575,4.5342,1.5,0,1,0,0,0,0,0,0,0,0,0,0,0,-1
68,13,48,0,4,1,1,0,5,0,0,0,0,0.4412,0.3824,4.3505,2.5654,0,0,1,0,0,0,1,0,0,0,0,0,0,-1
22,5,5,0,1,0,0,0,3,0,0,0,0,0.0,0.7727,3.5383,1.9219,0,1,0,0,0,0,0,0,0,0,0,0,0,-1
32,12,7,0,4,0,0,0,3,0,0,0,0,0.4375,0.2812,3.9764,2.5221,0,0,1,1,0,0,1,0,0,0,0,0,0,-1
25,8,5,0,1,0,0,0,3,0,0,0,0,0.0,0.8,3.8333,3.0,0,1,0,0,0,0,0,0,0,0,0,0,0,-1
42,6,7,16,1,0,0,0,3,1,0,0,1,0.0,0.8095,4.2048,2.585,0,1,0,0,0,0,0,0,0,0,0,0,0,-1
34,14,7,0,4,0,0,0,3,0,0,0,0,0.4706,0.2647,3.9764,2.6456,0,0,1,1,0,0,1,0,0,0,0,0,0,-1
88,26,47,0,2,6,0,0,4,0,0,0,0,0.2045,0.6477,4.6209,3.6235,0,1,0,0,0,0,0,0,0,1,1,0,0,-1
34,14,7,0,4,0,0,0,3,0,0,0,0,0.4706,0.2647,4.0653,2.7534,0,0,1,1,0,0,1,0,0,0,0,0,0,-1
38,17,9,0,1,0,0,0,3,0,0,0,0,0.0,0.8684,3.9542,2.9842,0,1,0,0,0,0,0,0,0,0,0,0,0,-1
27,12,2,0,3,0,0,0,3,0,0,0,0,0.5185,0.1852,3.7821,3.0221,0,0,1,1,0,0,1,0,0,0,0,0,0,-1
27,12,8,0,4,0,0,0,3,0,0,0,0,0.3333,0.3704,3.708,2.6887,0,0,1,0,0,0,1,0,0,0,0,0,0,-1
28,13,2,0,3,0,0,0,3,0,0,0,0,0.5357,0.1786,3.8693,2.8151,0,0,1,1,0,0,1,0,0,0,0,0,0,-1
51,5,34,0,1,1,0,0,5,0,0,0,0,0.0,0.8431,4.256,2.3219,0,1,0,0,0,0,0,0,0,0,0,0,0,-1
30,15,2,0,3,0,0,0,3,0,0,0,0,0.5667,0.1667,3.5777,2.4226,0,0,1,1,0,0,1,0,0,0,0,0,0,-1
30,15,2,0,3,0,0,0,3,0,0,0,0,0.5667,0.1667,3.6729,2.4226,0,0,1,1,0,0,1,0,0,0,0,0,0,-1
28,5,12,0,1,0,0,0,4,0,0,0,0,0.1429,0.6429,3.8518,2.3219,0,1,0,0,0,0,0,0,0,0,0,0,0,-1
56,14,30,0,1,2,0,0,5,0,0,0,0,0.0893,0.75,4.2666,2.7534,0,1,0,0,0,0,0,0,0,0,0,0,0,-1
27,12,2,0,3,0,0,0,3,0,0,0,0,0.5185,0.1852,3.4118,2.3554,0,0,1,1,0,0,1,0,0,0,0,0,0,-1
39,6,21,0,1,0,0,0,5,0,0,0,0,0.2051,0.6154,4.1604,2.585,0,1,0,0,0,0,1,0,0,0,0,0,0,-1
33,13,7,0,4,0,0,0,3,0,0,0,0,0.4545,0.2727,4.0061,2.6612,0,0,1,1,0,0,1,0,0,0,0,0,0,-1
28,13,2,0,3,0,0,0,3,0,0,0,0,0.5357,0.1786,3.8963,2.8151,0,0,1,1,0,0,1,0,0,0,0,0,0,-1
33,13,7,0,4,0,0,0,3,0,0,0,0,0.4545,0.2727,3.7984,2.6612,0,0,1,1,0,0,1,0,0,0,0,0,0,-1
28,10,6,0,1,0,0,0,3,0,0,0,0,0.0,0.8214,3.8424,2.7219,0,1,0,0,0,0,0,0,0,0,0,0,0,-1
28,11,5,0,1,0,0,0,3,0,0,0,0,0.0,0.8214,3.8963,2.914,0,1,0,0,0,0,0,0,0,0,0,0,0,-1
32,14,11,0,4,0,0,0,3,0,0,0,0,0.375,0.375,4.0931,2.6456,0,0,1,0,0,0,1,0,0,0,0,0,0,-1
31,11,7,0,4,0,0,0,3,0,0,0,0,0.4194,0.2903,3.9134,2.4817,0,0,1,1,0,0,1,0,0,0,0,0,0,-1
28,13,2,0,3,0,0,0,3,0,0,0,0,0.5357,0.1786,3.655,2.6612,0,0,1,1,0,0,1,0,0,0,0,0,0,-1
40,13,20,0,4,0,1,0,4,0,0,0,0,0.35,0.4,4.2842,2.7193,0,0,1,0,0,0,1,0,0,0,0,0,0,-1
24,7,6,0,1,1,0,0,3,0,0,0,0,0.0,0.75,4.0535,2.5216,0,1,0,0,0,0,0,0,0,1,1,0,0,-1
33,5,7,0,3,0,0,0,3,0,0,0,0,0.0,0.7879,4.0289,2.3219,1,0,0,0,0,0,0,0,0,0,0,0,0,-1
43,4,28,0,1,1,0,0,4,0,0,0,0,0.0,0.8372,4.1643,2.0,0,1,0,0,0,0,0,0,0,0,0,0,0,-1
49,13,7,16,1,0,0,0,3,1,0,0,1,0.0,0.8163,4.1853,3.027,0,1,0,0,0,0,0,0,0,0,0,0,0,-1
32,4,17,0,1,1,0,0,4,0,0,0,0,0.0312,0.75,3.625,2.0,0,1,0,0,0,0,1,0,0,0,0,0,0,-1
48,13,7,16,1,1,0,0,3,1,0,0,1,0.0,0.7917,4.3061,3.5466,0,1,0,0,0,0,0,0,0,0,0,0,0,-1
26,14,5,0,3,0,0,0,3,0,0,0,0,0.4231,0.3077,3.6322,2.306,0,0,1,0,0,0,1,0,0,0,0,0,0,-1
34,14,7,0,4,0,0,0,3,0,0,0,0,0.4706,0.2647,3.9032,2.7885,0,0,1,1,0,0,1,0,0,0,0,0,0,-1
24,13,4,0,3,0,0,0,3,0,0,0,0,0.4167,0.2917,3.8554,2.8731,0,0,1,0,0,0,1,0,0,0,0,0,0,-1
37,10,15,0,1,0,0,0,4,0,0,0,0,0.0,0.8378,3.8952,2.9219,0,1,0,0,0,0,0,0,0,0,0,0,0,-1
65,8,37,0,2,4,0,0,3,0,0,0,0,0.2923,0.5538,4.6109,2.5,1,1,0,0,0,0,0,0,0,0,0,0,0,-1
35,15,7,0,4,0,0,0,3,0,0,0,0,0.4857,0.2571,3.9544,2.4729,0,0,1,1,0,0,1,0,0,0,0,0,0,-1
84,22,47,0,2,4,0,0,4,0,0,0,0,0.2738,0.5952,4.6356,3.3565,0,1,0,0,0,0,0,0,0,1,1,0,0,-1
28,13,8,0,4,0,0,0,3,0,0,0,0,0.3571,0.3571,3.8963,2.6612,0,0,1,0,0,0,1,0,0,0,0,0,0,-1
33,14,12,0,4,0,0,0,3,0,0,0,0,0.3636,0.3939,3.9912,2.5567,0,0,1,0,0,0,1,0,0,0,0,0,0,-1
36,8,16,0,1,0,0,0,4,0,0,0,0,0.0,0.8333,4.0141,2.75,0,1,0,0,0,0,0,0,0,0,0,0,0,-1
26,14,5,0,3,0,0,0,3,0,0,0,0,0.4231,0.3077,3.9501,3.0391,0,0,1,0,0,0,1,0,0,0,0,0,0,-1
29,14,2,0,3,0,0,0,3,0,0,0,0,0.5517,0.1724,3.319,2.3249,0,0,1,1,0,0,1,0,0,0,0,0,0,-1
64,7,44,0,2,4,0,0,4,0,0,0,0,0.3125,0.5156,4.611,2.5216,0,1,0,0,0,0,0,0,0,0,0,0,0,-1
29,14,2,0,3,0,0,0,3,0,0,0,0,0.5517,0.1724,3.7454,2.5027,0,0,1,1,0,0,1,0,0,0,0,0,0,-1
34,5,11,0,2,0,0,0,3,0,0,0,0,0.1176,0.6765,4.3372,2.3219,0,0,0,1,0,0,0,0,0,0,0,0,0,-1
34,14,7,0,4,0,0,0,3,0,0,0,0,0.4706,0.2647,4.0209,2.8424,0,0,1,1,0,0,1,0,0,0,0,0,0,-1
27,7,8,0,1,0,0,0,3,0,0,0,0,0.0,0.8148,3.8842,2.8074,0,1,0,0,0,0,0,0,0,0,0,0,0,-1
32,10,11,0,2,1,0,0,3,0,0,0,0,0.0,0.7812,3.8789,2.7219,0,1,0,0,0,0,0,0,0,0,0,0,0,-1
32,12,13,0,4,0,0,0,3,0,0,0,0,0.3438,0.4062,3.9886,2.4591,0,0,1,0,0,0,1,0,0,0,0,0,0,-1
27,9,6,0,1,0,0,0,3,0,0,0,0,0.0,0.8148,4.0784,3.1699,0,1,0,0,0,0,0,0,0,0,0,0,0,-1
30,15,2,0,3,0,0,0,3,0,0,0,0,0.5667,0.1667,3.7396,2.6892,0,0,1,1,0,0,1,0,0,0,0,0,0,-1
27,13,7,0,4,0,0,0,3,0,0,0,0,0.3704,0.3333,3.9862,3.027,0,0,1,0,0,0,1,0,0,0,0,0,0,-1
61,4,37,0,2,4,0,0,3,0,0,0,0,0.3279,0.5082,4.5858,2.0,1,1,0,0,0,0,0,0,0,0,0,0,0,-1
30,15,2,0,3,0,0,0,3,0,0,0,0,0.5667,0.1667,3.5274,2.6892,0,0,1,1,0,0,1,0,0,0,0,0,0,-1
24,4,8,0,1,0,0,0,3,0,0,0,0,0.0,0.7917,3.6887,2.0,0,1,0,0,0,0,0,0,0,0,0,0,0,-1
54,6,33,0,2,3,0,0,5,0,0,0,0,0.0926,0.7037,4.4772,1.9183,0,1,0,0,0,0,0,0,0,1,1,1,1,-1
23,5,6,0,1,0,0,0,3,0,0,0,0,0.0,0.7826,3.4144,2.3219,0,1,0,0,0,0,0,0,0,0,0,0,0,-1
28,13,2,0,3,0,0,0,3,0,0,0,0,0.5357,0.1786,3.6106,2.3535,0,0,1,1,0,0,1,0,0,0,0,0,0,-1
29,6,9,0,2,0,0,0,3,0,0,0,0,0.0,0.7931,3.8313,2.2516,0,1,0,0,0,0,0,0,0,0,0,0,0,-1
22,2,9,0,1,0,0,0,3,0,0,0,0,0.0,0.7727,3.3222,1.0,0,1,0,0,0,0,0,0,0,0,0,0,0,-1
35,7,2,13,1,0,0,0,3,1,0,0,1,0.0,0.7714,4.2046,2.8074,0,1,0,0,0,0,0,0,0,0,0,0,0,-1
38,10,16,0,1,0,0,0,4,0,0,0,0,0.0,0.8421,4.0304,2.4464,0,1,0,0,0,0,0,0,0,0,0,0,0,-1
25,13,5,0,3,0,0,0,3,0,0,0,0,0.44,0.28,3.8635,2.8731,0,0,1,0,0,0,1,0,0,0,0,0,0,-1
33,6,10,0,2,0,0,0,3,0,0,0,0,0.0,0.8182,3.8471,1.9183,1,1,0,0,0,0,0,0,0,1,1,1,0,-1
64,8,37,0,2,4,0,0,3,0,0,0,0,0.3906,0.4531,4.7048,2.5,1,1,0,0,0,0,0,0,0,0,0,0,0,-1
38,3,7,16,1,0,0,0,3,1,0,0,1,0.0,0.7632,4.146,1.585,0,1,0,0,0,0,0,0,0,0,0,0,0,-1
26,11,2,0,3,0,0,0,3,0,0,0,0,0.5,0.1923,3.5553,2.1626,0,0,1,1,0,0,1,0,0,0,0,0,0,-1
36,7,10,0,3,0,0,0,4,0,0,0,0,0.0556,0.7222,4.1835,2.5216,1,0,0,0,0,0,0,0,0,0,0,0,0,-1
34,5,17,0,1,1,0,0,4,0,0,0,0,0.0,0.7941,3.962,2.3219,0,1,0,0,0,0,0,0,0,0,0,0,0,-1
29,14,2,0,3,0,0,0,3,0,0,0,0,0.5517,0.1724,3.7623,2.8963,0,0,1,1,0,0,1,0,0,0,0,0,0,-1
34,10,12,0,1,0,0,0,4,0,0,0,0,0.1176,0.7059,4.0767,3.1219,0,1,0,0,0,0,0,0,0,0,0,0,0,-1
29,13,9,0,3,0,0,0,3,0,0,0,0,0.4138,0.3448,3.9952,2.6612,0,0,1,0,0,0,1,0,0,0,0,0,0,-1
34,14,7,0,4,0,0,0,3,0,0,0,0,0.4706,0.2647,3.9987,2.6995,0,0,1,1,0,0,1,0,0,0,0,0,0,-1
29,14,2,0,3,0,0,0,3,0,0,0,0,0.5517,0.1724,3.4535,2.4956,0,0,1,1,0,0,1,0,0,0,0,0,0,-1
26,4,9,0,1,0,0,0,3,0,0,0,0,0.0,0.8077,3.9022,2.0,0,1,0,0,0,0,0,0,1,0,0,0,0,-1
69,4,1,42,2,4,0,0,3,1,0,0,1,0.3623,0.4638,4.7138,1.5,1,1,0,0,0,0,0,0,0,0,0,0,0,-1
50,4,34,0,1,1,0,0,5,0,0,0,0,0.0,0.84,4.1244,2.0,0,1,0,0,0,0,0,0,0,0,0,0,0,-1
42,12,23,0,4,0,1,0,4,0,0,0,0,0.3095,0.4524,3.8511,2.6258,0,0,1,0,0,0,1,0,0,0,0,0,0,-1
69,13,37,0,2,4,0,0,3,0,0,0,0,0.3478,0.5072,4.7498,3.3927,1,1,0,0,0,0,1,0,0,0,0,0,0,-1
35,7,16,0,1,0,0,0,4,0,0,0,0,0.0,0.8286,3.8326,2.2359,0,1,0,0,0,0,0,0,0,0,0,0,0,-1
50,13,30,0,3,0,0,0,4,0,0,0,0,0.24,0.6,3.7482,2.6612,0,0,1,0,0,0,1,0,0,0,0,0,0,-1
33,13,7,0,4,0,0,0,3,0,0,0,0,0.4545,0.2727,3.9455,2.6612,0,0,1,1,0,0,1,0,0,0,0,0,0,-1
28,4,12,0,1,0,0,0,3,0,0,0,0,0.0,0.8214,3.682,1.5,0,1,0,0,0,0,0,0,0,0,0,0,0,-1
28,13,8,0,4,0,0,0,3,0,0,0,0,0.3571,0.3571,3.8963,2.8731,0,0,1,0,0,0,1,0,0,0,0,0,0,-1
42,5,14,10,1,0,2,0,4,1,0,0,1,0.1667,0.5952,4.7077,2.3219,0,1,0,0,0,0,0,0,0,0,0,0,0,-1
29,14,2,0,3,0,0,0,3,0,0,0,0,0.5517,0.1724,3.8573,2.8424,0,0,1,1,0,0,1,0,0,0,0,0,0,-1
25,13,5,0,3,0,0,0,3,0,0,0,0,0.48,0.24,3.9435,2.8731,0,0,1,0,0,0,1,0,0,0,0,0,0,-1
23,6,5,0,1,0,0,0,3,0,0,0,0,0.0,0.7826,3.5342,2.2516,0,1,0,0,0,0,0,0,0,0,0,0,0,-1
34,14,7,0,4,0,0,0,3,0,0,0,0,0.4706,0.2647,3.9254,2.6995,0,0,1,1,0,0,1,0,0,0,0,0,0,-1
46,4,30,0,1,2,0,0,5,0,0,0,0,0.1087,0.6957,4.3609,2.0,0,1,0,0,0,0,0,0,0,0,0,0,0,-1
64,7,37,0,2,4,0,0,3,0,0,0,0,0.2812,0.5625,4.5081,2.8074,1,1,0,0,0,0,0,0,0,0,0,0,0,-1
24,13,4,0,3,0,0,0,3,0,0,0,0,0.4583,0.25,3.7721,2.8731,0,0,1,0,0,0,1,0,0,0,0,0,0,-1
83,21,47,0,2,4,0,0,4,0,0,0,0,0.2289,0.6386,4.7031,3.7849,0,1,0,0,0,0,0,0,0,1,1,0,0,-1
33,13,7,0,4,0,0,0,3,0,0,0,0,0.4545,0.2727,3.9832,2.6612,0,0,1,1,0,0,1,0,0,0,0,0,0,-1
25,5,4,0,2,0,0,0,3,0,0,0,0,0.04,0.72,3.7035,1.9219,1,0,0,0,0,0,0,0,1,0,0,0,0,-1
37,10,16,0,2,2,1,0,3,0,0,0,0,0.1622,0.5946,4.3711,2.8464,0,0,0,0,0,0,0,0,1,0,0,0,0,-1
32,8,9,0,2,0,0,0,3,0,0,0,0,0.0,0.8125,3.7417,2.75,0,1,0,0,0,0,0,0,0,0,0,0,0,-1
32,10,10,0,1,0,0,0,3,0,0,0,0,0.0,0.8438,4.0306,2.7219,0,1,0,0,0,0,0,0,0,0,0,0,0,-1
31,12,7,0,1,0,0,0,3,0,0,0,0,0.0,0.8387,4.0424,3.4183,0,1,0,0,0,0,0,0,0,0,0,0,0,-1
28,13,2,0,3,0,0,0,3,0,0,0,0,0.5357,0.1786,3.5836,2.6612,0,0,1,1,0,0,1,0,0,0,0,0,0,-1
28,11,5,0,1,0,0,0,3,0,0,0,0,0.0,0.8214,3.8249,2.8454,0,1,0,0,0,0,0,0,0,0,0,0,0,-1
35,13,15,0,4,0,0,0,4,0,0,0,0,0.2857,0.4571,3.9217,2.6612,0,0,1,0,0,0,1,0,0,0,0,0,0,-1
53,16,14,10,1,0,2,0,4,1,0,0,1,0.1321,0.6792,4.6879,3.125,0,1,0,0,0,0,0,0,0,0,0,0,0,-1
27,12,2,0,3,0,0,0,3,0,0,0,0,0.5185,0.1852,3.6023,2.5221,0,0,1,1,0,0,1,0,0,0,0,0,0,-1
25,4,9,0,1,0,0,0,3,0,0,0,0,0.0,0.8,3.8333,2.0,0,1,0,0,0,0,0,0,0,0,0,0,0,-1
30,5,13,0,1,0,0,0,4,0,0,0,0,0.0,0.8,3.8817,2.3219,0,1,0,0,0,0,0,0,0,0,0,0,0,-1
32,12,7,0,4,0,0,0,3,0,0,0,0,0.4375,0.2812,3.9917,2.8554,0,0,1,1,0,0,1,0,0,0,0,0,0,-1
35,13,10,0,1,0,0,0,3,0,0,0,0,0.0,0.8571,4.05,3.1808,0,1,0,0,0,0,0,0,0,0,0,0,0,-1
15,3,0,0,1,0,0,0,2,0,0,0,0,0.0,0.7333,3.5069,1.585,0,1,0,0,0,0,0,0,0,0,0,0,0,-1
84,17,51,0,3,0,0,0,8,0,0,0,0,0.0,0.8571,4.3439,3.4548,1,1,0,0,0,0,0,0,0,0,0,0,0,-1
39,9,7,10,1,0,0,0,3,1,0,0,1,0.0,0.8205,4.163,2.9477,0,1,0,0,0,0,0,0,0,0,0,0,0,-1
33,3,16,0,2,0,0,0,4,0,0,0,0,0.0,0.7879,3.9077,1.585,0,1,0,0,0,0,0,0,0,0,0,0,0,-1
74,13,54,0,3,0,0,0,4,0,0,0,0,0.7973,0.0946,2.7779,3.027,0,0,1,0,0,0,1,0,0,0,0,0,0,-1
24,13,4,0,3,0,0,0,3,0,0,0,0,0.4167,0.2917,3.6573,2.8731,0,0,1,0,0,0,1,0,0,0,0,0,0,-1
31,8,11,0,1,0,0,0,4,0,0,0,0,0.0,0.8065,3.9621,2.5,0,1,0,0,0,0,0,0,0,0,0,0,0,-1
26,3,11,0,1,0,0,0,4,0,0,0,0,0.0,0.7692,3.8731,0.9183,0,1,0,0,0,0,0,0,0,0,0,0,0,-1
25,11,7,0,3,0,0,0,3,0,0,0,0,0.48,0.24,3.6733,2.5949,0,0,1,0,0,0,1,0,0,0,0,0,0,-1
30,13,10,0,4,0,0,0,3,0,0,0,0,0.3333,0.4,3.9232,2.5074,0,0,1,0,0,0,1,0,0,0,0,0,0,-1
29,7,10,0,1,0,0,0,3,0,0,0,0,0.0,0.8276,3.7623,2.8074,0,1,0,0,0,0,0,0,0,0,0,0,0,-1
31,12,7,0,1,0,0,0,3,0,0,0,0,0.0,0.8387,4.1958,3.085,0,1,0,0,0,0,0,0,0,1,1,0,0,-1
35,15,7,0,4,0,0,0,3,0,0,0,0,0.4857,0.2571,3.8214,2.6062,0,0,1,1,0,0,1,0,0,0,0,0,0,-1
28,13,2,0,3,0,0,0,3,0,0,0,0,0.5357,0.1786,3.5976,2.3535,0,0,1,1,0,0,1,0,0,0,0,0,0,-1
29,14,2,0,3,0,0,0,3,0,0,0,0,0.5517,0.1724,3.509,2.4677,0,0,1,1,0,0,1,0,0,0,0,0,0,-1
22,5,5,0,1,0,0,0,3,0,0,0,0,0.0,0.7727,3.6635,2.3219,0,1,0,0,0,0,0,0,0,0,0,0,0,-1
41,6,20,0,3,0,0,0,5,0,0,0,0,0.0244,0.7561,3.8177,1.9183,0,1,0,0,0,0,0,0,0,2,1,1,1,-1
41,13,16,0,3,0,1,0,4,0,0,0,0,0.3415,0.4146,4.4218,2.8731,0,0,1,1,0,0,1,0,0,0,0,0,0,-1
38,4,22,0,1,0,1,0,4,0,0,0,0,0.0,0.8158,4.2383,1.5,0,1,0,0,0,0,0,0,0,0,0,0,0,-1
40,4,24,0,1,2,0,0,4,0,0,0,0,0.1,0.7,4.0251,2.0,0,1,0,0,0,0,0,0,0,0,0,0,0,-1
26,5,9,0,1,1,0,0,3,0,0,0,0,0.0,0.7692,3.8731,1.9219,0,1,0,0,0,0,0,0,0,0,0,0,0,-1
30,8,11,0,1,0,0,0,4,0,0,0,0,0.0,0.8,3.8981,2.75,0,1,0,0,0,0,0,0,0,0,0,0,0,-1
25,14,4,0,3,0,0,0,3,0,0,0,0,0.44,0.28,3.4529,2.306,0,0,1,0,0,0,1,0,0,0,0,0,0,-1
50,16,22,0,1,1,0,0,5,0,0,0,0,0.12,0.72,4.1742,3.2028,0,1,0,0,0,0,0,0,0,0,0,0,0,-1
32,2,19,0,1,0,0,0,4,0,0,0,0,0.0,0.8125,3.9528,1.0,0,1,0,0,0,0,0,0,0,0,0,0,0,-1
43,12,17,0,2,0,0,0,4,0,0,0,0,0.0,0.8372,4.0804,2.6887,0,1,0,0,0,0,0,0,0,0,0,0,0,-1
31,4,12,0,2,0,0,0,4,0,0,0,0,0.0968,0.6774,4.309,1.5,0,1,0,0,0,0,0,0,0,0,0,0,0,-1
20,3,5,0,1,0,0,0,3,0,0,0,0,0.0,0.75,3.6842,1.585,0,1,0,0,0,0,0,0,0,0,0,0,0,-1
38,8,7,10,1,0,0,0,3,1,0,0,1,0.0,0.8158,4.3462,2.75,0,1,0,0,0,0,0,0,0,0,0,0,0,-1
72,18,37,0,2,4,0,0,3,0,0,0,0,0.3194,0.5417,4.7754,3.4613,1,1,0,0,0,0,0,0,0,0,0,0,0,-1
30,4,14,0,1,0,0,0,4,0,0,0,0,0.1333,0.6667,4.4402,2.0,0,1,0,0,0,0,0,0,0,0,0,0,0,-1
27,9,6,0,1,0,0,0,3,0,0,0,0,0.0,0.8148,3.8282,2.9477,0,1,0,0,0,0,0,0,0,1,1,0,0,-1
35,11,14,0,2,0,0,0,4,0,0,0,0,0.0571,0.7429,4.0716,3.0958,0,0,0,0,0,0,1,0,0,0,0,0,0,-1
43,9,22,0,1,0,1,0,4,0,0,0,0,0.0,0.8372,4.1933,2.7255,0,1,0,0,0,0,0,0,0,0,0,0,0,-1
44,7,14,10,1,0,2,0,4,1,0,0,1,0.1591,0.6136,4.8685,2.8074,0,1,0,0,0,0,0,0,0,0,0,0,0,-1
31,13,11,0,4,0,0,0,3,0,0,0,0,0.3226,0.4194,3.889,2.6032,0,0,1,0,0,0,1,0,0,0,0,0,0,-1
68,13,48,0,4,1,1,0,5,0,0,0,0,0.4265,0.3971,4.4492,2.5654,0,0,1,0,0,0,1,0,0,0,0,0,0,-1
33,13,7,0,4,0,0,0,3,0,0,0,0,0.4545,0.2727,4.0518,2.8731,0,0,1,1,0,0,1,0,0,0,0,0,0,-1
26,7,8,0,1,0,0,0,3,0,0,0,0,0.0,0.8077,3.7672,2.5216,0,1,0,0,0,0,0,0,0,0,0,0,0,-1
61,6,20,0,3,0,0,0,4,0,0,0,0,0.0,0.8689,4.085,2.2516,1,0,0,0,0,0,0,0,1,0,0,0,0,-1
29,13,9,0,4,0,0,0,3,0,0,0,0,0.4138,0.3103,4.0473,2.9689,0,0,1,0,0,0,1,0,0,0,0,0,0,-1
19,0,6,0,1,0,0,0,3,0,0,0,0,0.0,0.7368,3.4714,0.0,0,1,0,0,0,0,0,0,0,0,0,0,0,-1
24,13,4,0,3,0,0,0,3,0,0,0,0,0.4167,0.2917,3.8554,2.8731,0,0,1,0,0,0,1,0,0,0,0,0,0,-1
34,14,7,0,4,0,0,0,3,0,0,0,0,0.4706,0.2647,3.8414,2.4956,0,0,1,1,0,0,1,0,0,0,0,0,0,-1
46,5,30,0,2,0,1,0,6,0,0,0,0,0.0,0.7826,3.8413,1.9219,0,0,0,0,0,1,0,0,0,0,0,0,0,-1
35,9,14,0,1,0,0,0,3,0,0,0,0,0.0,0.8571,4.0716,2.5033,0,1,0,0,0,0,0,0,0,0,0,0,0,-1
50,8,30,0,1,2,0,0,5,0,0,0,0,0.1,0.72,4.464,2.5,0,1,0,0,0,0,0,0,0,0,0,0,0,-1
36,10,14,0,1,0,0,0,4,0,0,0,0,0.0,0.8333,4.0169,2.7219,0,1,0,0,0,0,0,0,0,0,0,0,0,-1
30,15,2,0,3,0,0,0,3,0,0,0,0,0.5667,0.1667,3.7396,2.8226,0,0,1,1,0,0,1,0,0,0,0,0,0,-1
34,14,7,0,4,0,0,0,3,0,0,0,0,0.4706,0.2647,3.8666,2.6995,0,0,1,1,0,0,1,0,0,0,0,0,0,-1
75,10,1,42,2,4,0,0,3,1,0,0,1,0.3867,0.4533,4.8202,3.3219,1,1,0,0,0,0,0,0,0,0,0,0,0,-1
42,3,28,0,1,1,0,0,4,0,0,0,0,0.0,0.8333,4.0144,1.585,0,1,0,0,0,0,0,0,0,0,0,0,0,-1
34,14,7,0,4,0,0,0,3,0,0,0,0,0.4706,0.2647,3.9842,2.8424,0,0,1,1,0,0,1,0,0,0,0,0,0,-1
49,13,29,0,4,0,0,0,5,0,0,0,0,0.449,0.3469,4.3928,2.4493,0,0,1,0,0,0,1,0,0,0,0,0,0,-1
33,17,4,0,1,0,0,0,3,0,0,0,0,0.0,0.8485,4.0667,3.4992,0,1,0,0,0,0,0,0,0,0,0,0,0,-1
25,13,5,0,3,0,0,0,3,0,0,0,0,0.4,0.32,3.8333,2.6612,0,0,1,0,0,0,1,0,0,0,0,0,0,-1
50,12,27,0,1,2,0,0,5,0,0,0,0,0.12,0.7,4.2449,2.6887,0,1,0,0,0,0,0,0,0,0,0,0,0,-1
20,3,6,0,1,0,0,0,3,0,0,0,0,0.0,0.75,3.3087,1.585,0,1,0,0,0,0,0,0,0,0,0,0,0,-1
50,6,1,10,2,0,0,0,3,1,0,0,1,0.08,0.76,4.308,2.2516,1,1,0,0,0,0,0,0,0,0,0,0,0,-1
30,10,9,0,1,0,0,0,4,0,0,0,0,0.1333,0.6667,3.9484,2.3219,0,0,0,0,0,0,1,0,0,0,0,0,0,-1
35,9,12,0,1,0,2,0,3,0,0,0,0,0.1143,0.6857,4.1859,2.7255,0,0,0,0,0,0,0,0,1,0,0,0,0,-1
27,12,2,0,3,0,0,0,3,0,0,0,0,0.5185,0.1852,3.7542,2.6887,0,0,1,1,0,0,1,0,0,0,0,0,0,-1
29,10,8,0,1,0,0,0,3,0,0,0,0,0.0,0.8276,4.0473,3.3219,0,1,0,0,0,0,0,0,0,0,0,0,0,-1
34,14,7,0,4,0,0,0,3,0,0,0,0,0.4706,0.2647,4.0575,2.9852,0,0,1,1,0,0,1,0,0,0,0,0,0,-1
38,14,17,0,4,0,0,0,4,0,0,0,0,0.3158,0.4474,4.2807,2.7885,0,0,1,0,0,0,1,0,0,0,0,0,0,-1
26,8,6,0,1,0,0,0,3,0,0,0,0,0.0,0.8077,4.1039,3.0,0,1,0,0,0,0,0,0,0,1,1,0,0,-1
29,15,7,0,3,0,0,0,3,0,0,0,0,0.4483,0.3103,3.9002,2.5056,0,0,1,0,0,0,1,0,0,0,0,0,0,-1
29,14,2,0,3,0,0,0,3,0,0,0,0,0.5517,0.1724,3.6504,2.4138,0,0,1,1,0,0,1,0,0,0,0,0,0,-1
26,14,5,0,3,0,0,0,3,0,0,0,0,0.4615,0.2692,3.8441,2.8424,0,0,1,0,0,0,1,0,0,0,0,0,0,-1
24,4,8,0,1,0,0,0,3,0,0,0,0,0.0,0.7917,3.5221,2.0,0,1,0,0,0,0,0,0,0,0,0,0,0,-1
27,12,2,0,3,0,0,0,3,0,0,0,0,0.5185,0.1852,3.7542,2.6258,0,0,1,1,0,0,1,0,0,0,0,0,0,-1
41,3,26,0,1,1,0,0,6,0,0,0,0,0.0,0.7805,4.2107,0.9183,0,1,0,0,0,0,0,0,0,0,0,0,0,-1
87,27,47,0,2,4,0,0,4,0,0,0,0,0.2069,0.6667,4.6783,3.5842,0,1,0,0,0,0,0,0,0,1,1,0,0,-1
29,12,5,0,1,0,0,0,3,0,0,0,0,0.0,0.8276,3.8109,3.0221,0,1,0,0,0,0,0,0,0,0,0,0,0,-1
41,17,12,0,1,0,0,0,4,0,0,0,0,0.0732,0.7805,4.4915,3.3372,0,1,0,0,0,0,0,0,0,0,0,0,0,-1
31,10,10,0,1,0,0,0,4,0,0,0,0,0.129,0.6774,3.8976,2.3219,0,0,0,0,0,0,1,0,0,0,0,0,0,-1
26,9,5,0,1,0,0,0,3,0,0,0,0,0.0,0.8077,4.056,3.1699,0,1,0,0,0,0,0,0,0,0,0,0,0,-1
72,6,54,0,2,0,1,0,9,0,0,0,0,0.0556,0.7639,4.6119,2.585,0,1,0,0,0,0,0,0,0,1,1,0,0,-1
30,4,15,0,1,0,0,0,4,0,0,0,0,0.0,0.8,3.6029,2.0,0,1,0,0,0,0,0,0,0,0,0,0,0,-1
22,5,5,0,1,0,0,0,3,0,0,0,0,0.0,0.7727,3.7544,1.9219,0,1,0,0,0,0,0,0,0,0,0,0,0,-1
30,15,2,0,3,0,0,0,3,0,0,0,0,0.5667,0.1667,3.6477,2.2892,0,0,1,1,0,0,1,0,0,0,0,0,0,-1
29,7,4,0,2,0,0,0,3,0,0,0,0,0.0345,0.7586,4.1592,2.5216,1,0,0,0,0,0,0,0,0,0,0,0,0,-1
34,14,7,0,4,0,0,0,3,0,0,0,0,0.4706,0.2647,3.8666,2.4138,0,0,1,1,0,0,1,0,0,0,0,0,0,-1
34,11,11,0,1,0,0,0,4,0,0,0,0,0.0,0.8235,3.584,2.8454,0,1,0,0,0,0,0,0,0,0,0,0,0,-1
27,3,12,0,1,0,0,0,4,0,0,0,0,0.1111,0.6667,4.1623,1.585,0,1,0,0,0,0,0,0,0,0,0,0,0,-1
30,14,9,0,3,0,0,0,4,0,0,0,0,0.3667,0.3667,4.0314,2.6456,0,0,1,0,0,0,1,0,0,0,0,0,0,-1
35,14,9,0,1,1,0,0,3,0,0,0,0,0.0,0.8286,4.0576,3.2359,0,1,0,0,0,0,0,0,0,0,0,0,0,-1
34,14,7,0,4,0,0,0,3,0,0,0,0,0.4706,0.2647,4.0431,2.5567,0,0,1,1,0,0,1,0,0,0,0,0,0,-1
24,13,4,0,3,0,0,0,3,0,0,0,0,0.4167,0.2917,3.7721,2.8731,0,0,1,0,0,0,1,0,0,0,0,0,0,-1
26,10,5,0,3,0,0,0,3,0,0,0,0,0.3846,0.3077,3.8731,2.6464,0,0,1,1,0,0,1,0,0,0,0,0,0,-1
47,5,30,0,1,2,0,0,5,0,0,0,0,0.1064,0.7021,4.5017,2.3219,0,1,0,0,0,0,0,0,0,0,0,0,0,-1
27,8,7,0,1,0,0,0,3,0,0,0,0,0.0,0.8148,4.1064,3.0,0,1,0,0,0,0,0,0,0,0,0,0,0,-1
27,12,2,0,3,0,0,0,3,0,0,0,0,0.5185,0.1852,3.8282,3.0221,0,0,1,1,0,0,1,0,0,0,0,0,0,-1
27,7,8,0,1,0,0,0,3,0,0,0,0,0.0,0.8148,4.0323,2.8074,0,1,0,0,0,0,0,0,0,0,0,0,0,-1
30,12,6,0,1,0,0,0,3,0,0,0,0,0.0,0.8333,3.8314,3.0221,0,1,0,0,0,0,0,0,0,0,0,0,0,-1
29,14,2,0,3,0,0,0,3,0,0,0,0,0.5517,0.1724,3.7454,2.7534,0,0,1,1,0,0,1,0,0,0,0,0,0,-1
22,0,9,0,1,0,0,0,3,0,0,0,0,0.0,0.7727,3.8454,0.0,0,1,0,0,0,0,0,0,0,0,0,0,0,-1
35,9,14,0,1,0,0,0,4,0,0,0,0,0.0,0.8286,4.0716,3.1699,0,1,0,0,0,0,0,0,0,0,0,0,0,-1
30,4,14,0,1,0,0,0,4,0,0,0,0,0.1667,0.6333,4.2817,1.5,0,1,0,0,0,0,0,0,0,0,0,0,0,-1
27,7,9,0,1,0,0,0,3,0,0,0,0,0.0,0.8148,3.8282,2.5216,0,1,0,0,0,0,0,0,0,0,0,0,0,-1
29,10,7,0,1,0,0,0,3,0,0,0,0,0.0,0.8276,3.9523,2.6464,0,1,0,0,0,0,0,0,0,0,0,0,0,-1
92,32,47,0,2,8,0,0,4,0,0,0,0,0.25,0.587,4.7111,3.5695,0,1,0,0,0,0,0,0,0,1,1,0,0,-1
54,8,34,0,1,1,0,0,5,0,0,0,0,0.0,0.8519,4.1882,3.0,0,1,0,0,0,0,0,0,0,0,0,0,0,-1
33,8,13,0,1,1,0,0,4,0,0,0,0,0.0,0.7879,4.0289,2.75,0,1,0,0,0,0,0,0,0,0,0,0,0,-1
34,13,9,0,4,0,0,0,3,0,0,0,0,0.4706,0.2647,3.9591,2.7193,0,0,1,1,0,0,1,0,0,0,0,0,0,-1
28,13,2,0,3,0,0,0,3,0,0,0,0,0.5357,0.1786,3.5836,2.5654,0,0,1,1,0,0,1,0,0,0,0,0,0,-1
45,13,20,0,3,0,0,0,5,0,0,0,0,0.0667,0.7333,4.2502,3.2389,0,1,0,0,0,0,0,0,0,0,0,0,0,-1
34,14,0,7,1,0,0,0,2,1,0,0,1,0.0,0.8235,4.2561,3.3249,0,1,0,0,0,0,0,0,0,0,0,0,0,-1
52,12,33,0,3,0,0,0,4,0,0,0,0,0.2115,0.6346,3.8392,2.7925,0,0,1,0,0,0,1,0,0,0,0,0,0,-1
30,13,10,0,3,0,0,0,4,0,0,0,0,0.3667,0.3667,4.1232,2.8151,0,0,1,0,0,0,1,0,0,0,0,0,0,-1
34,14,7,0,4,0,0,0,3,0,0,0,0,0.4706,0.2647,3.8559,2.2988,0,0,1,1,0,0,1,0,0,0,0,0,0,-1
30,10,8,0,1,0,0,0,3,0,0,0,0,0.0,0.8333,3.6062,2.7219,0,1,0,0,0,0,0,0,0,0,0,0,0,-1
23,3,9,0,1,0,0,0,3,0,0,0,0,0.0,0.7826,3.969,1.585,0,1,0,0,0,0,0,0,0,0,0,0,0,-1
32,9,11,0,1,0,0,0,4,0,0,0,0,0.0,0.8125,3.7806,2.7255,0,1,0,0,0,0,0,0,0,0,0,0,0,-1
36,11,14,0,1,0,0,0,4,0,0,0,0,0.1111,0.7222,4.4058,2.914,0,1,0,0,0,0,0,0,0,0,0,0,0,-1
19,0,6,0,1,0,0,0,3,0,0,0,0,0.0,0.7368,3.4316,0.0,0,1,0,0,0,0,0,0,0,0,0,0,0,-1
27,5,10,0,1,0,0,0,3,0,0,0,0,0.0,0.8148,3.8282,2.3219,0,1,0,0,0,0,0,0,0,0,0,0,0,-1
38,6,20,0,1,0,0,0,5,0,0,0,0,0.0,0.8158,4.3039,2.585,0,1,0,0,0,0,0,0,0,1,1,0,0,-1
27,7,5,0,2,0,0,0,3,0,0,0,0,0.0,0.7778,3.8842,2.5216,0,1,0,0,0,0,0,0,0,0,0,0,0,-1
33,13,7,0,4,0,0,0,3,0,0,0,0,0.4545,0.2727,4.0896,2.7193,0,0,1,1,0,0,1,0,0,0,0,0,0,-1
36,5,20,0,3,0,0,0,5,0,0,0,0,0.0833,0.6667,3.9994,2.3219,0,1,0,0,0,0,0,0,0,0,0,0,0,-1
25,13,5,0,3,0,0,0,3,0,0,0,0,0.48,0.24,3.7035,2.6612,0,0,1,0,0,0,1,0,0,0,0,0,0,-1
21,3,6,0,1,0,0,0,3,0,0,0,0,0.0,0.7619,3.8802,1.585,0,1,0,0,0,0,0,0,0,0,0,0,0,-1
31,13,11,0,3,0,0,0,4,0,0,0,0,0.3548,0.3871,4.1958,3.027,0,0,1,0,0,0,1,0,0,0,0,0,0,-1
81,12,1,42,2,5,0,0,3,1,0,0,1,0.3457,0.4938,4.7585,3.2516,1,1,0,0,0,0,0,0,0,0,0,0,0,-1
33,13,7,0,4,0,0,0,3,0,0,0,0,0.4545,0.2727,4.1124,2.7193,0,0,1,1,0,0,1,0,0,0,0,0,0,-1
84,22,47,0,2,4,0,0,4,0,0,0,0,0.25,0.619,4.7165,3.5503,0,1,0,0,0,0,0,0,0,1,1,0,0,-1
43,9,22,0,1,1,0,0,5,0,0,0,0,0.1395,0.6744,4.1558,3.1699,0,1,0,0,0,0,0,0,0,0,0,0,0,-1
84,12,50,0,3,5,0,0,4,0,0,0,0,0.2024,0.6429,4.7999,3.1887,1,0,0,0,0,0,0,0,0,1,1,0,0,-1
51,12,32,0,3,0,1,0,4,0,0,0,0,0.2549,0.5686,3.5847,2.7925,0,0,1,0,0,0,1,0,0,0,0,0,0,-1
38,12,14,0,1,0,0,0,4,0,0,0,0,0.1053,0.7368,4.5637,3.085,0,1,0,0,0,0,0,0,0,0,0,0,0,-1
46,11,24,0,1,2,0,0,4,0,0,0,0,0.087,0.7391,4.2818,3.0272,0,1,0,0,0,0,0,0,0,0,0,0,0,-1
36,10,14,0,1,0,0,0,4,0,0,0,0,0.1389,0.6944,4.5378,2.9219,0,1,0,0,0,0,0,0,0,0,0,0,0,-1
29,14,2,0,3,0,0,0,3,0,0,0,0,0.5517,0.1724,3.7454,2.4138,0,0,1,1,0,0,1,0,0,0,0,0,0,-1
27,4,12,0,1,0,0,0,3,0,0,0,0,0.0,0.8148,3.7043,2.0,0,1,0,0,0,0,0,0,0,0,0,0,0,-1
17,5,0,0,1,0,0,0,2,0,0,0,0,0.0,0.7647,3.7345,2.3219,0,1,0,0,0,0,0,0,0,0,0,0,0,-1
38,5,19,0,2,0,0,0,4,0,0,0,0,0.0,0.8158,4.1556,1.5219,0,1,0,0,0,0,0,0,0,0,0,0,0,-1
74,9,1,42,2,4,0,0,3,1,0,0,1,0.2973,0.5405,4.8562,2.5033,1,1,0,0,0,0,0,0,0,0,0,0,0,-1
21,9,0,0,1,0,0,0,2,0,0,0,0,0.0,0.8095,3.6897,2.9477,0,1,0,0,0,0,0,0,0,0,0,0,0,-1
27,12,2,0,3,0,0,0,3,0,0,0,0,0.5185,0.1852,3.634,2.6887,0,0,1,1,0,0,1,0,0,0,0,0,0,-1
34,13,9,0,1,1,0,0,3,0,0,0,0,0.0,0.8235,4.1385,2.9312,0,1,0,0,0,0,0,0,0,0,0,0,0,-1
33,13,7,0,4,0,0,0,3,0,0,0,0,0.4545,0.2727,4.0896,2.6612,0,0,1,1,0,0,1,0,0,0,0,0,0,-1
48,8,28,0,1,1,0,0,4,0,0,0,0,0.0,0.8542,4.1374,3.0,0,1,0,0,0,0,0,0,0,0,0,0,0,-1
58,10,34,0,2,1,0,0,5,0,0,0,0,0.0,0.8448,4.2766,3.1219,0,1,0,0,0,0,0,0,0,0,0,0,0,-1
27,12,2,0,3,0,0,0,3,0,0,0,0,0.5185,0.1852,3.6023,2.5221,0,0,1,1,0,0,1,0,0,0,0,0,0,-1
42,4,27,0,1,2,0,0,5,0,0,0,0,0.1429,0.6429,4.354,2.0,0,1,0,0,0,0,0,0,0,0,0,0,0,-1
52,11,30,0,1,2,0,0,5,0,0,0,0,0.0962,0.7308,4.3882,3.0958,0,1,0,0,0,0,0,0,0,0,0,0,0,-1
32,6,14,0,1,0,0,0,4,0,0,0,0,0.1562,0.6562,4.4375,2.2516,0,1,0,0,0,0,0,0,0,0,0,0,0,-1
36,8,7,8,1,0,0,0,3,1,0,0,1,0.0833,0.7222,4.1626,2.4056,0,1,0,0,0,0,1,0,0,0,0,0,0,-1
45,4,30,0,1,2,0,0,5,0,0,0,0,0.1111,0.6889,4.331,1.5,0,1,0,0,0,0,0,0,0,0,0,0,0,-1
43,7,7,16,1,0,0,0,3,1,0,0,1,0.0,0.7907,4.1473,2.5216,0,1,0,0,0,0,0,0,0,0,0,0,0,-1
28,4,13,0,1,0,0,0,4,0,0,0,0,0.0,0.7857,3.7359,2.0,0,1,0,0,0,0,0,0,0,0,0,0,0,-1
42,8,22,0,1,1,0,0,5,0,0,0,0,0.1429,0.6667,4.0916,2.5,0,1,0,0,0,0,0,0,0,0,0,0,0,-1
43,2,30,0,1,2,0,0,5,0,0,0,0,0.1163,0.6744,4.2602,1.0,0,1,0,0,0,0,0,0,0,0,0,0,0,-1
28,13,2,0,3,0,0,0,3,0,0,0,0,0.5357,0.1786,3.5976,2.5654,0,0,1,1,0,0,1,0,0,0,0,0,0,-1
28,13,2,0,3,0,0,0,3,0,0,0,0,0.5357,0.1786,3.655,2.6612,0,0,1,1,0,0,1,0,0,0,0,0,0,-1
41,13,21,0,4,0,0,0,4,0,0,0,0,0.2439,0.5366,3.8389,2.4116,0,0,1,0,0,0,1,0,0,0,0,0,0,-1
19,3,5,0,1,0,0,0,3,0,0,0,0,0.0,0.7368,3.5369,1.585,0,1,0,0,0,0,0,0,0,0,0,0,0,-1
32,7,0,12,1,0,0,0,2,1,0,0,1,0.0,0.8125,4.1403,2.1281,0,1,0,0,0,0,0,0,0,0,0,0,0,-1
43,7,24,0,1,2,0,0,4,0,0,0,0,0.093,0.7209,4.0605,2.5216,0,1,0,0,0,0,0,0,0,0,0,0,0,-1
38,6,21,0,1,0,0,0,5,0,0,0,0,0.1316,0.6842,4.1562,1.9183,0,1,0,0,0,0,0,0,0,1,1,1,1,-1
37,12,13,0,2,0,0,0,3,0,0,0,0,0.0,0.8378,4.0937,3.4183,0,1,0,0,0,0,0,0,0,0,0,0,0,-1
81,19,47,0,2,6,0,0,4,0,0,0,0,0.2716,0.5679,4.7448,3.5111,0,1,0,0,0,0,0,0,0,1,1,0,0,-1
68,13,48,0,4,1,1,0,5,0,0,0,0,0.4265,0.3971,4.4058,2.5654,0,0,1,0,0,0,1,0,0,0,0,0,0,-1
39,13,14,0,1,0,0,0,4,0,0,0,0,0.1026,0.7436,4.4968,2.8731,0,1,0,0,0,0,0,0,0,0,0,0,0,-1
74,14,42,0,2,5,0,0,4,0,0,0,0,0.2162,0.6216,4.5722,3.5216,0,1,0,0,0,0,0,0,0,0,0,0,0,-1
29,14,2,0,3,0,0,0,3,0,0,0,0,0.5517,0.1724,3.6899,2.6106,0,0,1,1,0,0,1,0,0,0,0,0,0,-1
28,13,2,0,3,0,0,0,3,0,0,0,0,0.5357,0.1786,3.6281,2.5654,0,0,1,1,0,0,1,0,0,0,0,0,0,-1
45,6,27,0,1,2,0,0,5,0,0,0,0,0.1333,0.6667,4.3835,2.585,0,1,0,0,0,0,0,0,0,0,0,0,0,-1
39,13,14,0,4,0,1,0,3,0,0,0,0,0.359,0.3846,4.2311,2.7193,0,0,1,1,0,0,1,0,0,0,0,0,0,-1
40,13,2,13,1,1,0,0,3,1,0,0,1,0.0,0.775,4.4464,3.1808,0,1,0,0,0,0,0,0,0,0,0,0,0,-1
41,5,24,0,1,0,0,0,5,0,0,0,0,0.0,0.8293,4.0435,1.9219,0,1,0,0,0,0,0,0,0,1,1,0,0,-1
35,15,7,0,4,0,0,0,3,0,0,0,0,0.4857,0.2571,3.8074,2.6062,0,0,1,1,0,0,1,0,0,0,0,0,0,-1
33,13,7,0,4,0,0,0,3,0,0,0,0,0.4545,0.2727,3.9683,2.5074,0,0,1,1,0,0,1,0,0,0,0,0,0,-1
44,13,23,0,5,0,0,0,4,0,0,0,0,0.2273,0.5455,4.3259,2.8151,0,1,1,0,0,0,1,0,0,0,0,0,0,-1
36,6,7,10,1,0,0,0,3,1,0,0,1,0.0,0.8056,4.1416,2.2516,0,1,0,0,0,0,0,0,0,0,0,0,0,-1
34,12,10,0,1,0,0,0,3,0,0,0,0,0.0,0.8529,3.9764,3.085,0,1,0,0,0,0,0,0,0,0,0,0,0,-1
21,4,6,0,1,0,0,0,3,0,0,0,0,0.0,0.7619,3.5945,1.5,0,1,0,0,0,0,0,0,0,0,0,0,0,-1
24,14,2,0,3,0,0,0,3,0,0,0,0,0.4583,0.25,3.5221,2.4677,0,1,1,0,0,0,1,0,0,0,0,0,0,-1
25,11,7,0,3,0,0,0,3,0,0,0,0,0.52,0.2,3.7533,2.5949,0,0,1,0,0,0,1,0,0,0,0,0,0,-1
50,6,9,0,2,0,1,0,3,0,0,0,0,0.04,0.82,4.01,2.2516,1,0,0,0,0,0,0,0,1,0,0,0,0,-1
41,9,22,0,2,0,0,0,5,0,0,0,0,0.0488,0.7561,4.385,3.1699,0,0,0,0,0,0,1,0,0,0,0,0,0,-1
34,14,7,0,4,0,0,0,3,0,0,0,0,0.4706,0.2647,4.0209,2.8963,0,0,1,1,0,0,1,0,0,0,0,0,0,-1
51,14,22,0,1,1,0,0,5,0,0,0,0,0.1176,0.7255,4.2952,3.5216,0,1,0,0,0,0,0,0,0,0,0,0,0,-1
41,8,21,0,1,0,0,0,5,0,0,0,0,0.1463,0.6829,4.2203,3.0,0,1,0,0,0,0,1,0,0,0,0,0,0,-1
26,14,5,0,3,0,0,0,3,0,0,0,0,0.4615,0.2692,3.7381,2.6456,0,0,1,0,0,0,1,0,0,0,0,0,0,-1
34,14,7,0,4,0,0,0,3,0,0,0,0,0.4706,0.2647,4.0797,2.8424,0,0,1,1,0,0,1,0,0,0,0,0,0,-1
29,13,9,0,3,0,1,0,3,0,0,0,0,0.3448,0.3793,3.9952,2.6612,0,0,1,0,0,0,1,0,0,0,0,0,0,-1
48,8,28,0,1,1,0,0,4,0,0,0,0,0.0,0.8542,4.1476,2.5,0,1,0,0,0,0,0,0,0,0,0,0,0,-1
28,13,2,0,3,0,0,0,3,0,0,0,0,0.5357,0.1786,3.5261,2.5074,0,0,1,1,0,0,1,0,0,0,0,0,0,-1
42,0,27,0,1,2,0,0,5,0,0,0,0,0.1429,0.6429,4.4313,0.0,0,1,0,0,0,0,0,0,0,0,0,0,0,-1
25,12,6,0,4,0,0,0,3,0,0,0,0,0.36,0.32,3.4635,2.5221,0,0,1,0,0,0,1,0,0,0,0,0,0,-1
82,6,64,0,4,0,0,0,8,0,0,0,0,0.0854,0.7561,4.6483,2.585,0,1,0,0,0,0,0,0,0,0,0,0,0,-1
31,3,2,13,1,0,0,0,3,1,0,0,1,0.0,0.7419,4.0023,1.585,0,1,0,0,0,0,0,0,0,0,0,0,0,-1
28,13,2,0,3,0,0,0,3,0,0,0,0,0.5357,0.1786,3.9408,3.1808,0,0,1,1,0,0,1,0,0,0,0,0,0,-1
22,11,4,0,3,0,0,0,3,0,0,0,0,0.3636,0.3182,3.8454,2.8454,0,0,1,0,0,0,1,0,0,0,0,0,0,-1
27,6,9,0,1,0,0,0,3,0,0,0,0,0.0,0.8148,4.0603,2.2516,0,1,0,0,0,0,0,0,0,0,0,0,0,-1
27,6,9,0,1,0,0,0,3,0,0,0,0,0.0,0.8148,3.8842,1.7925,0,1,0,0,0,0,0,0,0,0,0,0,0,-1
34,14,7,0,4,0,0,0,3,0,0,0,0,0.4706,0.2647,3.8402,2.3527,0,0,1,1,0,0,1,0,0,0,0,0,0,-1
40,8,20,0,3,0,0,0,5,0,0,0,0,0.075,0.7,4.0873,2.5,0,1,0,0,0,0,0,0,0,0,0,0,0,-1
22,6,4,0,1,0,0,0,3,0,0,0,0,0.0,0.7727,3.7544,2.2516,0,1,0,0,0,0,0,0,0,0,0,0,0,-1
49,10,27,0,1,2,0,0,5,0,0,0,0,0.1224,0.6939,4.3674,2.7219,0,1,0,0,0,0,0,0,0,0,0,0,0,-1
64,8,37,0,2,4,0,0,3,0,0,0,0,0.3281,0.5156,4.6305,3.0,1,1,0,0,0,0,1,0,0,0,0,0,0,-1
28,13,2,0,3,0,0,0,3,0,0,0,0,0.5357,0.1786,3.744,2.7193,0,0,1,1,0,0,1,0,0,0,0,0,0,-1
32,10,10,0,1,1,0,0,3,0,0,0,0,0.0,0.8125,3.9292,2.6464,0,1,0,0,0,0,0,0,0,0,0,0,0,-1
26,6,5,0,2,0,0,0,3,0,0,0,0,0.0,0.7692,3.8441,1.9183,0,1,0,0,0,0,0,0,0,0,0,0,0,-1
25,11,7,0,3,0,0,0,3,0,0,0,0,0.52,0.2,3.6235,2.5949,0,0,1,0,0,0,1,0,0,0,0,0,0,-1
32,10,10,0,1,0,0,0,3,0,0,0,0,0.0,0.8438,3.9445,2.7219,0,1,0,0,0,0,0,0,0,0,0,0,0,-1
27,6,9,0,1,0,0,0,3,0,0,0,0,0.0,0.8148,3.7043,2.585,0,1,0,0,0,0,0,0,0,0,0,0,0,-1
28,13,5,0,3,0,0,0,3,0,0,0,0,0.4286,0.2857,3.7265,2.7193,0,0,1,1,0,0,1,0,0,0,0,0,0,-1
63,6,37,0,2,4,0,0,3,0,0,0,0,0.3968,0.4444,4.459,2.2516,1,1,0,0,0,0,0,0,0,0,0,0,0,-1
30,11,7,0,1,0,0,0,3,0,0,0,0,0.0,0.8333,3.9362,3.0272,0,1,0,0,0,0,0,0,0,0,0,0,0,-1
35,15,7,0,4,0,0,0,3,0,0,0,0,0.4857,0.2571,4.0791,2.9232,0,0,1,1,0,0,1,0,0,0,0,0,0,-1
30,7,11,0,2,0,0,0,3,0,0,0,0,0.0,0.8,3.9396,2.2359,0,1,0,0,0,0,0,0,0,0,0,0,0,-1
33,6,2,13,1,0,0,0,3,1,0,0,1,0.0,0.7576,4.0896,2.585,0,1,0,0,0,0,0,0,0,0,0,0,0,-1
34,14,7,0,4,0,0,0,3,0,0,0,0,0.4706,0.2647,4.1019,3.0391,0,0,1,1,0,0,1,0,0,0,0,0,0,-1
34,14,7,0,4,0,0,0,3,0,0,0,0,0.4706,0.2647,3.9842,2.4677,0,0,1,1,0,0,1,0,0,0,0,0,0,-1
33,16,5,0,1,0,0,0,3,0,0,0,0,0.0,0.8485,4.2485,3.4528,0,1,0,0,0,0,0,0,0,0,0,0,0,-1
33,13,7,0,4,0,0,0,3,0,0,0,0,0.4545,0.2727,4.0061,2.8151,0,0,1,1,0,0,1,0,0,0,0,0,0,-1
65,29,7,16,1,0,0,0,3,1,0,0,1,0.0154,0.8462,4.3959,3.8573,0,1,0,0,0,0,1,0,0,0,0,0,0,-1
26,8,6,0,1,0,0,0,3,0,0,0,0,0.0,0.8077,3.5805,2.5,0,1,0,0,0,0,0,0,0,0,0,0,0,-1
29,5,5,0,3,0,0,0,3,0,0,0,0,0.0,0.7586,3.8573,1.9219,1,1,0,0,0,0,0,0,0,0,0,0,0,-1
69,9,47,0,2,4,0,0,4,0,0,0,0,0.3188,0.5217,4.7132,2.9477,0,1,0,0,0,0,0,0,0,1,1,0,0,-1
84,9,48,0,3,5,0,0,4,0,0,0,0,0.25,0.5952,4.8297,2.9477,1,1,0,0,0,0,0,0,0,0,0,0,0,-1
21,9,0,0,1,0,0,0,2,0,0,0,0,0.0,0.8095,3.7849,2.9477,0,1,0,0,0,0,0,0,0,0,0,0,0,-1
34,14,7,0,4,0,0,0,3,0,0,0,0,0.4706,0.2647,3.8781,2.2988,0,0,1,1,0,0,1,0,0,0,0,0,0,-1
43,14,22,0,4,0,0,0,4,0,0,0,0,0.3488,0.4419,4.4785,2.8424,0,0,1,0,0,0,1,0,0,0,0,0,0,-1
30,14,9,0,4,0,0,0,3,0,0,0,0,0.3667,0.3667,3.8314,2.6456,0,0,1,0,0,0,1,0,0,0,0,0,0,-1
30,10,7,0,4,0,0,0,3,0,0,0,0,0.4,0.3,3.8281,2.0464,0,0,1,1,0,0,1,0,0,0,0,0,0,-1
33,13,7,0,4,0,0,0,3,0,0,0,0,0.4545,0.2727,3.9455,2.4116,0,0,1,1,0,0,1,0,0,0,0,0,0,-1
37,12,8,0,3,0,0,0,3,0,0,0,0,0.0,0.8108,3.7765,3.0221,1,1,0,0,0,0,0,0,0,0,0,0,0,-1
22,5,5,0,1,0,0,0,3,0,0,0,0,0.0,0.7727,3.5383,1.9219,0,1,0,0,0,0,0,0,0,0,0,0,0,-1
27,12,2,0,3,0,0,0,3,0,0,0,0,0.5185,0.1852,3.736,2.3554,0,0,1,1,0,0,1,0,0,0,0,0,0,-1
25,13,5,0,3,0,0,0,3,0,0,0,0,0.52,0.2,3.7035,2.8731,0,0,1,0,0,0,1,0,0,0,0,0,0,-1
41,14,20,0,4,0,0,0,4,0,0,0,0,0.3171,0.4634,4.2083,2.4677,0,0,1,0,0,0,1,0,0,0,0,0,0,-1
26,4,8,0,2,0,0,0,3,0,0,0,0,0.0,0.7692,4.1039,2.0,0,1,0,0,0,0,0,0,0,0,0,0,0,-1
27,12,2,0,3,0,0,0,3,0,0,0,0,0.5185,0.1852,3.6619,2.8554,0,0,1,1,0,0,1,0,0,0,0,0,0,-1
45,16,17,0,1,1,0,0,4,0,0,0,0,0.0,0.8444,3.9754,3.0306,0,1,0,0,0,0,0,0,0,0,0,0,0,-1
38,8,19,0,1,1,0,0,5,0,0,0,0,0.0,0.7895,3.9752,2.75,0,1,0,0,0,0,0,0,0,0,0,0,0,-1
35,15,8,0,1,0,0,0,3,0,0,0,0,0.0,0.8571,3.751,2.9232,0,1,0,0,0,0,0,0,0,1,1,0,0,-1
26,7,7,0,1,0,0,0,3,0,0,0,0,0.0,0.8077,4.1039,2.1281,0,1,0,0,0,0,0,0,0,0,0,0,0,-1
42,13,18,0,1,0,0,0,5,0,0,0,0,0.0238,0.8095,4.1572,3.2389,0,1,0,0,0,0,0,0,0,0,0,0,0,-1
36,8,7,8,1,0,0,0,3,1,0,0,1,0.0,0.8056,4.0413,2.25,0,1,0,0,0,0,0,0,0,0,0,0,0,-1
68,13,48,0,4,1,1,0,5,0,0,0,0,0.4118,0.4118,4.4123,2.5654,0,0,1,0,0,0,1,0,0,0,0,0,0,-1
27,12,2,0,3,0,0,0,3,0,0,0,0,0.5185,0.1852,3.3205,1.8554,0,0,1,1,0,0,1,0,0,0,0,0,0,-1
30,15,2,0,3,0,0,0,3,0,0,0,0,0.5667,0.1667,3.8566,2.6566,0,0,1,1,0,0,1,0,0,0,0,0,0,-1
30,6,12,0,1,0,0,0,3,0,0,0,0,0.0,0.8333,3.8444,2.585,0,1,0,0,0,0,0,0,0,0,0,0,0,-1
33,13,7,0,4,0,0,0,3,0,0,0,0,0.4545,0.2727,3.9832,2.4493,0,0,1,1,0,0,1,0,0,0,0,0,0,-1
27,10,5,0,1,0,0,0,3,0,0,0,0,0.0,0.8148,3.8562,2.6464,0,1,0,0,0,0,0,0,0,0,0,0,0,-1
22,3,7,0,1,0,0,0,3,0,0,0,0,0.0,0.7727,3.8454,1.585,0,1,0,0,0,0,0,0,0,0,0,0,0,-1
32,12,7,0,4,0,0,0,3,0,0,0,0,0.4375,0.2812,4.0778,2.7925,0,0,1,1,0,0,1,0,0,0,0,0,0,-1
29,9,8,0,1,0,0,0,3,0,0,0,0,0.0,0.8276,4.1163,2.9477,0,1,0,0,0,0,0,0,0,0,0,0,0,-1
31,11,7,0,4,0,0,0,3,0,0,0,0,0.4194,0.2903,3.9102,2.2999,0,0,1,1,0,0,1,0,0,0,0,0,0,-1
61,6,37,0,2,4,0,0,3,0,0,0,0,0.3607,0.4754,4.539,2.2516,1,1,0,0,0,0,1,0,0,0,0,0,0,-1
76,16,47,0,2,5,0,0,4,0,0,0,0,0.1974,0.6447,4.6031,3.1556,0,1,0,0,0,0,0,0,0,1,1,0,0,-1
91,29,47,0,2,7,0,0,4,0,0,0,0,0.1868,0.6593,4.6871,3.8833,0,1,0,0,0,0,0,0,0,1,1,0,0,-1
43,4,27,0,1,2,0,0,5,0,0,0,0,0.1395,0.6512,4.3945,2.0,0,1,0,0,0,0,0,0,0,0,0,0,0,-1
28,13,2,0,3,0,0,0,3,0,0,0,0,0.5357,0.1786,3.655,2.7193,0,0,1,1,0,0,1,0,0,0,0,0,0,-1
31,11,7,0,4,0,0,0,3,0,0,0,0,0.4194,0.2903,4.0668,2.5949,0,0,1,1,0,0,1,0,0,0,0,0,0,-1
32,13,12,0,4,0,0,0,3,0,0,0,0,0.3125,0.4375,4.1403,2.8151,0,0,1,0,0,0,1,0,0,0,0,0,0,-1
36,7,17,0,1,0,0,0,4,0,0,0,0,0.0,0.8333,4.0515,2.8074,0,1,0,0,0,0,0,0,0,0,0,0,0,-1
27,6,10,0,1,0,0,0,3,0,0,0,0,0.0,0.8148,3.4686,1.2516,0,1,0,0,0,0,0,0,0,0,0,0,0,-1
33,13,7,0,4,0,0,0,3,0,0,0,0,0.4545,0.2727,4.0061,2.8731,0,0,1,1,0,0,1,0,0,0,0,0,0,-1
33,8,0,12,1,0,0,0,2,1,0,0,1,0.0,0.8182,4.2455,2.5,0,1,0,0,0,0,0,0,0,0,0,0,0,-1
39,13,14,0,1,0,0,0,4,0,0,0,0,0.1282,0.7179,4.5481,3.027,0,1,0,0,0,0,0,0,0,0,0,0,0,-1
54,10,33,0,1,3,0,0,5,0,0,0,0,0.0926,0.7222,4.5192,2.9219,0,1,0,0,0,0,0,0,0,0,0,0,0,-1
20,6,0,0,2,0,0,0,2,0,0,0,0,0.0,0.75,3.6842,1.9183,0,1,0,0,0,0,0,0,0,1,1,1,1,-1
35,15,7,0,4,0,0,0,3,0,0,0,0,0.4857,0.2571,3.8861,2.4226,0,0,1,1,0,0,1,0,0,0,0,0,0,-1
30,15,2,0,3,0,0,0,3,0,0,0,0,0.5667,0.1667,3.6444,2.6062,0,0,1,1,0,0,1,0,0,0,0,0,0,-1
27,12,2,0,3,0,0,0,3,0,0,0,0,0.5185,0.1852,3.4579,2.5221,0,0,1,1,0,0,1,0,0,0,0,0,0,-1
28,14,7,0,3,0,0,0,3,0,0,0,0,0.3929,0.3571,3.8693,2.5567,0,0,1,0,0,0,1,0,0,0,0,0,0,-1
40,5,7,16,1,0,0,0,3,1,0,0,1,0.0,0.775,4.2562,2.3219,0,1,0,0,0,0,0,0,0,0,0,0,0,-1
29,14,2,0,3,0,0,0,3,0,0,0,0,0.5517,0.1724,3.578,2.3527,0,0,1,1,0,0,1,0,0,0,0,0,0,-1
34,14,7,0,4,0,0,0,3,0,0,0,0,0.4706,0.2647,3.8781,2.6106,0,0,1,1,0,0,1,0,0,0,0,0,0,-1
42,13,22,0,4,0,0,0,4,0,0,0,0,0.2857,0.5,4.4336,2.8731,0,0,1,0,0,0,1,0,0,0,0,0,0,-1
33,3,7,10,1,0,0,0,3,1,0,0,1,0.0,0.7879,4.2108,1.585,0,1,0,0,0,0,0,0,0,0,0,0,0,-1
36,12,12,0,1,0,0,0,3,0,0,0,0,0.0,0.8611,3.7834,3.0221,0,1,0,0,0,0,0,0,0,0,0,0,0,-1
35,9,14,0,1,0,0,0,3,0,0,0,0,0.0,0.8571,3.8402,2.5033,0,1,0,0,0,0,0,0,0,0,0,0,0,-1
35,15,8,0,1,0,0,0,3,0,0,0,0,0.0,0.8571,3.8297,3.2729,0,1,0,0,0,0,0,0,0,0,0,0,0,-1
26,11,2,0,3,0,0,0,3,0,0,0,0,0.5,0.1923,3.7962,2.6635,0,0,1,1,0,0,1,0,0,0,0,0,0,-1
20,3,5,0,1,0,0,0,3,0,0,0,0,0.05,0.7,3.7464,1.585,0,1,0,0,0,0,1,0,0,0,0,0,0,-1
39,5,22,0,1,0,1,0,4,0,0,0,0,0.0,0.8205,4.2017,1.9219,0,1,0,0,0,0,0,0,0,0,0,0,0,-1
25,13,5,0,3,0,0,0,3,0,0,0,0,0.52,0.2,3.7035,2.8151,0,0,1,0,0,0,1,0,0,0,0,0,0,-1
38,15,16,0,4,0,0,0,4,0,0,0,0,0.3421,0.4211,4.3333,3.0062,0,0,1,0,0,0,1,0,0,0,0,0,0,-1
26,2,12,0,1,0,0,0,4,0,0,0,0,0.1154,0.6538,4.2389,1.0,0,1,0,0,0,0,0,0,0,0,0,0,0,-1
22,3,8,0,1,0,0,0,3,0,0,0,0,0.0,0.7727,3.4131,1.585,0,1,0,0,0,0,0,0,0,0,0,0,0,-1
35,15,7,0,4,0,0,0,3,0,0,0,0,0.4857,0.2571,3.8861,2.3899,0,0,1,1,0,0,1,0,0,0,0,0,0,-1
24,3,9,0,1,1,0,0,3,0,0,0,0,0.0,0.75,3.8554,1.585,0,1,0,0,0,0,0,0,0,0,0,0,0,-1
46,18,16,0,1,0,0,0,4,0,0,0,0,0.0,0.8696,4.1271,3.5033,0,1,0,0,0,0,0,0,0,0,0,0,0,-1
39,9,16,0,2,0,0,0,4,0,0,0,0,0.0,0.8205,3.9527,2.4194,0,1,0,0,0,0,0,0,0,0,0,0,0,-1
39,12,15,0,4,0,1,0,3,0,0,0,0,0.3333,0.4103,4.2017,2.6887,0,0,1,1,0,0,1,0,0,0,0,0,0,-1
27,6,9,0,1,0,0,0,3,0,0,0,0,0.0,0.8148,3.9764,2.585,0,1,0,0,0,0,0,0,0,0,0,0,0,-1
27,9,6,0,1,0,0,0,3,0,0,0,0,0.0,0.8148,3.7821,2.6416,0,1,0,0,0,0,0,0,0,1,1,0,0,-1
39,0,26,0,1,1,0,0,6,0,0,0,0,0.0,0.7692,4.0704,0.0,0,1,0,0,0,0,0,0,0,0,0,0,0,-1
25,13,5,0,3,0,0,0,3,0,0,0,0,0.4,0.32,3.9435,2.8731,0,0,1,0,0,0,1,0,0,0,0,0,0,-1
38,6,20,0,1,0,0,0,4,0,0,0,0,0.0,0.8421,4.1228,2.585,0,1,0,0,0,0,0,0,0,0,0,0,0,-1
29,14,2,0,3,0,0,0,3,0,0,0,0,0.5517,0.1724,3.6504,2.5567,0,0,1,1,0,0,1,0,0,0,0,0,0,-1
26,3,11,0,1,0,0,0,4,0,0,0,0,0.0,0.7692,3.7004,1.585,0,1,0,0,0,0,0,0,0,0,0,0,0,-1
32,3,7,10,1,0,0,0,3,1,0,0,1,0.0,0.7812,4.0778,1.585,0,1,0,0,0,0,0,0,0,0,0,0,0,-1
26,8,6,0,1,0,0,0,3,0,0,0,0,0.0,0.8077,3.6903,2.5,0,1,0,0,0,0,0,0,0,0,0,0,0,-1
25,8,5,0,1,0,0,0,3,0,0,0,0,0.0,0.8,3.8635,2.75,0,1,0,0,0,0,0,0,0,0,0,0,0,-1
87,13,50,0,3,4,0,0,4,0,0,0,0,0.1839,0.6782,4.7068,3.5466,1,1,0,0,0,0,0,0,0,1,1,0,0,-1
35,15,7,0,4,0,0,0,3,0,0,0,0,0.4857,0.2571,3.9789,2.6826,0,0,1,1,0,0,1,0,0,0,0,0,0,-1
45,9,24,0,1,3,0,0,4,0,0,0,0,0.0889,0.7111,4.111,2.7255,0,1,0,0,0,0,0,0,0,0,0,0,0,-1
52,19,21,0,1,0,0,0,5,0,0,0,0,0.0962,0.7692,4.1429,3.2866,0,1,0,0,0,0,0,0,0,0,0,0,0,-1
33,3,2,13,2,0,0,0,3,1,0,0,1,0.0,0.7273,4.2485,1.585,0,1,0,0,0,0,0,0,0,0,0,0,0,-1
52,10,30,0,1,2,0,0,5,0,0,0,0,0.0962,0.7308,4.3388,2.7219,0,1,0,0,0,0,0,0,0,0,0,0,0,-1
52,10,30,0,1,2,0,0,5,0,0,0,0,0.0962,0.7308,4.3924,3.1219,0,1,0,0,0,0,0,0,0,0,0,0,0,-1
25,5,8,0,1,0,0,0,3,0,0,0,0,0.0,0.8,3.8635,2.3219,0,1,0,0,0,0,0,0,0,0,0,0,0,-1
21,5,4,0,1,0,0,0,3,0,0,0,0,0.0,0.7619,3.5945,1.371,0,1,0,0,0,0,0,0,0,0,0,0,0,-1
39,16,8,0,2,0,0,0,3,0,0,0,0,0.0,0.8462,4.0385,3.4528,0,1,0,0,0,0,0,0,0,0,0,0,0,-1
28,6,8,0,2,1,0,0,3,0,0,0,0,0.0,0.75,3.8963,2.585,0,1,0,0,0,0,0,0,0,0,0,0,0,-1
67,7,37,0,3,4,0,0,3,0,0,0,0,0.2985,0.5373,4.9086,2.5216,1,1,0,0,0,0,0,0,0,0,0,0,0,-1
80,10,50,0,3,4,0,0,4,0,0,0,0,0.2,0.65,4.7197,3.1219,1,1,0,0,0,0,0,0,0,1,1,0,0,-1
29,14,2,0,3,0,0,0,3,0,0,0,0,0.5517,0.1724,3.7454,2.6106,0,0,1,1,0,0,1,0,0,0,0,0,0,-1
35,15,7,0,4,0,0,0,3,0,0,0,0,0.4857,0.2571,3.9789,2.8226,0,0,1,1,0,0,1,0,0,0,0,0,0,-1
30,7,11,0,1,0,0,0,4,0,0,0,0,0.0667,0.7333,3.8817,2.8074,0,1,0,0,0,0,1,0,0,0,0,0,0,-1
24,13,4,0,3,0,0,0,3,0,0,0,0,0.4583,0.25,3.7406,2.8151,0,0,1,0,0,0,1,0,0,0,0,0,0,-1
28,7,9,0,1,0,0,0,4,0,0,0,0,0.0,0.7857,3.9502,2.8074,0,1,0,0,0,0,0,0,0,0,0,0,0,-1
55,13,34,0,5,0,0,0,4,0,0,0,0,0.1818,0.6364,4.268,2.5074,0,1,1,0,0,0,1,0,0,0,0,0,0,-1
45,14,19,0,1,1,0,0,5,0,0,0,0,0.0,0.8222,4.092,3.3249,0,1,0,0,0,0,0,0,0,0,0,0,0,-1
29,14,2,0,3,0,0,0,3,0,0,0,0,0.5517,0.1724,3.6244,2.6106,0,0,1,1,0,0,1,0,0,0,0,0,0,-1
30,15,2,0,3,0,0,0,3,0,0,0,0,0.5667,0.1667,3.5777,2.5493,0,0,1,1,0,0,1,0,0,0,0,0,0,-1
33,13,7,0,4,0,0,0,3,0,0,0,0,0.4545,0.2727,4.0896,2.7193,0,0,1,1,0,0,1,0,0,0,0,0,0,-1
28,13,2,0,3,0,0,0,3,0,0,0,0,0.5357,0.1786,3.5297,2.5654,0,0,1,1,0,0,1,0,0,0,0,0,0,-1
32,12,7,0,4,0,0,0,3,0,0,0,0,0.4375,0.2812,4.1014,2.8554,0,0,1,1,0,0,1,0,0,0,0,0,0,-1
27,7,8,0,1,0,0,0,3,0,0,0,0,0.0,0.8148,4.0323,2.8074,0,1,0,0,0,0,0,0,0,0,0,0,0,-1
23,6,5,0,1,0,0,0,3,0,0,0,0,0.0,0.7826,3.5342,2.2516,0,1,0,0,0,0,0,0,0,0,0,0,0,-1
34,14,7,0,4,0,0,0,3,0,0,0,0,0.4706,0.2647,3.9842,2.5567,0,0,1,1,0,0,1,0,0,0,0,0,0,-1
23,4,8,0,1,0,0,0,3,0,0,0,0,0.0435,0.7391,3.6753,2.0,0,1,0,0,0,0,1,0,0,0,0,0,0,-1
37,9,13,0,1,0,0,0,4,0,0,0,0,0.0,0.8378,4.0876,2.9477,0,1,0,0,0,0,0,0,0,0,0,0,0,-1
29,4,14,0,1,0,0,0,4,0,0,0,0,0.0,0.7931,3.7194,2.0,0,1,0,0,0,0,0,0,0,0,0,0,0,-1
31,6,14,0,1,0,0,0,4,0,0,0,0,0.0,0.8065,3.3453,2.2516,0,1,0,0,0,0,0,0,0,0,0,0,0,-1
31,0,14,0,2,0,0,0,4,0,0,0,0,0.129,0.6452,4.3736,0.0,0,1,0,0,0,0,0,0,0,0,0,0,0,-1
42,3,24,0,2,0,0,0,5,0,0,0,0,0.0,0.8095,4.1665,1.585,0,1,0,0,0,0,0,0,0,0,0,0,0,-1
33,13,7,0,4,0,0,0,3,0,0,0,0,0.4545,0.2727,4.0061,2.7193,0,0,1,1,0,0,1,0,0,0,0,0,0,-1
25,14,4,0,3,0,0,0,3,0,0,0,0,0.44,0.28,3.8333,2.8424,0,0,1,0,0,0,1,0,0,0,0,0,0,-1
48,12,7,16,1,0,0,0,3,1,0,0,1,0.0,0.8125,4.4052,2.7516,0,1,0,0,0,0,0,0,0,0,0,0,0,-1
41,13,15,0,2,0,1,0,3,0,0,0,0,0.1463,0.6829,4.4546,3.027,0,1,0,0,0,0,0,0,0,0,0,0,0,-1
31,13,11,0,4,0,0,0,3,0,0,0,0,0.3548,0.3871,3.8489,2.6612,0,0,1,0,0,0,1,0,0,0,0,0,0,-1
34,14,7,0,4,0,0,0,3,0,0,0,0,0.4706,0.2647,3.8559,2.6106,0,0,1,1,0,0,1,0,0,0,0,0,0,-1
28,13,2,0,3,0,0,0,3,0,0,0,0,0.5357,0.1786,3.7979,2.8731,0,0,1,1,0,0,1,0,0,0,0,0,0,-1
35,13,15,0,3,0,0,0,4,0,0,0,0,0.4286,0.3429,4.0332,2.4116,0,0,1,0,0,0,1,0,0,0,0,0,0,-1
35,9,14,0,1,0,0,0,4,0,0,0,0,0.1429,0.6857,4.3077,2.7255,0,1,0,0,0,0,0,0,0,0,0,0,0,-1
28,13,2,0,3,0,0,0,3,0,0,0,0,0.5357,0.1786,3.682,2.7193,0,0,1,1,0,0,1,0,0,0,0,0,0,-1
66,9,37,0,2,4,0,0,3,0,0,0,0,0.3788,0.4697,4.5618,2.7255,1,1,0,0,0,0,1,0,0,0,0,0,0,-1
37,3,20,0,4,0,0,0,5,0,0,0,0,0.0811,0.6486,4.0777,1.585,0,1,0,0,0,0,0,0,0,0,0,0,0,-1
26,11,2,0,3,0,0,0,3,0,0,0,0,0.5,0.1923,3.5364,2.4817,0,0,1,1,0,0,1,0,0,0,0,0,0,-1
30,9,9,0,1,0,0,0,3,0,0,0,0,0.0,0.8333,3.7647,2.7255,0,1,0,0,0,0,0,0,0,0,0,0,0,-1
38,2,24,0,1,0,0,0,5,0,0,0,0,0.0,0.8158,3.9259,1.0,0,1,0,0,0,0,0,0,0,1,1,0,0,-1
31,3,16,0,1,0,0,0,4,0,0,0,0,0.0,0.8065,3.8574,1.585,0,1,0,0,0,0,0,0,0,0,0,0,0,-1
40,8,16,0,2,0,0,0,4,0,0,0,0,0.1,0.7,4.2842,2.75,0,0,0,1,0,0,0,0,0,0,0,0,0,-1
31,13,11,0,3,0,0,0,4,0,0,0,0,0.3548,0.3871,4.0668,2.7193,0,0,1,0,0,0,1,0,0,0,0,0,0,-1
28,13,2,0,3,0,0,0,3,0,0,0,0,0.5357,0.1786,3.6106,2.4116,0,0,1,1,0,0,1,0,0,0,0,0,0,-1
48,6,30,0,1,2,0,0,5,0,0,0,0,0.1042,0.7083,4.3717,2.585,0,1,0,0,0,0,0,0,0,0,0,0,0,-1
38,10,16,0,1,0,0,0,4,0,0,0,0,0.0,0.8421,4.1556,2.9219,0,1,0,0,0,0,0,0,0,0,0,0,0,-1
26,5,10,0,1,0,0,0,3,0,0,0,0,0.0,0.8077,3.6714,2.3219,0,1,0,0,0,0,0,0,0,0,0,0,0,-1
26,3,9,0,2,0,0,0,3,0,0,0,0,0.0,0.7692,3.8441,0.9183,0,1,0,0,0,0,0,0,0,0,0,0,0,-1
34,14,7,0,4,0,0,0,3,0,0,0,0,0.4706,0.2647,4.0431,2.6456,0,0,1,1,0,0,1,0,0,0,0,0,0,-1
36,13,9,0,2,0,0,0,3,0,0,0,0,0.0,0.8333,4.3638,3.1808,0,1,0,0,0,0,0,0,0,0,0,0,0,-1
33,13,7,0,4,0,0,0,3,0,0,0,0,0.4545,0.2727,3.9912,2.6612,0,0,1,1,0,0,1,0,0,0,0,0,0,-1
29,7,0,6,2,0,0,0,2,1,0,0,1,0.0345,0.7241,4.1683,2.1281,0,1,0,0,0,0,0,0,0,0,0,0,0,-1
37,11,14,0,1,0,0,0,4,0,0,0,0,0.1081,0.7297,4.4527,3.0958,0,1,0,0,0,0,0,0,0,0,0,0,0,-1
68,13,48,0,4,1,1,0,5,0,0,0,0,0.4706,0.3529,4.4036,2.5654,0,0,1,0,0,0,1,0,0,0,0,0,0,-1
29,14,2,0,3,0,0,0,3,0,0,0,0,0.5517,0.1724,3.5225,2.156,0,0,1,1,0,0,1,0,0,0,0,0,0,-1
29,13,9,0,4,0,0,0,3,0,0,0,0,0.4138,0.3103,4.0473,2.8731,0,0,1,0,0,0,1,0,0,0,0,0,0,-1
39,5,0,21,1,0,0,0,2,2,1,0,1,0.0,0.7949,4.2017,1.9219,0,1,0,0,0,0,0,0,0,0,0,0,0,-1
43,10,21,0,1,0,0,0,5,0,0,0,0,0.1163,0.7209,4.322,3.1219,0,1,0,0,0,0,0,0,0,0,0,0,0,-1
34,14,7,0,4,0,0,0,3,0,0,0,0,0.4706,0.2647,3.9032,2.4138,0,0,1,1,0,0,1,0,0,0,0,0,0,-1
22,0,8,0,1,0,0,0,3,0,0,0,0,0.0,0.7727,3.7544,0.0,0,1,0,0,0,0,0,0,0,0,0,0,0,-1
58,13,34,0,1,2,0,0,5,0,0,0,0,0.0,0.8448,4.0925,2.8731,0,1,0,0,0,0,0,0,0,0,0,0,0,-1
35,5,7,10,1,0,0,0,3,1,0,0,1,0.0,0.8,4.0144,1.9219,0,1,0,0,0,0,0,0,0,0,0,0,0,-1
32,12,7,0,4,0,0,0,3,0,0,0,0,0.4375,0.2812,3.7775,2.6887,0,0,1,1,0,0,1,0,0,0,0,0,0,-1
37,12,18,0,5,2,0,0,3,0,0,0,0,0.2703,0.4324,4.3347,2.8554,0,0,1,0,0,0,1,0,0,0,0,0,0,-1
36,5,20,0,1,0,0,0,4,0,0,0,0,0.0,0.8333,4.128,2.3219,0,1,0,0,0,0,0,0,0,0,0,0,0,-1
24,7,5,0,1,0,0,0,3,0,0,0,0,0.0,0.7917,3.6054,2.5216,0,1,0,0,0,0,0,0,0,0,0,0,0,-1
30,13,10,0,4,0,0,0,3,0,0,0,0,0.3333,0.4,4.0566,2.6612,0,0,1,0,0,0,1,0,0,0,0,0,0,-1
24,13,4,0,3,0,0,0,3,0,0,0,0,0.4167,0.2917,3.8554,2.8731,0,0,1,0,0,0,1,0,0,0,0,0,0,-1
29,14,2,0,3,0,0,0,3,0,0,0,0,0.5517,0.1724,3.7454,2.6106,0,0,1,1,0,0,1,0,0,0,0,0,0,-1
42,14,21,0,4,0,0,0,4,0,0,0,0,0.2619,0.5238,4.2611,2.6106,0,0,1,0,0,0,1,0,0,0,0,0,0,-1
39,15,12,0,4,0,0,0,3,0,0,0,0,0.4103,0.359,4.2143,2.6892,0,0,1,1,0,0,1,0,0,0,0,0,0,-1
35,12,16,0,3,0,2,0,4,0,0,0,0,0.2857,0.4286,4.1287,2.4591,0,0,1,0,0,0,1,0,0,0,0,0,0,-1
29,14,2,0,3,0,0,0,3,0,0,0,0,0.5517,0.1724,3.578,2.6106,0,0,1,1,0,0,1,0,0,0,0,0,0,-1
35,15,7,0,4,0,0,0,3,0,0,0,0,0.4857,0.2571,3.9329,2.6062,0,0,1,1,0,0,1,0,0,0,0,0,0,-1
29,14,2,0,3,0,0,0,3,0,0,0,0,0.5517,0.1724,3.7883,2.6995,0,0,1,1,0,0,1,0,0,0,0,0,0,-1
29,9,8,0,1,0,0,0,3,0,0,0,0,0.0,0.8276,3.6764,2.9477,0,1,0,0,0,0,0,0,0,0,0,0,0,-1
24,13,4,0,3,0,0,0,3,0,0,0,0,0.5,0.2083,3.7721,2.8731,0,0,1,0,0,0,1,0,0,0,0,0,0,-1
22,11,4,0,3,0,0,0,3,0,0,0,0,0.3636,0.3182,3.7544,2.6635,0,0,1,0,0,0,1,0,0,0,0,0,0,-1
28,13,2,0,3,0,0,0,3,0,0,0,0,0.5357,0.1786,3.7534,2.8151,0,0,1,1,0,0,1,0,0,0,0,0,0,-1
24,5,8,0,1,0,0,0,3,0,0,0,0,0.0,0.7917,3.6531,2.3219,0,1,0,0,0,0,0,0,0,0,0,0,0,-1
42,14,7,8,1,1,0,0,3,1,0,0,1,0.0,0.8095,4.2432,3.3788,0,1,0,0,0,0,0,0,0,0,0,0,0,-1
26,7,7,0,1,0,0,0,3,0,0,0,0,0.0,0.8077,3.9501,2.5216,0,1,0,0,0,0,0,0,0,0,0,0,0,-1
35,12,11,0,1,0,0,0,4,0,0,0,0,0.0,0.8286,3.9217,3.2516,0,1,0,0,0,0,0,0,0,0,0,0,0,-1
40,12,15,0,3,0,0,0,4,0,0,0,0,0.0,0.8,3.816,3.085,1,0,0,0,0,0,0,0,0,0,0,0,0,-1
52,7,34,0,1,1,0,0,5,0,0,0,0,0.0,0.8462,4.3112,2.5216,0,1,0,0,0,0,0,0,0,0,0,0,0,-1
32,7,0,12,1,0,0,0,2,1,0,0,1,0.0938,0.7188,4.375,2.8074,0,1,0,0,0,0,1,0,0,0,0,0,0,-1
38,14,17,0,4,0,0,0,4,0,0,0,0,0.3421,0.4211,4.1556,2.6995,0,0,1,0,0,0,1,0,0,0,0,0,0,-1
24,13,4,0,3,0,0,0,3,0,0,0,0,0.5,0.2083,3.6887,2.8731,0,0,1,0,0,0,1,0,0,0,0,0,0,-1
41,10,19,0,1,1,0,0,5,0,0,0,0,0.0,0.8049,3.9371,2.9219,0,1,0,0,0,0,0,0,0,0,0,0,0,-1
42,19,12,0,1,1,0,0,4,0,0,0,0,0.0952,0.7381,4.011,3.2158,0,1,0,0,0,0,0,0,0,0,0,0,0,-1
28,14,7,0,3,0,1,0,3,0,0,0,0,0.5357,0.1786,3.7979,2.6106,0,0,1,0,0,0,1,0,0,0,0,0,0,-1
30,14,9,0,4,0,0,0,3,0,0,0,0,0.4333,0.3,4.0566,2.8424,0,0,1,0,0,0,1,0,0,0,0,0,0,-1
32,12,7,0,4,0,0,0,3,0,0,0,0,0.4375,0.2812,3.9528,2.6258,0,0,1,1,0,0,1,0,0,0,0,0,0,-1
33,13,7,0,4,0,0,0,3,0,0,0,0,0.4545,0.2727,3.859,2.6612,0,0,1,1,0,0,1,0,0,0,0,0,0,-1
29,12,5,0,1,1,0,0,3,0,0,0,0,0.0,0.7931,3.8144,3.085,0,1,0,0,0,0,0,0,0,0,0,0,0,-1
32,14,11,0,4,0,0,0,3,0,0,0,0,0.375,0.375,3.8903,2.4138,0,0,1,0,0,0,1,0,0,0,0,0,0,-1
43,15,14,0,1,1,0,0,4,0,0,0,0,0.0,0.8372,4.0049,3.1899,0,1,0,0,0,0,0,0,0,0,0,0,0,-1
39,8,19,0,1,0,0,0,4,0,0,0,0,0.0,0.8462,4.1504,2.4056,0,1,0,0,0,0,0,0,0,0,0,0,0,-1
34,10,12,0,1,0,0,0,3,0,0,0,0,0.0,0.8529,3.9176,3.1219,0,1,0,0,0,0,0,0,0,0,0,0,0,-1
29,13,9,0,4,0,0,0,3,0,0,0,0,0.4138,0.3103,3.7454,2.5074,0,0,1,0,0,0,1,0,0,0,0,0,0,-1
34,14,7,0,4,0,0,0,3,0,0,0,0,0.4706,0.2647,3.8444,2.6995,0,0,1,1,0,0,1,0,0,0,0,0,0,-1
36,2,20,0,4,0,0,0,5,0,0,0,0,0.0833,0.6389,4.0413,1.0,0,1,0,0,0,0,0,0,0,0,0,0,0,-1
34,14,7,0,4,0,0,0,3,0,0,0,0,0.4706,0.2647,3.7604,2.6106,0,0,1,1,0,0,1,0,0,0,0,0,0,-1
59,8,40,0,2,1,0,0,7,0,0,0,0,0.0,0.8136,4.293,2.75,0,1,0,0,0,0,0,0,0,0,0,0,0,-1
38,6,20,0,1,0,0,0,4,0,0,0,0,0.0,0.8421,3.9881,2.585,0,1,0,0,0,0,0,0,0,0,0,0,0,-1
47,10,14,10,1,0,2,0,4,1,0,0,1,0.1489,0.6383,4.8312,2.8464,0,1,0,0,0,0,0,0,0,0,0,0,0,-1
25,11,7,0,3,0,0,0,3,0,0,0,0,0.52,0.2,3.7533,2.5949,0,0,1,0,0,0,1,0,0,0,0,0,0,-1
40,13,15,0,1,0,0,0,4,0,0,0,0,0.0,0.85,3.6552,2.7774,0,1,0,0,0,0,0,0,0,0,0,0,0,-1
30,3,15,0,1,0,0,0,4,0,0,0,0,0.0,0.8,4.2817,1.585,0,1,0,0,0,0,0,0,0,0,0,0,0,-1
42,6,7,16,1,0,0,0,3,1,0,0,1,0.0,0.8095,4.3204,2.2516,0,1,0,0,0,0,0,0,0,0,0,0,0,-1
28,8,9,0,1,2,0,0,3,0,0,0,0,0.0,0.75,3.8249,2.75,0,1,0,0,0,0,0,0,0,0,0,0,0,-1
38,5,0,21,1,0,0,0,2,2,1,0,1,0.0,0.7895,4.2807,2.3219,0,1,0,0,0,0,0,0,0,0,0,0,0,-1
28,6,11,0,2,0,0,0,3,0,0,0,0,0.0,0.7857,3.8963,2.585,0,1,0,0,0,0,0,0,0,0,0,0,0,-1
48,9,28,0,1,1,0,0,4,0,0,0,0,0.0,0.8542,3.9979,2.7255,0,1,0,0,0,0,0,0,0,0,0,0,0,-1
26,5,9,0,1,0,0,0,3,0,0,0,0,0.0,0.8077,3.8441,1.9219,0,1,0,0,0,0,0,0,0,0,0,0,0,-1
63,13,11,0,3,3,0,0,4,0,0,0,0,0.0,0.8254,4.3742,3.3927,1,0,0,0,0,0,0,0,0,0,0,0,0,-1
92,6,74,0,2,3,1,0,10,0,0,0,0,0.0217,0.7935,4.6391,2.585,0,1,0,0,0,0,0,0,0,0,0,0,0,-1
27,12,2,0,3,0,0,0,3,0,0,0,0,0.5185,0.1852,3.7821,2.6887,0,0,1,1,0,0,1,0,0,0,0,0,0,-1
30,15,2,0,3,0,0,0,3,0,0,0,0,0.5667,0.1667,3.5396,2.5493,0,0,1,1,0,0,1,0,0,0,0,0,0,-1
28,10,6,0,1,0,0,0,3,0,0,0,0,0.0,0.8214,3.5472,2.7219,0,1,0,0,0,0,0,0,0,0,0,0,0,-1
30,15,2,0,3,0,0,0,3,0,0,0,0,0.5667,0.1667,3.5493,2.3656,0,0,1,1,0,0,1,0,0,0,0,0,0,-1
22,6,5,0,1,0,0,0,3,0,0,0,0,0.0,0.7727,3.7544,2.2516,0,1,0,0,0,0,0,0,0,1,1,1,1,-1
25,8,5,0,1,0,0,0,3,0,0,0,0,0.0,0.8,4.0235,2.75,0,1,0,0,0,0,0,0,0,0,0,0,0,-1
22,3,8,0,1,0,0,0,3,0,0,0,0,0.0455,0.7273,3.8454,1.585,0,1,0,0,0,0,1,0,0,0,0,0,0,-1
45,13,25,0,4,0,0,0,4,0,0,0,0,0.2889,0.5111,4.5082,2.6032,0,0,1,0,0,0,1,0,0,0,0,0,0,-1
32,12,7,0,4,0,0,0,3,0,0,0,0,0.4375,0.2812,3.9917,2.4591,0,0,1,1,0,0,1,0,0,0,0,0,0,-1
44,13,24,0,4,0,0,0,4,0,0,0,0,0.2955,0.5,4.3454,2.6612,0,0,1,0,0,0,1,0,0,0,0,0,0,-1
41,8,21,0,1,0,0,0,5,0,0,0,0,0.122,0.7073,4.2178,2.5,0,1,0,0,0,0,0,0,0,0,0,0,0,-1
28,13,2,0,3,0,0,0,3,0,0,0,0,0.5357,0.1786,3.7709,2.6612,0,0,1,1,0,0,1,0,0,0,0,0,0,-1
29,14,2,0,3,0,0,0,3,0,0,0,0,0.5517,0.1724,3.5554,2.6106,0,0,1,1,0,0,1,0,0,0,0,0,0,-1
29,8,9,0,1,1,0,0,3,0,0,0,0,0.0,0.7931,3.7589,3.0,0,1,0,0,0,0,0,0,0,0,0,0,0,-1
55,14,34,0,5,0,0,0,4,0,0,0,0,0.2,0.6182,4.2543,2.6456,0,0,1,0,0,0,1,0,0,0,0,0,0,-1
29,14,2,0,3,0,0,0,3,0,0,0,0,0.5517,0.1724,3.8144,2.6456,0,0,1,1,0,0,1,0,0,0,0,0,0,-1
34,16,6,0,1,0,0,0,3,0,0,0,0,0.0,0.8529,3.881,3.0306,0,1,0,0,0,0,0,0,0,0,0,0,0,-1
30,14,9,0,3,0,0,0,4,0,0,0,0,0.3667,0.3667,4.1232,2.9852,0,0,1,0,0,0,1,0,0,0,0,0,0,-1
84,13,48,0,3,4,0,0,4,0,0,0,0,0.2738,0.5833,4.6947,3.027,1,0,0,0,0,0,0,0,0,0,0,0,0,-1
25,11,7,0,3,0,0,0,3,0,0,0,0,0.44,0.28,3.8333,2.5949,0,0,1,0,0,0,1,0,0,0,0,0,0,-1
53,7,34,0,1,1,0,0,5,0,0,0,0,0.0,0.8491,4.1582,2.5216,0,1,0,0,0,0,0,0,0,0,0,0,0,-1
33,13,7,0,4,0,0,0,3,0,0,0,0,0.4545,0.2727,4.0667,2.6612,0,0,1,1,0,0,1,0,0,0,0,0,0,-1
21,2,7,0,1,0,0,0,3,0,0,0,0,0.0476,0.7143,3.8802,1.0,0,1,0,0,0,0,1,0,0,0,0,0,0,-1
66,9,37,0,2,4,0,0,3,0,0,0,0,0.3939,0.4545,4.5757,2.9477,1,1,0,0,0,0,1,0,0,0,0,0,0,-1
28,8,5,0,1,0,0,0,3,0,0,0,0,0.0,0.8214,4.0391,2.75,0,1,0,0,0,0,0,0,1,0,0,0,0,-1
33,8,13,0,1,0,0,0,4,0,0,0,0,0.0,0.8182,4.0289,2.75,0,1,0,0,0,0,0,0,0,0,0,0,0,-1
35,12,11,0,1,0,0,0,4,0,0,0,0,0.0,0.8286,3.9544,3.4183,0,1,0,0,0,0,0,0,0,0,0,0,0,-1
32,14,11,0,4,0,1,0,3,0,0,0,0,0.3438,0.375,4.1792,2.8424,0,0,1,0,0,0,1,0,0,0,0,0,0,-1
22,6,5,0,1,0,0,0,3,0,0,0,0,0.1364,0.6364,3.7544,2.585,0,1,0,0,0,0,1,0,0,0,0,0,0,-1
32,14,11,0,4,0,0,0,3,0,0,0,0,0.4375,0.3125,3.8278,2.4138,0,0,1,0,0,0,1,0,0,0,0,0,0,-1
26,3,12,0,1,0,0,0,4,0,0,0,0,0.0,0.7692,3.6903,1.585,0,1,0,0,0,0,0,0,0,0,0,0,0,-1
33,15,6,0,1,0,0,0,3,0,0,0,0,0.0,0.8485,4.0289,3.5069,0,1,0,0,0,0,0,0,0,0,0,0,0,-1
24,12,5,0,3,0,0,0,3,0,0,0,0,0.4167,0.2917,3.7406,2.4591,0,0,1,0,0,0,1,0,0,0,0,0,0,-1
35,15,7,0,4,0,0,0,3,0,0,0,0,0.4857,0.2571,3.8646,2.4226,0,0,1,1,0,0,1,0,0,0,0,0,0,-1
29,3,15,0,1,0,0,0,4,0,0,0,0,0.0,0.7931,3.9783,1.585,0,1,0,0,0,0,0,0,0,0,0,0,0,-1
25,13,5,0,3,0,0,0,3,0,0,0,0,0.44,0.28,3.8333,2.8731,0,0,1,0,0,0,1,0,0,0,0,0,0,-1
32,13,7,0,1,0,0,0,3,0,0,0,0,0.0,0.8438,4.0542,3.3927,0,1,0,0,0,0,0,0,0,0,0,0,0,-1
28,13,8,0,3,0,0,0,3,0,0,0,0,0.4286,0.3214,3.8963,2.8151,0,0,1,0,0,0,1,0,0,0,0,0,0,-1
38,20,6,0,1,1,0,0,3,0,0,0,0,0.0,0.8421,3.9182,3.2037,0,1,0,0,0,0,0,0,0,0,0,0,0,-1
33,13,7,0,4,0,0,0,3,0,0,0,0,0.4545,0.2727,4.0896,3.027,0,0,1,1,0,0,1,0,0,0,0,0,0,-1
38,14,12,0,3,0,1,0,3,0,0,0,0,0.4474,0.3158,4.379,2.6456,0,0,1,1,0,0,1,0,0,0,0,0,0,-1
34,14,7,0,4,0,0,0,3,0,0,0,0,0.4706,0.2647,4.0209,2.6995,0,0,1,1,0,0,1,0,0,0,0,0,0,-1
33,13,7,0,4,0,0,0,3,0,0,0,0,0.4545,0.2727,3.9683,2.7193,0,0,1,1,0,0,1,0,0,0,0,0,0,-1
28,7,9,0,1,0,0,0,3,0,0,0,0,0.0,0.8214,3.8693,2.8074,0,1,0,0,0,0,0,0,0,0,0,0,0,-1
32,8,1,10,1,0,0,0,3,1,0,0,1,0.0938,0.6875,4.3278,2.75,0,1,0,0,0,0,1,0,0,0,0,0,0,-1
27,12,2,0,3,0,0,0,3,0,0,0,0,0.5185,0.1852,3.708,2.4591,0,0,1,1,0,0,1,0,0,0,0,0,0,-1
80,6,62,0,2,1,1,0,9,0,0,0,0,0.025,0.8,4.5072,2.585,0,1,0,0,0,0,0,0,0,0,0,0,0,-1
23,5,6,0,1,0,0,0,3,0,0,0,0,0.0,0.7826,3.7294,2.3219,0,1,0,0,0,0,0,0,0,0,0,0,0,-1
28,13,2,0,3,0,0,0,3,0,0,0,0,0.5357,0.1786,3.7979,2.6612,0,0,1,1,0,0,1,0,0,0,0,0,0,-1
25,11,7,0,3,0,0,0,3,0,0,0,0,0.52,0.2,3.7035,2.5949,0,0,1,0,0,0,1,0,0,0,0,0,0,-1
23,3,9,0,1,0,0,0,4,0,0,0,0,0.0,0.7391,3.7951,1.585,0,1,0,0,0,0,0,0,0,0,0,0,0,-1
34,14,7,0,4,0,0,0,3,0,0,0,0,0.4706,0.2647,3.9369,2.4956,0,0,1,1,0,0,1,0,0,0,0,0,0,-1
68,13,37,0,2,4,0,0,3,0,0,0,0,0.2647,0.5882,4.8261,3.2389,1,1,0,0,0,0,0,0,0,0,0,0,0,-1
34,8,14,0,1,0,0,0,4,0,0,0,0,0.0,0.8235,4.0653,3.0,0,1,0,0,0,0,0,0,0,0,0,0,0,-1
43,17,14,0,1,0,0,0,4,0,0,0,0,0.0,0.8605,4.0452,3.2195,0,1,0,0,0,0,0,0,0,0,0,0,0,-1
29,14,2,0,3,0,0,0,3,0,0,0,0,0.5517,0.1724,3.414,2.4677,0,0,1,1,0,0,1,0,0,0,0,0,0,-1
20,3,5,0,1,0,0,0,3,0,0,0,0,0.0,0.75,3.4464,1.585,0,1,0,0,0,0,0,0,0,0,0,0,0,-1
38,12,14,0,1,0,0,0,4,0,0,0,0,0.0,0.8421,4.0079,2.7516,0,1,0,0,0,0,0,0,0,0,0,0,0,-1
42,14,16,0,1,1,0,0,4,0,0,0,0,0.0,0.8333,4.2548,3.3788,0,1,0,0,0,0,0,0,0,0,0,0,0,-1
42,6,7,16,1,0,0,0,3,1,0,0,1,0.0,0.8095,4.2821,2.585,0,1,0,0,0,0,0,0,0,0,0,0,0,-1
28,13,2,0,3,0,0,0,3,0,0,0,0,0.5357,0.1786,3.8693,3.027,0,0,1,1,0,0,1,0,0,0,0,0,0,-1
79,13,14,0,3,3,0,0,3,0,0,0,0,0.038,0.8354,4.5364,3.3927,1,1,0,0,0,0,0,0,0,0,0,0,0,-1
30,13,10,0,4,0,0,0,3,0,0,0,0,0.3333,0.4,4.1484,2.8731,0,0,1,0,0,0,1,0,0,0,0,0,0,-1
50,14,7,16,1,0,0,0,3,1,0,0,1,0.0,0.84,4.0119,2.8963,0,1,0,0,0,0,0,0,0,0,0,0,0,-1
30,13,10,0,3,0,0,0,4,0,0,0,0,0.4333,0.3,3.9232,2.8151,0,0,1,0,0,0,1,0,0,0,0,0,0,-1
41,12,22,0,4,0,0,0,4,0,0,0,0,0.2439,0.5366,4.0828,2.5221,0,0,1,0,0,0,1,0,0,0,0,0,0,-1
27,12,2,0,3,0,0,0,3,0,0,0,0,0.5185,0.1852,3.8101,2.6258,0,0,1,1,0,0,1,0,0,0,0,0,0,-1
39,10,17,0,1,0,0,0,4,0,0,0,0,0.0,0.8462,3.9166,2.7219,0,1,0,0,0,0,0,0,0,0,0,0,0,-1
38,7,8,0,3,0,0,0,3,0,0,0,0,0.0,0.8158,3.9907,2.1281,1,0,0,0,0,0,0,0,0,0,0,0,0,-1
39,3,7,16,1,0,0,0,3,1,0,0,1,0.0,0.7692,4.1949,1.585,0,1,0,0,0,0,0,0,0,0,0,0,0,-1
34,13,14,0,4,0,0,0,4,0,0,0,0,0.3235,0.4118,4.1019,2.6612,0,0,1,0,0,0,1,0,0,0,0,0,0,-1
29,11,6,0,1,0,0,0,3,0,0,0,0,0.0,0.8276,3.7589,2.8454,0,1,0,0,0,0,0,0,0,0,0,0,0,-1
35,3,20,0,3,0,0,0,5,0,0,0,0,0.0857,0.6571,3.9469,1.585,0,1,0,0,0,0,0,0,0,0,0,0,0,-1
35,13,10,0,1,0,0,0,3,0,0,0,0,0.0,0.8571,3.6227,3.027,0,1,0,0,0,0,0,0,0,0,0,0,0,-1
28,13,2,0,3,0,0,0,3,0,0,0,0,0.5357,0.1786,3.7534,2.8731,0,0,1,1,0,0,1,0,0,0,0,0,0,-1
28,8,8,0,1,0,0,0,3,0,0,0,0,0.0,0.8214,4.0391,2.5,0,1,0,0,0,0,0,0,0,0,0,0,0,-1
35,14,14,0,4,0,0,0,4,0,0,0,0,0.3143,0.4286,3.7719,2.2709,0,0,1,0,0,0,1,0,0,0,0,0,0,-1
25,11,7,0,3,0,0,0,3,0,0,0,0,0.44,0.28,3.9133,2.5949,0,0,1,0,0,0,1,0,0,0,0,0,0,-1
29,12,5,0,1,1,0,0,3,0,0,0,0,0.0,0.7931,3.9094,3.4183,0,1,0,0,0,0,0,0,0,0,0,0,0,-1
47,15,20,0,2,0,0,0,5,0,0,0,0,0.0213,0.8085,4.1179,3.0566,0,1,0,0,0,0,0,0,0,1,1,0,0,-1
28,8,8,0,1,0,0,0,3,0,0,0,0,0.0,0.8214,3.8249,2.75,0,1,0,0,0,0,0,0,0,0,0,0,0,-1
33,14,12,0,4,0,0,0,3,0,0,0,0,0.3333,0.4242,4.0896,2.5567,0,0,1,0,0,0,1,0,0,0,0,0,0,-1
28,13,2,0,3,0,0,0,3,0,0,0,0,0.5357,0.1786,3.7709,2.4493,0,0,1,1,0,0,1,0,0,0,0,0,0,-1
77,20,37,0,2,4,0,0,3,0,0,0,0,0.2338,0.6364,4.9398,3.5842,1,1,0,0,0,0,0,0,0,0,0,0,0,-1
34,14,7,0,4,0,0,0,3,0,0,0,0,0.4706,0.2647,3.9254,2.6106,0,0,1,1,0,0,1,0,0,0,0,0,0,-1
36,10,14,0,1,0,0,0,3,0,0,0,0,0.0,0.8611,3.9749,2.4464,0,1,0,0,0,0,0,0,0,0,0,0,0,-1
24,4,8,0,1,0,0,0,3,0,0,0,0,0.0,0.7917,3.7721,2.0,0,1,0,0,0,0,0,0,0,0,0,0,0,-1
37,13,12,0,4,0,1,0,3,0,0,0,0,0.4054,0.3243,4.0981,2.7193,0,0,1,1,0,0,1,0,0,0,0,0,0,-1
50,12,27,0,1,2,0,0,5,0,0,0,0,0.12,0.7,4.4366,2.8554,0,1,0,0,0,0,0,0,0,0,0,0,0,-1
20,4,5,0,1,0,0,0,3,0,0,0,0,0.0,0.75,3.6842,2.0,0,1,0,0,0,0,0,0,0,0,0,0,0,-1
28,13,2,0,3,0,0,0,3,0,0,0,0,0.5357,0.1786,3.3424,1.8262,0,0,1,1,0,0,1,0,0,0,0,0,0,-1
68,13,48,0,4,1,1,0,5,0,0,0,0,0.4265,0.3971,4.3706,2.5654,0,0,1,0,0,0,1,0,0,0,0,0,0,-1
28,6,11,0,1,0,0,0,4,0,0,0,0,0.0,0.7857,3.9408,2.2516,0,1,0,0,0,0,0,0,0,1,1,1,1,-1
30,13,6,0,1,0,0,0,3,0,0,0,0,0.0,0.8333,3.8477,3.2389,0,1,0,0,0,0,0,0,0,0,0,0,0,-1
44,12,20,0,1,0,0,0,4,0,0,0,0,0.0,0.8636,4.1158,3.085,0,1,0,0,0,0,0,0,0,0,0,0,0,-1
32,13,12,0,3,0,1,0,4,0,0,0,0,0.4375,0.2812,4.0153,2.8151,0,0,1,0,0,0,1,0,0,0,0,0,0,-1
25,13,5,0,3,0,0,0,3,0,0,0,0,0.48,0.24,3.8635,2.8731,0,0,1,0,0,0,1,0,0,0,0,0,0,-1
38,11,15,0,1,1,0,0,4,0,0,0,0,0.0,0.8158,3.8854,2.914,0,1,0,0,0,0,0,0,0,0,0,0,0,-1
26,0,9,0,1,0,0,0,3,0,0,0,0,0.0,0.8077,3.7381,0.0,0,1,0,0,0,0,0,0,0,0,0,0,0,-1
25,13,5,0,3,0,0,0,3,0,0,0,0,0.4,0.32,3.9435,2.8731,0,0,1,0,0,0,1,0,0,0,0,0,0,-1
45,9,7,16,1,0,0,0,3,1,0,0,1,0.0,0.8,4.1423,2.7255,0,1,0,0,0,0,0,0,0,0,0,0,0,-1
40,9,20,0,1,0,0,0,5,0,0,0,0,0.0,0.825,4.1128,2.7255,0,1,0,0,0,0,0,0,0,1,1,0,0,-1
38,7,8,0,3,0,0,0,3,0,0,0,0,0.0,0.8158,4.1132,2.1281,1,0,0,0,0,0,0,0,0,0,0,0,0,-1
35,4,17,0,2,1,0,0,4,0,0,0,0,0.0,0.7714,3.9929,2.0,0,1,0,0,0,0,0,0,0,0,0,0,0,-1
29,14,2,0,3,0,0,0,3,0,0,0,0,0.5517,0.1724,3.6933,2.6995,0,0,1,1,0,0,1,0,0,0,0,0,0,-1
74,9,1,42,2,4,0,0,3,1,0,0,1,0.2838,0.5541,4.9373,2.5033,1,1,0,0,0,0,0,0,0,0,0,0,0,-1
34,14,7,0,4,0,0,0,3,0,0,0,0,0.4706,0.2647,3.797,2.6995,0,0,1,1,0,0,1,0,0,0,0,0,0,-1
25,13,5,0,3,0,0,0,3,0,0,0,0,0.52,0.2,3.7231,2.8151,0,0,1,0,0,0,1,0,0,0,0,0,0,-1
27,12,2,0,3,0,0,0,3,0,0,0,0,0.5185,0.1852,3.6801,2.6887,0,0,1,1,0,0,1,0,0,0,0,0,0,-1
27,11,9,0,3,0,0,0,4,0,0,0,0,0.2963,0.4074,3.9862,2.8454,0,0,1,0,0,0,1,0,0,0,0,0,0,-1
36,15,9,0,1,0,0,0,3,0,0,0,0,0.0,0.8611,3.954,3.1396,0,1,0,0,0,0,0,0,0,0,0,0,0,-1
32,14,11,0,3,0,0,0,4,0,0,0,0,0.375,0.375,4.2264,3.0391,0,0,1,0,0,0,1,0,0,0,0,0,0,-1
33,13,7,0,4,0,0,0,3,0,0,0,0,0.4545,0.2727,4.003,2.7193,0,0,1,1,0,0,1,0,0,0,0,0,0,-1
33,14,12,0,3,0,1,0,4,0,0,0,0,0.4545,0.2727,4.1502,2.9852,0,0,1,0,0,0,1,0,0,0,0,0,0,-1
35,0,21,0,1,1,0,0,4,0,0,0,0,0.0,0.8,4.05,0.0,0,1,0,0,0,0,0,0,0,0,0,0,0,-1
75,10,1,42,2,4,0,0,3,1,0,0,1,0.2933,0.5467,4.7616,2.9219,1,1,0,0,0,0,0,0,0,0,0,0,0,-1
25,11,7,0,3,0,0,0,3,0,0,0,0,0.4,0.32,3.7533,2.5949,0,0,1,0,0,0,1,0,0,0,0,0,0,-1
26,7,8,0,1,0,0,0,3,0,0,0,0,0.0,0.8077,3.6424,2.5216,0,1,0,0,0,0,0,0,0,0,0,0,0,-1
31,10,9,0,1,0,0,0,3,0,0,0,0,0.0,0.8387,3.8489,2.5219,0,1,0,0,0,0,0,0,0,0,0,0,0,-1
29,14,2,0,3,0,0,0,3,0,0,0,0,0.5517,0.1724,3.7623,2.9852,0,0,1,1,0,0,1,0,0,0,0,0,0,-1
23,14,2,0,3,0,0,0,3,0,0,0,0,0.4783,0.2174,3.6097,2.7885,0,0,1,0,0,0,1,0,0,0,0,0,0,-1
21,2,8,0,1,0,0,0,3,0,0,0,0,0.0,0.7619,3.2914,1.0,0,1,0,0,0,0,0,0,0,0,0,0,0,-1
35,15,7,0,4,0,0,0,3,0,0,0,0,0.4857,0.2571,4.0004,2.6062,0,0,1,1,0,0,1,0,0,0,0,0,0,-1
29,12,10,0,4,0,0,0,3,0,0,0,0,0.3103,0.4138,4.0733,2.6887,0,0,1,0,0,0,1,0,0,0,0,0,0,-1
30,6,12,0,1,0,0,0,3,0,0,0,0,0.0,0.8333,3.7144,2.2516,0,1,0,0,0,0,0,0,0,0,0,0,0,-1
42,6,7,16,1,0,0,0,3,1,0,0,1,0.0,0.8095,4.3564,2.585,0,1,0,0,0,0,0,0,0,0,0,0,0,-1
36,11,10,0,2,0,0,0,3,0,0,0,0,0.0,0.8333,4.0651,2.5503,0,1,0,0,0,0,0,0,0,0,0,0,0,-1
37,9,16,0,1,1,0,0,4,0,0,0,0,0.027,0.7838,4.0672,3.1699,0,1,0,0,0,0,1,0,0,0,0,0,0,-1
43,11,20,0,3,0,0,0,5,0,0,0,0,0.0698,0.7209,4.1848,3.0272,0,1,0,0,0,0,0,0,0,0,0,0,0,-1
54,13,34,0,5,0,0,0,4,0,0,0,0,0.1852,0.6296,4.3015,2.8731,0,0,1,0,0,0,1,0,0,0,0,0,0,-1
35,15,7,0,4,0,0,0,3,0,0,0,0,0.4857,0.2571,4.0116,2.5493,0,0,1,1,0,0,1,0,0,0,0,0,0,-1
25,13,5,0,3,0,0,0,3,0,0,0,0,0.44,0.28,3.8635,2.8731,0,0,1,0,0,0,1,0,0,0,0,0,0,-1
22,4,5,0,1,0,0,0,3,0,0,0,0,0.0,0.7727,3.5383,2.0,0,1,0,0,0,0,0,0,0,0,0,0,0,-1
41,11,7,10,1,0,0,0,3,1,0,0,1,0.0,0.8293,4.269,3.0958,0,1,0,0,0,0,0,0,0,0,0,0,0,-1
31,11,7,0,4,0,0,0,3,0,0,0,0,0.4194,0.2903,3.8087,2.4817,0,0,1,1,0,0,1,0,0,0,0,0,0,-1
83,20,47,0,2,4,0,0,4,0,0,0,0,0.2289,0.6386,4.6544,3.5842,0,1,0,0,0,0,0,0,0,1,1,0,0,-1
25,5,8,0,1,0,0,0,3,0,0,0,0,0.0,0.8,3.6235,1.9219,0,1,0,0,0,0,0,0,0,0,0,0,0,-1
24,13,4,0,3,0,0,0,3,0,0,0,0,0.4167,0.2917,3.8554,2.8731,0,0,1,0,0,0,1,0,0,0,0,0,0,-1
24,7,5,0,1,0,0,0,3,0,0,0,0,0.0,0.7917,3.7721,2.5216,0,1,0,0,0,0,0,0,0,0,0,0,0,-1
41,9,20,0,1,0,0,0,5,0,0,0,0,0.0,0.8293,4.065,2.1972,0,1,0,0,0,0,0,0,0,1,1,0,0,-1
24,7,5,0,1,0,0,0,3,0,0,0,0,0.0,0.7917,3.6573,2.8074,0,1,0,0,0,0,0,0,0,0,0,0,0,-1
25,14,4,0,3,0,0,0,3,0,0,0,0,0.44,0.28,3.5329,2.306,0,0,1,0,0,0,1,0,0,0,0,0,0,-1
85,14,48,0,3,4,0,0,4,0,0,0,0,0.2706,0.5882,4.6562,3.3788,1,0,0,0,0,0,0,0,0,0,0,0,0,-1
30,4,15,0,1,0,0,0,4,0,0,0,0,0.0,0.8,3.9899,2.0,0,1,0,0,0,0,0,0,0,0,0,0,0,-1
30,8,8,0,2,0,0,0,3,0,0,0,0,0.0,0.8,3.8566,2.25,0,1,0,0,0,0,0,0,0,0,0,0,0,-1
39,3,24,0,1,0,0,0,5,0,0,0,0,0.0,0.8205,3.8627,1.585,0,1,0,0,0,0,0,0,0,0,0,0,0,-1
36,10,14,0,1,0,0,0,3,0,0,0,0,0.0,0.8611,4.0969,3.3219,0,1,0,0,0,0,0,0,0,0,0,0,0,-1
35,5,7,10,1,0,0,0,3,1,0,0,1,0.0,0.8,4.0116,1.9219,0,1,0,0,0,0,0,0,0,0,0,0,0,-1
68,9,47,0,2,4,0,0,4,0,0,0,0,0.2941,0.5441,4.7084,2.9477,0,0,0,0,0,0,0,0,0,1,1,0,0,-1
29,14,2,0,3,0,0,0,3,0,0,0,0,0.5517,0.1724,3.6899,2.7885,0,0,1,1,0,0,1,0,0,0,0,0,0,-1
30,13,10,0,4,0,0,0,3,0,0,0,0,0.3333,0.4,3.7647,2.8151,0,0,1,0,0,0,1,0,0,0,0,0,0,-1
27,10,5,0,1,0,0,0,3,0,0,0,0,0.0,0.8148,4.1064,3.1219,0,1,0,0,0,0,0,0,0,0,0,0,0,-1
28,14,7,0,3,0,0,0,3,0,0,0,0,0.4286,0.3214,3.9408,2.7534,0,0,1,0,0,0,1,0,0,0,0,0,0,-1
30,15,2,0,3,0,0,0,3,0,0,0,0,0.5667,0.1667,3.6193,2.7899,0,0,1,1,0,0,1,0,0,0,0,0,0,-1
32,12,7,0,4,0,0,0,3,0,0,0,0,0.4375,0.2812,3.9528,2.6887,0,0,1,1,0,0,1,0,0,0,0,0,0,-1
29,14,2,0,3,0,0,0,3,0,0,0,0,0.5517,0.1724,3.7883,2.8424,0,0,1,1,0,0,1,0,0,0,0,0,0,-1
37,11,14,0,1,0,0,0,4,0,0,0,0,0.1081,0.7297,4.5945,3.0958,0,1,0,0,0,0,0,0,0,0,0,0,0,-1
26,11,2,0,3,0,0,0,3,0,0,0,0,0.5,0.1923,3.6612,2.6635,0,0,1,1,0,0,1,0,0,0,0,0,0,-1
79,9,50,0,3,4,0,0,4,0,0,0,0,0.2025,0.6456,4.7371,2.9477,1,1,0,0,0,0,0,0,0,1,1,0,0,-1
28,13,2,0,3,0,0,0,3,0,0,0,0,0.5357,0.1786,3.5976,2.4116,0,0,1,1,0,0,1,0,0,0,0,0,0,-1
33,13,7,0,4,0,0,0,3,0,0,0,0,0.4545,0.2727,3.9196,2.2878,0,0,1,1,0,0,1,0,0,0,0,0,0,-1
41,9,20,0,1,1,0,0,5,0,0,0,0,0.0,0.8049,4.2482,2.7255,0,1,0,0,0,0,0,0,0,1,1,0,0,-1
43,6,26,0,1,1,0,0,6,0,0,0,0,0.0,0.7907,4.2137,1.9183,0,1,0,0,0,0,0,0,0,1,1,1,1,-1
41,3,7,16,2,0,0,0,3,1,0,0,1,0.0,0.7805,4.2595,1.585,0,1,0,0,0,0,0,0,0,0,0,0,0,-1
27,12,2,0,3,0,0,0,3,0,0,0,0,0.5185,0.1852,3.5599,2.6887,0,0,1,1,0,0,1,0,0,0,0,0,0,-1
38,14,12,0,3,0,1,0,3,0,0,0,0,0.3947,0.3684,4.3989,2.7534,0,0,1,1,0,0,1,0,0,0,0,0,0,-1
38,6,17,0,2,1,0,0,4,0,0,0,0,0.0,0.7895,3.85,2.585,0,1,0,0,0,0,0,0,0,0,0,0,0,-1
21,2,8,0,1,0,0,0,3,0,0,0,0,0.0,0.7619,3.7849,0.0,0,1,0,0,0,0,0,0,0,0,0,0,0,-1
27,2,14,0,1,0,0,0,3,0,0,0,0,0.0,0.8148,3.838,1.0,0,1,0,0,0,0,0,0,0,0,0,0,0,-1
27,13,7,0,3,0,0,0,4,0,0,0,0,0.4074,0.2963,3.9121,2.8731,0,0,1,0,0,0,1,0,0,0,0,0,0,-1
27,9,6,0,1,0,0,0,3,0,0,0,0,0.0,0.8148,3.6764,2.5033,0,1,0,0,0,0,0,0,0,0,0,0,0,-1
41,9,21,0,1,2,0,0,4,0,0,0,0,0.0,0.8049,4.0828,2.9477,0,1,0,0,0,0,0,0,0,0,0,0,0,-1
50,4,34,0,1,1,0,0,5,0,0,0,0,0.0,0.84,4.1762,2.0,0,1,0,0,0,0,0,0,0,0,0,0,0,-1
27,13,7,0,3,0,0,0,3,0,0,0,0,0.3704,0.3704,4.0043,2.8151,0,0,1,0,0,0,1,0,0,0,0,0,0,-1
25,5,9,0,1,0,0,0,3,0,0,0,0,0.0,0.8,3.7035,1.9219,0,1,0,0,0,0,0,0,0,0,0,0,0,-1
26,6,9,0,1,0,0,0,4,0,0,0,0,0.0,0.7692,3.7193,1.9183,0,1,0,0,0,0,0,0,0,1,1,1,1,-1
34,14,7,0,4,0,0,0,3,0,0,0,0,0.4706,0.2647,4.0797,2.6995,0,0,1,1,0,0,1,0,0,0,0,0,0,-1
62,8,37,0,2,4,0,0,3,0,0,0,0,0.3387,0.5,4.7541,2.75,1,1,0,0,0,0,0,0,0,0,0,0,0,-1
31,3,7,8,1,0,0,0,3,1,0,0,1,0.0,0.7742,4.0826,1.585,0,1,0,0,0,0,0,0,0,0,0,0,0,-1
33,8,0,12,1,1,0,0,2,1,0,0,1,0.0,0.7879,4.173,3.0,0,1,0,0,0,0,0,0,0,0,0,0,0,-1
22,10,0,0,1,0,0,0,2,0,0,0,0,0.0,0.8182,3.5726,2.6464,0,1,0,0,0,0,0,0,0,0,0,0,0,-1
56,14,34,0,5,0,0,0,4,0,0,0,0,0.1964,0.625,4.1621,2.064,0,1,1,0,0,0,1,0,0,0,0,0,0,-1
23,3,9,0,1,1,0,0,3,0,0,0,0,0.0435,0.6957,3.7081,1.585,0,1,0,0,0,0,1,0,0,0,0,0,0,-1
33,8,0,12,1,0,0,0,2,1,0,0,1,0.0303,0.7879,4.1879,3.0,0,1,0,0,0,0,1,0,0,0,0,0,0,-1
36,5,17,0,2,0,0,0,4,0,0,0,0,0.0,0.8056,4.1835,2.3219,0,1,0,0,0,0,0,0,0,0,0,0,0,-1
29,14,2,0,3,0,0,0,3,0,0,0,0,0.5517,0.1724,3.5949,2.2988,0,0,1,1,0,0,1,0,0,0,0,0,0,-1
30,7,11,0,2,0,0,0,3,0,0,0,0,0.0,0.8,4.0817,2.8074,0,1,0,0,0,0,0,0,0,0,0,0,0,-1
35,13,15,0,5,2,0,0,3,0,0,0,0,0.3143,0.3714,4.1259,2.8731,0,0,1,0,0,0,1,0,0,0,0,0,0,-1
46,7,8,0,6,0,0,0,3,0,0,0,0,0.0,0.7826,3.9532,2.1281,4,1,0,0,0,0,0,1,0,0,0,0,0,-1
26,7,8,0,1,0,0,0,3,0,0,0,0,0.0,0.8077,3.6133,2.8074,0,1,0,0,0,0,0,0,0,0,0,0,0,-1
87,6,69,0,3,2,0,0,8,0,0,0,0,0.0115,0.8276,4.592,2.585,0,1,0,0,0,0,0,0,0,0,0,0,0,-1
22,4,4,0,2,0,0,0,3,0,0,0,0,0.0,0.7273,3.7544,2.0,0,1,0,0,0,0,0,0,0,0,0,0,0,-1
28,13,2,0,3,0,0,0,3,0,0,0,0,0.5357,0.1786,3.7265,2.6612,0,0,1,1,0,0,1,0,0,0,0,0,0,-1
26,11,2,0,3,0,0,0,3,0,0,0,0,0.5,0.1923,3.6424,2.4817,0,0,1,1,0,0,1,0,0,0,0,0,0,-1
26,5,5,0,2,0,0,0,3,0,0,0,0,0.0,0.7692,3.5945,2.3219,1,0,0,0,0,0,0,0,0,0,0,0,0,-1
47,11,7,16,1,0,0,0,3,1,0,0,1,0.0,0.8298,4.2646,3.0958,0,1,0,0,0,0,0,0,0,0,0,0,0,-1
29,14,2,0,3,0,0,0,3,0,0,0,0,0.5517,0.1724,3.7623,3.0391,0,0,1,1,0,0,1,0,0,0,0,0,0,-1
24,6,0,6,1,0,0,0,2,1,0,0,1,0.0417,0.7083,4.0535,2.585,0,1,0,0,0,0,0,0,0,0,0,0,0,-1
55,13,34,0,5,0,0,0,4,0,0,0,0,0.1818,0.6364,4.2161,2.2878,0,1,1,0,0,0,1,0,0,0,0,0,0,-1
30,10,8,0,1,0,0,0,3,0,0,0,0,0.0,0.8333,3.6696,2.8464,0,1,0,0,0,0,0,0,0,0,0,0,0,-1
30,7,4,0,2,0,0,0,3,0,0,0,0,0.0,0.8,3.8151,2.1281,1,0,0,0,0,0,0,0,0,0,0,0,0,-1
27,10,5,0,1,0,0,0,3,0,0,0,0,0.0,0.8148,3.8842,2.9219,0,1,0,0,0,0,0,0,0,0,0,0,0,-1
28,13,2,0,3,0,0,0,3,0,0,0,0,0.5357,0.1786,3.5976,2.4116,0,0,1,1,0,0,1,0,0,0,0,0,0,-1
26,5,10,0,1,0,0,0,3,0,0,0,0,0.0,0.8077,3.6095,1.9219,0,1,0,0,0,0,0,0,0,0,0,0,0,-1
25,11,7,0,3,0,0,0,3,0,0,0,0,0.44,0.28,3.7533,2.5949,0,0,1,0,0,0,1,0,0,0,0,0,0,-1
30,7,11,0,1,0,0,0,4,0,0,0,0,0.0,0.8,3.8314,2.1281,0,1,0,0,0,0,0,0,0,0,0,0,0,-1
42,13,17,0,1,0,0,0,4,0,0,0,0,0.0,0.8571,3.9488,2.4697,0,1,0,0,0,0,0,0,0,0,0,0,0,-1
35,15,7,0,4,0,0,0,3,0,0,0,0,0.4857,0.2571,4.0116,2.4989,0,0,1,1,0,0,1,0,0,0,0,0,0,-1
28,13,2,0,3,0,0,0,3,0,0,0,0,0.5357,0.1786,3.7709,2.8731,0,0,1,1,0,0,1,0,0,0,0,0,0,-1
27,12,2,0,3,0,0,0,3,0,0,0,0,0.5185,0.1852,3.4118,2.3962,0,0,1,1,0,0,1,0,0,0,0,0,0,-1
35,15,7,0,4,0,0,0,3,0,0,0,0,0.4857,0.2571,3.9649,2.6566,0,0,1,1,0,0,1,0,0,0,0,0,0,-1
33,9,11,0,1,0,0,0,4,0,0,0,0,0.0,0.8182,3.8471,3.1699,0,1,0,0,0,0,0,0,0,0,0,0,0,-1
24,13,4,0,3,0,0,0,3,0,0,0,0,0.4167,0.2917,3.8554,2.8731,0,0,1,0,0,0,1,0,0,0,0,0,0,-1
42,13,17,0,1,1,0,0,4,0,0,0,0,0.0,0.8333,4.1009,3.0851,0,1,0,0,0,0,0,0,0,0,0,0,0,-1
33,13,7,0,4,0,0,0,3,0,0,0,0,0.4545,0.2727,3.7408,2.4493,0,0,1,1,0,0,1,0,0,0,0,0,0,-1
40,13,15,0,1,0,0,0,4,0,0,0,0,0.0,0.85,3.8929,3.2389,0,1,0,0,0,0,0,0,0,0,0,0,0,-1
33,13,7,0,4,0,0,0,3,0,0,0,0,0.4545,0.2727,3.9226,2.6612,0,0,1,1,0,0,1,0,0,0,0,0,0,-1
18,2,5,0,1,0,0,0,3,0,0,0,0,0.0,0.7222,3.5724,1.0,0,1,0,0,0,0,0,0,0,0,0,0,0,-1
28,13,2,0,3,0,0,0,3,0,0,0,0,0.5357,0.1786,3.7709,2.6612,0,0,1,1,0,0,1,0,0,0,0,0,0,-1
55,14,34,0,5,0,0,0,4,0,0,0,0,0.2,0.6182,4.2454,2.6106,0,0,1,0,0,0,1,0,0,0,0,0,0,-1
40,3,14,10,1,0,2,0,4,1,0,0,1,0.175,0.575,4.5531,1.585,0,1,0,0,0,0,0,0,0,0,0,0,0,-1
63,3,37,0,2,4,0,0,3,0,0,0,0,0.381,0.4603,4.5802,1.585,1,1,0,0,0,0,0,0,0,0,0,0,0,-1
29,0,12,0,2,0,0,0,4,0,0,0,0,0.0,0.7586,3.9094,0.0,0,1,0,0,0,0,0,0,0,0,0,0,0,-1
31,4,15,0,1,0,0,0,4,0,0,0,0,0.0,0.8065,4.1557,2.0,0,1,0,0,0,0,0,0,0,0,0,0,0,-1
49,18,19,0,1,0,0,0,4,0,0,0,0,0.0,0.8776,4.2529,3.1552,0,1,0,0,0,0,0,0,0,0,0,0,0,-1
69,12,37,0,2,4,0,0,3,0,0,0,0,0.3623,0.4928,4.7927,2.8554,1,1,0,0,0,0,1,0,0,0,0,0,0,-1
42,6,22,0,2,0,1,0,4,0,0,0,0,0.0,0.8095,4.2135,2.585,0,1,0,0,0,0,0,0,0,0,0,0,0,-1
28,7,9,0,1,0,0,0,4,0,0,0,0,0.0,0.7857,3.8518,2.5216,0,1,0,0,0,0,0,0,0,0,0,0,0,-1
35,18,5,0,1,0,0,0,3,0,0,0,0,0.0,0.8571,3.8542,3.281,0,1,0,0,0,0,0,0,0,0,0,0,0,-1
29,14,2,0,3,0,0,0,3,0,0,0,0,0.5517,0.1724,3.6335,2.6456,0,0,1,1,0,0,1,0,0,0,0,0,0,-1
56,14,34,0,5,0,0,0,4,0,0,0,0,0.1964,0.625,4.3567,2.8424,0,1,1,0,0,0,1,0,0,0,0,0,0,-1
46,12,0,21,1,0,0,0,2,2,1,0,1,0.0,0.8261,4.363,3.0221,0,1,0,0,0,0,0,0,0,0,0,0,0,-1
35,13,15,0,4,0,0,0,4,0,0,0,0,0.2857,0.4571,4.2506,2.6612,0,0,1,0,0,0,1,0,0,0,0,0,0,-1
32,7,5,0,2,0,0,0,3,0,0,0,0,0.25,0.5625,4.4764,2.5216,1,0,0,0,0,0,0,0,0,0,0,0,0,-1
29,14,2,0,3,0,0,0,3,0,0,0,0,0.5517,0.1724,3.5814,2.217,0,0,1,1,0,0,1,0,0,0,0,0,0,-1
24,13,4,0,3,0,0,0,3,0,0,0,0,0.4583,0.25,3.7721,2.8731,0,0,1,0,0,0,1,0,0,0,0,0,0,-1
33,13,7,0,4,0,0,0,3,0,0,0,0,0.4545,0.2727,3.7365,2.2878,0,0,1,1,0,0,1,0,0,0,0,0,0,-1
42,10,21,0,1,0,0,0,5,0,0,0,0,0.119,0.7143,4.0916,2.8464,0,1,0,0,0,0,0,0,0,0,0,0,0,-1
31,11,7,0,4,0,0,0,3,0,0,0,0,0.4194,0.2903,3.8087,2.1181,0,0,1,1,0,0,1,0,0,0,0,0,0,-1
80,6,62,0,2,0,1,0,9,0,0,0,0,0.05,0.7875,4.6373,2.585,0,1,0,0,0,0,0,0,0,1,1,0,0,-1
35,15,7,0,4,0,0,0,3,0,0,0,0,0.4857,0.2571,3.99,2.6826,0,0,1,1,0,0,1,0,0,0,0,0,0,-1
33,13,7,0,4,0,0,0,3,0,0,0,0,0.4545,0.2727,3.8243,2.2878,0,0,1,1,0,0,1,0,0,0,0,0,0,-1
35,15,7,0,4,0,0,0,3,0,0,0,0,0.4857,0.2571,3.9544,2.6826,0,0,1,1,0,0,1,0,0,0,0,0,0,-1
44,13,19,0,1,0,0,0,4,0,0,0,0,0.0,0.8636,4.2373,3.3927,0,1,0,0,0,0,0,0,0,0,0,0,0,-1
29,14,2,0,3,0,0,0,3,0,0,0,0,0.5517,0.1724,3.7159,2.5567,0,0,1,1,0,0,1,0,0,0,0,0,0,-1
39,8,20,0,1,1,0,0,5,0,0,0,0,0.0,0.7949,4.2436,2.75,0,1,0,0,0,0,0,0,0,1,1,0,0,-1
31,6,13,0,1,0,0,0,4,0,0,0,0,0.0,0.8065,3.9536,2.585,0,1,0,0,0,0,0,0,0,0,0,0,0,-1
23,6,5,0,1,0,0,0,3,0,0,0,0,0.0,0.7826,3.4686,1.9183,0,1,0,0,0,0,0,0,0,0,0,0,0,-1
26,6,9,0,1,0,0,0,3,0,0,0,0,0.0,0.8077,3.7962,1.9183,0,1,0,0,0,0,0,0,0,1,1,1,1,-1
39,14,13,0,4,0,0,0,3,0,0,0,0,0.4103,0.359,4.1285,2.6106,0,0,1,1,0,0,1,0,0,0,0,0,0,-1
34,14,7,0,4,0,0,0,3,0,0,0,0,0.4706,0.2647,4.0575,2.8424,0,0,1,1,0,0,1,0,0,0,0,0,0,-1
37,3,0,21,1,0,0,0,2,2,1,0,1,0.0,0.7838,4.4119,1.585,0,1,0,0,0,0,0,0,0,0,0,0,0,-1
28,13,2,0,3,0,0,0,3,0,0,0,0,0.5357,0.1786,3.5976,2.3535,0,0,1,1,0,0,1,0,0,0,0,0,0,-1
29,13,9,0,3,0,0,0,4,0,0,0,0,0.4138,0.3103,4.0213,2.8151,0,0,1,0,0,0,1,0,0,0,0,0,0,-1
28,13,8,0,4,0,0,0,3,0,0,0,0,0.3571,0.3571,3.9947,2.8731,0,0,1,0,0,0,1,0,0,0,0,0,0,-1
22,5,5,0,1,0,0,0,3,0,0,0,0,0.0,0.7727,3.7888,2.3219,0,1,0,0,0,0,0,0,0,0,0,0,0,-1
25,9,4,0,1,0,0,0,3,0,0,0,0,0.0,0.8,3.9933,2.9477,0,1,0,0,0,0,0,0,0,0,0,0,0,-1
20,3,6,0,1,0,0,0,3,0,0,0,0,0.0,0.75,3.4464,1.585,0,1,0,0,0,0,0,0,0,0,0,0,0,-1
30,4,14,0,1,0,0,0,4,0,0,0,0,0.0,0.8,3.7614,2.0,0,1,0,0,0,0,0,0,0,0,0,0,0,-1
28,13,2,0,3,0,0,0,3,0,0,0,0,0.5357,0.1786,3.7979,2.7193,0,0,1,1,0,0,1,0,0,0,0,0,0,-1
35,15,7,0,4,0,0,0,3,0,0,0,0,0.4857,0.2571,4.0116,2.7396,0,0,1,1,0,0,1,0,0,0,0,0,0,-1
28,13,2,0,3,0,0,0,3,0,0,0,0,0.5357,0.1786,3.8424,2.8731,0,0,1,1,0,0,1,0,0,0,0,0,0,-1
25,8,5,0,1,0,0,0,3,0,0,0,0,0.0,0.8,3.8635,2.75,0,1,0,0,0,0,0,0,0,0,0,0,0,-1
89,30,47,0,2,8,0,0,4,0,0,0,0,0.2472,0.5843,4.7773,3.6981,0,0,0,0,0,0,0,0,0,1,1,0,0,-1
30,4,14,0,1,0,0,0,4,0,0,0,0,0.1667,0.6333,4.3736,2.0,0,1,0,0,0,0,0,0,0,0,0,0,0,-1
34,14,7,0,4,0,0,0,3,0,0,0,0,0.4706,0.2647,3.797,2.3527,0,0,1,1,0,0,1,0,0,0,0,0,0,-1
22,3,8,0,1,0,0,0,3,0,0,0,0,0.0,0.7727,3.5383,1.585,0,1,0,0,0,0,0,0,0,0,0,0,0,-1
27,0,14,0,1,0,0,0,4,0,0,0,0,0.0,0.7778,3.9121,0.0,0,1,0,0,0,0,0,0,0,0,0,0,0,-1
27,12,2,0,3,0,0,0,3,0,0,0,0,0.5185,0.1852,3.6619,2.4591,0,0,1,1,0,0,1,0,0,0,0,0,0,-1
35,15,9,0,2,0,0,0,3,0,0,0,0,0.0286,0.8,4.1643,3.2402,0,0,0,0,0,0,0,0,0,0,0,0,0,-1
24,13,4,0,3,0,0,0,3,0,0,0,0,0.5,0.2083,3.7406,2.8731,0,0,1,0,0,0,1,0,0,0,0,0,0,-1
28,10,6,0,1,0,0,0,3,0,0,0,0,0.0,0.8214,4.0122,3.3219,0,1,0,0,0,0,0,0,0,0,0,0,0,-1
27,11,4,0,1,0,0,0,3,0,0,0,0,0.0,0.8148,3.9582,3.0272,0,1,0,0,0,0,0,0,0,0,0,0,0,-1
32,10,10,0,1,0,0,0,3,0,0,0,0,0.0,0.8438,3.8431,3.1219,0,1,0,0,0,0,0,0,0,0,0,0,0,-1
41,3,27,0,1,2,0,0,5,0,0,0,0,0.1463,0.6341,4.3731,1.585,0,1,0,0,0,0,0,0,0,0,0,0,0,-1
31,6,0,12,1,0,0,0,2,1,0,0,1,0.0,0.8065,4.1715,2.585,0,1,0,0,0,0,0,0,0,0,0,0,0,-1
26,12,7,0,3,0,0,0,3,0,0,0,0,0.3846,0.3462,4.0749,2.7925,0,0,1,0,0,0,1,0,0,0,0,0,0,-1
28,9,0,6,1,0,0,0,2,1,0,0,1,0.0357,0.75,3.7979,2.7255,0,1,0,0,0,0,0,0,0,0,0,0,0,-1
34,3,19,0,1,0,0,0,4,0,0,0,0,0.0,0.8235,3.881,1.585,0,1,0,0,0,0,0,0,0,0,0,0,0,-1
29,10,7,0,1,0,0,0,3,0,0,0,0,0.0,0.8276,3.8833,3.1219,0,1,0,0,0,0,0,0,0,1,1,0,0,-1
58,23,24,0,1,2,0,0,5,0,0,0,0,0.0,0.8448,4.1529,3.5014,0,1,0,0,0,0,0,0,0,1,1,0,0,-1
29,11,5,0,3,0,0,0,3,0,0,0,0,0.4483,0.2759,3.6209,2.4817,0,0,1,1,0,0,1,0,0,0,0,0,0,-1
52,10,30,0,1,2,0,0,5,0,0,0,0,0.0962,0.7308,4.2469,2.4464,0,1,0,0,0,0,0,0,0,0,0,0,0,-1
51,6,34,0,1,1,0,0,5,0,0,0,0,0.0,0.8431,4.1679,2.585,0,1,0,0,0,0,0,0,0,0,0,0,0,-1
33,8,13,0,1,0,0,0,4,0,0,0,0,0.0,0.8182,3.8849,3.0,0,1,0,0,0,0,0,0,0,0,0,0,0,-1
48,9,27,0,1,2,0,0,5,0,0,0,0,0.125,0.6875,4.3457,2.6416,0,1,0,0,0,0,0,0,0,0,0,0,0,-1
40,4,24,0,1,2,0,0,4,0,0,0,0,0.1,0.7,4.0726,2.0,0,1,0,0,0,0,0,0,0,0,0,0,0,-1
27,6,9,0,1,0,0,0,4,0,0,0,0,0.0,0.7778,3.8842,2.585,0,1,0,0,0,0,0,0,0,0,0,0,0,-1
23,0,9,0,1,0,0,0,3,0,0,0,0,0.0,0.7826,3.7294,0.0,0,1,0,0,0,0,0,0,0,0,0,0,0,-1
33,13,7,0,4,0,0,0,3,0,0,0,0,0.4545,0.2727,3.8243,2.3535,0,0,1,1,0,0,1,0,0,0,0,0,0,-1
41,9,20,0,3,0,0,0,5,0,0,0,0,0.0732,0.7073,4.1043,2.9477,0,1,0,0,0,0,0,0,0,0,0,0,0,-1
83,14,1,42,2,5,0,0,3,1,0,0,1,0.1687,0.6747,4.6683,2.9852,1,1,0,0,0,0,0,0,0,0,0,0,0,-1
42,6,7,16,1,1,0,0,3,1,0,0,1,0.0,0.7619,4.2728,2.585,0,1,0,0,0,0,0,0,0,0,0,0,0,-1
45,13,20,0,2,0,0,0,5,0,0,0,0,0.0222,0.8,4.2502,3.1808,0,1,0,0,0,0,0,0,0,1,1,0,0,-1
35,10,0,12,1,0,0,0,2,1,0,0,1,0.0,0.8286,4.1259,3.1219,0,1,0,0,0,0,0,0,0,0,0,0,0,-1
80,6,3,52,2,0,0,0,3,2,1,0,1,0.0625,0.8125,5.2202,1.9183,1,1,0,0,0,0,0,0,0,1,1,1,0,-1
31,15,5,0,1,0,0,0,3,0,0,0,0,0.0323,0.8065,4.0826,3.5069,0,0,0,0,0,0,0,0,0,0,0,0,0,-1
22,10,0,0,1,0,0,0,2,0,0,0,0,0.0,0.8182,3.9706,2.9219,0,1,0,0,0,0,0,0,0,0,0,0,0,-1
30,6,12,0,1,0,0,0,4,0,0,0,0,0.0,0.8,3.9484,2.2516,0,1,0,0,0,0,0,0,0,0,0,0,0,-1
29,9,8,0,1,0,0,0,3,0,0,0,0,0.0,0.8276,4.0213,2.9477,0,1,0,0,0,0,0,0,0,1,1,0,0,-1
56,10,34,0,1,1,0,0,5,0,0,0,0,0.0,0.8571,4.1894,2.9219,0,1,0,0,0,0,0,0,0,0,0,0,0,-1
37,10,20,0,4,0,0,0,4,0,0,0,0,0.1892,0.5676,4.108,2.4464,0,0,1,0,0,0,1,0,0,0,0,0,0,-1
28,9,7,0,1,0,0,0,3,0,0,0,0,0.0,0.8214,3.744,2.1972,0,1,0,0,0,0,0,0,0,0,0,0,0,-1
23,6,5,0,1,0,0,0,3,0,0,0,0,0.0,0.7826,3.6097,1.7925,0,1,0,0,0,0,0,0,0,0,0,0,0,-1
35,6,17,0,1,0,0,0,4,0,0,0,0,0.0,0.8286,4.0004,2.2516,0,1,0,0,0,0,0,0,0,0,0,0,0,-1
44,8,24,0,1,0,0,0,5,0,0,0,0,0.0,0.8409,4.1358,3.0,0,1,0,0,0,0,0,0,0,1,1,0,0,-1
24,13,4,0,3,0,0,0,3,0,0,0,0,0.4583,0.25,3.7721,2.8731,0,0,1,0,0,0,1,0,0,0,0,0,0,-1
30,6,0,12,1,0,0,0,2,1,0,0,1,0.0,0.8,4.1069,2.2516,0,1,0,0,0,0,0,0,0,0,0,0,0,-1
65,10,37,0,2,4,0,0,3,0,0,0,0,0.2769,0.5692,4.6457,2.9219,1,1,0,0,0,0,0,0,0,0,0,0,0,-1
86,14,48,0,3,4,0,0,4,0,0,0,0,0.2674,0.593,4.7699,3.3249,1,1,0,0,0,0,0,0,0,0,0,0,0,-1
28,13,2,0,3,0,0,0,3,0,0,0,0,0.5357,0.1786,3.7265,2.4493,0,0,1,1,0,0,1,0,0,0,0,0,0,-1
35,15,7,0,4,0,0,0,3,0,0,0,0,0.4857,0.2571,3.8214,2.4989,0,0,1,1,0,0,1,0,0,0,0,0,0,-1
37,4,22,0,1,0,1,0,4,0,0,0,0,0.0,0.8108,4.1522,1.5,0,1,0,0,0,0,0,0,0,0,0,0,0,-1
44,14,23,0,4,0,1,0,4,0,0,0,0,0.3409,0.4318,4.414,2.6106,0,0,1,0,0,0,1,0,0,0,0,0,0,-1
34,14,7,0,4,0,0,0,3,0,0,0,0,0.4706,0.2647,3.7711,2.6106,0,0,1,1,0,0,1,0,0,0,0,0,0,-1
30,9,9,0,1,0,0,0,4,0,0,0,0,0.0,0.8,3.9899,2.7255,0,1,0,0,0,0,0,0,0,0,0,0,0,-1
42,9,21,0,1,0,0,0,5,0,0,0,0,0.119,0.7143,4.0916,3.1699,0,1,0,0,0,0,0,0,0,0,0,0,0,-1
42,10,21,0,1,0,0,0,5,0,0,0,0,0.119,0.7143,4.1276,2.9219,0,1,0,0,0,0,0,0,0,0,0,0,0,-1
32,12,7,0,4,0,0,0,3,0,0,0,0,0.4375,0.2812,3.84,2.1887,0,0,1,1,0,0,1,0,0,0,0,0,0,-1
33,13,7,0,4,0,0,0,3,0,0,0,0,0.4545,0.2727,3.8243,2.2878,0,0,1,1,0,0,1,0,0,0,0,0,0,-1
34,12,10,0,1,1,0,0,3,0,0,0,0,0.0,0.8235,4.1751,3.585,0,1,0,0,0,0,0,0,0,0,0,0,0,-1
66,9,37,0,2,4,0,0,3,0,0,0,0,0.3485,0.5,4.7551,2.4194,1,1,0,0,0,0,0,0,0,0,0,0,0,-1
43,7,0,21,2,1,0,0,2,2,1,0,1,0.0,0.7674,4.4723,2.5216,0,1,0,0,0,0,0,0,0,0,0,0,0,-1
34,14,7,0,4,0,0,0,3,0,0,0,0,0.4706,0.2647,3.8192,2.4138,0,0,1,1,0,0,1,0,0,0,0,0,0,-1
31,8,8,0,2,0,0,0,3,0,0,0,0,0.0,0.8065,3.9134,2.5,0,1,0,0,0,0,0,0,0,0,0,0,0,-1
32,12,7,0,4,0,0,0,3,0,0,0,0,0.4375,0.2812,3.9764,2.3554,0,0,1,1,0,0,1,0,0,0,0,0,0,-1
36,10,14,0,1,0,0,0,4,0,0,0,0,0.1389,0.6944,4.5724,3.3219,0,1,0,0,0,0,0,0,0,0,0,0,0,-1
24,6,6,0,1,0,0,0,3,0,0,0,0,0.0,0.7917,3.8868,2.2516,0,1,0,0,0,0,0,0,0,0,0,0,0,-1
26,12,7,0,4,0,0,0,3,0,0,0,0,0.3462,0.3462,3.8731,3.0221,0,0,1,0,0,0,1,0,0,0,0,0,0,-1
23,4,8,0,1,0,0,0,3,0,0,0,0,0.0,0.7826,3.7951,2.0,0,1,0,0,0,0,0,0,0,1,1,0,0,-1
30,13,10,0,3,0,0,0,4,0,0,0,0,0.4,0.3333,3.9647,2.6612,0,0,1,0,0,0,1,0,0,0,0,0,0,-1
22,0,9,0,1,1,0,0,3,0,0,0,0,0.0,0.7273,3.4474,0.0,0,1,0,0,0,0,0,0,0,0,0,0,0,-1
28,13,2,0,3,0,0,0,3,0,0,0,0,0.5357,0.1786,3.7709,2.8731,0,0,1,1,0,0,1,0,0,0,0,0,0,-1
36,15,9,0,1,2,0,0,3,0,0,0,0,0.0,0.8056,4.0305,3.4566,0,1,0,0,0,0,0,0,0,0,0,0,0,-1
25,14,4,0,3,0,0,0,3,0,0,0,0,0.44,0.28,3.7231,2.6456,0,0,1,0,0,0,1,0,0,0,0,0,0,-1
39,17,10,0,1,0,0,0,3,0,0,0,0,0.0,0.8718,3.9679,3.2928,0,1,0,0,0,0,0,0,0,0,0,0,0,-1
33,13,8,0,1,0,0,0,3,0,0,0,0,0.0,0.8485,4.1014,3.1808,0,1,0,0,0,0,0,0,0,1,1,0,0,-1
26,0,12,0,1,0,0,0,3,0,0,0,0,0.0,0.8077,3.4745,0.0,0,1,0,0,0,0,0,0,0,0,0,0,0,-1
30,13,10,0,3,0,0,0,4,0,0,0,0,0.4,0.3333,4.0314,2.6612,0,0,1,0,0,0,1,0,0,0,0,0,0,-1
34,13,9,0,1,0,0,0,3,0,0,0,0,0.0,0.8529,4.0545,3.2389,0,1,0,0,0,0,0,0,0,0,0,0,0,-1
39,7,20,0,3,0,0,0,5,0,0,0,0,0.0769,0.6923,4.2117,2.5216,0,1,0,0,0,0,0,0,0,0,0,0,0,-1
35,9,14,0,1,0,0,0,4,0,0,0,0,0.0,0.8286,3.9404,2.9477,0,1,0,0,0,0,0,0,0,0,0,0,0,-1
34,3,19,0,1,1,0,0,5,0,0,0,0,0.0,0.7647,3.9735,1.585,0,1,0,0,0,0,0,0,0,0,0,0,0,-1
26,14,5,0,3,0,0,0,3,0,0,0,0,0.4231,0.3077,3.7381,2.6456,0,0,1,0,0,0,1,0,0,0,0,0,0,-1
38,13,18,0,4,0,0,0,4,0,0,0,0,0.3421,0.4211,4.1029,2.7193,0,0,1,0,0,0,1,0,0,0,0,0,0,-1
35,4,20,0,3,0,0,0,5,0,0,0,0,0.0857,0.6571,3.8513,1.0,0,1,0,0,0,0,0,0,0,0,0,0,0,-1
28,13,2,0,3,0,0,0,3,0,0,0,0,0.5357,0.1786,3.6995,2.8151,0,0,1,1,0,0,1,0,0,0,0,0,0,-1
29,14,2,0,3,0,0,0,3,0,0,0,0,0.5517,0.1724,3.9263,2.9852,0,0,1,1,0,0,1,0,0,0,0,0,0,-1
29,5,12,0,1,0,0,0,4,0,0,0,0,0.0,0.7931,3.9094,2.3219,0,1,0,0,0,0,0,0,0,0,0,0,0,-1
28,9,7,0,1,0,0,0,3,0,0,0,0,0.0,0.8214,3.8693,2.9477,0,1,0,0,0,0,0,0,0,1,1,0,0,-1
42,7,7,16,1,0,0,0,3,1,0,0,1,0.0,0.8095,4.0892,2.8074,0,1,0,0,0,0,0,0,0,0,0,0,0,-1
22,3,8,0,1,0,0,0,3,0,0,0,0,0.0,0.7727,3.6292,0.9183,0,1,0,0,0,0,0,0,0,1,1,0,0,-1
35,15,7,0,4,0,0,0,3,0,0,0,0,0.4857,0.2571,4.0004,2.8729,0,0,1,1,0,0,1,0,0,0,0,0,0,-1
27,4,12,0,1,0,0,0,4,0,0,0,0,0.0,0.7778,3.736,2.0,0,1,0,0,0,0,0,0,0,0,0,0,0,-1
25,7,6,0,1,0,0,0,3,0,0,0,0,0.0,0.8,3.7337,2.8074,0,1,0,0,0,0,0,0,0,0,0,0,0,-1
27,11,5,0,1,0,0,0,3,0,0,0,0,0.0,0.8148,3.606,2.914,0,1,0,0,0,0,0,0,0,0,0,0,0,-1
37,6,19,0,1,0,0,0,4,0,0,0,0,0.0,0.8378,4.263,2.2516,0,1,0,0,0,0,0,0,0,0,0,0,0,-1
29,14,2,0,3,0,0,0,3,0,0,0,0,0.5517,0.1724,3.7623,2.6456,0,0,1,1,0,0,1,0,0,0,0,0,0,-1
36,18,6,0,1,0,0,0,3,0,0,0,0,0.0,0.8611,3.9166,3.3921,0,1,0,0,0,0,0,0,0,0,0,0,0,-1
36,8,7,8,1,0,0,0,3,1,0,0,1,0.0,0.8056,4.1416,2.5,0,1,0,0,0,0,0,0,0,0,0,0,0,-1
36,5,20,0,1,0,0,0,4,0,0,0,0,0.0,0.8333,3.8292,1.9219,0,1,0,0,0,0,0,0,0,0,0,0,0,-1
43,5,26,0,1,1,0,0,6,0,0,0,0,0.0,0.7907,4.2977,2.3219,0,1,0,0,0,0,0,0,0,0,0,0,0,-1
87,15,48,0,3,4,0,0,4,0,0,0,0,0.2644,0.5977,4.7775,3.3232,1,1,0,0,0,0,0,0,0,0,0,0,0,-1
39,6,22,0,1,1,0,0,5,0,0,0,0,0.1538,0.641,4.1066,1.9183,0,1,0,0,0,0,0,0,0,1,1,1,1,-1
38,9,17,0,1,0,0,0,4,0,0,0,0,0.0,0.8421,4.0503,2.6416,0,1,0,0,0,0,0,0,0,0,0,0,0,-1
28,13,2,0,3,0,0,0,3,0,0,0,0,0.5357,0.1786,3.7709,2.8731,0,0,1,1,0,0,1,0,0,0,0,0,0,-1
22,0,9,0,1,1,0,0,3,0,0,0,0,0.0,0.7273,3.5949,0.0,0,1,0,0,0,0,0,0,0,0,0,0,0,-1
33,13,7,0,4,0,0,0,3,0,0,0,0,0.4545,0.2727,3.9912,2.6612,0,0,1,1,0,0,1,0,0,0,0,0,0,-1
43,12,19,0,1,0,0,0,4,0,0,0,0,0.0,0.8605,4.2284,3.085,0,1,0,0,0,0,0,0,0,0,0,0,0,-1
45,4,30,0,1,2,0,0,5,0,0,0,0,0.1111,0.6889,4.3922,2.0,0,1,0,0,0,0,0,0,0,0,0,0,0,-1
28,13,8,0,3,0,0,0,3,0,0,0,0,0.3571,0.3929,3.9852,2.6032,0,0,1,0,0,0,1,0,0,0,0,0,0,-1
35,9,15,0,1,0,0,0,4,0,0,0,0,0.0,0.8286,4.036,2.9477,0,1,0,0,0,0,0,0,0,0,0,0,0,-1
32,14,11,0,4,0,0,0,3,0,0,0,0,0.3438,0.4062,3.9528,2.5567,0,0,1,0,0,0,1,0,0,0,0,0,0,-1
22,7,4,0,1,0,0,0,3,0,0,0,0,0.0,0.7727,3.7201,2.2359,0,1,0,0,0,0,0,0,0,0,0,0,0,-1
30,10,8,0,1,0,0,0,3,0,0,0,0,0.0,0.8333,4.0062,3.1219,0,1,0,0,0,0,0,0,0,0,0,0,0,-1
35,9,14,0,1,0,0,0,4,0,0,0,0,0.0,0.8286,4.1287,3.1699,0,1,0,0,0,0,0,0,0,0,0,0,0,-1
42,14,21,0,4,1,0,0,4,0,0,0,0,0.2619,0.5,4.3088,2.6106,0,0,1,0,0,0,1,0,0,0,0,0,0,-1
27,6,10,0,1,0,0,0,3,0,0,0,0,0.0,0.8148,3.5781,2.2516,0,1,0,0,0,0,0,0,0,0,0,0,0,-1
24,7,5,0,1,0,0,0,3,0,0,0,0,0.0,0.7917,3.9387,2.5216,0,1,0,0,0,0,0,0,0,0,0,0,0,-1
38,12,14,0,1,0,0,0,4,0,0,0,0,0.1316,0.7105,4.7216,3.2516,0,1,0,0,0,0,0,0,0,0,0,0,0,-1
35,15,7,0,4,0,0,0,3,0,0,0,0,0.4857,0.2571,3.7818,2.5493,0,0,1,1,0,0,1,0,0,0,0,0,0,-1
30,8,10,0,1,0,0,0,3,0,0,0,0,0.0,0.8333,3.9362,2.5,0,1,0,0,0,0,0,0,0,0,0,0,0,-1
32,7,13,0,1,0,0,0,4,0,0,0,0,0.0,0.8125,3.9056,2.8074,0,1,0,0,0,0,0,0,0,0,0,0,0,-1
24,13,4,0,3,0,0,0,3,0,0,0,0,0.4167,0.2917,3.8554,2.8731,0,0,1,0,0,0,1,0,0,0,0,0,0,-1
23,4,0,6,1,0,0,0,2,1,0,0,1,0.0435,0.6957,4.0888,2.0,0,1,0,0,0,0,0,0,0,0,0,0,0,-1
30,14,9,0,4,0,0,0,3,0,0,0,0,0.3667,0.3667,3.9899,2.8963,0,0,1,0,0,0,1,0,0,0,0,0,0,-1
36,4,20,0,2,0,0,0,5,0,0,0,0,0.0278,0.75,3.9694,1.5,0,1,0,0,0,0,0,0,0,1,1,0,0,-1
29,14,2,0,3,0,0,0,3,0,0,0,0,0.5517,0.1724,3.5554,2.0202,0,0,1,1,0,0,1,0,0,0,0,0,0,-1
25,4,9,0,1,0,0,0,3,0,0,0,0,0.0,0.8,3.8333,2.0,0,1,0,0,0,0,0,0,0,0,0,0,0,-1
47,11,7,16,1,0,0,0,3,1,0,0,1,0.0,0.8298,4.1712,2.7322,0,1,0,0,0,0,0,0,0,0,0,0,0,-1
34,14,7,0,4,0,0,0,3,0,0,0,0,0.4706,0.2647,3.8888,2.6106,0,0,1,1,0,0,1,0,0,0,0,0,0,-1
25,13,5,0,3,0,0,0,3,0,0,0,0,0.44,0.28,3.8635,2.8731,0,0,1,0,0,0,1,0,0,0,0,0,0,-1
27,12,2,0,3,0,0,0,3,0,0,0,0,0.5185,0.1852,3.4542,2.2296,0,0,1,1,0,0,1,0,0,0,0,0,0,-1
34,14,7,0,4,0,0,0,3,0,0,0,0,0.4706,0.2647,3.9476,2.6456,0,0,1,1,0,0,1,0,0,0,0,0,0,-1
40,8,20,0,2,0,0,0,5,0,0,0,0,0.025,0.775,3.8215,2.75,0,1,0,0,0,0,0,0,0,1,1,0,0,-1
37,6,14,0,2,0,0,0,3,0,0,0,0,0.0,0.8378,3.7969,2.2516,1,1,0,0,0,0,0,0,0,0,0,0,0,-1
21,4,5,0,1,0,0,0,3,0,0,0,0,0.0,0.7619,3.749,2.0,0,1,0,0,0,0,0,0,0,0,0,0,0,-1
65,8,23,0,6,2,1,0,3,0,0,0,0,0.0923,0.7077,4.5185,3.0,2,1,0,0,0,0,0,0,0,0,0,0,0,-1
89,30,47,0,2,8,0,0,4,0,0,0,0,0.1685,0.6629,4.6294,3.6981,0,0,0,0,0,0,0,0,0,1,1,0,0,-1
26,9,5,0,1,0,0,0,3,0,0,0,0,0.0,0.8077,3.7193,2.4194,0,1,0,0,0,0,0,0,0,0,0,0,0,-1
33,6,15,0,1,0,0,0,4,0,0,0,0,0.0,0.8182,4.1879,2.585,0,1,0,0,0,0,0,0,0,0,0,0,0,-1
30,15,2,0,3,0,0,0,3,0,0,0,0,0.5667,0.1667,3.7777,2.4989,0,0,1,1,0,0,1,0,0,0,0,0,0,-1
45,9,7,16,1,0,0,0,3,1,0,0,1,0.0222,0.8,4.1977,3.1699,0,1,0,0,0,0,1,0,0,0,0,0,0,-1
86,14,48,0,3,4,0,0,4,0,0,0,0,0.2674,0.593,4.6762,3.5216,1,1,0,0,0,0,0,0,0,0,0,0,0,-1
33,13,7,0,4,0,0,0,3,0,0,0,0,0.4545,0.2727,3.9455,2.6612,0,0,1,1,0,0,1,0,0,0,0,0,0,-1
87,27,47,0,2,4,0,0,4,0,0,0,0,0.2414,0.6322,4.7627,3.7043,0,1,0,0,0,0,0,0,0,1,1,0,0,-1
41,11,7,10,1,0,0,0,3,1,0,0,1,0.0,0.8293,4.2107,2.7322,0,1,0,0,0,0,0,0,0,0,0,0,0,-1
40,7,22,0,1,0,1,0,4,0,0,0,0,0.0,0.825,4.0464,2.5216,0,1,0,0,0,0,0,0,0,0,0,0,0,-1
29,14,2,0,3,0,0,0,3,0,0,0,0,0.5517,0.1724,3.6504,2.5567,0,0,1,1,0,0,1,0,0,0,0,0,0,-1
27,3,12,0,1,0,0,0,4,0,0,0,0,0.0,0.7778,3.838,1.585,0,1,0,0,0,0,0,0,0,0,0,0,0,-1
68,11,37,0,2,4,0,0,3,0,0,0,0,0.3676,0.4853,4.6848,3.2776,1,1,0,0,0,0,1,0,0,0,0,0,0,-1
28,13,2,0,3,0,0,0,3,0,0,0,0,0.5357,0.1786,3.669,2.7193,0,0,1,1,0,0,1,0,0,0,0,0,0,-1
68,13,48,0,4,1,1,0,5,0,0,0,0,0.4706,0.3529,4.3283,2.5654,0,0,1,0,0,0,1,0,0,0,0,0,0,-1
69,13,37,0,2,4,0,0,3,0,0,0,0,0.3333,0.5217,4.699,3.2389,1,1,0,0,0,0,0,0,0,0,0,0,0,-1
20,4,5,0,1,0,0,0,3,0,0,0,0,0.0,0.75,3.4842,2.0,0,1,0,0,0,0,0,0,0,1,1,0,0,-1
25,13,5,0,4,0,0,0,3,0,0,0,0,0.4,0.28,3.7337,2.8731,0,0,1,0,0,0,1,0,0,0,0,0,0,-1
82,13,1,42,2,5,0,0,3,1,0,0,1,0.2073,0.6341,4.664,3.3927,1,1,0,0,0,0,0,0,0,0,0,0,0,-1
44,9,11,0,2,0,0,0,4,0,0,0,0,0.2045,0.6364,4.235,2.7255,1,0,0,0,0,0,0,0,0,0,0,0,0,-1
37,20,5,0,1,0,0,0,3,0,0,0,0,0.0,0.8649,3.8819,3.2464,0,1,0,0,0,0,0,0,0,0,0,0,0,-1
43,14,22,0,4,0,0,0,4,0,0,0,0,0.3953,0.3953,4.3793,2.8424,0,0,1,0,0,0,1,0,0,0,0,0,0,-1
42,6,1,10,2,0,0,0,3,1,0,0,1,0.0238,0.7857,4.3204,2.2516,1,1,0,0,0,0,0,0,0,0,0,0,0,-1
46,14,20,0,2,0,0,0,5,0,0,0,0,0.0217,0.8043,4.0486,3.0391,0,1,0,0,0,0,0,0,0,1,1,0,0,-1
28,8,8,0,1,0,0,0,3,0,0,0,0,0.0,0.8214,3.8518,2.5,0,1,0,0,0,0,0,0,0,0,0,0,0,-1
37,14,16,0,4,0,0,0,4,0,0,0,0,0.2973,0.4595,4.1753,2.6456,0,0,1,0,0,0,1,0,0,0,0,0,0,-1
89,29,47,0,2,8,0,0,4,0,0,0,0,0.2022,0.6292,4.635,3.7194,0,1,0,0,0,0,0,0,0,1,1,0,0,-1
38,13,0,12,1,0,0,0,2,1,0,0,1,0.0,0.8421,4.2608,3.5466,0,1,0,0,0,0,0,0,0,0,0,0,0,-1
31,9,10,0,1,0,0,0,3,0,0,0,0,0.0,0.8387,3.9134,2.5033,0,1,0,0,0,0,0,0,0,0,0,0,0,-1
34,8,12,0,2,0,0,0,4,0,0,0,0,0.0882,0.7059,4.3372,2.5,0,1,0,0,0,0,0,0,0,0,0,0,0,-1
29,13,9,0,4,0,0,0,3,0,0,0,0,0.3793,0.3448,3.9094,2.6612,0,0,1,0,0,0,1,0,0,0,0,0,0,-1
62,8,37,0,2,4,0,0,3,0,0,0,0,0.3548,0.4839,4.6553,3.0,1,1,0,0,0,0,0,0,0,0,0,0,0,-1
40,6,18,0,2,0,0,0,4,0,0,0,0,0.1,0.7,4.1464,2.585,0,0,0,1,0,0,0,0,0,0,0,0,0,-1
29,5,12,0,1,0,0,0,4,0,0,0,0,0.1379,0.6552,4.1683,2.3219,0,1,0,0,0,0,0,0,0,0,0,0,0,-1
32,12,7,0,4,0,0,0,3,0,0,0,0,0.4375,0.2812,3.9056,2.6887,0,0,1,1,0,0,1,0,0,0,0,0,0,-1
31,3,7,8,1,0,0,0,3,1,0,0,1,0.0,0.7742,4.1715,1.585,0,1,0,0,0,0,0,0,0,0,0,0,0,-1
45,0,28,0,2,1,0,0,4,0,0,0,0,0.0,0.8222,4.189,0.0,0,1,0,0,0,0,0,0,0,0,0,0,0,-1
37,10,15,0,1,0,0,0,4,0,0,0,0,0.0,0.8378,3.733,3.3219,0,1,0,0,0,0,0,0,0,0,0,0,0,-1
29,14,2,0,3,0,0,0,3,0,0,0,0,0.5517,0.1724,3.8833,2.6995,0,0,1,1,0,0,1,0,0,0,0,0,0,-1
31,11,7,0,4,0,0,0,3,0,0,0,0,0.4194,0.2903,3.9134,2.6635,0,0,1,1,0,0,1,0,0,0,0,0,0,-1
31,5,14,0,1,0,0,0,4,0,0,0,0,0.0,0.8065,3.8087,1.9219,0,1,0,0,0,0,0,0,0,0,0,0,0,-1
40,8,20,0,1,0,0,0,5,0,0,0,0,0.0,0.825,4.1251,2.5,0,1,0,0,0,0,0,0,0,1,1,0,0,-1
35,15,7,0,4,0,0,0,3,0,0,0,0,0.4857,0.2571,4.022,2.9232,0,0,1,1,0,0,1,0,0,0,0,0,0,-1
37,11,14,0,1,1,0,0,4,0,0,0,0,0.0,0.8108,4.0981,2.8454,0,1,0,0,0,0,0,0,0,0,0,0,0,-1
34,14,7,0,4,0,0,0,3,0,0,0,0,0.4706,0.2647,3.962,2.8424,0,0,1,1,0,0,1,0,0,0,0,0,0,-1
43,3,28,0,1,1,0,0,4,0,0,0,0,0.0,0.8372,4.1933,1.585,0,1,0,0,0,0,0,0,0,0,0,0,0,-1
23,6,6,0,1,0,0,0,3,0,0,0,0,0.0,0.7826,3.6753,2.585,0,1,0,0,0,0,0,0,0,0,0,0,0,-1
34,14,7,0,4,0,0,0,3,0,0,0,0,0.4706,0.2647,3.962,2.7534,0,0,1,1,0,0,1,0,0,0,0,0,0,-1
28,13,2,0,3,0,0,0,3,0,0,0,0,0.5357,0.1786,3.5976,2.4493,0,0,1,1,0,0,1,0,0,0,0,0,0,-1
43,15,16,0,1,0,0,0,4,0,0,0,0,0.0,0.8605,4.1467,3.2402,0,1,0,0,0,0,0,0,0,0,0,0,0,-1
44,6,26,0,1,1,0,0,6,0,0,0,0,0.0,0.7955,4.1835,2.2516,0,1,0,0,0,0,0,0,0,0,0,0,0,-1
45,9,24,0,1,0,0,0,5,0,0,0,0,0.0,0.8444,4.0389,2.7255,0,1,0,0,0,0,0,0,0,0,0,0,0,-1
29,12,10,0,3,0,0,0,4,0,0,0,0,0.4138,0.3103,3.647,2.2296,0,0,1,0,0,0,1,0,0,0,0,0,0,-1
29,6,8,0,2,0,0,0,3,0,0,0,0,0.0,0.7931,3.7883,1.9183,0,1,0,0,0,0,0,0,0,2,1,1,1,-1
23,11,0,0,1,0,0,0,2,0,0,0,0,0.0,0.8261,3.8279,2.5503,0,1,0,0,0,0,0,0,0,0,0,0,0,-1
28,10,6,0,1,0,0,0,3,0,0,0,0,0.0,0.8214,3.8658,2.9219,0,1,0,0,0,0,0,0,0,0,0,0,0,-1
68,13,48,0,4,1,1,0,5,0,0,0,0,0.4265,0.3971,4.4192,2.5654,0,0,1,0,0,0,1,0,0,0,0,0,0,-1
26,11,2,0,3,0,0,0,3,0,0,0,0,0.5,0.1923,3.6322,2.5949,0,0,1,1,0,0,1,0,0,0,0,0,0,-1
24,7,5,0,1,0,0,0,3,0,0,0,0,0.0,0.7917,4.0221,2.8074,0,1,0,0,0,0,0,0,0,0,0,0,0,-1
32,12,7,0,4,0,0,0,3,0,0,0,0,0.4375,0.2812,3.9292,2.4591,0,0,1,1,0,0,1,0,0,0,0,0,0,-1
52,14,26,0,1,1,0,0,6,0,0,0,0,0.0,0.8269,4.3422,3.4677,0,1,0,0,0,0,0,0,0,0,0,0,0,-1
90,28,47,0,2,8,0,0,4,0,0,0,0,0.2444,0.5889,4.6945,3.4677,0,1,0,0,0,0,0,0,0,1,1,0,0,-1
30,13,10,0,4,0,0,0,3,0,0,0,0,0.4,0.3333,3.8817,2.5654,0,0,1,0,0,0,1,0,0,0,0,0,0,-1
20,4,4,0,1,0,0,0,3,0,0,0,0,0.0,0.75,3.7842,2.0,0,1,0,0,0,0,0,0,0,0,0,0,0,-1
25,11,7,0,3,0,0,0,3,0,0,0,0,0.48,0.24,3.7231,2.5949,0,0,1,0,0,0,1,0,0,0,0,0,0,-1
26,11,2,0,3,0,0,0,3,0,0,0,0,0.5,0.1923,3.6612,2.4817,0,0,1,1,0,0,1,0,0,0,0,0,0,-1
25,13,5,0,3,0,0,0,3,0,0,0,0,0.44,0.28,3.8635,2.8731,0,0,1,0,0,0,1,0,0,0,0,0,0,-1
25,13,5,0,3,0,0,0,3,0,0,0,0,0.4,0.32,3.9435,2.8731,0,0,1,0,0,0,1,0,0,0,0,0,0,-1
35,18,5,0,1,0,0,0,3,0,0,0,0,0.0,0.8571,3.9684,2.933,0,1,0,0,0,0,0,0,0,0,0,0,0,-1
34,17,5,0,1,0,0,0,3,0,0,0,0,0.0,0.8529,4.0064,3.2928,0,1,0,0,0,0,0,0,0,0,0,0,0,-1
34,12,10,0,1,0,0,0,3,0,0,0,0,0.0,0.8529,3.9176,3.085,0,1,0,0,0,0,0,0,0,0,0,0,0,-1
33,13,7,0,4,0,0,0,3,0,0,0,0,0.4545,0.2727,3.9683,2.8151,0,0,1,1,0,0,1,0,0,0,0,0,0,-1
68,13,48,0,4,1,1,0,5,0,0,0,0,0.3824,0.4412,4.3184,2.5654,0,0,1,0,0,0,1,0,0,0,0,0,0,-1
38,12,14,0,1,0,0,0,4,0,0,0,0,0.1316,0.7105,4.4714,3.0221,0,1,0,0,0,0,0,0,0,0,0,0,0,-1
87,15,48,0,3,4,0,0,4,0,0,0,0,0.2644,0.5977,4.7759,3.5069,1,1,0,0,0,0,0,0,0,0,0,0,0,-1
37,13,12,0,5,0,0,0,3,0,0,0,0,0.4054,0.3243,4.0006,2.7193,0,0,1,1,0,0,1,0,0,0,0,0,0,-1
33,12,9,0,4,0,0,0,3,0,0,0,0,0.3939,0.3333,3.9683,2.6887,0,0,1,1,0,0,1,0,0,0,0,0,0,-1
63,11,40,0,1,4,0,0,4,0,0,0,0,0.254,0.5873,4.6038,2.6635,0,1,0,0,0,0,0,0,0,0,0,0,0,-1
34,14,9,0,1,0,0,0,4,0,0,0,0,0.0,0.8235,3.9813,3.3249,0,1,0,0,0,0,0,0,0,0,0,0,0,-1
52,11,34,0,5,0,0,0,4,0,0,0,0,0.1538,0.6538,4.2681,2.8454,0,0,1,0,0,0,1,0,0,0,0,0,0,-1
26,8,6,0,1,0,0,0,3,0,0,0,0,0.0,0.8077,3.7483,2.75,0,1,0,0,0,0,0,0,0,0,0,0,0,-1
34,14,7,0,4,0,0,0,3,0,0,0,0,0.4706,0.2647,4.0431,2.7534,0,0,1,1,0,0,1,0,0,0,0,0,0,-1
25,8,5,0,1,0,0,0,3,0,0,0,0,0.0,0.8,3.9435,2.75,0,1,0,0,0,0,0,0,0,0,0,0,0,-1
23,6,5,0,1,0,0,0,3,0,0,0,0,0.0,0.7826,3.969,2.585,0,1,0,0,0,0,0,0,0,0,0,0,0,-1
25,7,6,0,1,0,0,0,3,0,0,0,0,0.0,0.8,3.8137,2.5216,0,1,0,0,0,0,0,0,0,1,1,0,0,-1
27,12,2,0,3,0,0,0,3,0,0,0,0,0.5185,0.1852,3.6801,2.4591,0,0,1,1,0,0,1,0,0,0,0,0,0,-1
36,11,13,0,1,0,0,0,4,0,0,0,0,0.0,0.8333,3.8401,2.8454,0,1,0,0,0,0,0,0,0,0,0,0,0,-1
30,15,2,0,3,0,0,0,3,0,0,0,0,0.5667,0.1667,3.7396,2.5493,0,0,1,1,0,0,1,0,0,0,0,0,0,-1
90,30,47,0,2,8,0,0,4,0,0,0,0,0.2,0.6333,4.6283,3.6981,0,1,0,0,0,0,0,0,0,1,1,0,0,-1
33,6,0,12,2,0,0,0,2,1,0,0,1,0.0,0.7879,4.173,1.9183,0,1,0,0,0,0,0,0,0,1,1,1,1,-1
27,6,9,0,1,0,0,0,3,0,0,0,0,0.0,0.8148,3.606,1.9183,0,1,0,0,0,0,0,0,0,0,0,0,0,-1
23,5,6,0,1,0,0,0,3,0,0,0,0,0.0,0.7826,3.7623,1.9219,0,1,0,0,0,0,0,0,0,0,0,0,0,-1
33,14,7,0,1,0,0,0,3,0,0,0,0,0.0,0.8485,3.9455,3.2359,0,1,0,0,0,0,0,0,0,0,0,0,0,-1
36,10,14,0,1,0,0,0,4,0,0,0,0,0.1389,0.6944,4.5169,2.8464,0,1,0,0,0,0,0,0,0,0,0,0,0,-1
44,9,7,16,1,0,0,0,3,1,0,0,1,0.0,0.8182,4.2805,2.9477,0,1,0,0,0,0,0,0,0,0,0,0,0,-1
25,3,8,0,2,0,0,0,3,0,0,0,0,0.0,0.76,4.0235,1.585,0,1,0,0,0,0,0,0,0,0,0,0,0,-1
26,11,2,0,3,0,0,0,3,0,0,0,0,0.5,0.1923,3.7672,2.8454,0,0,1,1,0,0,1,0,0,0,0,0,0,-1
46,5,30,0,1,2,0,0,5,0,0,0,0,0.1087,0.6957,4.3174,2.3219,0,1,0,0,0,0,0,0,0,0,0,0,0,-1
33,13,13,0,3,0,0,0,4,0,0,0,0,0.303,0.4545,4.1273,2.6612,0,0,1,0,0,0,1,0,0,0,0,0,0,-1
20,3,5,0,1,0,0,0,3,0,0,0,0,0.0,0.75,3.7842,1.585,0,1,0,0,0,0,0,0,0,0,0,0,0,-1
88,26,47,0,2,7,0,0,4,0,0,0,0,0.2727,0.5682,4.7457,3.5945,0,1,0,0,0,0,0,0,0,1,1,0,0,-1
34,12,15,0,4,0,0,0,4,0,0,0,0,0.3824,0.3529,4.3006,2.8554,0,0,1,0,0,0,1,0,0,0,0,0,0,-1
23,6,6,0,1,0,0,0,3,0,0,0,0,0.0,0.7826,3.5014,1.9183,0,1,0,0,0,0,0,0,0,0,0,0,0,-1
29,14,2,0,3,0,0,0,3,0,0,0,0,0.5517,0.1724,3.8573,2.6995,0,0,1,1,0,0,1,0,0,0,0,0,0,-1
28,13,2,0,3,0,0,0,3,0,0,0,0,0.5357,0.1786,3.7979,2.8731,0,0,1,1,0,0,1,0,0,0,0,0,0,-1
36,13,16,0,3,0,1,0,4,0,0,0,0,0.3056,0.4444,4.3156,2.4116,0,0,1,0,0,0,1,0,0,0,0,0,0,-1
50,8,30,0,1,2,0,0,5,0,0,0,0,0.1,0.72,4.3513,2.75,0,1,0,0,0,0,0,0,0,0,0,0,0,-1
26,9,5,0,1,0,0,0,3,0,0,0,0,0.0,0.8077,3.9022,2.6416,0,1,0,0,0,0,0,0,0,0,0,0,0,-1
30,13,5,0,1,1,0,0,3,0,0,0,0,0.0,0.8,3.9362,3.0851,0,1,0,0,0,0,0,0,0,0,0,0,0,-1
32,5,15,0,1,0,0,0,4,0,0,0,0,0.0,0.8125,4.2028,2.3219,0,1,0,0,0,0,0,0,0,0,0,0,0,-1
20,3,5,0,1,0,0,0,3,0,0,0,0,0.15,0.6,3.7842,1.585,0,1,0,0,0,0,1,0,0,0,0,0,0,-1
32,11,9,0,1,0,0,0,3,0,0,0,0,0.0,0.8438,3.8011,2.8454,0,1,0,0,0,0,0,0,0,0,0,0,0,-1
91,32,47,0,2,8,0,0,4,0,0,0,0,0.2637,0.5714,4.6744,3.6289,0,0,0,0,0,0,0,0,0,1,1,0,0,-1
85,6,67,0,2,0,0,0,8,0,0,0,0,0.0,0.8706,4.3077,2.585,0,1,0,0,0,0,0,0,0,0,0,0,0,-1
42,10,20,0,2,0,0,0,5,0,0,0,0,0.0238,0.7857,4.0713,2.7219,0,1,0,0,0,0,0,0,0,1,1,0,0,-1
34,14,8,0,1,0,0,0,3,0,0,0,0,0.0,0.8529,4.0719,3.0391,0,1,0,0,0,0,0,0,0,1,1,0,0,-1
29,10,7,0,1,0,0,0,3,0,0,0,0,0.0,0.8276,3.9783,2.9219,0,1,0,0,0,0,0,0,0,0,0,0,0,-1
28,6,8,0,2,0,0,0,3,0,0,0,0,0.0,0.7857,3.7265,2.2516,0,1,0,0,0,0,0,0,0,1,1,0,0,-1
37,9,17,0,1,1,0,0,4,0,0,0,0,0.0,0.8108,3.9156,2.5033,0,1,0,0,0,0,0,0,0,0,0,0,0,-1
26,14,5,0,3,0,0,0,3,0,0,0,0,0.4231,0.3077,3.8731,2.8963,0,0,1,0,0,0,1,0,0,0,0,0,0,-1
29,14,2,0,3,0,0,0,3,0,0,0,0,0.5517,0.1724,3.6764,2.6106,0,0,1,1,0,0,1,0,0,0,0,0,0,-1
25,7,6,0,1,0,0,0,3,0,0,0,0,0.0,0.8,4.0537,2.5216,0,1,0,0,0,0,0,0,0,0,0,0,0,-1
29,14,2,0,3,0,0,0,3,0,0,0,0,0.5517,0.1724,3.7883,2.5027,0,0,1,1,0,0,1,0,0,0,0,0,0,-1
24,13,4,0,3,0,0,0,3,0,0,0,0,0.4167,0.2917,3.8554,2.8731,0,0,1,0,0,0,1,0,0,0,0,0,0,-1
51,12,27,0,1,2,0,0,5,0,0,0,0,0.1176,0.7059,4.3884,3.0221,0,1,0,0,0,0,0,0,0,0,0,0,0,-1
30,9,9,0,1,1,0,0,3,0,0,0,0,0.0,0.8,3.9111,2.9477,0,1,0,0,0,0,0,0,0,0,0,0,0,-1
34,14,7,0,4,0,0,0,3,0,0,0,0,0.4706,0.2647,4.0575,2.8424,0,0,1,1,0,0,1,0,0,0,0,0,0,-1
35,13,15,0,4,0,0,0,4,0,0,0,0,0.3143,0.4286,4.2721,2.8731,0,0,1,0,0,0,1,0,0,0,0,0,0,-1
49,7,30,0,1,2,0,0,5,0,0,0,0,0.102,0.7143,4.467,2.8074,0,1,0,0,0,0,0,0,0,0,0,0,0,-1
68,13,48,0,4,1,1,0,5,0,0,0,0,0.4265,0.3971,4.4879,2.5654,0,0,1,0,0,0,1,0,0,0,0,0,0,-1
31,11,7,0,4,0,0,0,3,0,0,0,0,0.4194,0.2903,3.9378,2.6635,0,0,1,1,0,0,1,0,0,0,0,0,0,-1
33,13,7,0,4,0,0,0,3,0,0,0,0,0.4545,0.2727,3.8094,2.4116,0,0,1,1,0,0,1,0,0,0,0,0,0,-1
23,7,4,0,1,0,0,0,3,0,0,0,0,0.0,0.7826,3.8164,2.8074,0,1,0,0,0,0,0,0,0,0,0,0,0,-1
29,9,8,0,1,0,0,0,3,0,0,0,0,0.0,0.8276,3.8833,3.1699,0,1,0,0,0,0,0,0,0,1,1,0,0,-1
29,14,2,0,3,0,0,0,3,0,0,0,0,0.5517,0.1724,3.4604,2.6106,0,0,1,1,0,0,1,0,0,0,0,0,0,-1
28,13,8,0,4,0,0,0,3,0,0,0,0,0.3571,0.3571,3.8963,2.8151,0,0,1,0,0,0,1,0,0,0,0,0,0,-1
32,18,2,0,1,0,0,0,3,0,0,0,0,0.0,0.8438,4.0153,3.5033,0,1,0,0,0,0,0,0,1,0,0,0,0,-1
30,7,5,0,2,0,0,0,3,0,0,0,0,0.0667,0.7333,4.3232,2.5216,1,0,0,0,0,0,0,0,0,0,0,0,0,-1
31,14,5,0,1,0,0,0,3,0,0,0,0,0.0968,0.7419,4.3248,3.6645,0,1,0,0,0,0,1,0,0,0,0,0,0,-1
33,13,7,0,4,0,0,0,3,0,0,0,0,0.4545,0.2727,4.0518,2.8151,0,0,1,1,0,0,1,0,0,0,0,0,0,-1
34,7,15,0,1,0,0,0,4,0,0,0,0,0.0,0.8235,3.4304,2.2359,0,1,0,0,0,0,0,0,0,0,0,0,0,-1
40,12,16,0,1,0,0,0,4,0,0,0,0,0.0,0.85,4.0342,2.8554,0,1,0,0,0,0,0,0,0,0,0,0,0,-1
27,7,8,0,1,0,0,0,3,0,0,0,0,0.0,0.8148,3.5282,2.2359,0,1,0,0,0,0,0,0,0,0,0,0,0,-1
48,15,21,0,1,1,0,0,4,0,0,0,0,0.0,0.8542,4.1811,3.2402,0,1,0,0,0,0,0,0,0,0,0,0,0,-1
24,13,4,0,3,0,0,0,3,0,0,0,0,0.4167,0.2917,3.7721,2.8731,0,0,1,0,0,0,1,0,0,0,0,0,0,-1
21,3,6,0,1,0,0,0,3,0,0,0,0,0.0,0.7619,3.749,1.585,0,1,0,0,0,0,0,0,0,0,0,0,0,-1
23,4,8,0,1,0,0,0,3,0,0,0,0,0.0,0.7826,3.6425,2.0,0,1,0,0,0,0,0,0,0,0,0,0,0,-1
28,13,2,0,3,0,0,0,3,0,0,0,0,0.5357,0.1786,3.8424,2.8151,0,0,1,1,0,0,1,0,0,0,0,0,0,-1
26,9,5,0,1,0,0,0,3,0,0,0,0,0.0385,0.7692,3.9022,2.9477,0,1,0,0,0,0,1,0,0,0,0,0,0,-1
48,11,14,10,1,0,2,0,4,1,0,0,1,0.1458,0.6458,4.7024,2.7322,0,1,0,0,0,0,0,0,0,0,0,0,0,-1
41,15,14,0,1,0,0,0,4,0,0,0,0,0.122,0.7317,4.385,3.1899,0,1,0,0,0,0,0,0,0,0,0,0,0,-1
49,10,27,0,1,3,0,0,5,0,0,0,0,0.1224,0.6735,4.4998,2.9219,0,1,0,0,0,0,0,0,0,0,0,0,0,-1
30,13,10,0,4,0,0,0,3,0,0,0,0,0.3333,0.4,4.0566,2.8151,0,0,1,0,0,0,1,0,0,0,0,0,0,-1
30,13,5,0,1,0,0,0,3,0,0,0,0,0.0,0.8333,3.9144,3.0851,0,1,0,0,0,0,0,0,0,0,0,0,0,-1
25,4,6,0,2,0,0,0,3,0,0,0,0,0.0,0.76,3.9737,2.0,0,1,0,0,0,0,0,0,0,1,1,0,0,-1
35,15,7,0,4,0,0,0,3,0,0,0,0,0.4857,0.2571,3.9217,2.4226,0,0,1,1,0,0,1,0,0,0,0,0,0,-1
43,7,7,16,1,0,0,0,3,1,0,0,1,0.0,0.7907,4.1406,2.8074,0,1,0,0,0,0,0,0,0,0,0,0,0,-1
21,4,5,0,1,0,0,0,3,0,0,0,0,0.0,0.7619,3.8802,2.0,0,1,0,0,0,0,0,0,0,0,0,0,0,-1
68,13,48,0,4,1,1,0,5,0,0,0,0,0.4118,0.4118,4.4624,2.5654,0,0,1,0,0,0,1,0,0,1,1,0,0,-1
29,9,0,7,1,0,0,0,2,1,0,0,1,0.0,0.7931,4.0213,2.7255,0,1,0,0,0,0,0,0,0,0,0,0,0,-1
26,13,6,0,3,0,0,0,3,0,0,0,0,0.4615,0.2692,3.7091,2.8151,0,0,1,0,0,0,1,0,0,0,0,0,0,-1
35,9,14,0,1,0,0,0,4,0,0,0,0,0.0,0.8286,4.1287,2.9477,0,1,0,0,0,0,0,0,0,0,0,0,0,-1
33,13,7,0,4,0,0,0,3,0,0,0,0,0.4545,0.2727,4.0061,2.6612,0,0,1,1,0,0,1,0,0,0,0,0,0,-1
78,9,48,0,3,5,0,0,4,0,0,0,0,0.2692,0.5641,4.5519,3.1699,1,0,0,0,0,0,0,0,0,0,0,0,0,-1
35,0,17,0,2,0,0,0,4,0,0,0,0,0.0,0.8,4.1287,0.0,0,1,0,0,0,0,0,0,0,0,0,0,0,-1
35,15,7,0,4,0,0,0,3,0,0,0,0,0.4857,0.2571,3.8214,2.6892,0,0,1,1,0,0,1,0,0,0,0,0,0,-1
65,8,37,0,2,4,0,0,3,0,0,0,0,0.3231,0.5231,4.6281,3.0,1,1,0,0,0,0,1,0,0,0,0,0,0,-1
50,10,28,0,1,1,0,0,4,0,0,0,0,0.0,0.86,4.1191,2.7219,0,1,0,0,0,0,0,0,0,0,0,0,0,-1
44,8,24,0,1,2,0,0,4,0,0,0,0,0.0909,0.7273,4.1441,3.0,0,1,0,0,0,0,0,0,0,0,0,0,0,-1
90,7,35,0,4,5,1,0,4,0,0,0,0,0.0778,0.7556,5.0906,2.5216,2,1,0,0,0,0,0,0,0,0,0,0,0,-1
29,9,8,0,1,0,0,0,3,0,0,0,0,0.0,0.8276,3.9523,2.7255,0,1,0,0,0,0,0,0,0,0,0,0,0,-1
27,10,5,0,1,1,0,0,3,0,0,0,0,0.0,0.7778,3.708,2.9219,0,1,0,0,0,0,0,0,0,0,0,0,0,-1
40,13,15,0,4,0,1,0,3,0,0,0,0,0.425,0.325,4.1939,2.7193,0,0,1,1,0,0,1,0,0,0,0,0,0,-1
24,8,5,0,1,0,0,0,3,0,0,0,0,0.0,0.7917,3.6887,2.5,0,1,0,0,0,0,0,0,0,0,0,0,0,-1
86,24,47,0,2,4,0,0,4,0,0,0,0,0.2442,0.6279,4.6848,3.6573,0,1,0,0,0,0,0,0,0,1,1,0,0,-1
32,3,15,0,2,0,0,0,4,0,0,0,0,0.0,0.7812,3.715,1.585,0,1,0,0,0,0,0,0,0,0,0,0,0,-1
25,13,5,0,3,0,0,0,3,0,0,0,0,0.4,0.32,3.7533,2.6612,0,0,1,0,0,0,1,0,0,0,0,0,0,-1
40,14,14,0,1,0,0,0,3,0,0,0,0,0.0,0.875,3.966,3.0391,0,1,0,0,0,0,0,0,0,0,0,0,0,-1
26,2,13,0,1,0,0,0,4,0,0,0,0,0.0,0.7692,3.7962,1.0,0,1,0,0,0,0,0,0,0,0,0,0,0,-1
28,7,9,0,1,0,0,0,3,0,0,0,0,0.0,0.8214,3.9677,2.8074,0,1,0,0,0,0,0,0,0,0,0,0,0,-1
33,15,11,0,3,0,1,0,3,0,0,0,0,0.3939,0.3636,4.3697,3.0062,0,0,1,0,0,0,1,0,0,0,0,0,0,-1
50,5,33,0,1,3,0,0,5,0,0,0,0,0.1,0.7,4.5093,2.3219,0,1,0,0,0,0,0,0,0,0,0,0,0,-1
34,11,16,0,4,0,0,0,4,0,0,0,0,0.2941,0.4412,4.4404,3.0272,0,0,1,0,0,0,1,0,0,0,0,0,0,-1
39,4,7,16,1,0,0,0,3,1,0,0,1,0.0,0.7949,4.221,2.0,0,1,0,0,0,0,0,0,0,0,0,0,0,-1
28,6,10,0,2,0,0,0,3,0,0,0,0,0.0,0.7857,3.9408,2.2516,0,1,0,0,0,0,0,0,0,0,0,0,0,-1
40,4,24,0,1,2,0,0,4,0,0,0,0,0.1,0.7,4.0128,1.5,0,1,0,0,0,0,0,0,0,0,0,0,0,-1
28,13,2,0,3,0,0,0,3,0,0,0,0,0.5357,0.1786,3.7709,2.6612,0,0,1,1,0,0,1,0,0,0,0,0,0,-1
38,18,0,7,1,0,0,0,2,1,0,0,1,0.0,0.8421,4.3591,3.6144,0,1,0,0,0,0,0,0,0,0,0,0,0,-1
24,13,4,0,3,0,0,0,3,0,0,0,0,0.4167,0.2917,3.7406,2.8731,0,0,1,0,0,0,1,0,0,0,0,0,0,-1
42,10,20,0,1,0,0,0,5,0,0,0,0,0.0,0.8333,4.2228,2.8464,0,1,0,0,0,0,0,0,0,1,1,0,0,-1
65,10,37,0,2,4,0,0,3,0,0,0,0,0.3231,0.5231,4.7794,3.1219,1,1,0,0,0,0,0,0,0,0,0,0,0,-1
21,2,7,0,1,0,0,0,3,0,0,0,0,0.0,0.7619,3.7849,1.0,0,1,0,0,0,0,0,0,0,1,1,0,0,-1
24,6,0,6,1,0,0,0,2,1,0,0,1,0.0417,0.7083,3.7721,1.9183,0,1,0,0,0,0,0,0,0,1,1,1,1,-1
29,12,10,0,4,0,0,0,3,0,0,0,0,0.3103,0.4138,4.1423,3.0221,0,0,1,0,0,0,1,0,0,0,0,0,0,-1
49,11,26,0,1,1,0,0,6,0,0,0,0,0.0,0.8163,4.1659,2.6635,0,1,0,0,0,0,0,0,0,0,0,0,0,-1
33,13,7,0,4,0,0,0,3,0,0,0,0,0.4545,0.2727,3.9683,2.6032,0,0,1,1,0,0,1,0,0,0,0,0,0,-1
34,14,7,0,4,0,0,0,3,0,0,0,0,0.4706,0.2647,4.0179,2.4956,0,0,1,1,0,0,1,0,0,0,0,0,0,-1
33,13,7,0,4,0,0,0,3,0,0,0,0,0.4545,0.2727,3.8471,2.1997,0,0,1,1,0,0,1,0,0,0,0,0,0,-1
24,12,5,0,3,0,0,0,3,0,0,0,0,0.4167,0.2917,3.7406,2.4591,0,0,1,0,0,0,1,0,0,0,0,0,0,-1
32,9,11,0,1,0,0,0,4,0,0,0,0,0.0,0.8125,3.965,2.7255,0,1,0,0,0,0,0,0,0,0,0,0,0,-1
22,5,5,0,1,0,0,0,3,0,0,0,0,0.0,0.7727,3.7544,2.3219,0,1,0,0,0,0,0,0,0,0,0,0,0,-1
30,7,11,0,2,0,0,0,3,0,0,0,0,0.0,0.8,3.8314,2.5216,0,1,0,0,0,0,0,0,0,0,0,0,0,-1
52,27,13,0,1,0,0,0,4,0,0,0,0,0.0,0.8846,4.0621,3.4579,0,1,0,0,0,0,0,0,0,0,0,0,0,-1
31,11,7,0,4,0,0,0,3,0,0,0,0,0.4194,0.2903,4.0023,2.5949,0,0,1,1,0,0,1,0,0,0,0,0,0,-1
35,12,11,0,1,0,0,0,4,0,0,0,0,0.0,0.8286,3.9002,3.2516,0,1,0,0,0,0,0,0,0,0,0,0,0,-1
32,15,5,0,1,0,0,0,3,0,0,0,0,0.0,0.8438,4.1403,3.1396,0,1,0,0,0,0,0,0,0,0,0,0,0,-1
30,15,2,0,3,0,0,0,3,0,0,0,0,0.5667,0.1667,3.6981,2.7396,0,0,1,1,0,0,1,0,0,0,0,0,0,-1
27,7,9,0,1,0,0,0,3,0,0,0,0,0.0,0.8148,3.7821,2.5216,0,1,0,0,0,0,0,0,0,0,0,0,0,-1
43,10,21,0,1,0,0,0,5,0,0,0,0,0.1163,0.7209,4.2664,2.9219,0,1,0,0,0,0,0,0,0,0,0,0,0,-1
29,3,14,0,1,0,0,0,4,0,0,0,0,0.1379,0.6552,4.3063,1.585,0,1,0,0,0,0,0,0,0,0,0,0,0,-1
90,31,47,0,2,8,0,0,4,0,0,0,0,0.2111,0.6222,4.7346,3.5876,0,0,0,0,0,0,0,0,0,1,1,0,0,-1
42,8,22,0,1,1,0,0,5,0,0,0,0,0.1429,0.6667,4.1538,3.0,0,1,0,0,0,0,0,0,0,0,0,0,0,-1
27,12,2,0,3,0,0,0,3,0,0,0,0,0.5185,0.1852,3.5744,2.6258,0,0,1,1,0,0,1,0,0,0,0,0,0,-1
36,13,16,0,3,0,1,0,4,0,0,0,0,0.3056,0.4444,4.4823,2.8731,0,0,1,0,0,0,1,0,0,0,0,0,0,-1
53,7,21,0,5,0,0,0,3,0,0,0,0,0.0566,0.7736,4.358,2.5216,1,1,0,0,0,0,0,0,0,0,0,0,0,-1
28,13,2,0,3,0,0,0,3,0,0,0,0,0.5357,0.1786,3.744,2.8731,0,0,1,1,0,0,1,0,0,0,0,0,0,-1
32,13,12,0,4,0,0,0,3,0,0,0,0,0.3438,0.4062,4.1639,2.7193,0,0,1,0,0,0,1,0,0,0,0,0,0,-1
28,14,7,0,4,0,0,0,3,0,0,0,0,0.4643,0.25,3.4408,2.4677,0,0,1,0,0,0,1,0,0,0,0,0,0,-1
35,4,20,0,1,0,0,0,4,0,0,0,0,0.0286,0.8,4.036,2.0,0,1,0,0,0,0,1,0,0,0,0,0,0,-1
43,20,11,0,1,0,0,0,4,0,0,0,0,0.0,0.8605,4.1734,3.6464,0,1,0,0,0,0,0,0,0,0,0,0,0,-1
46,7,27,0,1,2,0,0,5,0,0,0,0,0.1304,0.6739,4.4022,2.5216,0,1,0,0,0,0,0,0,0,0,0,0,0,-1
39,8,19,0,1,1,0,0,5,0,0,0,0,0.0,0.7949,4.0579,2.5,0,1,0,0,0,0,0,0,0,0,0,0,0,-1
43,7,13,0,3,0,0,0,3,0,0,0,0,0.1395,0.6744,4.4083,2.5216,1,0,0,1,0,0,0,0,0,0,0,0,0,-1
34,14,7,0,4,0,0,0,3,0,0,0,0,0.4706,0.2647,3.7814,2.4956,0,0,1,1,0,0,1,0,0,0,0,0,0,-1
35,15,7,0,4,0,0,0,3,0,0,0,0,0.4857,0.2571,3.9573,2.7899,0,0,1,1,0,0,1,0,0,0,0,0,0,-1
21,2,7,0,1,0,0,0,3,0,0,0,0,0.0476,0.7143,3.8802,1.0,0,1,0,0,0,0,1,0,0,0,0,0,0,-1
30,15,8,0,4,0,0,0,3,0,0,0,0,0.4,0.3333,3.9647,2.8226,0,0,1,0,0,0,1,0,0,0,0,0,0,-1
80,20,47,0,2,6,0,0,4,0,0,0,0,0.2,0.6375,4.6766,3.0037,0,1,0,0,0,0,0,0,0,1,1,0,0,-1
40,7,10,0,2,0,0,0,4,0,0,0,0,0.025,0.8,4.2128,2.1281,1,0,0,0,0,0,0,0,0,0,0,0,0,-1
25,11,7,0,3,0,0,0,3,0,0,0,0,0.48,0.24,3.6733,2.5949,0,0,1,0,0,0,1,0,0,0,0,0,0,-1
36,11,0,12,1,0,0,0,2,1,0,0,1,0.0,0.8333,4.2317,3.4594,0,1,0,0,0,0,0,0,0,0,0,0,0,-1
25,4,9,0,1,1,0,0,3,0,0,0,0,0.0,0.76,3.8333,2.0,0,1,0,0,0,0,0,0,0,0,0,0,0,-1
89,30,47,0,2,8,0,0,4,0,0,0,0,0.236,0.5955,4.7452,3.6981,0,0,0,0,0,0,0,0,0,1,1,0,0,-1
35,9,14,0,1,0,0,0,4,0,0,0,0,0.0,0.8286,4.0576,2.9477,0,1,0,0,0,0,0,0,0,0,0,0,0,-1
70,13,37,0,2,4,0,0,3,0,0,0,0,0.2571,0.6,4.8364,3.1808,1,1,0,0,0,0,0,0,0,0,0,0,0,-1
39,6,21,0,1,0,0,0,5,0,0,0,0,0.1282,0.6923,3.9972,1.7925,0,1,0,0,0,0,0,0,0,0,0,0,0,-1
37,7,12,0,2,0,0,0,4,0,0,0,0,0.1351,0.6757,4.4119,2.5216,1,0,0,0,0,0,0,0,0,0,0,0,0,-1
40,3,14,10,1,0,2,0,4,1,0,0,1,0.175,0.575,4.6719,1.585,0,1,0,0,0,0,0,0,0,0,0,0,0,-1
28,9,7,0,1,0,0,0,3,0,0,0,0,0.0,0.8214,4.0122,2.7255,0,1,0,0,0,0,0,0,0,0,0,0,0,-1
33,13,7,0,4,0,0,0,3,0,0,0,0,0.4545,0.2727,4.0518,2.7193,0,0,1,1,0,0,1,0,0,0,0,0,0,-1
98,38,47,0,2,7,0,0,4,0,0,0,0,0.2143,0.6429,4.8613,3.9579,0,1,0,0,0,0,0,0,0,1,1,0,0,-1
33,12,9,0,1,0,0,0,3,0,0,0,0,0.0,0.8485,3.7408,2.8554,0,1,0,0,0,0,0,0,0,0,0,0,0,-1
30,10,8,0,1,0,0,0,3,0,0,0,0,0.0,0.8333,3.8981,2.9219,0,1,0,0,0,0,0,0,0,0,0,0,0,-1
35,15,7,0,4,0,0,0,3,0,0,0,0,0.4857,0.2571,4.0144,2.8226,0,0,1,1,0,0,1,0,0,0,0,0,0,-1
23,12,4,0,3,0,0,0,3,0,0,0,0,0.4348,0.2609,3.5555,2.6887,0,0,1,0,0,0,1,0,0,0,0,0,0,-1
43,13,23,0,4,0,0,0,4,0,0,0,0,0.2558,0.5349,4.2459,2.5654,0,0,1,0,0,0,1,0,0,0,0,0,0,-1
33,13,7,0,4,0,0,0,3,0,0,0,0,0.4545,0.2727,3.9683,2.5074,0,0,1,1,0,0,1,0,0,0,0,0,0,-1
66,9,37,0,2,4,0,0,3,0,0,0,0,0.3485,0.5,4.6613,2.4194,1,1,0,0,0,0,0,0,0,0,0,0,0,-1
22,5,5,0,1,0,0,0,3,0,0,0,0,0.0,0.7727,3.6292,1.9219,0,1,0,0,0,0,0,0,0,0,0,0,0,-1
26,6,0,7,1,0,0,0,2,1,0,0,1,0.0,0.7692,4.1329,2.585,0,1,0,0,0,0,0,0,0,0,0,0,0,-1
43,12,15,0,2,0,0,0,4,0,0,0,0,0.093,0.7209,4.1734,3.2516,0,0,0,1,0,0,0,0,0,0,0,0,0,-1
32,12,7,0,4,0,0,0,3,0,0,0,0,0.4375,0.2812,3.8667,2.3962,0,0,1,1,0,0,1,0,0,0,0,0,0,-1
34,3,17,0,2,1,0,0,4,0,0,0,0,0.0,0.7647,3.8337,1.585,0,1,0,0,0,0,0,0,0,0,0,0,0,-1
31,14,10,0,3,0,0,0,4,0,0,0,0,0.4194,0.3226,4.0181,2.6456,0,0,1,0,0,0,1,0,0,0,0,0,0,-1
39,13,14,0,1,0,0,0,4,0,0,0,0,0.0,0.8462,4.2017,3.3927,0,1,0,0,0,0,0,0,0,0,0,0,0,-1
28,7,9,0,1,0,0,0,3,0,0,0,0,0.0714,0.75,3.9138,2.8074,0,1,0,0,0,0,1,0,0,0,0,0,0,-1
25,8,5,0,1,1,0,0,3,0,0,0,0,0.0,0.76,4.0537,2.75,0,1,0,0,0,0,0,0,0,1,1,0,0,-1
25,11,7,0,3,0,0,0,3,0,0,0,0,0.36,0.36,3.8333,2.5949,0,0,1,0,0,0,1,0,0,0,0,0,0,-1
31,8,11,0,1,0,0,0,4,0,0,0,0,0.0,0.8065,4.1155,2.5,0,1,0,0,0,0,0,0,0,0,0,0,0,-1
31,7,12,0,1,0,0,0,4,0,0,0,0,0.129,0.6774,4.0636,2.8074,0,1,0,0,0,0,0,0,0,0,0,0,0,-1
27,12,2,0,3,0,0,0,3,0,0,0,0,0.5185,0.1852,3.7821,2.5221,0,0,1,1,0,0,1,0,0,0,0,0,0,-1
24,7,5,0,1,0,0,0,3,0,0,0,0,0.0,0.7917,3.7721,2.8074,0,1,0,0,0,0,0,0,0,0,0,0,0,-1
33,13,7,0,4,0,0,0,3,0,0,0,0,0.4545,0.2727,4.0289,2.8731,0,0,1,1,0,0,1,0,0,0,0,0,0,-1
41,3,24,0,2,2,0,0,4,0,0,0,0,0.0976,0.6829,4.0227,1.585,0,1,0,0,0,0,0,0,0,0,0,0,0,-1
46,13,21,0,1,1,0,0,4,0,0,0,0,0.0,0.8478,4.056,3.2389,0,1,0,0,0,0,0,0,0,0,0,0,0,-1
35,8,15,0,1,0,0,0,4,0,0,0,0,0.0,0.8286,4.229,3.0,0,1,0,0,0,0,0,0,0,0,0,0,0,-1
32,13,7,0,1,0,0,0,3,0,0,0,0,0.0,0.8438,3.9261,3.027,0,1,0,0,0,0,0,0,0,0,0,0,0,-1
31,8,11,0,1,0,0,0,4,0,0,0,0,0.0,0.8065,4.1313,2.75,0,1,0,0,0,0,0,0,0,0,0,0,0,-1
22,5,6,0,1,0,0,0,3,0,0,0,0,0.0,0.7727,3.6978,1.9219,0,1,0,0,0,0,0,0,0,0,0,0,0,-1
38,5,14,0,2,0,0,0,4,0,0,0,0,0.1316,0.6842,4.5439,1.9219,1,1,0,0,0,0,0,0,0,1,1,1,0,-1
29,12,10,0,4,0,0,0,4,0,0,0,0,0.3103,0.3793,3.699,2.6887,0,0,1,0,0,0,1,0,0,0,0,0,0,-1
36,13,16,0,4,0,0,0,4,0,0,0,0,0.3056,0.4444,4.2601,2.6612,0,0,1,0,0,0,1,0,0,0,0,0,0,-1
28,13,2,0,3,0,0,0,3,0,0,0,0,0.5357,0.1786,3.6726,2.6612,0,0,1,1,0,0,1,0,0,0,0,0,0,-1
70,16,37,0,2,4,0,0,3,0,0,0,0,0.2857,0.5714,4.6134,3.5,1,1,0,0,0,0,0,0,0,0,0,0,0,-1
35,14,14,0,4,0,0,0,4,0,0,0,0,0.3429,0.4,4.022,2.6456,0,0,1,0,0,0,1,0,0,0,0,0,0,-1
32,5,7,8,1,0,0,0,3,1,0,0,1,0.0,0.7812,4.2181,2.3219,0,1,0,0,0,0,0,0,0,0,0,0,0,-1
24,7,6,0,1,0,0,0,3,0,0,0,0,0.0,0.7917,3.5221,2.5216,0,1,0,0,0,0,0,0,0,0,0,0,0,-1
34,14,7,0,4,0,0,0,3,0,0,0,0,0.4706,0.2647,3.9987,2.5027,0,0,1,1,0,0,1,0,0,0,0,0,0,-1
34,14,7,0,4,0,0,0,3,0,0,0,0,0.4706,0.2647,3.962,2.8424,0,0,1,1,0,0,1,0,0,0,0,0,0,-1
34,14,7,0,4,0,0,0,3,0,0,0,0,0.4706,0.2647,3.9032,2.6456,0,0,1,1,0,0,1,0,0,0,0,0,0,-1
32,15,5,0,1,0,0,0,3,0,0,0,0,0.0,0.8438,3.8667,3.3736,0,1,0,0,0,0,0,0,0,0,0,0,0,-1
58,17,25,0,3,2,0,0,6,0,0,0,0,0.0517,0.7414,4.3514,3.4548,1,1,0,0,0,0,0,0,0,0,0,0,0,-1
26,14,5,0,3,0,0,0,3,0,0,0,0,0.4231,0.3077,3.8151,2.7885,0,0,1,0,0,0,1,0,0,0,0,0,0,-1
29,6,8,0,2,0,0,0,3,0,0,0,0,0.0,0.7931,3.9354,1.9183,0,1,0,0,0,0,0,0,0,1,1,1,1,-1
30,15,4,0,1,0,0,0,3,0,0,0,0,0.0,0.8333,3.8062,3.1899,0,1,0,0,0,0,0,0,0,0,0,0,0,-1
25,13,5,0,3,0,0,0,3,0,0,0,0,0.4,0.32,3.9435,2.8731,0,0,1,0,0,0,1,0,0,0,0,0,0,-1
68,13,48,0,4,1,1,0,5,0,0,0,0,0.4412,0.3824,4.2898,2.5654,0,0,1,0,0,0,1,0,0,0,0,0,0,-1
21,4,5,0,1,0,0,0,3,0,0,0,0,0.0,0.7619,3.749,1.5,0,1,0,0,0,0,0,0,0,0,0,0,0,-1
41,11,7,10,1,0,0,0,3,1,0,0,1,0.0,0.8293,4.0162,2.8454,0,1,0,0,0,0,0,0,0,0,0,0,0,-1
43,16,15,0,1,0,0,0,4,0,0,0,0,0.0,0.8605,4.1467,3.5,0,1,0,0,0,0,0,0,0,0,0,0,0,-1
28,9,5,0,2,1,0,0,3,0,0,0,0,0.0,0.75,3.8693,2.9477,0,1,0,0,0,0,0,0,0,0,0,0,0,-1
33,14,12,0,4,0,0,0,3,0,0,0,0,0.3636,0.3939,4.1273,2.6456,0,0,1,0,0,0,1,0,0,0,0,0,0,-1
28,7,9,0,1,0,0,0,3,0,0,0,0,0.0,0.8214,3.9408,2.2359,0,1,0,0,0,0,0,0,0,0,0,0,0,-1
25,4,9,0,1,0,0,0,4,0,0,0,0,0.0,0.76,3.7835,1.5,0,1,0,0,0,0,0,0,0,0,0,0,0,-1
34,9,13,0,1,0,0,0,4,0,0,0,0,0.0,0.8235,3.8888,2.5033,0,1,0,0,0,0,0,0,0,0,0,0,0,-1
23,6,5,0,1,0,0,0,3,0,0,0,0,0.0,0.7826,3.7951,2.585,0,1,0,0,0,0,0,0,0,0,0,0,0,-1
43,10,21,0,1,0,0,0,5,0,0,0,0,0.1163,0.7209,4.1558,2.6464,0,1,0,0,0,0,0,0,0,0,0,0,0,-1
29,8,9,0,1,0,0,0,3,0,0,0,0,0.0,0.8276,3.8833,3.0,0,1,0,0,0,0,0,0,0,0,0,0,0,-1
27,5,10,0,1,0,0,0,3,0,0,0,0,0.0,0.8148,3.8282,2.3219,0,1,0,0,0,0,0,0,0,0,0,0,0,-1
49,13,29,0,4,0,0,0,5,0,0,0,0,0.4286,0.3673,4.3753,2.4493,0,0,1,0,0,0,1,0,0,0,0,0,0,-1
40,11,17,0,1,2,0,0,4,0,0,0,0,0.0,0.8,3.9939,3.2776,0,1,0,0,0,0,0,0,0,0,0,0,0,-1
32,12,7,0,4,0,0,0,3,0,0,0,0,0.4375,0.2812,3.7539,2.2296,0,0,1,1,0,0,1,0,0,0,0,0,0,-1
37,4,22,0,1,0,1,0,4,0,0,0,0,0.0,0.8108,4.2062,2.0,0,1,0,0,0,0,0,0,0,0,0,0,0,-1
32,12,7,0,4,0,0,0,3,0,0,0,0,0.4375,0.2812,3.9292,2.6258,0,0,1,1,0,0,1,0,0,0,0,0,0,-1
33,13,7,0,4,0,0,0,3,0,0,0,0,0.4545,0.2727,3.9683,2.9689,0,0,1,1,0,0,1,0,0,0,0,0,0,-1
27,12,2,0,3,0,0,0,3,0,0,0,0,0.5185,0.1852,3.8282,2.8554,0,0,1,1,0,0,1,0,0,0,0,0,0,-1
42,11,19,0,1,2,0,0,5,0,0,0,0,0.0,0.7857,4.1329,3.0958,0,1,0,0,0,0,0,0,0,0,0,0,0,-1
23,5,0,6,1,0,0,0,2,1,0,0,1,0.0435,0.6957,4.0018,2.3219,0,1,0,0,0,0,0,0,0,0,0,0,0,-1
25,13,5,0,3,0,0,0,3,0,0,0,0,0.44,0.28,3.8635,2.8731,0,0,1,0,0,0,1,0,0,0,0,0,0,-1
32,12,7,0,4,0,0,0,3,0,0,0,0,0.4375,0.2812,3.7386,2.3962,0,0,1,1,0,0,1,0,0,0,0,0,0,-1
27,12,2,0,3,0,0,0,3,0,0,0,0,0.5185,0.1852,3.4542,2.3554,0,0,1,1,0,0,1,0,0,0,0,0,0,-1
25,11,7,0,3,0,0,0,3,0,0,0,0,0.48,0.24,3.7231,2.5949,0,0,1,0,0,0,1,0,0,0,0,0,0,-1
34,5,7,10,1,0,0,0,3,1,0,0,1,0.0,0.7941,4.1607,2.3219,0,1,0,0,0,0,0,0,0,0,0,0,0,-1
23,6,5,0,1,0,0,0,3,0,0,0,0,0.0,0.7826,3.8492,2.585,0,1,0,0,0,0,0,0,0,0,0,0,0,-1
36,12,9,0,2,0,0,0,3,0,0,0,0,0.0,0.8333,4.2845,3.2516,0,0,0,0,0,0,0,0,0,0,0,0,0,-1
37,11,14,0,1,0,0,0,4,0,0,0,0,0.0,0.8378,3.9023,2.8454,0,1,0,0,0,0,0,0,0,0,0,0,0,-1
32,11,9,0,1,1,0,0,3,0,0,0,0,0.0,0.8125,4.0542,3.0958,0,1,0,0,0,0,0,0,0,0,0,0,0,-1
32,12,7,0,4,0,0,0,3,0,0,0,0,0.4375,0.2812,4.0778,2.6887,0,0,1,1,0,0,1,0,0,0,0,0,0,-1
32,3,17,0,1,0,0,0,4,0,0,0,0,0.0,0.8125,3.9528,1.585,0,1,0,0,0,0,0,0,0,0,0,0,0,-1
88,28,47,0,2,5,0,0,4,0,0,0,0,0.2614,0.6023,4.8828,3.7359,0,1,0,0,0,0,0,0,0,1,1,0,0,-1
37,15,10,0,1,0,0,0,3,0,0,0,0,0.0,0.8649,3.7258,2.9232,0,1,0,0,0,0,0,0,0,0,0,0,0,-1
26,14,5,0,3,0,0,0,3,0,0,0,0,0.4231,0.3077,3.8731,2.8963,0,0,1,0,0,0,1,0,0,0,0,0,0,-1
25,14,4,0,3,0,0,0,3,0,0,0,0,0.48,0.24,3.5329,2.306,0,0,1,0,0,0,1,0,0,0,0,0,0,-1
23,3,8,0,1,0,0,0,3,0,0,0,0,0.0,0.7826,3.6753,0.9183,0,1,0,0,0,0,0,0,0,0,0,0,0,-1
59,6,41,0,1,5,0,0,4,0,0,0,0,0.2881,0.5254,4.3971,1.9183,0,1,0,0,0,0,0,0,0,0,0,0,0,-1
29,14,2,0,3,0,0,0,3,0,0,0,0,0.5517,0.1724,3.6075,2.5567,0,0,1,1,0,0,1,0,0,0,0,0,0,-1
23,3,8,0,1,0,0,0,3,0,0,0,0,0.0,0.7826,4.056,1.585,0,1,0,0,0,0,0,0,0,0,0,0,0,-1
28,3,0,12,1,0,0,0,2,1,0,0,1,0.0,0.7857,3.8963,1.585,0,1,0,0,0,0,0,0,0,0,0,0,0,-1
29,14,2,0,3,0,0,0,3,0,0,0,0,0.5517,0.1724,3.7454,2.6106,0,0,1,1,0,0,1,0,0,0,0,0,0,-1
39,11,7,8,1,0,0,0,3,1,0,0,1,0.0,0.8205,4.3168,3.2776,0,1,0,0,0,0,0,0,0,0,0,0,0,-1
28,6,10,0,1,0,0,0,3,0,0,0,0,0.0,0.8214,3.655,2.585,0,1,0,0,0,0,0,0,0,0,0,0,0,-1
29,15,7,0,3,0,1,0,3,0,0,0,0,0.5517,0.1724,3.8144,2.7899,0,0,1,0,0,0,1,0,0,0,0,0,0,-1
35,8,15,0,1,0,0,0,4,0,0,0,0,0.0,0.8286,3.7719,2.75,0,1,0,0,0,0,0,0,0,0,0,0,0,-1
25,8,5,0,1,1,0,0,3,0,0,0,0,0.0,0.76,3.9737,2.75,0,1,0,0,0,0,0,0,0,0,0,0,0,-1
27,13,7,0,3,0,0,0,3,0,0,0,0,0.4074,0.3333,3.7821,2.6032,0,0,1,0,0,0,1,0,0,0,0,0,0,-1
26,9,5,0,1,0,0,0,3,0,0,0,0,0.0,0.8077,3.6903,2.7255,0,1,0,0,0,0,0,0,0,0,0,0,0,-1
35,15,7,0,4,0,0,0,3,0,0,0,0,0.4857,0.2571,4.022,2.8226,0,0,1,1,0,0,1,0,0,0,0,0,0,-1
108,6,90,0,2,4,1,0,10,0,0,0,0,0.0278,0.8056,4.5481,2.585,0,1,0,0,0,0,0,0,0,0,0,0,0,-1
29,10,0,6,1,0,0,0,2,1,0,0,1,0.0345,0.7586,4.1163,2.8464,0,1,0,0,0,0,0,0,0,0,0,0,0,-1
20,8,0,0,1,0,0,0,2,0,0,0,0,0.0,0.8,3.5842,3.0,0,1,0,0,0,0,0,0,0,0,0,0,0,-1
35,15,7,0,4,0,0,0,3,0,0,0,0,0.4857,0.2571,4.0004,2.6062,0,0,1,1,0,0,1,0,0,0,0,0,0,-1
30,9,9,0,1,0,0,0,3,0,0,0,0,0.0,0.8333,3.9647,2.6416,0,1,0,0,0,0,0,0,0,0,0,0,0,-1
48,5,28,0,2,1,0,0,4,0,0,0,0,0.0,0.8333,4.0821,1.9219,0,1,0,0,0,0,0,0,0,0,0,0,0,-1
24,4,8,0,1,0,0,0,3,0,0,0,0,0.0,0.7917,3.7925,2.0,0,1,0,0,0,0,0,0,0,0,0,0,0,-1
30,13,10,0,4,0,0,0,3,0,0,0,0,0.3333,0.4,4.1232,2.8151,0,0,1,0,0,0,1,0,0,0,0,0,0,-1
27,12,2,0,3,0,0,0,3,0,0,0,0,0.5185,0.1852,3.6023,2.2213,0,0,1,1,0,0,1,0,0,0,0,0,0,-1
25,11,7,0,3,0,0,0,3,0,0,0,0,0.48,0.24,3.6391,2.5949,0,0,1,0,0,0,1,0,0,0,0,0,0,-1
31,11,7,0,4,0,0,0,3,0,0,0,0,0.4194,0.2903,3.9779,2.6635,0,0,1,1,0,0,1,0,0,0,0,0,0,-1
28,10,6,0,1,0,0,0,3,0,0,0,0,0.0,0.8214,3.7674,2.6464,0,1,0,0,0,0,0,0,0,1,1,0,0,-1
38,14,17,0,4,0,0,0,4,0,0,0,0,0.3158,0.4474,4.2608,2.6456,0,0,1,0,0,0,1,0,0,0,0,0,0,-1
34,14,7,0,4,0,0,0,3,0,0,0,0,0.4706,0.2647,3.8414,2.3527,0,0,1,1,0,0,1,0,0,0,0,0,0,-1
52,13,27,0,1,2,0,0,5,0,0,0,0,0.1154,0.7115,4.3328,3.027,0,1,0,0,0,0,0,0,0,0,0,0,0,-1
37,4,22,0,1,1,0,0,5,0,0,0,0,0.1622,0.6216,4.1087,2.0,0,1,0,0,0,0,0,0,0,0,0,0,0,-1
33,13,5,0,2,1,0,0,3,0,0,0,0,0.0,0.7879,4.1879,3.3927,0,1,0,0,0,0,0,0,0,0,0,0,0,-1
18,0,5,0,1,0,0,0,3,0,0,0,0,0.0,0.7222,3.4613,0.0,0,1,0,0,0,0,0,0,0,0,0,0,0,-1
30,15,2,0,3,0,0,0,3,0,0,0,0,0.5667,0.1667,3.8314,2.6062,0,0,1,1,0,0,1,0,0,0,0,0,0,-1
28,13,2,0,3,0,0,0,3,0,0,0,0,0.5357,0.1786,3.8249,2.8731,0,0,1,1,0,0,1,0,0,0,0,0,0,-1
42,7,12,0,2,0,0,0,4,0,0,0,0,0.0,0.8333,4.3384,2.5216,1,0,0,0,0,0,0,0,0,0,0,0,0,-1
39,4,24,0,1,0,0,0,5,0,0,0,0,0.0,0.8205,4.0553,2.0,0,1,0,0,0,0,0,0,0,0,0,0,0,-1
30,6,12,0,1,0,0,0,4,0,0,0,0,0.1,0.7,4.2817,1.4591,0,1,0,0,0,0,0,0,0,0,0,0,0,-1
38,11,15,0,1,0,0,0,4,0,0,0,0,0.0,0.8421,3.5998,2.7322,0,1,0,0,0,0,0,0,0,0,0,0,0,-1
24,4,9,0,1,0,0,0,3,0,0,0,0,0.0,0.7917,3.6573,1.5,0,1,0,0,0,0,0,0,0,0,0,0,0,-1
43,12,19,0,1,0,0,0,4,0,0,0,0,0.0,0.8605,4.0894,2.6887,0,1,0,0,0,0,0,0,0,0,0,0,0,-1
62,6,21,0,3,0,0,0,4,0,0,0,0,0.0,0.871,4.0938,2.2516,1,0,0,0,0,0,0,0,1,0,0,0,0,-1
43,5,27,0,1,2,0,0,5,0,0,0,0,0.1395,0.6512,4.3106,1.9219,0,1,0,0,0,0,0,0,0,0,0,0,0,-1
29,8,9,0,1,0,0,0,4,0,0,0,0,0.0,0.7931,3.9263,2.5,0,1,0,0,0,0,0,0,0,0,0,0,0,-1
30,13,10,0,3,0,1,0,3,0,0,0,0,0.3333,0.4,4.0729,2.8151,0,0,1,0,0,0,1,0,0,0,0,0,0,-1
48,11,14,10,1,0,2,0,4,1,0,0,1,0.1458,0.6458,4.8035,2.7322,0,1,0,0,0,0,0,0,0,0,0,0,0,-1
27,12,2,0,3,0,0,0,3,0,0,0,0,0.5185,0.1852,3.6801,2.3962,0,0,1,1,0,0,1,0,0,0,0,0,0,-1
53,16,22,0,2,2,0,0,5,0,0,0,0,0.1132,0.6981,4.261,3.3278,0,1,0,0,0,0,0,0,0,0,0,0,0,-1
25,7,6,0,1,0,0,0,3,0,0,0,0,0.0,0.8,4.0235,2.5216,0,1,0,0,0,0,0,0,0,1,1,0,0,-1
42,16,14,0,1,0,0,0,3,0,0,0,0,0.0,0.881,4.2252,3.5,0,1,0,0,0,0,0,0,0,0,0,0,0,-1
29,8,9,0,1,0,0,0,3,0,0,0,0,0.0,0.8276,3.9523,2.75,0,1,0,0,0,0,0,0,0,0,0,0,0,-1
45,5,21,0,2,0,0,0,5,0,0,0,0,0.1111,0.7111,4.1977,1.9219,1,1,0,0,0,0,0,0,0,0,0,0,0,-1
26,14,5,0,3,0,0,0,3,0,0,0,0,0.4231,0.3077,3.5553,2.306,0,0,1,0,0,0,1,0,0,0,0,0,0,-1
22,5,5,0,1,0,0,0,3,0,0,0,0,0.0909,0.6818,3.7544,2.3219,0,1,0,0,0,0,1,0,0,0,0,0,0,-1
32,12,7,0,4,0,0,0,3,0,0,0,0,0.4375,0.2812,4.1014,2.8554,0,0,1,1,0,0,1,0,0,0,0,0,0,-1
26,7,0,6,1,0,0,0,2,1,0,0,1,0.0385,0.7308,3.8253,2.5216,0,1,0,0,0,0,0,0,0,0,0,0,0,-1
42,6,7,16,1,0,0,0,3,1,0,0,1,0.0,0.7857,4.2135,2.2516,0,1,0,0,0,0,0,0,0,0,0,0,0,-1
45,13,20,0,2,0,0,0,5,0,0,0,0,0.0222,0.8,4.014,2.9312,0,1,0,0,0,0,0,0,0,1,1,0,0,-1
48,6,26,0,1,1,0,0,6,0,0,0,0,0.0,0.8125,4.2385,2.2516,0,1,0,0,0,0,0,0,0,0,0,0,0,-1
51,14,30,0,3,0,0,0,4,0,0,0,0,0.2745,0.5686,3.6179,2.6106,0,0,1,0,0,0,1,0,0,0,0,0,0,-1
43,11,20,0,1,0,0,0,5,0,0,0,0,0.0,0.8372,4.1734,3.2776,0,1,0,0,0,0,0,0,0,1,1,0,0,-1
25,4,10,0,1,0,0,0,3,0,0,0,0,0.0,0.8,3.7035,2.0,0,1,0,0,0,0,0,0,0,0,0,0,0,-1
39,15,12,0,1,1,0,0,4,0,0,0,0,0.1026,0.7179,4.0966,3.1396,0,1,0,0,0,0,0,0,0,0,0,0,0,-1
95,35,47,0,2,8,0,0,4,0,0,0,0,0.2526,0.5895,4.8799,4.0472,0,1,0,0,0,0,0,0,0,1,1,0,0,-1
85,25,47,0,2,5,0,0,4,0,0,0,0,0.2588,0.6,4.7171,3.6235,0,1,0,0,0,0,0,0,0,1,1,0,0,-1
49,15,27,0,4,0,0,0,5,0,0,0,0,0.2857,0.5102,4.5386,2.4989,0,0,1,0,0,0,1,0,0,0,0,0,0,-1
33,13,7,0,4,0,0,0,3,0,0,0,0,0.4545,0.2727,3.9077,2.6612,0,0,1,1,0,0,1,0,0,0,0,0,0,-1
32,12,7,0,4,0,0,0,3,0,0,0,0,0.4375,0.2812,3.9139,2.6258,0,0,1,1,0,0,1,0,0,0,0,0,0,-1
31,11,8,0,1,0,0,0,3,0,0,0,0,0.0,0.8387,3.8245,3.0958,0,1,0,0,0,0,0,0,0,0,0,0,0,-1
116,17,83,0,5,5,0,0,7,0,0,0,0,0.0517,0.7931,4.7007,3.4548,1,1,0,0,0,0,0,0,0,0,0,0,0,-1
44,8,7,16,1,0,0,0,3,1,0,0,1,0.0,0.8182,4.0815,2.75,0,1,0,0,0,0,0,0,0,0,0,0,0,-1
32,12,7,0,4,0,0,0,3,0,0,0,0,0.4375,0.2812,3.9292,2.6258,0,0,1,1,0,0,1,0,0,0,0,0,0,-1
34,14,7,0,4,0,0,0,3,0,0,0,0,0.4706,0.2647,3.8222,2.4138,0,0,1,1,0,0,1,0,0,0,0,0,0,-1
26,4,10,0,1,0,0,0,3,0,0,0,0,0.0,0.8077,4.027,2.0,0,1,0,0,0,0,0,0,0,0,0,0,0,-1
34,18,5,0,1,0,0,0,3,0,0,0,0,0.0,0.8529,3.9398,3.086,0,1,0,0,0,0,0,0,0,0,0,0,0,-1
67,13,15,0,3,3,0,0,4,0,0,0,0,0.0,0.8358,4.4088,3.3927,1,0,0,0,0,0,0,0,0,0,0,0,0,-1
36,8,2,13,1,0,0,0,3,1,0,0,1,0.0,0.7778,4.1835,3.0,0,1,0,0,0,0,0,0,0,0,0,0,0,-1
37,13,17,0,3,0,1,0,4,0,0,0,0,0.2703,0.4865,4.3578,2.8731,0,0,1,0,0,0,1,0,0,0,0,0,0,-1
36,10,15,0,2,0,0,0,4,0,0,0,0,0.1389,0.6667,4.0724,2.3219,0,0,0,0,0,0,1,0,0,0,0,0,0,-1
27,7,6,0,2,0,0,0,3,0,0,0,0,0.0,0.7778,3.6899,2.1281,0,1,0,0,0,0,0,0,0,0,0,0,0,-1
26,11,2,0,3,0,0,0,3,0,0,0,0,0.5,0.1923,3.7381,2.4131,0,0,1,1,0,0,1,0,0,0,0,0,0,-1
25,6,0,7,1,0,0,0,2,1,0,0,1,0.0,0.76,3.9133,2.585,0,1,0,0,0,0,0,0,0,0,0,0,0,-1
49,13,29,0,4,0,0,0,5,0,0,0,0,0.4286,0.3673,4.4744,2.4493,0,0,1,0,0,0,1,0,0,0,0,0,0,-1
50,8,30,0,1,2,0,0,5,0,0,0,0,0.1,0.72,4.384,2.4056,0,1,0,0,0,0,0,0,0,0,0,0,0,-1
33,13,7,0,4,0,0,0,3,0,0,0,0,0.4545,0.2727,4.0896,2.6612,0,0,1,1,0,0,1,0,0,0,0,0,0,-1
35,11,12,0,1,0,0,0,4,0,0,0,0,0.1143,0.7143,4.0791,3.0958,0,1,0,0,0,0,0,0,0,0,0,0,0,-1
33,6,2,13,1,0,0,0,3,1,0,0,1,0.0,0.7576,3.9344,2.585,0,1,0,0,0,0,0,0,0,0,0,0,0,-1
31,6,0,12,1,0,0,0,2,1,0,0,1,0.0,0.8065,4.3492,2.585,0,1,0,0,0,0,0,0,0,0,0,0,0,-1
30,11,0,6,1,0,0,0,2,1,0,0,1,0.0333,0.7667,3.8566,2.8454,0,1,0,0,0,0,0,0,0,0,0,0,0,-1
40,9,20,0,2,1,0,0,5,0,0,0,0,0.025,0.75,4.1251,2.9477,0,1,0,0,0,0,0,0,0,1,1,0,0,-1
33,14,7,0,1,0,0,0,3,0,0,0,0,0.0,0.8485,4.0061,3.0391,0,1,0,0,0,0,0,0,0,1,1,0,0,-1
32,9,11,0,1,0,0,0,4,0,0,0,0,0.0,0.8125,3.9139,2.7255,0,1,0,0,0,0,0,0,0,0,0,0,0,-1
89,30,47,0,2,8,0,0,4,0,0,0,0,0.2022,0.6292,4.6929,3.6981,0,0,0,0,0,0,0,0,0,1,1,0,0,-1
34,6,16,0,1,0,0,0,4,0,0,0,0,0.0,0.8235,4.0286,2.585,0,1,0,0,0,0,0,0,0,0,0,0,0,-1
20,2,6,0,1,0,0,0,3,0,0,0,0,0.0,0.75,3.6464,1.0,0,1,0,0,0,0,0,0,0,0,0,0,0,-1
27,0,14,0,1,0,0,0,3,0,0,0,0,0.0,0.8148,3.8101,0.0,0,1,0,0,0,0,0,0,0,0,0,0,0,-1
30,10,8,0,1,0,0,0,3,0,0,0,0,0.0,0.8333,4.0281,3.1219,0,1,0,0,0,0,0,0,0,0,0,0,0,-1
30,2,7,8,1,0,0,0,3,1,0,0,1,0.0,0.7667,4.1647,1.0,0,1,0,0,0,0,0,0,0,0,0,0,0,-1
69,9,47,0,2,4,0,0,4,0,0,0,0,0.2464,0.5942,4.7209,2.9477,0,1,0,0,0,0,0,0,0,1,1,0,0,-1
85,12,50,0,3,5,0,0,4,0,0,0,0,0.2,0.6471,4.8033,3.1887,1,1,0,0,0,0,0,0,0,1,1,0,0,-1
23,7,5,0,1,0,0,0,3,0,0,0,0,0.0,0.7826,3.8492,2.5216,0,1,0,0,0,0,0,0,0,0,0,0,0,-1
33,6,15,0,1,0,0,0,4,0,0,0,0,0.0,0.8182,4.0896,2.585,0,1,0,0,0,0,0,0,0,0,0,0,0,-1
33,13,7,0,4,0,0,0,3,0,0,0,0,0.4545,0.2727,4.0667,2.8151,0,0,1,1,0,0,1,0,0,0,0,0,0,-1
28,13,2,0,3,0,0,0,3,0,0,0,0,0.5357,0.1786,3.6959,2.1339,0,0,1,1,0,0,1,0,0,0,0,0,0,-1
26,5,9,0,1,0,0,0,3,0,0,0,0,0.0,0.8077,3.7672,1.9219,0,1,0,0,0,0,0,0,0,0,0,0,0,-1
31,2,11,0,3,0,0,0,3,0,0,0,0,0.0645,0.7097,4.0424,1.0,2,0,0,0,0,0,1,0,0,0,0,0,0,-1
24,13,4,0,3,0,0,0,3,0,0,0,0,0.4583,0.25,3.7406,2.8731,0,0,1,0,0,0,1,0,0,0,0,0,0,-1
41,7,12,0,3,0,0,0,3,0,0,0,0,0.0488,0.7805,3.9883,2.5216,1,0,0,0,0,0,0,0,0,0,0,0,0,-1
31,15,5,0,1,0,0,0,3,0,0,0,0,0.0323,0.8065,4.0826,3.5069,0,0,0,0,0,0,0,0,0,0,0,0,0,-1
30,6,12,0,1,0,0,0,4,0,0,0,0,0.0,0.8,3.8981,2.585,0,1,0,0,0,0,0,0,0,0,0,0,0,-1
39,13,14,0,1,0,0,0,3,0,0,0,0,0.0,0.8718,4.2117,3.3927,0,1,0,0,0,0,0,0,0,0,0,0,0,-1
28,14,7,0,4,0,0,0,3,0,0,0,0,0.3929,0.3214,3.9677,2.9852,0,0,1,0,0,0,1,0,0,0,0,0,0,-1
27,12,2,0,3,0,0,0,3,0,0,0,0,0.5185,0.1852,3.7542,2.6258,0,0,1,1,0,0,1,0,0,0,0,0,0,-1
31,5,14,0,1,0,0,0,4,0,0,0,0,0.0,0.8065,3.9865,2.3219,0,1,0,0,0,0,0,0,0,0,0,0,0,-1
29,4,0,12,1,0,0,0,2,1,0,0,1,0.0,0.7931,4.1423,1.5,0,1,0,0,0,0,0,0,0,0,0,0,0,-1
33,13,7,0,4,0,0,0,3,0,0,0,0,0.4545,0.2727,4.0667,2.8151,0,0,1,1,0,0,1,0,0,0,0,0,0,-1
46,8,26,0,1,1,0,0,6,0,0,0,0,0.0,0.8043,4.2925,3.0,0,1,0,0,0,0,0,0,0,0,0,0,0,-1
28,13,2,0,3,0,0,0,3,0,0,0,0,0.5357,0.1786,3.3599,2.1416,0,0,1,1,0,0,1,0,0,0,0,0,0,-1
79,17,47,0,2,4,0,0,4,0,0,0,0,0.2532,0.6076,4.6614,3.3372,0,1,0,0,0,0,0,0,0,1,1,0,0,-1
51,12,27,0,1,2,0,0,5,0,0,0,0,0.1176,0.7059,4.4128,3.085,0,1,0,0,0,0,0,0,0,0,0,0,0,-1
33,13,7,0,4,0,0,0,3,0,0,0,0,0.4545,0.2727,3.87,2.4493,0,0,1,1,0,0,1,0,0,0,0,0,0,-1
70,13,47,0,2,4,0,0,4,0,0,0,0,0.2571,0.5857,4.5894,3.2389,0,0,0,0,0,0,0,0,0,1,1,0,0,-1
29,10,0,6,1,0,0,0,2,1,0,0,1,0.0345,0.7586,4.2542,3.1219,0,1,0,0,0,0,0,0,0,0,0,0,0,-1
14,2,0,0,1,0,0,0,2,0,0,0,0,0.0,0.7143,3.3788,1.0,0,1,0,0,0,0,0,0,0,0,0,0,0,-1
22,3,7,0,1,0,0,0,3,0,0,0,0,0.0455,0.7273,3.6635,1.585,0,1,0,0,0,0,1,0,0,1,1,0,0,-1
36,8,2,13,1,0,0,0,3,1,0,0,1,0.0,0.7778,4.1388,3.0,0,1,0,0,0,0,0,0,0,0,0,0,0,-1
45,11,0,21,1,0,0,0,2,2,1,0,1,0.0,0.8222,4.1912,2.7322,0,1,0,0,0,0,0,0,0,0,0,0,0,-1
34,14,7,0,4,0,0,0,3,0,0,0,0,0.4706,0.2647,4.1385,2.6995,0,0,1,1,0,0,1,0,0,0,0,0,0,-1
30,15,2,0,3,0,0,0,3,0,0,0,0,0.5667,0.1667,3.5777,2.5232,0,0,1,1,0,0,1,0,0,0,0,0,0,-1
44,14,23,0,4,0,0,0,4,0,0,0,0,0.2727,0.5227,4.2716,2.7885,0,0,1,0,0,0,1,0,0,0,0,0,0,-1
31,6,13,0,1,0,0,0,4,0,0,0,0,0.0,0.8065,3.8489,2.2516,0,1,0,0,0,0,0,0,0,0,0,0,0,-1
35,15,7,0,4,0,0,0,3,0,0,0,0,0.4857,0.2571,3.9573,2.8226,0,0,1,1,0,0,1,0,0,0,0,0,0,-1
34,14,7,0,4,0,0,0,3,0,0,0,0,0.4706,0.2647,3.797,2.4138,0,0,1,1,0,0,1,0,0,0,0,0,0,-1
26,9,5,0,1,0,0,0,3,0,0,0,0,0.0,0.8077,3.9501,3.1699,0,1,0,0,0,0,0,0,0,0,0,0,0,-1
28,7,10,0,1,0,0,0,3,0,0,0,0,0.0,0.8214,3.8424,2.5216,0,1,0,0,0,0,0,0,0,0,0,0,0,-1
39,7,20,0,3,0,0,0,5,0,0,0,0,0.0769,0.6923,3.9334,2.5216,0,1,0,0,0,0,0,0,0,0,0,0,0,-1
27,5,10,0,1,0,0,0,3,0,0,0,0,0.0,0.8148,3.8282,2.3219,0,1,0,0,0,0,0,0,0,0,0,0,0,-1
35,11,12,0,1,0,0,0,4,0,0,0,0,0.1143,0.7143,4.0903,3.0958,0,1,0,0,0,0,0,0,0,0,0,0,0,-1
21,4,5,0,1,0,0,0,3,0,0,0,0,0.0,0.7619,3.6538,2.0,0,1,0,0,0,0,0,0,0,0,0,0,0,-1
37,7,16,0,2,0,0,0,4,0,0,0,0,0.0,0.8108,4.1957,2.8074,0,1,0,0,0,0,0,0,0,0,0,0,0,-1
30,9,9,0,1,0,0,0,3,0,0,0,0,0.0,0.8333,3.6981,2.7255,0,1,0,0,0,0,0,0,0,0,0,0,0,-1
24,13,4,0,3,0,0,0,3,0,0,0,0,0.4167,0.2917,3.8554,2.8731,0,0,1,0,0,0,1,0,0,0,0,0,0,-1
32,14,11,0,4,0,0,0,3,0,0,0,0,0.3438,0.4062,3.7417,2.4138,0,0,1,0,0,0,1,0,0,0,0,0,0,-1
36,11,0,12,1,0,0,0,2,1,0,0,1,0.0,0.8333,4.1808,2.914,0,1,0,0,0,0,0,0,0,0,0,0,0,-1
29,14,2,0,3,0,0,0,3,0,0,0,0,0.5517,0.1724,3.578,2.4138,0,0,1,1,0,0,1,0,0,0,0,0,0,-1
27,12,2,0,3,0,0,0,3,0,0,0,0,0.5185,0.1852,3.6801,2.5221,0,0,1,1,0,0,1,0,0,0,0,0,0,-1
33,13,7,0,4,0,0,0,3,0,0,0,0,0.4545,0.2727,3.8849,2.6032,0,0,1,1,0,0,1,0,0,0,0,0,0,-1
33,13,7,0,4,0,0,0,3,0,0,0,0,0.4545,0.2727,3.9077,2.5654,0,0,1,1,0,0,1,0,0,0,0,0,0,-1
26,13,6,0,3,0,0,0,3,0,0,0,0,0.3846,0.3462,3.8441,2.8731,0,0,1,0,0,0,1,0,0,0,0,0,0,-1
26,8,6,0,1,0,0,0,3,0,0,0,0,0.0385,0.7692,3.8441,2.75,0,1,0,0,0,0,1,0,0,0,0,0,0,-1
42,16,14,0,1,0,0,0,4,0,0,0,0,0.0952,0.7619,4.5648,3.3278,0,1,0,0,0,0,0,0,0,0,0,0,0,-1
36,3,21,0,1,0,0,0,5,0,0,0,0,0.1389,0.6667,4.1361,1.585,0,1,0,0,0,0,0,0,0,0,0,0,0,-1
37,9,16,0,1,0,0,0,4,0,0,0,0,0.0,0.8378,4.0468,2.7255,0,1,0,0,0,0,0,0,0,0,0,0,0,-1
36,9,15,0,1,0,0,0,4,0,0,0,0,0.0,0.8333,3.6105,2.4194,0,1,0,0,0,0,0,0,0,0,0,0,0,-1
22,2,9,0,1,0,0,0,3,0,0,0,0,0.0,0.7727,3.8454,1.0,0,1,0,0,0,0,0,0,0,0,0,0,0,-1
35,6,0,12,1,0,0,0,2,1,0,0,1,0.0,0.8286,4.2861,2.2516,0,1,0,0,0,0,0,0,0,0,0,0,0,-1
29,14,2,0,3,0,0,0,3,0,0,0,0,0.5517,0.1724,3.4401,2.3249,0,0,1,1,0,0,1,0,0,0,0,0,0,-1
40,12,21,0,4,0,0,0,4,0,0,0,0,0.225,0.55,4.3531,2.6887,0,0,1,0,0,0,1,0,0,0,0,0,0,-1
82,20,47,0,2,6,0,0,4,0,0,0,0,0.2195,0.622,4.6476,3.7219,0,1,0,0,0,0,0,0,0,1,1,0,0,-1
27,12,2,0,3,0,0,0,3,0,0,0,0,0.5185,0.1852,3.6521,2.3962,0,0,1,1,0,0,1,0,0,0,0,0,0,-1
32,4,16,0,1,0,0,0,4,0,0,0,0,0.0,0.8125,3.8278,2.0,0,1,0,0,0,0,0,0,0,0,0,0,0,-1
37,8,17,0,2,0,0,0,5,0,0,0,0,0.027,0.7568,3.7639,2.25,0,1,0,0,0,1,0,0,1,0,0,0,0,-1
29,13,9,0,4,0,0,0,3,0,0,0,0,0.4483,0.2759,3.9354,2.8731,0,0,1,0,0,0,1,0,0,0,0,0,0,-1
20,2,6,0,1,0,0,0,3,0,0,0,0,0.0,0.75,3.7464,1.0,0,1,0,0,0,0,0,0,0,0,0,0,0,-1
37,7,11,0,3,0,0,0,4,0,0,0,0,0.027,0.7568,4.2497,2.5216,1,0,0,0,0,0,0,0,0,0,0,0,0,-1
32,12,8,0,1,0,0,0,3,0,0,0,0,0.0,0.8438,3.9292,3.085,0,1,0,0,0,0,0,0,0,0,0,0,0,-1
24,13,4,0,3,0,0,0,3,0,0,0,0,0.4167,0.2917,3.8554,2.8731,0,0,1,0,0,0,1,0,0,0,0,0,0,-1
30,6,13,0,1,0,0,0,4,0,0,0,0,0.0,0.8,3.8566,1.9183,0,1,0,0,0,0,0,0,0,1,1,1,1,-1
30,13,10,0,4,0,0,0,3,0,0,0,0,0.3333,0.4,4.1484,3.027,0,0,1,0,0,0,1,0,0,0,0,0,0,-1
33,16,5,0,1,0,0,0,3,0,0,0,0,0.0,0.8485,3.7179,3.25,0,1,0,0,0,0,0,0,0,0,0,0,0,-1
25,13,5,0,3,0,0,0,3,0,0,0,0,0.44,0.28,3.7533,2.6612,0,0,1,0,0,0,1,0,0,0,0,0,0,-1
23,3,5,0,2,0,0,0,3,0,0,0,0,0.0,0.7391,3.6753,0.0,0,1,0,0,0,0,0,0,0,0,0,0,0,-1
74,9,1,42,2,4,0,0,3,1,0,0,1,0.3108,0.527,4.8952,2.5033,1,1,0,0,0,0,0,0,0,0,0,0,0,-1
27,7,9,0,1,0,0,0,3,0,0,0,0,0.0,0.8148,3.6484,2.5216,0,1,0,0,0,0,0,0,0,0,0,0,0,-1
29,14,2,0,3,0,0,0,3,0,0,0,0,0.5517,0.1724,3.6673,2.8963,0,0,1,1,0,0,1,0,0,0,0,0,0,-1
51,15,24,0,1,0,0,0,5,0,0,0,0,0.0,0.8627,4.0471,3.2729,0,1,0,0,0,0,0,0,0,0,0,0,0,-1
23,7,4,0,1,0,0,0,3,0,0,0,0,0.0,0.7826,3.7623,2.8074,0,1,0,0,0,0,0,0,0,0,0,0,0,-1
45,14,19,0,1,1,0,0,5,0,0,0,0,0.0,0.8222,4.0643,3.0931,0,1,0,0,0,0,0,0,0,0,0,0,0,-1
35,6,17,0,1,1,0,0,4,0,0,0,0,0.0,0.8,3.8973,2.2516,0,1,0,0,0,0,0,0,0,0,0,0,0,-1
28,4,10,0,2,0,0,0,3,0,0,0,0,0.0,0.7857,4.0391,1.5,0,1,0,0,0,0,0,0,0,0,0,0,0,-1
24,9,4,0,1,0,0,0,3,0,0,0,0,0.0,0.7917,3.7721,2.7255,0,1,0,0,0,0,0,0,0,0,0,0,0,-1
33,13,7,0,4,0,0,0,3,0,0,0,0,0.4545,0.2727,3.703,2.3535,0,0,1,1,0,0,1,0,0,0,0,0,0,-1
33,5,12,0,2,0,0,0,3,0,0,0,0,0.0,0.8182,3.8162,2.3219,1,1,0,0,0,0,0,0,0,0,0,0,0,-1
36,12,12,0,1,0,0,0,4,0,0,0,0,0.0833,0.75,4.4058,3.2516,0,1,0,0,0,0,0,0,0,0,0,0,0,-1
40,10,18,0,2,0,1,0,3,0,0,0,0,0.0,0.825,4.2342,2.9219,0,1,0,0,0,0,0,0,0,0,0,0,0,-1
87,6,69,0,4,2,1,0,8,0,0,0,0,0.0345,0.7816,4.5878,2.585,0,1,0,0,0,0,0,0,0,0,0,0,0,-1
40,14,14,0,1,0,0,0,4,0,0,0,0,0.0,0.85,3.7276,3.0391,0,1,0,0,0,0,0,0,0,0,0,0,0,-1
25,11,7,0,3,0,0,0,3,0,0,0,0,0.56,0.16,3.7035,2.5949,0,0,1,0,0,0,1,0,0,0,0,0,0,-1
40,10,7,10,1,0,0,0,3,1,0,0,1,0.0,0.825,4.2251,2.9219,0,1,0,0,0,0,0,0,0,0,0,0,0,-1
28,7,9,0,1,1,0,0,3,0,0,0,0,0.0,0.7857,3.9677,2.5216,0,1,0,0,0,0,0,0,0,0,0,0,0,-1
31,11,7,0,4,0,0,0,3,0,0,0,0,0.4194,0.2903,4.0911,3.0272,0,0,1,1,0,0,1,0,0,0,0,0,0,-1
46,23,11,0,2,0,0,0,3,0,0,0,0,0.0,0.8696,4.2947,3.4029,0,1,0,0,0,0,0,0,0,0,0,0,0,-1
33,8,13,0,1,0,0,0,4,0,0,0,0,0.0,0.8182,3.9683,1.75,0,1,0,0,0,0,0,0,0,0,0,0,0,-1
28,14,7,0,3,0,0,0,3,0,0,0,0,0.4286,0.3214,4.0122,2.8424,0,0,1,0,0,0,1,0,0,0,0,0,0,-1
28,3,14,0,1,0,0,0,4,0,0,0,0,0.0,0.7857,3.8249,1.585,0,1,0,0,0,0,0,0,0,0,0,0,0,-1
33,13,7,0,4,0,0,0,3,0,0,0,0,0.4545,0.2727,3.8849,2.5074,0,0,1,1,0,0,1,0,0,0,0,0,0,-1
42,6,24,0,1,0,0,0,5,0,0,0,0,0.0,0.8333,4.0057,2.585,0,1,0,0,0,0,0,0,0,0,0,0,0,-1
29,13,9,0,4,0,0,0,3,0,0,0,0,0.3448,0.3793,3.2761,2.2878,0,0,1,0,0,0,1,0,0,0,0,0,0,-1
29,6,11,0,1,0,0,0,4,0,0,0,0,0.0,0.7931,3.7975,1.9183,0,1,0,0,0,0,0,0,0,0,0,0,0,-1
27,5,10,0,1,0,0,0,3,0,0,0,0,0.0,0.8148,3.708,2.3219,0,1,0,0,0,0,0,0,0,0,0,0,0,-1
26,14,5,0,3,0,0,0,3,0,0,0,0,0.4231,0.3077,3.6322,2.306,0,0,1,0,0,0,1,0,0,0,0,0,0,-1
35,14,14,0,5,2,0,0,3,0,0,0,0,0.3143,0.3714,4.0116,2.6106,0,0,1,0,0,0,1,0,0,0,0,0,0,-1
22,6,4,0,1,0,0,0,3,0,0,0,0,0.0,0.7727,3.6292,2.2516,0,1,0,0,0,0,0,0,0,0,0,0,0,-1
29,14,2,0,3,0,0,0,3,0,0,0,0,0.5517,0.1724,3.8573,2.6456,0,0,1,1,0,0,1,0,0,0,0,0,0,-1
87,27,47,0,2,8,0,0,4,0,0,0,0,0.2299,0.5977,4.7212,3.708,0,1,0,0,0,0,0,0,0,1,1,0,0,-1
30,5,9,0,2,0,0,0,3,0,0,0,0,0.0,0.8,4.2151,2.3219,1,1,0,0,0,0,0,0,0,0,0,0,0,-1
39,7,9,0,2,0,0,0,4,0,0,0,0,0.0513,0.7692,4.2504,2.1281,1,0,0,0,0,0,0,0,0,0,0,0,0,-1
60,2,9,0,3,1,0,0,3,0,0,0,0,0.3833,0.4833,4.6668,1.0,1,1,0,0,0,0,1,0,0,0,0,0,0,-1
30,13,10,0,4,0,0,0,4,0,0,0,0,0.3333,0.3667,4.0402,3.027,0,0,1,0,0,0,1,0,0,0,0,0,0,-1
25,12,5,0,3,0,0,0,3,0,0,0,0,0.52,0.2,3.7533,2.8554,0,1,1,0,0,0,1,0,0,0,0,0,0,-1
26,9,5,0,1,0,0,0,3,0,0,0,0,0.0,0.8077,3.921,2.7255,0,1,0,0,0,0,0,0,0,0,0,0,0,-1
28,14,2,0,3,0,0,0,3,0,0,0,0,0.5357,0.1786,3.9408,3.182,0,0,1,1,0,0,1,0,0,0,0,0,0,-1
37,12,10,0,2,0,0,0,4,0,0,0,0,0.027,0.7838,4.0645,3.2516,0,0,0,0,0,0,0,0,0,0,0,0,0,-1
29,14,2,0,3,0,0,0,3,0,0,0,0,0.5517,0.1724,3.7363,2.6456,0,0,1,1,0,0,1,0,0,0,0,0,0,-1
37,11,14,0,1,0,0,0,3,0,0,0,0,0.0,0.8649,4.0981,3.4594,0,1,0,0,0,0,0,0,0,0,0,0,0,-1
39,8,19,0,1,1,0,0,5,0,0,0,0,0.0769,0.7179,4.1091,2.75,0,1,0,0,0,0,1,0,0,0,0,0,0,-1
88,28,47,0,2,8,0,0,4,0,0,0,0,0.2841,0.5455,4.7644,3.6281,0,1,0,0,0,0,0,0,0,1,1,0,0,-1
28,14,7,0,4,0,0,0,3,0,0,0,0,0.3929,0.3214,3.7979,2.8424,0,0,1,0,0,0,1,0,0,0,0,0,0,-1
29,13,9,0,3,0,0,0,4,0,0,0,0,0.3793,0.3448,3.8144,2.6612,0,0,1,0,0,0,1,0,0,0,0,0,0,-1
35,11,12,0,1,0,0,0,4,0,0,0,0,0.1143,0.7143,4.2262,3.2776,0,1,0,0,0,0,0,0,0,0,0,0,0,-1
42,8,22,0,1,1,0,0,5,0,0,0,0,0.1429,0.6667,4.1392,2.4056,0,1,0,0,0,0,0,0,0,0,0,0,0,-1
44,12,20,0,2,2,0,0,5,0,0,0,0,0.0227,0.75,4.0987,2.9183,0,1,0,0,0,0,0,0,0,1,1,0,0,-1
32,7,0,12,1,0,0,0,2,1,0,0,1,0.0,0.8125,3.965,2.2359,0,1,0,0,0,0,0,0,0,0,0,0,0,-1
47,8,27,0,1,2,0,0,5,0,0,0,0,0.1277,0.6809,4.2946,3.0,0,1,0,0,0,0,0,0,0,0,0,0,0,-1
35,14,14,0,4,0,0,0,4,0,0,0,0,0.3714,0.3714,4.1363,2.7885,0,0,1,0,0,0,1,0,0,0,0,0,0,-1
31,11,9,0,1,0,0,0,3,0,0,0,0,0.0,0.8387,3.6797,3.0272,0,1,0,0,0,0,0,0,0,0,0,0,0,-1
29,14,2,0,3,0,0,0,3,0,0,0,0,0.5517,0.1724,3.6075,2.4138,0,0,1,1,0,0,1,0,0,0,0,0,0,-1
19,2,6,0,1,0,0,0,3,0,0,0,0,0.0,0.7368,3.2866,1.0,0,1,0,0,0,0,0,0,0,0,0,0,0,-1
24,3,10,0,1,0,0,0,3,0,0,0,0,0.0,0.7917,3.7406,1.585,0,1,0,0,0,0,0,0,0,0,0,0,0,-1
22,3,6,0,1,0,0,0,3,0,0,0,0,0.0,0.7727,3.6635,1.585,0,1,0,0,0,0,0,0,0,1,1,0,0,-1
32,12,7,0,4,0,0,0,3,0,0,0,0,0.4375,0.2812,4.0153,2.6887,0,0,1,1,0,0,1,0,0,0,0,0,0,-1
28,6,11,0,1,0,0,0,4,0,0,0,0,0.1071,0.6786,3.8963,2.2516,0,0,0,0,0,0,0,0,0,0,0,0,0,-1
44,13,19,0,1,0,0,0,4,0,0,0,0,0.0,0.8636,4.2156,3.1808,0,1,0,0,0,0,0,0,0,0,0,0,0,-1
28,13,2,0,3,0,0,0,3,0,0,0,0,0.5357,0.1786,3.5261,2.4416,0,0,1,1,0,0,1,0,0,0,0,0,0,-1
28,13,2,0,3,0,0,0,3,0,0,0,0,0.5357,0.1786,3.7709,2.6612,0,0,1,1,0,0,1,0,0,0,0,0,0,-1
25,8,5,0,1,0,0,0,3,0,0,0,0,0.0,0.8,3.9435,2.75,0,1,0,0,0,0,0,0,0,0,0,0,0,-1
32,5,16,0,1,0,0,0,4,0,0,0,0,0.0,0.8125,3.8042,1.9219,0,1,0,0,0,0,0,0,0,0,0,0,0,-1
29,3,14,0,1,0,0,0,3,0,0,0,0,0.0,0.8276,4.0473,0.9183,0,1,0,0,0,0,0,0,0,0,0,0,0,-1
15,3,0,0,1,0,0,0,2,0,0,0,0,0.0,0.7333,3.1899,1.585,0,1,0,0,0,0,0,0,0,0,0,0,0,-1
54,11,31,0,2,2,0,0,4,0,0,0,0,0.1667,0.6667,4.6582,2.8454,0,1,0,0,0,0,0,0,0,0,0,0,0,-1
30,12,5,0,1,0,0,0,3,0,0,0,0,0.0,0.8333,4.0566,3.0221,0,1,0,0,0,0,0,0,0,0,0,0,0,-1
63,6,45,0,2,0,0,0,7,0,0,0,0,0.0,0.8413,4.3218,2.585,0,1,0,0,0,0,0,0,0,0,0,0,0,-1
28,6,7,0,2,0,0,0,3,0,0,0,0,0.0,0.7857,4.0122,1.9183,0,1,0,0,0,0,0,0,0,1,1,1,1,-1
55,12,36,0,3,2,0,0,7,0,0,0,0,0.1818,0.5818,4.4601,2.3554,0,0,1,0,0,0,1,0,0,0,0,0,0,-1
35,9,14,0,1,0,0,0,4,0,0,0,0,0.0,0.8286,3.7719,2.6416,0,1,0,0,0,0,0,0,0,0,0,0,0,-1
33,9,12,0,1,0,0,0,4,0,0,0,0,0.1212,0.697,4.1471,2.9477,0,1,0,0,0,0,0,0,0,0,0,0,0,-1
26,7,5,0,2,0,0,0,3,0,0,0,0,0.0,0.7692,3.9501,2.5216,0,1,0,0,0,0,0,0,0,0,0,0,0,-1
39,3,24,0,1,0,0,0,5,0,0,0,0,0.0,0.8205,4.0359,1.585,0,1,0,0,0,0,0,0,0,1,1,0,0,-1
46,14,21,0,1,1,0,0,5,0,0,0,0,0.1087,0.7174,4.186,2.8963,0,1,0,0,0,0,0,0,0,0,0,0,0,-1
35,9,14,0,1,0,0,0,4,0,0,0,0,0.1143,0.7143,4.422,2.9477,0,1,0,0,0,0,0,0,0,0,0,0,0,-1
43,10,21,0,1,0,0,0,5,0,0,0,0,0.1163,0.7209,4.2313,3.3219,0,1,0,0,0,0,0,0,0,0,0,0,0,-1
50,8,30,0,1,2,0,0,5,0,0,0,0,0.1,0.72,4.3571,2.5,0,1,0,0,0,0,0,0,0,0,0,0,0,-1
34,13,14,0,3,0,0,0,4,0,0,0,0,0.3235,0.4412,4.1973,2.6612,0,0,1,0,0,0,1,0,0,0,0,0,0,-1
18,4,0,0,2,0,0,0,2,0,0,0,0,0.0,0.7222,3.4613,2.0,0,1,0,0,0,0,0,0,0,0,0,0,0,-1
28,14,7,0,3,0,0,0,3,0,0,0,0,0.4286,0.3214,3.9677,2.7534,0,0,1,0,0,0,1,0,0,0,0,0,0,-1
33,8,11,0,2,0,0,0,4,0,0,0,0,0.0,0.7879,3.8014,2.75,0,1,0,0,0,0,0,0,0,0,0,0,0,-1
33,13,7,0,4,0,0,0,3,0,0,0,0,0.4545,0.2727,3.9226,2.6612,0,0,1,1,0,0,1,0,0,0,0,0,0,-1
32,4,16,0,1,0,0,0,4,0,0,0,0,0.0,0.8125,3.8011,1.5,0,1,0,0,0,0,0,0,0,0,0,0,0,-1
32,13,12,0,3,0,1,0,4,0,0,0,0,0.4375,0.2812,3.9292,2.6612,0,0,1,0,0,0,1,0,0,0,0,0,0,-1
44,5,27,0,1,2,0,0,5,0,0,0,0,0.1364,0.6591,4.4794,2.3219,0,1,0,0,0,0,0,0,0,0,0,0,0,-1
33,13,7,0,4,0,0,0,3,0,0,0,0,0.4545,0.2727,4.0061,2.8731,0,0,1,1,0,0,1,0,0,0,0,0,0,-1
24,13,4,0,3,0,0,0,3,0,0,0,0,0.4583,0.25,3.7406,2.8731,0,0,1,0,0,0,1,0,0,0,0,0,0,-1
46,10,24,0,1,0,0,0,5,0,0,0,0,0.0,0.8478,4.152,2.7219,0,1,0,0,0,0,0,0,0,1,1,0,0,-1
33,14,12,0,3,0,1,0,4,0,0,0,0,0.4545,0.2727,4.0518,2.6106,0,0,1,0,0,0,1,0,0,0,0,0,0,-1
43,12,23,0,5,0,0,0,4,0,0,0,0,0.2093,0.5581,4.284,2.6887,0,1,1,0,0,0,1,0,0,0,0,0,0,-1
28,13,2,0,3,0,0,0,3,0,0,0,0,0.5357,0.1786,3.7534,2.8151,0,0,1,1,0,0,1,0,0,0,0,0,0,-1
34,3,20,0,1,0,0,0,5,0,0,0,0,0.0,0.7941,4.0545,1.585,0,1,0,0,0,0,0,0,0,1,1,0,0,-1
33,13,7,0,4,0,0,0,3,0,0,0,0,0.4545,0.2727,3.9683,2.4116,0,0,1,1,0,0,1,0,0,0,0,0,0,-1
42,8,22,0,1,0,1,0,4,0,0,0,0,0.0,0.8333,4.2408,2.4056,0,1,0,0,0,0,0,0,0,0,0,0,0,-1
21,4,5,0,1,0,0,0,3,0,0,0,0,0.0,0.7619,3.5226,2.0,0,1,0,0,0,0,0,0,0,0,0,0,0,-1
39,13,19,0,3,0,1,0,4,0,0,0,0,0.2564,0.5128,4.4775,3.027,0,0,1,0,0,0,1,0,0,0,0,0,0,-1
29,14,2,0,3,0,0,0,3,0,0,0,0,0.5517,0.1724,3.483,2.4488,0,0,1,1,0,0,1,0,0,0,0,0,0,-1
27,3,0,12,1,0,0,0,2,1,0,0,1,0.0,0.7778,3.9862,1.585,0,1,0,0,0,0,0,0,0,0,0,0,0,-1
34,14,7,0,4,0,0,0,3,0,0,0,0,0.4706,0.2647,4.0653,2.7534,0,0,1,1,0,0,1,0,0,0,0,0,0,-1
32,12,0,7,1,0,0,0,2,1,0,0,1,0.0,0.8125,4.1792,3.085,0,1,0,0,0,0,0,0,0,0,0,0,0,-1
34,14,8,0,1,0,0,0,3,0,0,0,0,0.0,0.8529,4.1385,3.5216,0,1,0,0,0,0,0,0,0,0,0,0,0,-1
45,11,22,0,1,2,0,0,5,0,0,0,0,0.1333,0.6667,4.1532,2.914,0,1,0,0,0,0,0,0,0,0,0,0,0,-1
68,13,37,0,2,4,0,0,3,0,0,0,0,0.2794,0.5735,4.6457,3.2389,1,1,0,0,0,0,0,0,0,0,0,0,0,-1
27,13,7,0,3,0,1,0,3,0,0,0,0,0.5185,0.1852,3.8842,2.8731,0,0,1,0,0,0,1,0,0,0,0,0,0,-1
38,11,15,0,1,0,0,0,4,0,0,0,0,0.0,0.8421,4.1228,2.7322,0,1,0,0,0,0,0,0,0,0,0,0,0,-1
28,6,8,0,2,0,0,0,3,0,0,0,0,0.0,0.7857,3.8424,2.2516,0,1,0,0,0,0,0,0,0,0,0,0,0,-1
32,0,19,0,1,0,0,0,4,0,0,0,0,0.0,0.8125,4.1403,0.0,0,1,0,0,0,0,0,0,0,0,0,0,0,-1
37,12,0,12,1,0,0,0,2,1,0,0,1,0.0,0.8378,4.0876,3.0221,0,1,0,0,0,0,0,0,0,0,0,0,0,-1
29,9,8,0,1,0,0,0,3,0,0,0,0,0.0,0.8276,3.5554,2.5033,0,1,0,0,0,0,0,0,0,0,0,0,0,-1
24,13,4,0,3,0,0,0,3,0,0,0,0,0.4167,0.2917,3.8554,2.8731,0,0,1,0,0,0,1,0,0,0,0,0,0,-1
34,9,11,0,2,0,0,0,4,0,0,0,0,0.0,0.7941,3.5617,2.4194,0,1,0,0,0,0,0,0,0,0,0,0,0,-1
32,12,8,0,1,0,0,0,3,0,0,0,0,0.0,0.8438,3.9292,3.2516,0,1,0,0,0,0,0,0,0,0,0,0,0,-1
22,4,7,0,1,0,0,0,3,0,0,0,0,0.0,0.7727,3.5383,2.0,0,1,0,0,0,0,0,0,0,1,1,0,0,-1
50,16,22,0,1,0,1,0,4,0,0,0,0,0.0,0.86,4.2089,3.375,0,1,0,0,0,0,0,0,0,0,0,0,0,-1
23,4,7,0,1,0,0,0,3,0,0,0,0,0.0,0.7826,3.882,2.0,0,1,0,0,0,0,0,0,0,0,0,0,0,-1
28,13,2,0,3,0,0,0,3,0,0,0,0,0.5357,0.1786,3.8693,2.9689,0,0,1,1,0,0,1,0,0,0,0,0,0,-1
29,14,2,0,3,0,0,0,3,0,0,0,0,0.5517,0.1724,3.7883,2.6456,0,0,1,1,0,0,1,0,0,0,0,0,0,-1
42,10,20,0,1,0,0,0,5,0,0,0,0,0.0,0.8333,4.1689,2.7219,0,1,0,0,0,0,0,0,0,1,1,0,0,-1
30,13,10,0,3,0,0,0,4,0,0,0,0,0.4,0.3333,4.0151,2.7193,0,0,1,0,0,0,1,0,0,0,0,0,0,-1
35,7,5,0,2,0,0,0,3,0,0,0,0,0.0286,0.8,4.1719,2.1281,1,0,0,0,0,0,0,0,0,0,0,0,0,-1
29,14,2,0,3,0,0,0,3,0,0,0,0,0.5517,0.1724,3.7025,2.7885,0,0,1,1,0,0,1,0,0,0,0,0,0,-1
91,24,45,0,3,6,0,0,4,0,0,0,0,0.1978,0.6484,4.7829,3.6887,1,1,0,0,0,0,0,0,0,0,0,0,0,-1
27,8,7,0,1,0,0,0,3,0,0,0,0,0.0,0.8148,3.8562,3.0,0,1,0,0,0,0,0,0,0,0,0,0,0,-1
23,6,5,0,1,0,0,0,3,0,0,0,0,0.0,0.7826,3.7294,2.585,0,1,0,0,0,0,0,0,0,0,0,0,0,-1
28,13,2,0,3,0,0,0,3,0,0,0,0,0.5357,0.1786,3.8693,2.6612,0,0,1,1,0,0,1,0,0,0,0,0,0,-1
64,8,37,0,2,4,0,0,3,0,0,0,0,0.2812,0.5625,4.5515,2.5,1,1,0,0,0,0,0,0,0,0,0,0,0,-1
34,13,9,0,1,0,0,0,3,0,0,0,0,0.0,0.8529,4.2561,3.7004,0,1,0,0,0,0,0,0,0,0,0,0,0,-1
24,4,8,0,1,0,0,0,3,0,0,0,0,0.0,0.7917,3.8239,2.0,0,1,0,0,0,0,0,0,0,0,0,0,0,-1
91,29,47,0,2,7,0,0,4,0,0,0,0,0.2418,0.6044,4.6932,3.8833,0,1,0,0,0,0,0,0,0,1,1,0,0,-1
31,6,14,0,1,0,0,0,4,0,0,0,0,0.0,0.8065,3.7929,2.2516,0,1,0,0,0,0,0,0,0,0,0,0,0,-1
28,13,2,0,3,0,0,0,3,0,0,0,0,0.5357,0.1786,3.7709,2.7193,0,0,1,1,0,0,1,0,0,0,0,0,0,-1
41,9,20,0,1,0,0,0,4,0,0,0,0,0.0,0.8537,4.0132,2.9477,0,1,0,0,0,0,0,0,0,0,0,0,0,-1
26,4,11,0,2,0,0,0,3,0,0,0,0,0.0,0.7692,3.8441,2.0,0,1,0,0,0,0,0,0,0,0,0,0,0,-1
28,9,7,0,1,0,0,0,3,0,0,0,0,0.0,0.8214,3.8249,2.6416,0,1,0,0,0,0,0,0,0,0,0,0,0,-1
68,13,48,0,4,1,1,0,5,0,0,0,0,0.4265,0.3971,4.4537,2.5654,0,0,1,0,0,0,1,0,0,0,0,0,0,-1
29,13,9,0,4,0,0,0,3,0,0,0,0,0.4138,0.3103,3.8799,2.9689,0,0,1,0,0,0,1,0,0,0,0,0,0,-1
32,12,7,0,4,0,0,0,3,0,0,0,0,0.4375,0.2812,4.0153,2.6887,0,0,1,1,0,0,1,0,0,0,0,0,0,-1
34,14,7,0,4,0,0,0,3,0,0,0,0,0.4706,0.2647,3.9369,2.5567,0,0,1,1,0,0,1,0,0,0,0,0,0,-1
51,0,33,0,1,3,0,0,5,0,0,0,0,0.098,0.7059,4.398,0.0,0,1,0,0,0,0,0,0,0,0,0,0,0,-1
40,15,13,0,1,0,0,0,4,0,0,0,0,0.0,0.85,4.1153,3.2402,0,1,0,0,0,0,0,0,0,0,0,1,1,-1
33,13,7,0,4,0,0,0,3,0,0,0,0,0.4545,0.2727,3.859,2.6612,0,0,1,1,0,0,1,0,0,0,0,0,0,-1
34,6,2,13,1,0,0,0,3,1,0,0,1,0.0,0.7647,4.0353,1.7925,0,1,0,0,0,0,0,0,0,0,0,0,0,-1
27,12,2,0,3,0,0,0,3,0,0,0,0,0.5185,0.1852,3.5282,2.1258,0,0,1,1,0,0,1,0,0,0,0,0,0,-1
27,12,2,0,3,0,0,0,3,0,0,0,0,0.5185,0.1852,3.634,2.6887,0,0,1,1,0,0,1,0,0,0,0,0,0,-1
37,7,7,10,1,0,0,0,3,1,0,0,1,0.0,0.8108,4.1114,2.8074,0,1,0,0,0,0,0,0,0,0,0,0,0,-1
25,3,10,0,1,0,0,0,3,0,0,0,0,0.0,0.8,3.8031,1.585,0,1,0,0,0,0,0,0,0,0,0,0,0,-1
25,14,4,0,3,0,0,0,3,0,0,0,0,0.48,0.24,3.5631,2.6456,0,0,1,0,0,0,1,0,0,0,0,0,0,-1
26,6,8,0,1,0,0,0,3,0,0,0,0,0.0,0.8077,3.7091,1.7925,0,1,0,0,0,0,0,0,0,0,0,0,0,-1
37,4,21,0,1,1,0,0,4,0,0,0,0,0.0,0.8108,4.0672,0.8113,0,1,0,0,0,0,0,0,0,0,0,0,0,-1
24,4,8,0,1,0,0,0,3,0,0,0,0,0.0,0.7917,3.8868,1.5,0,1,0,0,0,0,0,0,0,0,0,0,0,-1
42,11,19,0,2,1,0,0,3,0,0,0,0,0.0714,0.7619,4.0081,2.8454,0,1,0,0,0,0,0,0,0,0,0,0,0,-1
83,21,47,0,2,4,0,0,4,0,0,0,0,0.3253,0.5422,4.7307,3.1183,0,1,0,0,0,0,0,0,0,1,1,0,0,-1
27,7,8,0,1,0,0,0,3,0,0,0,0,0.0,0.8148,3.8003,2.8074,0,1,0,0,0,0,0,0,0,0,0,0,0,-1
54,6,32,0,2,0,3,0,4,0,0,0,0,0.2222,0.5741,4.5599,2.585,0,0,0,1,0,0,0,0,0,0,0,0,0,-1
51,9,30,0,1,2,0,0,5,0,0,0,0,0.098,0.7255,4.3736,2.4194,0,1,0,0,0,0,0,0,0,0,0,0,0,-1
28,13,2,0,3,0,0,0,3,0,0,0,0,0.5357,0.1786,3.655,2.4116,0,0,1,1,0,0,1,0,0,0,0,0,0,-1
31,13,6,0,1,0,0,0,3,0,0,0,0,0.0,0.8387,3.631,2.6612,0,1,0,0,0,0,0,0,0,0,0,0,0,-1
32,12,7,0,4,0,0,0,3,0,0,0,0,0.4375,0.2812,3.9528,2.5221,0,0,1,1,0,0,1,0,0,0,0,0,0,-1
42,6,24,0,1,0,0,0,5,0,0,0,0,0.0,0.8333,3.8798,2.2516,0,1,0,0,0,0,0,0,0,1,1,0,0,-1
30,4,15,0,1,0,0,0,4,0,0,0,0,0.0,0.8,4.1484,2.0,0,1,0,0,0,0,0,0,0,0,0,0,0,-1
24,6,6,0,1,0,0,0,3,0,0,0,0,0.0,0.7917,3.8554,2.585,0,1,0,0,0,0,0,0,0,0,0,0,0,-1
28,13,2,0,3,0,0,0,3,0,0,0,0,0.5357,0.1786,3.8424,2.8151,0,0,1,1,0,0,1,0,0,0,0,0,0,-1
38,7,19,0,1,1,0,0,5,0,0,0,0,0.0,0.7895,4.0933,2.8074,0,1,0,0,0,0,0,0,0,0,0,0,0,-1
25,13,5,0,3,0,0,0,3,0,0,0,0,0.44,0.28,3.8635,2.8731,0,0,1,0,0,0,1,0,0,0,0,0,0,-1
41,21,8,0,1,0,0,0,3,0,0,0,0,0.0,0.878,4.2107,3.5585,0,1,0,0,0,0,0,0,0,0,0,0,0,-1
107,14,86,0,4,0,0,0,4,0,0,0,0,0.5701,0.3458,3.6983,2.6456,0,0,1,0,0,0,1,0,0,0,0,0,0,-1
39,7,21,0,1,0,0,0,5,0,0,0,0,0.2051,0.6154,4.0191,2.8074,0,1,0,0,0,0,1,0,0,0,0,0,0,-1
29,14,2,0,3,0,0,0,3,0,0,0,0,0.5517,0.1724,3.647,2.5567,0,0,1,1,0,0,1,0,0,0,0,0,0,-1
64,8,37,0,2,4,0,0,3,0,0,0,0,0.3281,0.5156,4.691,3.0,1,1,0,0,0,0,0,0,0,0,0,0,0,-1
26,10,4,0,1,0,0,0,3,0,0,0,0,0.0,0.8077,3.8441,2.9219,0,1,0,0,0,0,0,0,0,0,0,0,0,-1
53,4,34,0,2,1,0,0,5,0,0,0,0,0.0,0.8302,4.1979,1.5,0,1,0,0,0,0,0,0,0,0,0,0,0,-1
25,4,9,0,1,0,0,0,3,0,0,0,0,0.0,0.8,3.8831,2.0,0,1,0,0,0,0,0,0,0,0,0,0,0,-1
44,8,24,0,1,2,0,0,4,0,0,0,0,0.0909,0.7273,4.0509,2.1556,0,1,0,0,0,0,0,0,0,0,0,0,0,-1
34,5,17,0,1,1,0,0,4,0,0,0,0,0.0,0.7941,3.8588,1.5219,0,1,0,0,0,0,0,0,0,0,0,0,0,-1
49,4,33,0,1,3,0,0,5,0,0,0,0,0.102,0.6939,4.4241,2.0,0,1,0,0,0,0,0,0,0,0,0,0,0,-1
27,2,14,0,1,0,0,0,4,0,0,0,0,0.0,0.7778,3.9862,1.0,0,1,0,0,0,0,0,0,0,0,0,0,0,-1
44,8,7,16,1,0,0,0,3,1,0,0,1,0.0,0.8182,4.153,2.4056,0,1,0,0,0,0,0,0,0,0,0,0,0,-1
29,5,7,0,2,0,0,0,3,0,0,0,0,0.0,0.7931,3.7883,1.9219,1,1,0,0,0,0,0,0,0,1,1,1,0,-1
30,6,9,0,2,0,0,0,4,0,0,0,0,0.0,0.7667,3.7899,2.2516,0,1,0,0,0,0,0,0,0,0,0,0,0,-1
35,13,15,0,3,0,0,0,4,0,0,0,0,0.4286,0.3429,4.3077,3.027,0,0,1,0,0,0,1,0,0,0,0,0,0,-1
21,0,8,0,1,0,0,0,3,0,0,0,0,0.0,0.7619,3.6538,0.0,0,1,0,0,0,0,0,0,0,0,0,0,0,-1
31,12,12,0,3,0,1,0,3,0,0,0,0,0.3548,0.3871,4.2116,2.6258,0,0,1,0,0,0,1,0,0,0,0,0,0,-1
34,14,7,0,4,0,0,0,3,0,0,0,0,0.4706,0.2647,3.9842,2.6106,0,0,1,1,0,0,1,0,0,0,0,0,0,-1
39,3,14,10,1,0,2,0,4,1,0,0,1,0.1795,0.5641,4.5287,1.585,0,1,0,0,0,0,0,0,0,0,0,0,0,-1
32,13,7,0,1,0,0,0,3,0,0,0,0,0.0,0.8438,4.007,3.0851,0,1,0,0,0,0,0,0,0,0,0,0,0,-1
36,5,19,0,1,0,0,0,4,0,0,0,0,0.0,0.8333,4.1388,1.9219,0,1,0,0,0,0,0,0,0,0,0,0,0,-1
35,11,12,0,1,0,0,0,4,0,0,0,0,0.1143,0.7143,4.1719,3.0958,0,1,0,0,0,0,0,0,0,0,0,0,0,-1
42,14,21,0,4,0,0,0,4,0,0,0,0,0.3333,0.4524,3.8622,2.5027,0,0,1,0,0,0,1,0,0,0,0,0,0,-1
24,13,4,0,3,0,0,0,3,0,0,0,0,0.4167,0.2917,3.8554,2.8731,0,0,1,0,0,0,1,0,0,0,0,0,0,-1
21,4,5,0,1,0,0,0,3,0,0,0,0,0.0,0.7619,3.6538,2.0,0,1,0,0,0,0,0,0,0,0,0,0,0,-1
36,15,14,0,4,0,0,0,3,0,0,0,0,0.3333,0.4444,4.1042,2.5493,0,0,1,0,0,0,1,0,0,0,0,0,0,-1
42,6,24,0,1,0,0,0,5,0,0,0,0,0.0,0.8333,4.1392,2.2516,0,1,0,0,0,0,0,0,0,1,1,0,0,-1
53,17,24,0,1,0,0,0,5,0,0,0,0,0.0,0.8679,4.0507,3.1751,0,1,0,0,0,0,0,0,0,1,1,1,1,-1
24,6,6,0,1,0,0,0,3,0,0,0,0,0.0,0.7917,3.7721,2.585,0,1,0,0,0,0,0,0,0,1,1,0,0,-1
36,16,8,0,1,0,0,0,3,0,0,0,0,0.0,0.8611,3.9676,3.0306,0,1,0,0,0,0,0,0,0,0,0,0,0,-1
37,6,16,0,2,0,0,0,4,0,0,0,0,0.0,0.8108,3.8819,1.9183,0,1,0,0,0,0,0,0,0,1,1,1,1,-1
43,4,27,0,1,2,0,0,5,0,0,0,0,0.1395,0.6512,4.47,2.0,0,1,0,0,0,0,0,0,0,0,0,0,0,-1
32,14,11,0,4,0,0,0,3,0,0,0,0,0.375,0.375,4.1403,2.7534,0,0,1,0,0,0,1,0,0,0,0,0,0,-1
53,7,24,0,3,0,0,0,4,0,0,0,0,0.0566,0.7925,4.2968,2.5216,1,0,0,0,0,0,0,0,0,0,0,0,0,-1
90,31,47,0,2,8,0,0,4,0,0,0,0,0.2222,0.6111,4.7207,3.5876,0,0,0,0,0,0,0,0,0,1,1,0,0,-1
29,14,2,0,3,0,0,0,3,0,0,0,0,0.5517,0.1724,3.4956,2.6106,0,0,1,1,0,0,1,0,0,0,0,0,0,-1
41,12,22,0,4,0,0,0,4,0,0,0,0,0.2195,0.561,4.266,2.8554,0,0,1,0,0,0,1,0,0,0,0,0,0,-1
37,13,17,0,4,0,0,0,4,0,0,0,0,0.2703,0.4865,4.3242,2.8151,0,0,1,0,0,0,1,0,0,0,0,0,0,-1
29,4,14,0,1,0,0,0,4,0,0,0,0,0.0,0.7931,3.8404,2.0,0,1,0,0,0,0,0,0,0,0,0,0,0,-1
44,8,24,0,1,0,0,0,5,0,0,0,0,0.0,0.8409,4.0815,3.0,0,1,0,0,0,0,0,0,0,1,1,0,0,-1
24,3,9,0,1,0,0,0,3,0,0,0,0,0.0,0.7917,3.5383,1.585,0,1,0,0,0,0,0,0,0,0,0,0,0,-1
32,12,7,0,4,0,0,0,3,0,0,0,0,0.4375,0.2812,4.0153,2.8554,0,0,1,1,0,0,1,0,0,0,0,0,0,-1
31,5,14,0,1,0,0,0,4,0,0,0,0,0.129,0.6774,4.3492,1.371,0,1,0,0,0,0,0,0,0,0,0,0,0,-1
35,14,9,0,1,0,0,0,3,0,0,0,0,0.0,0.8571,4.0576,3.2359,0,1,0,0,0,0,0,0,0,0,0,0,0,-1
39,5,22,0,1,1,0,0,5,0,0,0,0,0.1538,0.641,4.1604,2.3219,0,1,0,0,0,0,0,0,0,0,0,0,0,-1
36,4,20,0,1,0,0,0,5,0,0,0,0,0.0,0.8056,4.0487,1.5,0,1,0,0,0,0,0,0,0,1,1,0,0,-1
28,9,0,6,1,0,0,0,2,1,0,0,1,0.0357,0.75,4.0216,2.7255,0,1,0,0,0,0,0,0,0,0,0,0,0,-1
86,17,53,0,3,1,1,0,8,0,0,0,0,0.0349,0.8023,4.45,3.4548,1,1,0,0,0,0,0,0,0,0,0,0,0,-1
25,8,5,0,1,0,0,0,3,0,0,0,0,0.0,0.8,3.8333,2.75,0,1,0,0,0,0,0,0,0,0,0,0,0,-1
33,13,7,0,4,0,0,0,3,0,0,0,0,0.4545,0.2727,3.9832,2.8151,0,0,1,1,0,0,1,0,0,0,0,0,0,-1
25,6,0,6,1,0,0,0,2,1,0,0,1,0.04,0.72,4.2137,2.2516,0,1,0,0,0,0,0,0,0,0,0,0,0,-1
38,8,13,0,2,0,0,0,4,0,0,0,0,0.0,0.8158,3.8656,2.5,1,1,0,0,0,0,0,0,0,0,0,0,0,-1
21,2,7,0,1,0,0,0,3,0,0,0,0,0.0,0.7619,3.7849,0.0,0,1,0,0,0,0,0,0,0,0,0,0,0,-1
37,5,20,0,3,0,0,0,5,0,0,0,0,0.0811,0.6757,4.1991,2.3219,0,1,0,0,0,0,0,0,0,0,0,0,0,-1
68,13,48,0,4,1,1,0,5,0,0,0,0,0.4265,0.3971,4.4235,2.5654,0,0,1,0,0,0,1,0,0,0,0,0,0,-1
34,6,16,0,2,0,0,0,4,0,0,0,0,0.0,0.7941,4.2417,2.585,0,1,0,0,0,0,0,0,0,0,0,0,0,-1
39,11,2,13,1,0,0,0,3,1,0,0,1,0.0,0.7949,4.0066,2.8454,0,1,0,0,0,0,0,0,0,0,0,0,0,-1
28,13,2,0,3,0,0,0,3,0,0,0,0,0.5357,0.1786,3.7534,2.8151,0,0,1,1,0,0,1,0,0,0,0,0,0,-1
48,11,14,10,1,0,2,0,4,1,0,0,1,0.1458,0.6458,4.7202,3.0958,0,1,0,0,0,0,0,0,0,0,0,0,0,-1
26,7,7,0,1,0,0,0,3,0,0,0,0,0.0,0.8077,3.9501,2.5216,0,1,0,0,0,0,0,0,0,0,0,0,0,-1
35,12,16,0,3,0,1,0,4,0,0,0,0,0.3143,0.4286,4.1719,2.7925,0,0,1,0,0,0,1,0,0,0,0,0,0,-1
25,13,5,0,3,0,0,0,3,0,0,0,0,0.4,0.32,3.9133,2.8151,0,0,1,0,0,0,1,0,0,0,0,0,0,-1
40,17,12,0,1,0,0,0,4,0,0,0,0,0.1,0.75,4.0464,3.2928,0,1,0,0,0,0,0,0,0,0,0,0,0,-1
34,14,7,0,4,0,0,0,3,0,0,0,0,0.4706,0.2647,4.1019,2.8424,0,0,1,1,0,0,1,0,0,0,0,0,0,-1
55,5,33,0,2,3,0,0,5,0,0,0,0,0.0909,0.7091,4.5317,2.3219,1,1,0,0,0,0,0,0,0,0,0,0,0,-1
35,15,13,0,4,0,0,0,4,0,0,0,0,0.3429,0.4,4.0576,2.6062,0,0,1,0,0,0,1,0,0,0,0,0,0,-1
48,10,26,0,1,1,0,0,6,0,0,0,0,0.0,0.8125,4.3061,2.9219,0,1,0,0,0,0,0,0,0,0,0,0,0,-1
27,12,2,0,3,0,0,0,3,0,0,0,0,0.5185,0.1852,3.708,2.6258,0,0,1,1,0,0,1,0,0,0,0,0,0,-1
29,14,2,0,3,0,0,0,3,0,0,0,0,0.5517,0.1724,3.6209,2.4677,0,0,1,1,0,0,1,0,0,0,0,0,0,-1
32,8,12,0,1,0,0,0,4,0,0,0,0,0.0,0.8125,3.8903,2.75,0,1,0,0,0,0,0,0,0,0,0,0,0,-1
38,12,14,0,3,1,1,0,3,0,0,0,0,0.0526,0.7105,4.1357,3.2516,0,1,0,0,0,0,0,0,0,0,0,0,0,-1
34,14,7,0,4,0,0,0,3,0,0,0,0,0.4706,0.2647,3.8559,2.156,0,0,1,1,0,0,1,0,0,0,0,0,0,-1
36,10,15,0,1,0,0,0,4,0,0,0,0,0.0,0.8333,4.1835,2.9219,0,1,0,0,0,0,0,0,0,0,0,0,0,-1
45,13,20,0,3,1,0,0,5,0,0,0,0,0.0667,0.7111,4.1999,3.1808,0,1,0,0,0,0,0,0,0,0,0,0,0,-1
86,17,1,42,2,6,0,0,3,1,0,0,1,0.2093,0.6279,4.8278,3.4548,1,1,0,0,0,0,0,0,0,0,0,0,0,-1
27,12,2,0,3,0,0,0,3,0,0,0,0,0.5185,0.1852,3.634,2.8554,0,0,1,1,0,0,1,0,0,0,0,0,0,-1
36,13,16,0,4,0,0,0,4,0,0,0,0,0.2778,0.4722,4.1835,2.8151,0,0,1,0,0,0,1,0,0,0,0,0,0,-1
39,8,19,0,1,1,0,0,5,0,0,0,0,0.0,0.7949,4.1024,2.75,0,1,0,0,0,0,0,0,0,0,0,0,0,-1
29,14,2,0,3,0,0,0,3,0,0,0,0,0.5517,0.1724,3.8144,2.7534,0,0,1,1,0,0,1,0,0,0,0,0,0,-1
27,7,8,0,1,0,0,0,3,0,0,0,0,0.0,0.8148,3.7542,2.5216,0,1,0,0,0,0,0,0,0,0,0,0,0,-1
34,14,7,0,4,0,0,0,3,0,0,0,0,0.4706,0.2647,3.7353,2.4956,0,0,1,1,0,0,1,0,0,0,0,0,0,-1
23,7,5,0,1,0,0,0,3,0,0,0,0,0.0,0.7826,3.969,2.8074,0,1,0,0,0,0,0,0,0,0,0,0,0,-1
29,9,8,0,1,0,0,0,3,0,0,0,0,0.0,0.8276,3.9002,2.6416,0,1,0,0,0,0,0,0,0,0,0,0,0,-1
65,11,37,0,2,4,0,0,3,0,0,0,0,0.3692,0.4769,4.7072,3.0272,1,1,0,0,0,0,1,0,0,0,0,0,0,-1
30,13,10,0,3,0,0,0,4,0,0,0,0,0.4,0.3333,4.1232,2.6612,0,0,1,0,0,0,1,0,0,0,0,0,0,-1
38,17,9,0,1,0,0,0,4,0,0,0,0,0.0,0.8421,4.0304,3.4104,0,1,0,0,0,0,0,0,0,0,0,0,0,-1
24,13,4,0,3,0,0,0,3,0,0,0,0,0.4167,0.2917,3.8554,2.8731,0,0,1,0,0,0,1,0,0,0,0,0,0,-1
45,12,21,0,1,1,0,0,4,0,0,0,0,0.0,0.8444,4.1803,3.1887,0,1,0,0,0,0,0,0,0,0,0,0,0,-1
42,9,21,0,1,1,0,0,4,0,0,0,0,0.0,0.8333,4.026,2.9477,0,1,0,0,0,0,0,0,0,0,0,0,0,-1
38,3,7,16,1,0,0,0,3,1,0,0,1,0.0,0.7632,4.2082,1.585,0,1,0,0,0,0,0,0,0,0,0,0,0,-1
37,11,15,0,1,0,0,0,4,0,0,0,0,0.0,0.8378,4.1416,2.914,0,1,0,0,0,0,0,0,0,0,0,0,0,-1
30,13,10,0,3,0,0,0,4,0,0,0,0,0.3667,0.3667,4.1232,2.6612,0,0,1,0,0,0,1,0,0,0,0,0,0,-1
29,14,2,0,3,0,0,0,3,0,0,0,0,0.5517,0.1724,3.7454,2.8963,0,0,1,1,0,0,1,0,0,0,0,0,0,-1
35,15,7,0,4,0,0,0,3,0,0,0,0,0.4857,0.2571,3.8617,2.3656,0,0,1,1,0,0,1,0,0,0,0,0,0,-1
28,10,6,0,1,0,0,0,3,0,0,0,0,0.0,0.8214,3.7404,2.171,0,1,0,0,0,0,0,0,0,0,0,1,1,-1
49,15,22,0,1,0,1,0,4,0,0,0,0,0.0,0.8571,4.2441,3.4566,0,1,0,0,0,0,0,0,0,0,0,0,0,-1
29,13,4,0,1,0,0,0,3,0,0,0,0,0.0,0.8276,4.0473,3.3347,0,1,0,0,0,0,0,0,0,0,0,0,0,-1
29,9,8,0,1,0,0,0,3,0,0,0,0,0.0,0.8276,3.8539,2.9477,0,1,0,0,0,0,0,0,0,0,0,0,0,-1
41,13,7,8,1,0,0,0,3,1,0,0,1,0.0,0.8293,4.1531,3.027,0,1,0,0,0,0,0,0,0,0,0,1,1,-1
29,14,2,0,3,0,0,0,3,0,0,0,0,0.5517,0.1724,3.6209,2.6456,0,0,1,1,0,0,1,0,0,0,0,0,0,-1
68,13,48,0,4,1,1,0,5,0,0,0,0,0.4265,0.3971,4.3079,2.5654,0,0,1,0,0,0,1,0,0,0,0,0,0,-1
20,8,0,0,1,0,0,0,2,0,0,0,0,0.0,0.8,3.5842,2.0,0,1,0,0,0,0,0,0,0,0,0,0,0,-1
36,13,11,0,1,0,0,0,4,0,0,0,0,0.0,0.8333,4.1972,3.2389,0,1,0,0,0,0,0,0,0,0,0,0,0,-1
34,6,2,13,1,0,0,0,3,1,0,0,1,0.0,0.7647,4.0545,1.9183,0,1,0,0,0,0,0,0,0,0,0,0,0,-1
39,2,14,10,1,0,2,0,4,1,0,0,1,0.1795,0.5641,4.67,1.0,0,1,0,0,0,0,0,0,0,0,0,0,0,-1
31,7,12,0,1,0,0,0,4,0,0,0,0,0.0968,0.7097,4.2847,2.5216,0,1,0,0,0,0,0,0,0,0,0,0,0,-1
31,8,11,0,1,0,0,0,4,0,0,0,0,0.0,0.8065,3.6923,2.4056,0,1,0,0,0,0,0,0,0,0,0,0,0,-1
23,3,5,0,2,0,0,0,3,0,0,0,0,0.0,0.7391,3.4144,1.585,0,1,0,0,0,0,0,0,0,0,0,0,0,-1
26,7,0,6,1,0,0,0,2,1,0,0,1,0.0385,0.7308,4.2099,2.8074,0,1,0,0,0,0,0,0,0,0,0,0,0,-1
29,8,9,0,1,0,0,0,3,0,0,0,0,0.0,0.8276,3.6865,2.75,0,1,0,0,0,0,0,0,0,0,0,0,0,-1
31,14,10,0,3,0,0,0,4,0,0,0,0,0.3871,0.3548,3.9378,2.4138,0,0,1,0,0,0,1,0,0,0,0,0,0,-1
71,6,1,42,2,4,0,0,3,1,0,0,1,0.338,0.493,4.8126,1.7925,1,1,0,0,0,0,0,0,0,0,0,0,0,-1
50,13,30,0,3,0,0,0,4,0,0,0,0,0.22,0.62,3.7482,2.8731,0,0,1,0,0,0,1,0,0,0,0,0,0,-1
32,12,7,0,4,0,0,0,3,0,0,0,0,0.4375,0.2812,3.8667,2.3962,0,0,1,1,0,0,1,0,0,0,0,0,0,-1
24,5,8,0,1,0,0,0,3,0,0,0,0,0.0,0.7917,3.6887,1.9219,0,1,0,0,0,0,0,0,0,0,0,0,0,-1
43,11,20,0,1,0,0,0,4,0,0,0,0,0.0,0.8605,3.9674,2.914,0,1,0,0,0,0,0,0,0,0,0,0,0,-1
42,9,21,0,1,1,0,0,4,0,0,0,0,0.0,0.8333,4.1955,2.9477,0,1,0,0,0,0,0,0,0,0,0,0,0,-1
34,10,12,0,1,0,0,0,4,0,0,0,0,0.0,0.8235,4.1385,3.1219,0,1,0,0,0,0,0,0,0,0,0,0,0,-1
25,13,5,0,3,0,0,0,3,0,0,0,0,0.44,0.28,3.8635,2.8731,0,0,1,0,0,0,1,0,0,0,0,0,0,-1
43,11,21,0,1,0,0,0,5,0,0,0,0,0.1163,0.7209,4.1184,2.914,0,1,0,0,0,0,0,0,0,0,0,0,0,-1
36,14,10,0,1,0,0,0,3,0,0,0,0,0.0,0.8611,3.9302,3.1281,0,1,0,0,0,0,0,0,0,0,0,0,0,-1
30,11,8,0,1,0,0,0,3,0,0,0,0,0.0,0.8333,3.8029,2.8454,0,1,0,0,0,0,0,0,0,0,0,0,0,-1
54,8,34,0,1,1,0,0,5,0,0,0,0,0.0,0.8519,4.1511,3.0,0,1,0,0,0,0,0,0,0,0,0,0,0,-1
37,11,14,0,1,0,0,0,4,0,0,0,0,0.1081,0.7297,4.3986,2.914,0,1,0,0,0,0,0,0,0,0,0,0,0,-1
31,3,17,0,1,0,0,0,4,0,0,0,0,0.0,0.8065,3.9134,1.585,0,1,0,0,0,0,0,0,0,0,0,0,0,-1
25,7,6,0,1,0,0,0,3,0,0,0,0,0.0,0.8,3.9435,2.5216,0,1,0,0,0,0,0,0,0,0,0,0,0,-1
26,6,8,0,1,0,0,0,3,0,0,0,0,0.0,0.8077,3.6424,2.2516,0,1,0,0,0,0,0,0,0,0,0,0,0,-1
75,15,47,0,2,4,0,0,4,0,0,0,0,0.2133,0.64,4.5497,3.2402,0,1,0,0,0,0,0,0,0,1,1,0,0,-1
35,12,16,0,4,0,0,0,3,0,0,0,0,0.2571,0.5143,4.1859,2.6258,0,0,1,0,0,0,1,0,0,0,0,0,0,-1
28,14,7,0,3,0,0,0,3,0,0,0,0,0.3929,0.3571,3.8868,2.7885,0,0,1,0,0,0,1,0,0,0,0,0,0,-1
26,10,4,0,1,0,0,0,3,0,0,0,0,0.0,0.8077,4.027,2.9219,0,1,0,0,0,0,0,0,0,0,0,0,0,-1
89,27,47,0,2,6,0,0,4,0,0,0,0,0.236,0.618,4.7938,3.6764,0,1,0,0,0,0,0,0,0,1,1,0,0,-1
22,6,4,0,1,0,0,0,3,0,0,0,0,0.0,0.7727,3.6978,1.7925,0,1,0,0,0,0,0,0,0,0,0,0,0,-1
26,11,2,0,3,0,0,0,3,0,0,0,0,0.5,0.1923,3.6612,2.4131,0,0,1,1,0,0,1,0,0,0,0,0,0,-1
49,16,21,0,1,0,0,0,5,0,0,0,0,0.102,0.7551,4.3445,3.0778,0,1,0,0,0,0,0,0,0,0,0,0,0,-1
31,6,11,0,2,0,0,0,4,0,0,0,0,0.0,0.7742,3.7686,1.9183,0,1,0,0,0,0,0,0,0,1,1,1,1,-1
26,13,6,0,4,0,0,0,3,0,0,0,0,0.3846,0.3077,3.9022,3.027,0,0,1,0,0,0,1,0,0,0,0,0,0,-1
26,11,2,0,3,0,0,0,3,0,0,0,0,0.5,0.1923,3.8731,3.0272,0,0,1,1,0,0,1,0,0,0,0,0,0,-1
27,12,2,0,3,0,0,0,3,0,0,0,0,0.5185,0.1852,3.708,2.6887,0,0,1,1,0,0,1,0,0,0,0,0,0,-1
39,3,24,0,1,0,0,0,5,0,0,0,0,0.0,0.8205,4.0166,1.585,0,1,0,0,0,0,0,0,0,0,0,0,0,-1
98,36,47,0,2,7,0,0,4,0,0,0,0,0.1735,0.6837,4.6882,3.5997,0,1,0,0,0,0,0,0,0,1,1,0,0,-1
40,5,24,0,1,0,0,0,5,0,0,0,0,0.0,0.825,3.8027,1.9219,0,1,0,0,0,0,0,0,0,0,0,0,0,-1
26,6,5,0,2,0,0,0,3,0,0,0,0,0.0,0.7692,3.6903,2.585,0,1,0,0,0,0,0,0,0,0,0,0,0,-1
34,13,14,0,4,0,0,0,4,0,0,0,0,0.2941,0.4412,4.2051,2.8731,0,0,1,0,0,0,1,0,0,0,0,0,0,-1
35,15,7,0,4,0,0,0,3,0,0,0,0,0.4857,0.2571,4.0931,2.8729,0,0,1,1,0,0,1,0,0,0,0,0,0,-1
34,14,7,0,4,0,0,0,3,0,0,0,0,0.4706,0.2647,4.0209,2.8424,0,0,1,1,0,0,1,0,0,0,0,0,0,-1
60,18,30,0,1,2,0,0,5,0,0,0,0,0.0833,0.7667,4.4546,3.3502,0,1,0,0,0,0,0,0,0,0,0,0,0,-1
76,11,1,42,2,4,0,0,3,1,0,0,1,0.2105,0.6316,4.777,2.6635,1,1,0,0,0,0,0,0,0,0,0,0,0,-1
26,11,2,0,3,0,0,0,3,0,0,0,0,0.5,0.1923,3.7672,2.6635,0,0,1,1,0,0,1,0,0,0,0,0,0,-1
35,10,13,0,1,0,0,0,4,0,0,0,0,0.0,0.8286,3.9433,2.9219,0,1,0,0,0,0,0,0,0,0,0,0,0,-1
34,14,7,0,4,0,0,0,3,0,0,0,0,0.4706,0.2647,3.7826,2.5567,0,0,1,1,0,0,1,0,0,0,0,0,0,-1
32,12,7,0,4,0,0,0,3,0,0,0,0,0.4375,0.2812,4.0153,2.6258,0,0,1,1,0,0,1,0,0,0,0,0,0,-1
34,14,7,0,4,0,0,0,3,0,0,0,0,0.4706,0.2647,3.9987,2.8963,0,0,1,1,0,0,1,0,0,0,0,0,0,-1
41,5,7,16,1,0,0,0,3,1,0,0,1,0.0,0.8049,4.2899,2.3219,0,1,0,0,0,0,0,0,0,0,0,0,0,-1
28,11,5,0,1,0,0,0,3,0,0,0,0,0.0,0.8214,3.9677,3.0958,0,1,0,0,0,0,0,0,0,0,0,0,0,-1
55,13,34,0,5,0,0,0,4,0,0,0,0,0.1818,0.6364,4.3544,2.8731,0,1,1,0,0,0,1,0,0,0,0,0,0,-1
26,6,8,0,1,0,0,0,3,0,0,0,0,0.0,0.8077,3.921,2.585,0,1,0,0,0,0,0,0,0,0,0,0,0,-1
43,13,7,10,1,0,0,0,3,1,0,0,1,0.0,0.8372,4.2687,3.3927,0,1,0,0,0,0,0,0,0,0,0,0,0,-1
55,11,30,0,2,2,0,0,5,0,0,0,0,0.0909,0.7273,4.5455,2.914,0,1,0,0,0,0,0,0,0,0,0,0,0,-1
29,14,2,0,3,0,0,0,3,0,0,0,0,0.5517,0.1724,3.483,2.067,0,0,1,1,0,0,1,0,0,0,0,0,0,-1
66,10,37,0,2,4,0,0,3,0,0,0,0,0.3636,0.4848,4.696,3.1219,1,1,0,0,0,0,1,0,0,0,0,0,0,-1
45,9,7,16,1,0,0,0,3,1,0,0,1,0.0,0.8222,4.3027,2.5033,0,1,0,0,0,0,0,0,0,0,0,0,0,-1
42,3,28,0,1,1,0,0,4,0,0,0,0,0.0,0.8333,4.0713,1.585,0,1,0,0,0,0,0,0,0,0,0,0,0,-1
39,13,14,0,1,0,0,0,4,0,0,0,0,0.1026,0.7436,4.58,3.027,0,1,0,0,0,0,0,0,0,0,0,0,0,-1
30,15,2,0,3,0,0,0,3,0,0,0,0,0.5667,0.1667,3.4015,2.3656,0,0,1,1,0,0,1,0,0,0,0,0,0,-1
23,5,0,6,1,0,0,0,2,1,0,0,1,0.0435,0.6957,3.969,2.3219,0,1,0,0,0,0,0,0,0,0,0,0,0,-1
36,15,9,0,1,0,0,0,3,0,0,0,0,0.0,0.8611,3.7954,3.1899,0,1,0,0,0,0,0,0,0,0,0,0,0,-1
38,0,24,0,1,2,0,0,4,0,0,0,0,0.1053,0.6842,3.8924,0.0,0,1,0,0,0,0,0,0,0,0,0,0,0,-1
31,7,12,0,1,0,0,0,4,0,0,0,0,0.129,0.6774,4.1037,2.5216,0,1,0,0,0,0,0,0,0,0,0,0,0,-1
35,20,4,0,1,3,0,0,3,0,0,0,0,0.0,0.7714,3.9544,3.2464,0,1,0,0,0,0,0,0,0,0,0,0,0,-1
47,3,30,0,2,2,0,0,5,0,0,0,0,0.1064,0.6809,4.4006,1.585,0,1,0,0,0,0,0,0,0,0,0,0,0,-1
25,11,7,0,3,0,0,0,3,0,0,0,0,0.32,0.4,3.8333,2.5949,0,0,1,0,0,0,1,0,0,0,0,0,0,-1
30,15,2,0,3,0,0,0,3,0,0,0,0,0.5667,0.1667,3.7396,2.5056,0,0,1,1,0,0,1,0,0,0,0,0,0,-1
68,13,48,0,4,1,1,0,5,0,0,0,0,0.4118,0.4118,4.4498,2.5654,0,0,1,0,0,0,1,0,0,0,0,0,0,-1
28,13,2,0,3,0,0,0,3,0,0,0,0,0.5357,0.1786,3.8693,2.8731,0,0,1,1,0,0,1,0,0,0,0,0,0,-1
43,14,22,0,4,0,0,0,4,0,0,0,0,0.3023,0.4884,4.2573,2.8424,0,0,1,0,0,0,1,0,0,0,0,0,0,-1
49,13,29,0,4,0,0,0,5,0,0,0,0,0.4082,0.3878,4.3907,2.4493,0,0,1,0,0,0,1,0,0,0,0,0,0,-1
30,9,9,0,1,0,0,0,3,0,0,0,0,0.0,0.8333,3.6696,2.6416,0,1,0,0,0,0,0,0,0,0,0,0,0,-1
28,6,10,0,1,0,0,0,3,0,0,0,0,0.0,0.8214,3.9138,2.585,0,1,0,0,0,0,0,0,0,0,0,0,0,-1
31,9,10,0,1,0,0,0,3,0,0,0,0,0.0645,0.7742,4.1069,2.7255,0,1,0,0,0,0,1,0,0,0,0,0,0,-1
31,5,12,0,2,0,0,0,3,0,0,0,0,0.0,0.8065,4.0023,1.9219,0,1,0,0,0,0,0,0,0,0,0,0,0,-1
73,8,1,42,2,4,0,0,3,1,0,0,1,0.3288,0.5068,4.8351,2.75,1,1,0,0,0,0,0,0,0,0,0,0,0,-1
34,14,7,0,4,0,0,0,3,0,0,0,0,0.4706,0.2647,3.9842,2.8424,0,0,1,1,0,0,1,0,0,0,0,0,0,-1
22,5,5,0,1,0,0,0,3,0,0,0,0,0.0,0.7727,3.6635,1.9219,0,1,0,0,0,0,0,0,0,0,0,0,0,-1
68,13,48,0,4,1,1,0,5,0,0,0,0,0.4559,0.3676,4.4079,2.5654,0,0,1,0,0,0,1,0,0,0,0,0,0,-1
42,12,7,10,1,0,0,0,3,1,0,0,1,0.0,0.8333,4.0416,2.6887,0,1,0,0,0,0,0,0,0,0,0,0,0,-1
39,14,18,0,4,0,0,0,4,0,0,0,0,0.359,0.4103,4.1698,2.9852,0,0,1,0,0,0,1,0,0,0,0,0,0,-1
30,15,2,0,3,0,0,0,3,0,0,0,0,0.5667,0.1667,3.8444,2.9232,0,0,1,1,0,0,1,0,0,0,0,0,0,-1
33,15,6,0,1,0,0,0,3,0,0,0,0,0.0,0.8485,3.8391,3.2402,0,1,0,0,0,0,0,0,0,0,0,0,0,-1
35,2,22,0,1,0,1,0,4,0,0,0,0,0.0,0.8,4.1007,1.0,0,1,0,0,0,0,0,0,0,0,0,0,0,-1
47,14,21,0,3,0,2,0,3,0,0,0,0,0.3191,0.4681,4.4956,2.6456,0,0,1,1,0,0,1,0,0,0,0,0,0,-1
30,15,2,0,3,0,0,0,3,0,0,0,0,0.5667,0.1667,3.5811,2.5493,0,0,1,1,0,0,1,0,0,0,0,0,0,-1
25,11,7,0,3,0,0,0,3,0,0,0,0,0.48,0.24,3.8333,2.5949,0,0,1,0,0,0,1,0,0,0,0,0,0,-1
43,7,7,16,1,0,0,0,3,1,0,0,1,0.0,0.814,4.1236,2.5216,0,1,0,0,0,0,0,0,0,0,0,0,0,-1
33,13,7,0,4,0,0,0,3,0,0,0,0,0.4545,0.2727,4.0061,2.6612,0,0,1,1,0,0,1,0,0,0,0,0,0,-1
27,12,2,0,3,0,0,0,3,0,0,0,0,0.5185,0.1852,3.8842,3.0221,0,0,1,1,0,0,1,0,0,0,0,0,0,-1
29,14,2,0,3,0,0,0,3,0,0,0,0,0.5517,0.1724,3.9263,2.7885,0,0,1,1,0,0,1,0,0,0,0,0,0,-1
32,13,12,0,4,0,0,0,3,0,0,0,0,0.3438,0.4062,4.1639,2.7193,0,0,1,0,0,0,1,0,0,0,0,0,0,-1
24,6,0,6,1,0,0,0,2,1,0,0,1,0.0417,0.7083,3.9387,2.2516,0,1,0,0,0,0,0,0,0,0,0,0,0,-1
25,8,5,0,1,0,0,0,3,0,0,0,0,0.0,0.8,3.8333,3.0,0,1,0,0,0,0,0,0,0,0,0,0,0,-1
28,13,2,0,3,0,0,0,3,0,0,0,0,0.5357,0.1786,3.655,2.5074,0,0,1,1,0,0,1,0,0,0,0,0,0,-1
32,12,8,0,1,0,0,0,3,0,0,0,0,0.0,0.8438,4.007,3.2516,0,1,0,0,0,0,0,0,0,0,0,0,0,-1
23,3,8,0,1,0,0,0,3,0,0,0,0,0.0,0.7826,3.7294,1.585,0,1,0,0,0,0,0,0,0,0,0,0,0,-1
33,13,7,0,4,0,0,0,3,0,0,0,0,0.4545,0.2727,3.9832,2.8151,0,0,1,1,0,0,1,0,0,0,0,0,0,-1
28,3,14,0,1,0,0,0,4,0,0,0,0,0.0,0.7857,3.6959,0.9183,0,1,0,0,0,0,0,0,0,0,0,0,0,-1
47,6,29,0,2,2,0,0,7,0,0,0,0,0.1064,0.6383,4.3384,2.585,0,1,0,0,0,0,0,0,0,0,0,0,0,-1
30,15,2,0,3,0,0,0,3,0,0,0,0,0.5667,0.1667,3.7647,2.8729,0,0,1,1,0,0,1,0,0,0,0,0,0,-1
32,13,12,0,4,0,0,0,3,0,0,0,0,0.3438,0.4062,4.2028,2.8151,0,0,1,0,0,0,1,0,0,0,0,0,0,-1
90,28,47,0,2,6,0,0,4,0,0,0,0,0.2556,0.6,4.6348,3.669,0,1,0,0,0,0,0,0,0,1,1,0,0,-1
48,10,26,0,1,1,0,0,6,0,0,0,0,0.0,0.8125,4.1654,2.9219,0,1,0,0,0,0,0,0,0,0,0,0,0,-1
25,11,7,0,3,0,0,0,3,0,0,0,0,0.44,0.28,3.7533,2.5949,0,0,1,0,0,0,1,0,0,0,0,0,0,-1
33,6,2,13,1,0,0,0,3,1,0,0,1,0.0,0.7576,4.165,2.2516,0,1,0,0,0,0,0,0,0,0,0,0,0,-1
40,12,2,13,1,0,0,0,3,1,0,0,1,0.05,0.75,4.3087,3.2516,0,1,0,0,0,0,1,0,0,0,0,0,0,-1
30,15,2,0,3,0,0,0,3,0,0,0,0,0.5667,0.1667,3.7811,3.0062,0,0,1,1,0,0,1,0,0,0,0,0,0,-1
52,18,22,0,1,1,0,0,5,0,0,0,0,0.1154,0.7308,4.2335,3.4613,0,1,0,0,0,0,0,0,0,0,0,0,0,-1
35,3,20,0,1,0,0,0,5,0,0,0,0,0.0,0.8,4.1259,1.585,0,1,0,0,0,0,0,0,0,1,1,0,0,-1
68,13,48,0,4,1,1,0,5,0,0,0,0,0.4412,0.3824,4.3262,2.5654,0,0,1,0,0,0,1,0,0,0,0,0,0,-1
27,12,2,0,3,0,0,0,3,0,0,0,0,0.5185,0.1852,3.4579,2.4591,0,0,1,1,0,0,1,0,0,0,0,0,0,-1
44,10,0,21,1,0,0,0,2,2,1,0,1,0.0,0.8182,4.3885,2.6464,0,1,0,0,0,0,0,0,0,0,0,0,0,-1
40,13,20,0,4,0,1,0,3,0,0,0,0,0.25,0.525,4.2842,2.6612,0,0,1,0,0,0,1,0,0,0,0,0,0,-1
35,14,9,0,1,0,0,0,3,0,0,0,0,0.0,0.8571,3.8214,2.8424,0,1,0,0,0,0,0,0,0,0,0,0,0,-1
40,7,10,0,2,0,0,0,4,0,0,0,0,0.025,0.8,4.2128,2.1281,1,0,0,0,0,0,0,0,0,0,0,0,0,-1
37,8,17,0,1,0,0,0,4,0,0,0,0,0.0,0.8378,3.8278,2.1556,0,1,0,0,0,0,0,0,0,0,0,0,0,-1
40,7,0,21,1,0,0,0,2,2,1,0,1,0.0,0.8,4.4342,2.8074,0,1,0,0,0,0,0,0,0,0,0,0,0,-1
25,13,5,0,3,0,0,0,3,0,0,0,0,0.44,0.28,3.8635,2.8731,0,0,1,0,0,0,1,0,0,0,0,0,0,-1
29,9,8,0,1,0,0,0,3,0,0,0,0,0.0,0.8276,3.9002,2.7255,0,1,0,0,0,0,0,0,0,0,0,0,0,-1
55,13,34,0,5,0,0,0,4,0,0,0,0,0.1818,0.6364,4.1452,1.9878,0,1,1,0,0,0,1,0,0,0,0,0,0,-1
25,6,0,6,1,0,0,0,2,1,0,0,1,0.04,0.72,4.0537,2.2516,0,1,0,0,0,0,0,0,0,0,0,0,0,-1
44,11,21,0,1,1,0,0,4,0,0,0,0,0.0,0.8409,4.127,3.2776,0,1,0,0,0,0,0,0,0,0,0,0,0,-1
31,13,11,0,4,0,0,0,3,0,0,0,0,0.3871,0.3548,4.1313,2.8151,0,0,1,0,0,0,1,0,0,0,0,0,0,-1
46,12,0,21,1,0,0,0,2,2,1,0,1,0.0,0.8261,4.3603,3.0221,0,1,0,0,0,0,0,0,0,0,0,0,0,-1
39,3,8,0,4,0,0,0,3,0,0,0,0,0.0,0.7949,4.1504,1.585,3,1,0,0,0,0,0,0,0,1,1,0,0,-1
32,12,0,7,1,0,0,0,2,1,0,0,1,0.0,0.8125,4.2028,3.085,0,1,0,0,0,0,0,0,0,0,0,0,0,-1
34,8,14,0,1,0,0,0,4,0,0,0,0,0.0,0.8235,3.881,2.75,0,1,0,0,0,0,0,0,0,0,0,0,0,-1
43,11,15,0,2,1,0,0,4,0,0,0,0,0.093,0.6977,4.1795,3.2776,0,0,0,1,0,0,0,0,0,0,0,0,0,-1
32,11,9,0,1,1,0,0,3,0,0,0,0,0.0,0.8125,4.1014,3.2776,0,1,0,0,0,0,0,0,0,0,0,0,0,-1
24,13,4,0,3,0,0,0,3,0,0,0,0,0.4167,0.2917,3.6887,2.8731,0,0,1,0,0,0,1,0,0,0,0,0,0,-1
68,13,37,0,2,4,0,0,3,0,0,0,0,0.3235,0.5294,4.9215,3.3927,1,1,0,0,0,0,0,0,0,0,0,0,0,-1
39,3,7,16,1,0,0,0,3,1,0,0,1,0.0,0.7949,4.221,1.585,0,1,0,0,0,0,0,0,0,0,0,0,0,-1
29,14,2,0,3,0,0,0,3,0,0,0,0,0.5517,0.1724,3.6504,2.5027,0,0,1,1,0,0,1,0,0,0,0,0,0,-1
25,6,8,0,1,0,0,0,3,0,0,0,0,0.0,0.8,3.7533,1.9183,0,1,0,0,0,0,0,0,0,1,1,1,1,-1
88,28,47,0,2,8,0,0,4,0,0,0,0,0.2159,0.6136,4.7658,3.5531,0,1,0,0,0,0,0,0,0,1,1,0,0,-1
32,12,7,0,4,0,0,0,3,0,0,0,0,0.4375,0.2812,3.8667,2.2213,0,0,1,1,0,0,1,0,0,0,0,0,0,-1
31,11,7,0,4,0,0,0,3,0,0,0,0,0.4194,0.2903,3.9134,2.6635,0,0,1,1,0,0,1,0,0,0,0,0,0,-1
42,11,19,0,2,0,0,0,3,0,0,0,0,0.0714,0.7857,4.2252,2.8454,0,1,0,0,0,0,0,0,0,0,0,0,0,-1
28,4,0,12,1,0,0,0,2,1,0,0,1,0.0,0.7857,3.7979,1.5,0,1,0,0,0,0,0,0,0,0,0,0,0,-1
27,12,2,0,3,0,0,0,3,0,0,0,0,0.5185,0.1852,3.7542,2.8554,0,0,1,1,0,0,1,0,0,0,0,0,0,-1
18,0,5,0,1,0,0,0,3,0,0,0,0,0.0,0.7222,3.5305,0.0,0,1,0,0,0,0,0,0,0,0,0,0,0,-1
28,13,2,0,3,0,0,0,3,0,0,0,0,0.5357,0.1786,3.9408,2.8151,0,0,1,1,0,0,1,0,0,0,0,0,0,-1
33,13,7,0,4,0,0,0,3,0,0,0,0,0.4545,0.2727,4.0061,2.5074,0,0,1,1,0,0,1,0,0,0,0,0,0,-1
27,12,2,0,3,0,0,0,3,0,0,0,0,0.5185,0.1852,3.6801,2.6887,0,0,1,1,0,0,1,0,0,0,0,0,0,-1
36,6,7,8,2,0,0,0,3,1,0,0,1,0.0,0.7778,4.1626,1.9183,0,1,0,0,0,0,0,0,0,1,1,1,1,-1
85,13,48,0,3,4,0,0,4,0,0,0,0,0.2706,0.5882,4.6589,3.027,1,1,0,0,0,0,0,0,0,0,0,0,0,-1
44,6,7,16,2,1,0,0,3,1,0,0,1,0.0,0.75,4.2462,2.585,0,1,0,0,0,0,0,0,0,0,0,0,0,-1
47,12,28,0,4,0,0,0,3,0,0,0,0,0.2553,0.5745,4.6288,2.4591,0,0,1,0,0,0,1,0,0,0,0,0,0,-1
30,4,14,0,1,0,0,0,4,0,0,0,0,0.1333,0.6667,4.1484,2.0,0,1,0,0,0,0,0,0,0,0,0,0,0,-1
32,12,7,0,4,0,0,0,3,0,0,0,0,0.4375,0.2812,4.0153,2.6258,0,0,1,1,0,0,1,0,0,0,0,0,0,-1
28,13,2,0,3,0,0,0,3,0,0,0,0,0.5357,0.1786,3.5567,2.4493,0,0,1,1,0,0,1,0,0,0,0,0,0,-1
40,12,2,13,1,0,0,0,3,1,0,0,1,0.0,0.8,4.4153,3.4183,0,1,0,0,0,0,0,0,0,0,0,0,0,-1
94,6,76,0,2,3,1,0,10,0,0,0,0,0.0213,0.7979,4.6505,2.585,0,1,0,0,0,0,0,0,0,0,0,0,0,-1
24,13,4,0,3,0,0,0,3,0,0,0,0,0.4583,0.25,3.7721,2.8731,0,0,1,0,0,0,1,0,0,0,0,0,0,-1
39,13,19,0,4,0,0,0,4,0,0,0,0,0.3077,0.4615,4.0285,2.2878,0,0,1,0,0,0,1,0,0,0,0,0,0,-1
29,14,2,0,3,0,0,0,3,0,0,0,0,0.5517,0.1724,3.647,2.7534,0,0,1,1,0,0,1,0,0,0,0,0,0,-1
25,11,7,0,3,0,0,0,3,0,0,0,0,0.52,0.2,3.7231,2.5949,0,0,1,0,0,0,1,0,0,0,0,0,0,-1
30,8,10,0,1,0,0,0,3,0,0,0,0,0.0,0.8333,3.9232,3.0,0,1,0,0,0,0,0,0,0,0,0,0,0,-1
45,21,12,0,1,0,0,0,4,0,0,0,0,0.0889,0.7778,4.1409,3.4585,0,1,0,0,0,0,0,0,0,0,0,0,0,-1
34,14,7,0,4,0,0,0,3,0,0,0,0,0.4706,0.2647,3.797,2.6995,0,0,1,1,0,0,1,0,0,0,0,0,0,-1
21,4,5,0,1,0,0,0,3,0,0,0,0,0.0,0.7619,3.5585,1.5,0,1,0,0,0,0,0,0,0,0,0,0,0,-1
33,13,7,0,4,0,0,0,3,0,0,0,0,0.4545,0.2727,4.0896,2.8151,0,0,1,1,0,0,1,0,0,0,0,0,0,-1
84,24,47,0,2,6,0,0,4,0,0,0,0,0.2024,0.6429,4.7056,3.5698,0,1,0,0,0,0,0,0,0,1,1,0,0,-1
47,20,7,8,1,0,0,0,3,1,0,0,1,0.0,0.8511,4.2081,3.5464,0,1,0,0,0,0,0,0,0,0,0,0,0,-1
29,15,7,0,3,0,0,0,3,0,0,0,0,0.4483,0.3103,4.0642,3.0062,0,0,1,0,0,0,1,0,0,0,0,0,0,-1
31,5,14,0,1,0,0,0,4,0,0,0,0,0.0,0.8065,3.9779,2.3219,0,1,0,0,0,0,0,0,0,0,0,0,0,-1
29,14,2,0,3,0,0,0,3,0,0,0,0,0.5517,0.1724,3.6209,2.6106,0,0,1,1,0,0,1,0,0,0,0,0,0,-1
30,10,8,0,1,0,0,0,3,0,0,0,0,0.0,0.8333,4.0566,2.9219,0,1,0,0,0,0,0,0,0,0,0,0,0,-1
84,15,1,42,2,5,0,0,3,1,0,0,1,0.2738,0.5714,4.7066,3.0062,1,1,0,0,0,0,0,0,0,0,0,0,0,-1
32,15,10,0,3,0,0,0,3,0,0,0,0,0.375,0.4062,4.0306,2.6062,0,0,1,0,0,0,1,0,0,0,0,0,0,-1
31,7,9,0,3,0,0,0,4,0,0,0,0,0.0645,0.6774,4.1069,2.8074,1,0,0,0,0,0,0,0,0,0,0,0,0,-1
37,4,14,0,1,0,0,0,4,0,0,0,0,0.1351,0.7027,4.4455,2.0,0,1,0,0,0,0,0,0,0,0,0,0,0,-1
30,0,7,8,1,0,0,0,3,1,0,0,1,0.0,0.7667,4.1396,0.0,0,1,0,0,0,0,0,0,0,0,0,0,0,-1
32,12,9,0,1,2,0,0,3,0,0,0,0,0.0,0.7812,3.9681,2.8554,0,1,0,0,0,0,0,0,0,0,0,0,0,-1
33,15,6,0,1,0,0,0,3,0,0,0,0,0.0,0.8485,4.1014,3.5069,0,1,0,0,0,0,0,0,0,0,0,0,0,-1
38,7,19,0,1,1,0,0,5,0,0,0,0,0.0,0.7895,4.0079,2.8074,0,1,0,0,0,0,0,0,0,0,0,0,0,-1
22,5,5,0,1,0,0,0,3,0,0,0,0,0.0,0.7727,3.8797,2.3219,0,1,0,0,0,0,0,0,0,0,0,0,0,-1
25,13,5,0,3,0,0,0,3,0,0,0,0,0.44,0.28,3.9435,2.8731,0,0,1,0,0,0,1,0,0,0,0,0,0,-1
28,13,8,0,3,0,0,0,3,0,0,0,0,0.3571,0.3929,4.0391,2.8731,0,0,1,0,0,0,1,0,0,0,0,0,0,-1
29,14,2,0,3,0,0,0,3,0,0,0,0,0.5517,0.1724,3.8573,2.6456,0,0,1,1,0,0,1,0,0,0,0,0,0,-1
37,13,17,0,4,0,0,0,4,0,0,0,0,0.2703,0.4865,4.3782,2.8151,0,0,1,0,0,0,1,0,0,0,0,0,0,-1
40,6,22,0,1,1,0,0,5,0,0,0,0,0.15,0.65,4.3914,2.2516,0,1,0,0,0,0,0,0,0,0,0,0,0,-1
28,13,2,0,3,0,0,0,3,0,0,0,0,0.5357,0.1786,3.6995,2.8151,0,0,1,1,0,0,1,0,0,0,0,0,0,-1
67,10,37,0,2,4,0,0,3,0,0,0,0,0.3134,0.5373,4.6836,3.1219,1,1,0,0,0,0,1,0,0,0,0,0,0,-1
28,7,9,0,1,0,0,0,3,0,0,0,0,0.0,0.8214,3.7534,2.5216,0,1,0,0,0,0,0,0,0,0,0,0,0,-1
29,10,8,0,1,0,0,0,3,0,0,0,0,0.0,0.8276,3.8664,3.1219,0,1,0,0,0,0,0,0,0,0,0,0,0,-1
32,12,7,0,4,0,0,0,3,0,0,0,0,0.4375,0.2812,4.0778,2.7925,0,0,1,1,0,0,1,0,0,0,0,0,0,-1
25,7,6,0,1,0,0,0,3,0,0,0,0,0.0,0.8,3.5435,2.2359,0,1,0,0,0,0,0,0,0,0,0,0,0,-1
26,11,2,0,3,0,0,0,3,0,0,0,0,0.5,0.1923,3.7193,2.8454,0,0,1,1,0,0,1,0,0,0,0,0,0,-1
33,3,15,0,2,0,0,0,4,0,0,0,0,0.0,0.7879,3.8243,1.585,0,1,0,0,0,0,0,0,0,0,0,0,0,-1
18,3,4,0,1,0,0,0,3,0,0,0,0,0.0,0.7222,3.3502,1.585,0,1,0,0,0,0,0,0,0,0,0,0,0,-1
30,4,14,0,1,0,0,0,4,0,0,0,0,0.0,0.8,3.8151,1.5,0,1,0,0,0,0,0,0,0,0,0,0,0,-1
30,15,4,0,1,0,0,0,3,0,0,0,0,0.0,0.8333,3.8817,3.3736,0,1,0,0,0,0,0,0,0,0,0,0,0,-1
34,14,7,0,4,0,0,0,3,0,0,0,0,0.4706,0.2647,3.9842,2.7534,0,0,1,1,0,0,1,0,0,0,0,0,0,-1
40,0,26,0,1,1,0,0,6,0,0,0,0,0.0,0.775,4.1062,0.0,0,1,0,0,0,0,0,0,0,0,0,0,0,-1
27,8,7,0,1,0,0,0,3,0,0,0,0,0.0,0.8148,4.1064,2.75,0,1,0,0,0,0,0,0,0,0,0,0,0,-1
68,11,37,0,2,4,0,0,3,0,0,0,0,0.3235,0.5294,4.6383,3.0958,1,1,0,0,0,0,0,0,0,0,0,0,0,-1
35,14,9,0,1,0,0,0,3,0,0,0,0,0.0,0.8571,4.0716,3.5216,0,1,0,0,0,0,0,0,0,0,0,0,0,-1
36,3,21,0,1,0,0,0,5,0,0,0,0,0.1389,0.6667,4.0941,1.585,0,1,0,0,0,0,0,0,0,0,0,0,0,-1
36,14,15,0,4,0,0,0,4,0,0,0,0,0.3889,0.3611,4.0169,2.6456,0,0,1,0,0,0,1,0,0,0,0,0,0,-1
66,10,37,0,2,4,0,0,3,0,0,0,0,0.3788,0.4697,4.7189,3.3219,1,1,0,0,0,0,1,0,0,0,0,0,0,-1
33,13,7,0,4,0,0,0,3,0,0,0,0,0.4545,0.2727,3.9196,2.5654,0,0,1,1,0,0,1,0,0,0,0,0,0,-1
66,9,37,0,2,4,0,0,3,0,0,0,0,0.3182,0.5303,4.6827,2.4194,1,1,0,0,0,0,0,0,0,0,0,0,0,-1
27,10,5,0,1,0,0,0,3,0,0,0,0,0.0,0.8148,4.0043,2.9219,0,1,0,0,0,0,0,0,0,0,0,0,0,-1
63,11,40,0,1,4,0,0,4,0,0,0,0,0.254,0.5873,4.5782,2.6635,0,1,0,0,0,0,0,0,0,0,0,0,0,-1
30,7,11,0,1,0,0,0,4,0,0,0,0,0.0,0.8,3.8817,2.5216,0,1,0,0,0,0,0,0,0,0,0,0,0,-1
30,12,11,0,4,0,0,0,3,0,0,0,0,0.3333,0.4,3.8981,2.4591,0,0,1,0,0,0,1,0,0,0,0,0,0,-1
33,8,0,12,1,0,0,0,2,1,0,0,1,0.0,0.8182,4.1273,2.75,0,1,0,0,0,0,0,0,0,0,0,0,0,-1
42,10,20,0,3,0,0,0,5,0,0,0,0,0.0714,0.7143,4.0557,2.6464,0,1,0,0,0,0,0,0,0,0,0,0,0,-1
26,11,4,0,1,0,0,0,3,0,0,0,0,0.0,0.8077,3.6133,2.6635,0,1,0,0,0,0,0,0,0,0,0,0,0,-1
38,5,20,0,1,0,0,0,5,0,0,0,0,0.0,0.8158,4.139,1.9219,0,1,0,0,0,0,0,0,1,1,1,0,0,-1
39,5,0,21,1,0,0,0,2,2,1,0,1,0.0,0.7949,4.2404,1.9219,0,1,0,0,0,0,0,0,0,0,0,0,0,-1
34,5,7,10,1,0,0,0,3,1,0,0,1,0.0,0.7941,4.1241,2.3219,0,1,0,0,0,0,0,0,0,0,0,0,0,-1
29,14,2,0,3,0,0,0,3,0,0,0,0,0.5517,0.1724,3.8573,2.8424,0,0,1,1,0,0,1,0,0,0,0,0,0,-1
26,14,5,0,3,0,0,0,3,0,0,0,0,0.4231,0.3077,3.6322,2.306,0,0,1,0,0,0,1,0,0,0,0,0,0,-1
42,2,28,0,1,1,0,0,4,0,0,0,0,0.0,0.8333,4.1596,1.0,0,1,0,0,0,0,0,0,0,0,0,0,0,-1
25,14,4,0,3,0,0,0,3,0,0,0,0,0.44,0.28,3.5329,2.306,0,0,1,0,0,0,1,0,0,0,0,0,0,-1
26,6,0,7,1,0,0,0,2,1,0,0,1,0.0,0.7692,4.1329,2.585,0,1,0,0,0,0,0,0,0,0,0,0,0,-1
27,3,9,0,2,0,0,0,3,0,0,0,0,0.0,0.7778,4.0323,1.585,0,1,0,0,0,0,0,0,0,0,0,0,0,-1
34,14,7,0,4,0,0,0,3,0,0,0,0,0.4706,0.2647,3.8666,2.4138,0,0,1,1,0,0,1,0,0,0,0,0,0,-1
35,8,15,0,1,0,0,0,4,0,0,0,0,0.0,0.8286,4.0004,2.4056,0,1,0,0,0,0,0,0,0,0,0,0,0,-1
33,7,14,0,1,0,0,0,4,0,0,0,0,0.0,0.8182,3.859,2.5216,0,1,0,0,0,0,0,0,0,0,0,0,0,-1
29,7,10,0,1,0,0,0,3,0,0,0,0,0.0,0.8276,4.0473,2.5216,0,1,0,0,0,0,0,0,0,0,0,0,0,-1
28,8,8,0,1,0,0,0,3,0,0,0,0,0.0,0.8214,3.7979,2.75,0,1,0,0,0,0,0,0,0,1,1,0,0,-1
24,3,9,0,1,0,0,0,3,0,0,0,0,0.0,0.7917,3.8239,1.585,0,1,0,0,0,0,0,0,0,0,0,0,0,-1
22,3,8,0,1,0,0,0,3,0,0,0,0,0.0,0.7727,3.4817,1.585,0,1,0,0,0,0,0,0,0,0,0,0,0,-1
33,13,7,0,4,0,0,0,3,0,0,0,0,0.4545,0.2727,3.9226,2.6032,0,0,1,1,0,0,1,0,0,0,0,0,0,-1
28,13,2,0,3,0,0,0,3,0,0,0,0,0.5357,0.1786,3.7709,2.6612,0,0,1,1,0,0,1,0,0,0,0,0,0,-1
88,6,70,0,4,1,0,0,9,0,0,0,0,0.0568,0.7727,4.578,2.585,0,1,0,0,0,0,0,0,0,0,0,0,0,-1
85,23,47,0,2,7,0,0,4,0,0,0,0,0.2,0.6353,4.5972,3.6425,0,1,0,0,0,0,0,0,0,1,1,0,0,-1
33,8,10,0,2,0,0,0,3,0,0,0,0,0.0,0.8182,4.0408,2.75,0,1,0,0,0,0,0,0,0,0,0,0,0,-1
30,13,10,0,4,0,0,0,3,0,0,0,0,0.4,0.3333,4.1232,3.027,0,0,1,0,0,0,1,0,0,0,0,0,0,-1
30,15,2,0,3,0,0,0,3,0,0,0,0,0.5667,0.1667,3.7232,2.5232,0,0,1,1,0,0,1,0,0,0,0,0,0,-1
28,13,2,0,3,0,0,0,3,0,0,0,0,0.5357,0.1786,3.7979,2.8731,0,0,1,1,0,0,1,0,0,0,0,0,0,-1
26,9,5,0,1,0,0,0,3,0,0,0,0,0.0,0.8077,3.8441,2.7255,0,1,0,0,0,0,0,0,0,0,0,0,0,-1
33,11,10,0,1,0,0,0,3,0,0,0,0,0.0,0.8485,3.9344,3.0958,0,1,0,0,0,0,0,0,0,0,0,0,0,-1
65,8,37,0,2,4,0,0,3,0,0,0,0,0.3385,0.5077,4.4949,2.4056,1,1,0,0,0,0,0,0,0,0,0,0,0,-1
32,5,16,0,1,0,0,0,4,0,0,0,0,0.0,0.8125,3.8667,2.3219,0,1,0,0,0,0,0,0,0,0,0,0,0,-1
41,11,23,0,4,0,0,0,4,0,0,0,0,0.439,0.3415,3.934,2.1181,0,0,1,0,0,0,1,0,0,0,0,0,0,-1
247,9,214,0,3,2,3,0,5,0,0,0,0,0.166,0.7773,5.7975,2.7255,1,1,0,0,0,0,0,0,0,0,0,0,0,-1
46,10,7,16,1,0,0,0,3,1,0,0,1,0.0435,0.7826,4.3874,2.9219,0,1,0,0,0,0,1,0,0,0,0,0,0,-1
38,10,16,0,1,0,0,0,4,0,0,0,0,0.0,0.8421,3.8924,2.9219,0,1,0,0,0,0,0,0,0,0,0,0,0,-1
35,15,7,0,4,0,0,0,3,0,0,0,0,0.4857,0.2571,4.036,2.7899,0,0,1,1,0,0,1,0,0,0,0,0,0,-1
40,14,14,0,3,0,1,0,3,0,0,0,0,0.425,0.35,4.3276,2.6456,0,0,1,1,0,0,1,0,0,0,0,0,0,-1
34,14,7,0,4,0,0,0,3,0,0,0,0,0.4706,0.2647,4.0179,2.4956,0,0,1,1,0,0,1,0,0,0,0,0,0,-1
49,16,21,0,1,1,0,0,4,0,0,0,0,0.0,0.8571,4.1833,3.4528,0,1,0,0,0,0,0,0,0,0,0,0,0,-1
43,21,10,0,1,0,0,0,3,0,0,0,0,0.0465,0.8372,4.0011,3.5945,0,1,0,0,0,0,1,0,0,0,0,0,0,-1
87,25,47,0,2,6,0,0,4,0,0,0,0,0.1839,0.6667,4.7185,3.8635,0,1,0,0,0,0,0,0,0,1,1,0,0,-1
34,14,7,0,4,0,0,0,3,0,0,0,0,0.4706,0.2647,3.7267,2.4956,0,0,1,1,0,0,1,0,0,0,0,0,0,-1
49,14,23,0,3,0,2,0,3,0,0,0,0,0.3061,0.4898,4.6497,2.6456,0,0,1,1,0,0,1,0,0,0,0,0,0,-1
40,14,14,0,1,0,0,0,4,0,0,0,0,0.0,0.85,4.0342,3.3249,0,1,0,0,0,0,0,0,0,0,0,0,0,-1
24,6,6,0,1,0,0,0,3,0,0,0,0,0.0,0.7917,3.6258,2.585,0,1,0,0,0,0,0,0,0,0,0,0,0,-1
29,9,8,0,1,0,0,0,3,0,0,0,0,0.069,0.7586,3.8833,2.9477,0,1,0,0,0,0,1,0,0,0,0,0,0,-1
34,13,9,0,1,0,0,0,3,0,0,0,0,0.0,0.8529,4.0209,3.2389,0,1,0,0,0,0,0,0,0,0,0,0,0,-1
83,14,1,42,2,5,0,0,3,1,0,0,1,0.2771,0.5663,4.7651,3.3788,1,1,0,0,0,0,0,0,0,0,0,0,0,-1
35,5,7,10,1,0,0,0,3,1,0,0,1,0.0,0.8,4.0716,2.3219,0,1,0,0,0,0,0,0,0,0,0,0,0,-1
28,10,5,0,3,0,0,0,3,0,0,0,0,0.4286,0.2857,3.655,2.371,0,0,1,1,0,0,1,0,0,0,0,0,0,-1
24,7,5,0,1,0,0,0,3,0,0,0,0,0.0,0.7917,3.6258,2.5216,0,1,0,0,0,0,0,0,0,0,0,0,0,-1
30,15,2,0,3,0,0,0,3,0,0,0,0,0.5667,0.1667,3.7777,3.0566,0,0,1,1,0,0,1,0,0,0,0,0,0,-1
64,9,37,0,2,4,0,0,3,0,0,0,0,0.2812,0.5625,4.7714,2.7255,1,1,0,0,0,0,0,0,0,0,0,0,0,-1
42,13,22,0,4,0,0,0,4,0,0,0,0,0.2381,0.5476,4.1183,2.5654,0,0,1,0,0,0,1,0,0,0,0,0,0,-1
20,5,4,0,1,0,0,0,3,0,0,0,0,0.0,0.75,3.4087,2.3219,0,1,0,0,0,0,0,0,0,0,0,0,0,-1
35,15,7,0,4,0,0,0,3,0,0,0,0,0.4857,0.2571,4.0116,2.3656,0,0,1,1,0,0,1,0,0,0,0,0,0,-1
29,14,2,0,3,0,0,0,3,0,0,0,0,0.5517,0.1724,3.6504,2.6995,0,0,1,1,0,0,1,0,0,0,0,0,0,-1
50,5,30,0,3,0,0,0,5,0,0,0,0,0.0,0.82,4.2167,2.3219,0,1,0,0,0,0,0,0,0,0,0,0,0,-1
34,5,17,0,1,1,0,0,4,0,0,0,0,0.0,0.7941,3.7382,1.9219,0,1,0,0,0,0,0,0,0,0,0,0,0,-1
64,2,13,0,3,1,0,0,3,0,0,0,0,0.3594,0.5156,4.635,1.0,1,1,0,0,0,0,1,0,0,0,0,0,0,-1
82,13,1,42,2,5,0,0,3,1,0,0,1,0.2195,0.622,4.8743,3.5466,1,1,0,0,0,0,0,0,0,0,0,0,0,-1
86,18,48,0,3,4,0,0,4,0,0,0,0,0.2093,0.6512,4.7109,3.4194,1,1,0,0,0,0,0,0,0,1,1,0,0,-1
33,13,7,0,4,0,0,0,3,0,0,0,0,0.4545,0.2727,3.8849,2.5654,0,0,1,1,0,0,1,0,0,0,0,0,0,-1
34,14,7,0,4,0,0,0,3,0,0,0,0,0.4706,0.2647,4.0064,2.6106,0,0,1,1,0,0,1,0,0,0,0,0,0,-1
25,13,5,0,4,0,0,0,3,0,0,0,0,0.4,0.28,3.7337,2.8731,0,0,1,0,0,0,1,0,0,0,0,0,0,-1
30,14,9,0,3,0,0,0,4,0,0,0,0,0.3667,0.3667,3.8029,2.4956,0,0,1,0,0,0,1,0,0,0,0,0,0,-1
31,11,7,0,4,0,0,0,3,0,0,0,0,0.4194,0.2903,3.9378,2.4131,0,0,1,1,0,0,1,0,0,0,0,0,0,-1
23,7,5,0,1,0,0,0,3,0,0,0,0,0.0,0.7826,3.5884,2.5216,0,1,0,0,0,0,0,0,0,0,0,0,0,-1
64,7,37,0,2,4,0,0,3,0,0,0,0,0.375,0.4688,4.5588,2.2359,1,1,0,0,0,0,0,0,0,0,0,0,0,-1
24,13,4,0,3,0,0,0,3,0,0,0,0,0.5,0.2083,3.6573,2.8731,0,0,1,0,0,0,1,0,0,0,0,0,0,-1
30,9,9,0,1,0,0,0,3,0,0,0,0,0.0,0.8333,4.0151,2.5033,0,1,0,0,0,0,0,0,0,0,0,0,0,-1
30,13,10,0,3,0,1,0,3,0,0,0,0,0.3667,0.3667,4.2566,3.1808,0,0,1,0,0,0,1,0,0,0,0,0,0,-1
25,14,4,0,3,0,0,0,3,0,0,0,0,0.48,0.24,3.4031,2.306,0,0,1,0,0,0,1,0,0,0,0,0,0,-1
36,6,7,10,1,0,0,0,3,1,0,0,1,0.0,0.8056,4.229,2.2516,0,1,0,0,0,0,0,0,0,0,0,0,0,-1
34,9,14,0,1,0,0,0,4,0,0,0,0,0.1176,0.7059,4.3594,2.4194,0,1,0,0,0,0,0,0,0,0,0,0,0,-1
40,8,20,0,3,0,0,0,5,0,0,0,0,0.075,0.7,4.1562,2.75,0,1,0,0,0,0,0,0,0,0,0,0,0,-1
34,14,7,0,4,0,0,0,3,0,0,0,0,0.4706,0.2647,3.9369,2.6106,0,0,1,1,0,0,1,0,0,0,0,0,0,-1
20,3,6,0,1,0,0,0,3,0,0,0,0,0.0,0.75,3.7464,1.585,0,1,0,0,0,0,0,0,0,0,0,0,0,-1
44,8,24,0,1,0,0,0,5,0,0,0,0,0.0,0.8409,4.2267,2.4056,0,1,0,0,0,0,0,0,0,0,0,0,0,-1
27,7,8,0,1,0,0,0,3,0,0,0,0,0.0,0.8148,3.9582,2.5216,0,1,0,0,0,0,0,0,0,0,0,0,0,-1
27,6,9,0,1,0,0,0,4,0,0,0,0,0.0,0.7778,3.7919,2.2516,0,1,0,0,0,0,0,0,0,0,0,0,0,-1
27,5,10,0,1,0,0,0,3,0,0,0,0,0.0,0.8148,3.9582,2.3219,0,1,0,0,0,0,0,0,0,0,0,0,0,-1
29,12,5,0,3,0,0,0,3,0,0,0,0,0.4483,0.2759,3.9094,2.6258,0,0,1,1,0,0,1,0,0,0,0,0,0,-1
35,15,7,0,4,0,0,0,3,0,0,0,0,0.4857,0.2571,3.9433,2.4729,0,0,1,1,0,0,1,0,0,0,0,0,0,-1
32,12,7,0,4,0,0,0,3,0,0,0,0,0.4375,0.2812,3.9056,2.5221,0,0,1,1,0,0,1,0,0,0,0,0,0,-1
30,10,8,0,1,0,0,0,3,0,0,0,0,0.0,0.8333,3.8729,3.1219,0,1,0,0,0,0,0,0,0,0,0,0,0,-1
84,17,51,0,3,0,0,0,8,0,0,0,0,0.0714,0.7857,4.5098,3.4548,1,1,0,0,0,0,0,0,0,0,0,0,0,-1
23,6,5,0,1,0,0,0,3,0,0,0,0,0.0,0.7826,3.7951,2.2516,0,1,0,0,0,0,0,0,0,0,0,0,0,-1
24,2,11,0,1,0,0,0,4,0,0,0,0,0.1667,0.5833,3.8868,1.0,0,0,0,0,0,0,1,0,0,0,0,0,0,-1
66,6,37,0,2,4,0,0,3,0,0,0,0,0.4091,0.4394,4.6169,2.2516,1,1,0,0,0,0,1,0,0,0,0,0,0,-1
38,9,17,0,1,1,0,0,4,0,0,0,0,0.0,0.8158,4.0304,2.9477,0,1,0,0,0,0,0,0,0,0,0,0,0,-1
35,15,7,0,4,0,0,0,3,0,0,0,0,0.4857,0.2571,3.9002,2.6389,0,0,1,1,0,0,1,0,0,0,0,0,0,-1
22,5,5,0,1,0,0,0,3,0,0,0,0,0.0,0.7727,3.7201,1.9219,0,1,0,0,0,0,0,0,0,0,0,0,0,-1
25,13,5,0,3,0,0,0,3,0,0,0,0,0.44,0.28,3.9435,2.8731,0,0,1,0,0,0,1,0,0,0,0,0,0,-1
38,14,12,0,1,0,0,0,4,0,0,0,0,0.0,0.8421,3.8103,3.0391,0,1,0,0,0,0,0,0,0,0,0,0,0,-1
68,11,37,0,2,4,0,0,3,0,0,0,0,0.2794,0.5735,4.6779,3.0958,1,1,0,0,0,0,0,0,0,0,0,0,0,-1
28,7,9,0,1,0,0,0,4,0,0,0,0,0.0,0.7857,3.8693,2.5216,0,1,0,0,0,0,0,0,0,0,0,0,0,-1
32,11,6,0,2,0,0,0,3,0,0,0,0,0.0,0.8125,4.0778,3.0958,0,1,0,0,0,0,0,0,0,0,0,0,0,-1
38,5,21,0,1,1,0,0,4,0,0,0,0,0.0,0.8158,4.2737,2.3219,0,1,0,0,0,0,0,0,0,0,0,0,0,-1
49,13,29,0,4,0,0,0,5,0,0,0,0,0.4082,0.3878,4.3599,2.4493,0,0,1,0,0,0,1,0,0,0,0,0,0,-1
28,6,10,0,1,0,0,0,3,0,0,0,0,0.0,0.8214,3.8424,2.585,0,1,0,0,0,0,0,0,0,0,0,0,0,-1
30,14,9,0,4,0,0,0,3,0,0,0,0,0.3667,0.3667,4.0817,3.0391,0,0,1,0,0,0,1,0,0,0,0,0,0,-1
23,3,8,0,1,0,0,0,3,0,0,0,0,0.0,0.7826,4.056,1.585,0,1,0,0,0,0,0,0,0,0,0,0,0,-1
21,4,5,0,1,0,0,0,3,0,0,0,0,0.0,0.7619,3.7849,2.0,0,1,0,0,0,0,0,0,0,0,0,0,0,-1
26,14,5,0,3,0,0,0,3,0,0,0,0,0.4615,0.2692,3.6322,2.306,0,0,1,0,0,0,1,0,0,0,0,0,0,-1
34,14,7,0,4,0,0,0,3,0,0,0,0,0.4706,0.2647,3.9032,2.6456,0,0,1,1,0,0,1,0,0,0,0,0,0,-1
52,16,24,0,1,3,0,0,4,0,0,0,0,0.0769,0.75,4.3441,3.75,0,1,0,0,0,0,0,0,0,0,0,0,0,-1
35,4,20,0,1,0,0,0,5,0,0,0,0,0.0286,0.7714,4.2186,2.0,0,1,0,0,0,0,1,0,0,1,1,0,0,-1
68,13,48,0,4,1,1,0,5,0,0,0,0,0.4559,0.3676,4.3451,2.5654,0,0,1,0,0,0,1,0,0,0,0,0,0,-1
32,14,11,0,4,0,0,0,3,0,0,0,0,0.375,0.375,3.8903,2.4138,0,0,1,0,0,0,1,0,0,0,0,0,0,-1
68,13,48,0,4,1,1,0,5,0,0,0,0,0.3971,0.4265,4.274,2.5654,0,0,1,0,0,0,1,0,0,0,0,0,0,-1
41,5,7,16,1,0,0,0,3,1,0,0,1,0.0,0.8049,4.1899,2.3219,0,1,0,0,0,0,0,0,0,0,0,0,0,-1
25,13,5,0,3,0,0,0,3,0,0,0,0,0.4,0.32,3.8333,2.8151,0,0,1,0,0,0,1,0,0,0,0,0,0,-1
31,13,11,0,4,0,0,0,3,0,0,0,0,0.3548,0.3871,4.1715,2.8151,0,0,1,0,0,0,1,0,0,0,0,0,0,-1
90,28,47,0,2,7,0,0,4,0,0,0,0,0.2333,0.6111,4.694,3.7265,0,1,0,0,0,0,0,0,0,1,1,0,0,-1
29,14,2,0,3,0,0,0,3,0,0,0,0,0.5517,0.1724,3.7589,2.156,0,0,1,1,0,0,1,0,0,0,0,0,0,-1
26,9,5,0,1,0,0,0,3,0,0,0,0,0.0,0.8077,3.5805,2.9477,0,1,0,0,0,0,0,0,0,0,0,0,0,-1
35,14,11,0,3,0,1,0,3,0,0,0,0,0.3714,0.3714,4.1147,2.6106,0,0,1,1,0,0,1,0,0,0,0,0,0,-1
42,14,21,0,4,0,0,0,4,0,0,0,0,0.2619,0.5238,4.3267,2.6106,0,0,1,0,0,0,1,0,0,0,0,0,0,-1
29,4,14,0,1,0,0,0,4,0,0,0,0,0.1724,0.6207,4.2113,2.0,0,1,0,0,0,0,0,0,0,0,0,0,0,-1
88,25,47,0,2,4,0,0,4,0,0,0,0,0.25,0.625,4.783,3.3427,0,1,0,0,0,0,0,0,0,1,1,0,0,-1
46,14,20,0,2,0,0,0,5,0,0,0,0,0.0217,0.8043,4.2411,3.182,0,1,0,0,0,0,0,0,0,1,1,0,0,-1
24,12,5,0,3,0,0,0,3,0,0,0,0,0.4583,0.25,3.7406,2.7925,0,0,1,0,0,0,1,0,0,0,0,0,0,-1
25,3,11,0,1,0,0,0,4,0,0,0,0,0.0,0.76,3.7639,1.585,0,1,0,0,0,0,0,0,0,0,0,0,0,-1
38,21,5,0,1,0,0,0,3,0,0,0,0,0.0,0.8684,3.8725,3.1776,0,1,0,0,0,0,0,0,0,0,0,0,0,-1
26,9,5,0,1,0,0,0,3,0,0,0,0,0.0,0.8077,3.921,2.4194,0,1,0,0,0,0,0,0,0,0,0,0,0,-1
63,14,1,22,2,1,0,0,3,1,0,0,1,0.0159,0.8413,4.953,3.1281,1,1,0,0,0,0,0,0,0,0,0,0,0,-1
22,6,4,0,1,0,0,0,3,0,0,0,0,0.0,0.7727,3.8454,2.2516,0,1,0,0,0,0,0,0,0,0,0,0,0,-1
32,14,11,0,4,0,0,0,3,0,0,0,0,0.3438,0.4062,4.0778,2.8424,0,0,1,0,0,0,1,0,0,0,0,0,0,-1
29,6,12,0,1,0,0,0,3,0,0,0,0,0.0,0.8276,3.7159,1.9183,0,1,0,0,0,0,0,0,0,1,1,1,1,-1
25,14,4,0,3,0,0,0,4,0,0,0,0,0.48,0.2,3.5435,2.5567,0,0,1,0,0,0,1,0,0,0,0,0,0,-1
48,9,7,16,2,0,0,0,3,1,0,0,1,0.0,0.8125,4.205,2.4194,0,1,0,0,0,0,0,0,0,0,0,0,0,-1
44,12,20,0,4,0,2,0,3,0,0,0,0,0.3409,0.4091,4.408,2.4591,0,0,1,1,0,0,1,0,0,0,0,0,0,-1
27,8,8,0,1,0,0,0,3,0,0,0,0,0.0,0.8148,3.5879,2.5,0,1,0,0,0,0,0,0,0,0,0,0,0,-1
31,11,7,0,4,0,0,0,3,0,0,0,0,0.4194,0.2903,4.0911,2.8454,0,0,1,1,0,0,1,0,0,0,0,0,0,-1
29,14,2,0,3,0,0,0,3,0,0,0,0,0.5517,0.1724,3.6504,2.6106,0,0,1,1,0,0,1,0,0,0,0,0,0,-1
27,8,7,0,1,0,0,0,3,0,0,0,0,0.0,0.8148,4.0043,2.75,0,1,0,0,0,0,0,0,0,1,1,0,0,-1
34,13,14,0,4,0,0,0,4,0,0,0,0,0.3235,0.4118,4.1829,2.6612,0,0,1,0,0,0,1,0,0,0,0,0,0,-1
45,8,7,16,1,0,0,0,3,1,0,0,1,0.0,0.8,4.3027,2.75,0,1,0,0,0,0,0,0,0,0,0,0,0,-1
43,16,12,0,3,0,0,0,4,0,0,0,0,0.0,0.814,4.1757,3.1556,0,1,0,0,0,0,0,0,0,0,0,0,0,-1
42,12,23,0,4,0,0,0,4,0,0,0,0,0.2857,0.5,4.1955,2.8554,0,0,1,0,0,0,1,0,0,0,0,0,0,-1
25,13,5,0,3,0,0,0,3,0,0,0,0,0.44,0.28,3.8333,2.8731,0,0,1,0,0,0,1,0,0,0,0,0,0,-1
68,9,37,0,2,4,0,0,3,0,0,0,0,0.2647,0.5882,4.7928,2.4194,1,1,0,0,0,0,0,0,0,0,0,0,0,-1
24,0,7,0,2,0,0,0,3,0,0,0,0,0.0,0.75,3.8035,0.0,0,1,0,0,0,0,0,0,0,1,1,0,0,-1
35,15,7,0,4,0,0,0,3,0,0,0,0,0.4857,0.2571,3.8973,2.5493,0,0,1,1,0,0,1,0,0,0,0,0,0,-1
70,10,42,0,2,5,0,0,4,0,0,0,0,0.2429,0.5857,4.6935,3.1219,0,1,0,0,0,0,0,0,0,0,0,0,0,-1
35,6,17,0,1,1,0,0,4,0,0,0,0,0.0,0.8,3.8973,2.2516,0,1,0,0,0,0,0,0,0,0,0,0,0,-1
28,13,2,0,3,0,0,0,3,0,0,0,0,0.5357,0.1786,3.7709,2.8151,0,0,1,1,0,0,1,0,0,0,0,0,0,-1
36,14,8,0,3,0,0,0,3,0,0,0,0,0.0,0.8056,3.8774,3.2359,1,0,0,0,0,0,0,0,0,0,0,0,0,-1
27,12,2,0,3,0,0,0,3,0,0,0,0,0.5185,0.1852,3.6521,2.6258,0,0,1,1,0,0,1,0,0,0,0,0,0,-1
30,13,10,0,3,0,0,0,4,0,0,0,0,0.3333,0.4,3.8817,2.7193,0,0,1,0,0,0,1,0,0,0,0,0,0,-1
23,2,9,0,1,0,0,0,3,0,0,0,0,0.0,0.7826,3.8492,1.0,0,1,0,0,0,0,0,0,0,0,0,0,0,-1
32,12,13,0,3,1,0,0,3,0,0,0,0,0.375,0.375,4.0306,2.6887,0,0,1,0,0,0,1,0,0,0,0,0,0,-1
40,4,24,0,1,0,0,0,5,0,0,0,0,0.0,0.825,3.9037,1.5,0,1,0,0,0,0,0,0,0,0,0,0,0,-1
33,13,7,0,4,0,0,0,3,0,0,0,0,0.4545,0.2727,3.9832,2.8151,0,0,1,1,0,0,1,0,0,0,0,0,0,-1
42,3,27,0,1,2,0,0,5,0,0,0,0,0.1429,0.6429,4.3657,0.9183,0,1,0,0,0,0,0,0,0,0,0,0,0,-1
33,13,7,0,4,0,0,0,3,0,0,0,0,0.4545,0.2727,3.9077,2.5074,0,0,1,1,0,0,1,0,0,0,0,0,0,-1
21,4,5,0,1,0,0,0,3,0,0,0,0,0.0,0.7619,3.7849,2.0,0,1,0,0,0,0,0,0,0,0,0,0,0,-1
23,14,2,0,3,0,0,0,3,0,0,0,0,0.4783,0.2174,3.6097,2.7885,0,0,1,0,0,0,1,0,0,0,0,0,0,-1
27,4,9,0,2,0,0,0,3,0,0,0,0,0.0,0.7778,3.9582,1.5,0,1,0,0,0,0,0,0,0,0,0,0,0,-1
28,13,2,0,3,0,0,0,3,0,0,0,0,0.5357,0.1786,3.8424,2.6612,0,0,1,1,0,0,1,0,0,0,0,0,0,-1
66,9,37,0,2,4,0,0,3,0,0,0,0,0.2879,0.5606,4.5574,2.7255,1,1,0,0,0,0,0,0,0,0,0,0,0,-1
32,13,12,0,4,0,0,0,3,0,0,0,0,0.3438,0.4062,4.2653,2.8151,0,0,1,0,0,0,1,0,0,0,0,0,0,-1
37,8,13,0,2,0,0,0,4,0,0,0,0,0.0,0.8108,4.0672,2.5,1,1,0,0,0,0,0,0,0,0,0,0,0,-1
86,14,48,0,3,4,0,0,4,0,0,0,0,0.2674,0.593,4.7146,3.3788,1,1,0,0,0,0,0,0,0,0,0,0,0,-1
31,11,7,0,4,0,0,0,3,0,0,0,0,0.4194,0.2903,3.7199,2.4131,0,0,1,1,0,0,1,0,0,0,0,0,0,-1
34,14,7,0,4,0,0,0,3,0,0,0,0,0.4706,0.2647,3.881,2.6456,0,0,1,1,0,0,1,0,0,0,0,0,0,-1
30,6,12,0,1,0,0,0,3,0,0,0,0,0.0,0.8333,3.9232,1.9183,0,1,0,0,0,0,0,0,0,0,0,0,0,-1
34,14,7,0,4,0,0,0,3,0,0,0,0,0.4706,0.2647,3.9764,2.4488,0,0,1,1,0,0,1,0,0,0,0,0,0,-1
30,5,13,0,1,0,0,0,4,0,0,0,0,0.0,0.8,3.7396,1.9219,0,1,0,0,0,0,0,0,0,0,0,0,0,-1
34,11,11,0,1,0,0,0,4,0,0,0,0,0.0,0.8235,3.7238,2.7322,0,1,0,0,0,0,0,0,0,0,0,0,0,-1
25,8,6,0,1,0,0,0,3,0,0,0,0,0.0,0.8,3.7835,2.4056,0,1,0,0,0,0,0,0,0,0,0,0,0,-1
33,11,4,0,1,1,0,0,3,0,0,0,0,0.0,0.8182,3.9455,3.0958,0,1,0,0,0,0,0,0,0,0,0,0,0,-1
27,12,2,0,3,0,0,0,3,0,0,0,0,0.5185,0.1852,3.7542,2.6887,0,0,1,1,0,0,1,0,0,0,0,0,0,-1
69,12,37,0,2,4,0,0,3,0,0,0,0,0.3478,0.5072,4.6587,3.085,1,1,0,0,0,0,1,0,0,0,0,0,0,-1
84,11,50,0,3,5,0,0,4,0,0,0,0,0.1905,0.6548,4.761,3.0958,1,1,0,0,0,0,0,0,0,1,1,0,0,-1
30,15,2,0,3,0,0,0,3,0,0,0,0,0.5667,0.1667,3.7777,2.3656,0,0,1,1,0,0,1,0,0,0,0,0,0,-1
22,10,0,0,1,0,0,0,2,0,0,0,0,0.0,0.8182,3.8797,2.7219,0,1,0,0,0,0,0,0,0,0,0,0,0,-1
48,3,33,0,1,3,0,0,5,0,0,0,0,0.1042,0.6875,4.4052,1.585,0,1,0,0,0,0,0,0,0,0,0,0,0,-1
33,13,7,0,4,0,0,0,3,0,0,0,0,0.4545,0.2727,3.8849,2.6612,0,0,1,1,0,0,1,0,0,0,0,0,0,-1
58,21,14,10,1,0,2,0,4,1,0,0,1,0.1207,0.7069,4.6255,3.368,0,1,0,0,0,0,0,0,0,0,0,0,0,-1
44,4,28,0,1,1,0,0,4,0,0,0,0,0.0,0.8409,4.1158,2.0,0,1,0,0,0,0,0,0,0,0,0,0,0,-1
21,4,5,0,1,0,0,0,3,0,0,0,0,0.0,0.7619,3.5945,2.0,0,1,0,0,0,0,0,0,0,0,0,0,0,-1
26,7,7,0,1,0,0,0,3,0,0,0,0,0.0,0.8077,3.8151,2.8074,0,1,0,0,0,0,0,0,0,1,1,0,0,-1
66,9,37,0,2,4,0,0,3,0,0,0,0,0.2879,0.5606,4.8113,2.7255,1,1,0,0,0,0,0,0,0,0,0,0,0,-1
37,17,8,0,1,1,0,0,3,0,0,0,0,0.0,0.8378,4.2018,3.6901,0,1,0,0,0,0,0,0,0,0,0,0,0,-1
44,12,20,0,2,0,0,0,5,0,0,0,0,0.0227,0.7955,3.8793,2.9183,0,1,0,0,0,0,0,0,0,1,1,0,0,-1
44,16,17,0,1,0,0,0,4,0,0,0,0,0.0,0.8636,4.1069,3.25,0,1,0,0,0,0,0,0,0,0,0,0,0,-1
28,13,2,0,3,0,0,0,3,0,0,0,0,0.5357,0.1786,3.7534,2.7193,0,0,1,1,0,0,1,0,0,0,0,0,0,-1
29,14,2,0,3,0,0,0,3,0,0,0,0,0.5517,0.1724,3.6504,2.7534,0,0,1,1,0,0,1,0,0,0,0,0,0,-1
42,12,23,0,4,0,0,0,3,0,0,0,0,0.2857,0.5238,4.4609,2.4591,0,0,1,0,0,0,1,0,0,0,0,0,0,-1
33,13,7,0,4,0,0,0,3,0,0,0,0,0.4545,0.2727,4.003,2.4416,0,0,1,1,0,0,1,0,0,0,0,0,0,-1
83,13,48,0,3,4,0,0,4,0,0,0,0,0.2169,0.6386,4.6102,3.3927,1,1,0,0,0,0,0,0,0,1,1,0,0,-1
45,12,21,0,1,0,0,0,5,0,0,0,0,0.1111,0.7333,4.1445,3.1887,0,1,0,0,0,0,0,0,0,0,0,0,0,-1
25,11,7,0,3,0,0,0,3,0,0,0,0,0.48,0.24,3.7231,2.5949,0,0,1,0,0,0,1,0,0,0,0,0,0,-1
31,11,8,0,1,0,0,0,3,0,0,0,0,0.0,0.8387,4.0181,3.0958,0,1,0,0,0,0,0,0,0,0,0,0,0,-1
29,14,2,0,3,0,0,0,3,0,0,0,0,0.5517,0.1724,3.7883,2.6995,0,0,1,1,0,0,1,0,0,0,0,0,0,-1
21,3,7,0,1,0,0,0,3,0,0,0,0,0.0,0.7619,3.6538,1.585,0,1,0,0,0,0,0,0,0,1,1,0,0,-1
30,6,13,0,1,0,0,0,4,0,0,0,0,0.0,0.8,3.7362,2.585,0,1,0,0,0,0,0,0,0,0,0,0,0,-1
35,10,0,12,1,0,0,0,2,1,0,0,1,0.0,0.8286,4.036,2.9219,0,1,0,0,0,0,0,0,0,0,0,0,0,-1
29,8,9,0,1,1,0,0,3,0,0,0,0,0.0,0.7931,3.8018,2.5,0,1,0,0,0,0,0,0,0,0,0,0,0,-1
28,9,8,0,1,0,0,0,3,0,0,0,0,0.0,0.8214,3.682,2.7255,0,1,0,0,0,0,0,0,0,0,0,0,0,-1
33,13,7,0,4,0,0,0,3,0,0,0,0,0.4545,0.2727,4.0289,2.1997,0,0,1,1,0,0,1,0,0,0,0,0,0,-1
42,9,21,0,1,0,0,0,5,0,0,0,0,0.119,0.7143,4.2438,2.5033,0,1,0,0,0,0,0,0,0,0,0,0,0,-1
21,4,6,0,1,0,0,0,3,0,0,0,0,0.0476,0.7143,3.6538,2.0,0,1,0,0,0,0,1,0,0,0,0,0,0,-1
25,5,5,0,2,0,0,0,3,0,0,0,0,0.0,0.76,3.8333,1.9219,0,1,0,0,0,0,0,0,0,0,0,0,0,-1
80,11,1,42,2,5,0,0,3,1,0,0,1,0.3125,0.525,4.8833,3.0958,1,1,0,0,0,0,0,0,0,0,0,0,0,-1
86,24,47,0,2,4,0,0,4,0,0,0,0,0.186,0.686,4.5959,3.3868,0,1,0,0,0,0,0,0,0,1,1,0,0,-1
38,6,1,10,2,0,0,0,3,1,0,0,1,0.0263,0.7632,4.1357,2.2516,1,1,0,0,0,0,0,0,0,0,0,0,0,-1
49,9,14,10,2,0,2,0,4,1,0,0,1,0.1429,0.6327,4.7622,2.9477,0,1,0,0,0,0,0,0,0,0,0,0,0,-1
27,7,8,0,1,0,0,0,3,0,0,0,0,0.0,0.8148,3.708,2.5216,0,1,0,0,0,0,0,0,0,0,0,0,0,-1
29,14,2,0,3,0,0,0,3,0,0,0,0,0.5517,0.1724,3.5645,2.4138,0,0,1,1,0,0,1,0,0,0,0,0,0,-1
25,14,4,0,3,0,0,0,3,0,0,0,0,0.44,0.28,3.5329,2.306,0,0,1,0,0,0,1,0,0,0,0,0,0,-1
28,10,6,0,1,0,0,0,3,0,0,0,0,0.0,0.8214,3.8249,2.9219,0,1,0,0,0,0,0,0,0,0,0,0,0,-1
33,13,7,0,4,0,0,0,3,0,0,0,0,0.4545,0.2727,3.8471,2.6032,0,0,1,1,0,0,1,0,0,0,0,0,0,-1
35,15,7,0,4,0,0,0,3,0,0,0,0,0.4857,0.2571,4.036,2.5493,0,0,1,1,0,0,1,0,0,0,0,0,0,-1
35,15,7,0,4,0,0,0,3,0,0,0,0,0.4857,0.2571,4.0116,2.7899,0,0,1,1,0,0,1,0,0,0,0,0,0,-1
29,11,6,0,1,0,0,0,3,0,0,0,0,0.0,0.8276,3.6504,3.0958,0,1,0,0,0,0,0,0,0,0,0,0,0,-1
29,14,2,0,3,0,0,0,3,0,0,0,0,0.5517,0.1724,3.5949,2.156,0,0,1,1,0,0,1,0,0,0,0,0,0,-1
29,14,2,0,3,0,0,0,3,0,0,0,0,0.5517,0.1724,3.5125,2.6456,0,0,1,1,0,0,1,0,0,0,0,0,0,-1
30,10,8,0,1,0,0,0,3,0,0,0,0,0.0,0.8333,3.8981,2.4464,0,1,0,0,0,0,0,0,0,1,1,0,0,-1
32,13,12,0,4,0,0,0,3,0,0,0,0,0.375,0.375,4.0542,2.6612,0,0,1,0,0,0,1,0,0,1,1,0,0,-1
32,7,14,0,1,0,0,0,4,0,0,0,0,0.0625,0.75,4.1014,2.5216,0,1,0,0,0,0,1,0,0,0,0,0,0,-1
33,13,7,0,4,0,0,0,3,0,0,0,0,0.4545,0.2727,3.859,2.2878,0,0,1,1,0,0,1,0,0,0,0,0,0,-1
41,9,20,0,1,0,0,0,4,0,0,0,0,0.0,0.8537,4.1196,2.9477,0,1,0,0,0,0,0,0,0,0,0,0,0,-1
30,15,2,0,3,0,0,0,3,0,0,0,0,0.5667,0.1667,3.7232,3.0062,0,0,1,1,0,0,1,0,0,0,0,0,0,-1
36,12,0,12,1,0,0,0,2,1,0,0,1,0.0,0.8333,4.0515,2.8554,0,1,0,0,0,0,0,0,0,0,0,0,0,-1
25,5,8,0,1,0,0,0,3,0,0,0,0,0.0,0.8,3.6431,2.3219,0,1,0,0,0,0,0,0,0,0,0,0,0,-1
25,4,9,0,1,0,0,0,3,0,0,0,0,0.08,0.72,3.9435,2.0,0,1,0,0,0,0,1,0,0,0,0,0,0,-1
31,13,11,0,4,0,0,0,3,0,0,0,0,0.3548,0.3871,3.9779,2.5074,0,0,1,0,0,0,1,0,0,0,0,0,0,-1
30,14,9,0,3,0,1,0,3,0,0,0,0,0.3667,0.3667,3.9647,2.6106,0,0,1,0,0,0,1,0,0,0,0,0,0,-1
47,23,12,0,1,1,0,0,4,0,0,0,0,0.0,0.8511,4.0923,3.654,0,1,0,0,0,0,0,0,0,0,0,0,0,-1
24,0,6,0,1,0,0,0,3,0,0,0,0,0.0,0.7917,3.6573,0.0,0,1,0,0,0,0,0,0,0,0,0,0,0,-1
24,4,9,0,1,0,0,0,3,0,0,0,0,0.0,0.7917,3.8239,1.5,0,1,0,0,0,0,0,0,0,0,0,0,0,-1
41,5,24,0,1,2,0,0,4,0,0,0,0,0.0976,0.7073,4.1779,2.3219,0,1,0,0,0,0,0,0,0,0,0,0,0,-1
46,6,14,10,2,0,2,0,4,1,0,0,1,0.1522,0.6087,4.8279,2.585,0,1,0,0,0,0,0,0,0,0,0,0,0,-1
33,13,8,0,1,0,0,0,3,0,0,0,0,0.0,0.8485,3.8768,3.5466,0,1,0,0,0,0,0,0,0,0,0,1,1,-1
32,6,12,0,2,0,0,0,4,0,0,0,0,0.125,0.6562,4.0389,1.9183,0,1,0,0,0,0,0,0,0,1,1,1,1,-1
34,11,11,0,2,0,0,0,3,0,0,0,0,0.0,0.8235,4.0209,3.2776,0,1,0,0,0,0,0,0,0,0,0,0,0,-1
33,13,7,0,4,0,0,0,3,0,0,0,0,0.4545,0.2727,3.9683,2.6612,0,0,1,1,0,0,1,0,0,0,0,0,0,-1
37,14,16,0,4,0,0,0,4,0,0,0,0,0.2973,0.4595,4.1753,2.7885,0,0,1,0,0,0,1,0,0,0,0,0,0,-1
46,6,14,10,2,0,2,0,4,1,0,0,1,0.1522,0.6087,4.768,1.9183,0,1,0,0,0,0,0,0,0,1,1,1,1,-1
39,6,21,0,1,0,0,0,5,0,0,0,0,0.1282,0.6923,4.0998,2.2516,0,1,0,0,0,0,0,0,0,0,0,0,0,-1
34,12,11,0,2,1,0,0,3,0,0,0,0,0.0,0.7941,4.0323,2.7516,0,1,0,0,0,0,0,0,0,0,0,0,0,-1
23,4,8,0,1,0,0,0,3,0,0,0,0,0.0,0.7826,3.5014,2.0,0,1,0,0,0,0,0,0,0,0,0,0,0,-1
34,14,7,0,4,0,0,0,3,0,0,0,0,0.4706,0.2647,3.9369,2.4956,0,0,1,1,0,0,1,0,0,0,0,0,0,-1
34,14,7,0,4,0,0,0,3,0,0,0,0,0.4706,0.2647,3.8888,2.5567,0,0,1,1,0,0,1,0,0,0,0,0,0,-1
53,8,33,0,1,3,0,0,5,0,0,0,0,0.0943,0.717,4.514,3.0,0,1,0,0,0,0,0,0,0,0,0,0,0,-1
29,14,2,0,3,0,0,0,3,0,0,0,0,0.5517,0.1724,3.7623,2.8963,0,0,1,1,0,0,1,0,0,0,0,0,0,-1
32,4,7,8,1,0,0,0,3,1,0,0,1,0.0,0.7812,4.0153,2.0,0,1,0,0,0,0,0,0,0,0,0,0,0,-1
72,15,37,0,2,4,0,0,3,0,0,0,0,0.2778,0.5833,4.7601,3.5069,1,1,0,0,0,0,0,0,0,0,0,0,0,-1
59,20,23,0,2,0,0,0,4,0,0,0,0,0.2712,0.5932,4.5516,3.3842,0,0,0,1,0,0,0,0,0,0,0,0,0,-1
30,15,2,0,3,0,0,0,3,0,0,0,0,0.5667,0.1667,3.8444,2.8159,0,0,1,1,0,0,1,0,0,0,0,0,0,-1
40,15,13,0,4,0,0,0,3,0,0,0,0,0.4,0.375,4.2964,2.6892,0,0,1,1,0,0,1,0,0,0,0,0,0,-1
57,13,32,0,4,0,3,0,4,0,0,0,0,0.386,0.386,4.4466,2.7193,0,0,1,1,0,0,1,0,0,0,0,0,0,-1
29,9,8,0,1,0,0,0,3,0,0,0,0,0.0,0.8276,3.8313,3.1699,0,1,0,0,0,0,0,0,0,0,0,0,0,-1
32,4,2,13,1,0,0,0,3,1,0,0,1,0.0,0.75,4.0039,2.0,0,1,0,0,0,0,0,0,0,0,0,0,0,-1
44,12,20,0,3,0,0,0,5,0,0,0,0,0.0682,0.7273,4.1441,3.2516,0,1,0,0,0,0,0,0,0,0,0,0,0,-1
87,13,50,0,3,4,0,0,4,0,0,0,0,0.1839,0.6782,4.8129,3.5466,1,1,0,0,0,0,0,0,0,1,1,0,0,-1
36,9,15,0,1,0,0,0,4,0,0,0,0,0.0,0.8333,3.8292,2.7255,0,1,0,0,0,0,0,0,0,0,0,0,0,-1
26,11,2,0,3,0,0,0,3,0,0,0,0,0.5,0.1923,3.6424,2.4817,0,0,1,1,0,0,1,0,0,0,0,0,0,-1
44,13,23,0,5,0,0,0,4,0,0,0,0,0.2273,0.5455,4.3259,2.8151,0,1,1,0,0,0,1,0,0,0,0,0,0,-1
32,13,12,0,4,0,0,0,3,0,0,0,0,0.3125,0.4375,4.2028,2.8151,0,0,1,0,0,0,1,0,0,0,0,0,0,-1
37,18,7,0,1,0,0,0,3,0,0,0,0,0.0,0.8649,4.0468,3.4613,0,1,0,0,0,0,0,0,0,0,0,1,1,-1
34,14,7,0,4,0,0,0,3,0,0,0,0,0.4706,0.2647,4.0431,2.6106,0,0,1,1,0,0,1,0,0,0,0,0,0,-1
28,4,12,0,1,0,0,0,4,0,0,0,0,0.0,0.7857,3.7979,2.0,0,1,0,0,0,0,0,0,0,0,0,0,0,-1
44,12,20,0,1,0,0,0,4,0,0,0,0,0.0,0.8636,4.0875,2.8554,0,1,0,0,0,0,0,0,0,0,0,0,0,-1
29,14,2,0,3,0,0,0,3,0,0,0,0,0.5517,0.1724,3.7623,2.6456,0,0,1,1,0,0,1,0,0,0,0,0,0,-1
22,4,6,0,1,0,0,0,3,0,0,0,0,0.0,0.7727,3.6635,2.0,0,1,0,0,0,0,0,0,0,0,0,0,0,-1
34,14,7,0,4,0,0,0,3,0,0,0,0,0.4706,0.2647,3.9842,2.7885,0,0,1,1,0,0,1,0,0,0,0,0,0,-1
30,15,2,0,3,0,0,0,3,0,0,0,0,0.5667,0.1667,3.7396,2.4226,0,0,1,1,0,0,1,0,0,0,0,0,0,-1
92,32,47,0,2,8,0,0,4,0,0,0,0,0.2065,0.6304,4.5958,3.6289,0,1,0,0,0,0,0,0,0,1,1,0,0,-1
24,4,8,0,1,0,0,0,3,0,0,0,0,0.0,0.7917,4.0535,2.0,0,1,0,0,0,0,0,0,0,0,0,0,0,-1
30,8,8,0,2,0,0,0,3,0,0,0,0,0.0,0.8,3.7811,2.5,0,1,0,0,0,0,0,0,0,0,0,0,0,-1
32,6,14,0,1,0,0,0,4,0,0,0,0,0.125,0.6875,4.4764,2.585,0,1,0,0,0,0,0,0,0,0,0,0,0,-1
29,11,6,0,1,0,0,0,3,0,0,0,0,0.0,0.8276,3.9263,3.0958,0,1,0,0,0,0,0,0,0,0,0,0,0,-1
18,2,5,0,1,0,0,0,3,0,0,0,0,0.0,0.7222,3.5305,1.0,0,1,0,0,0,0,0,0,0,0,0,0,0,-1
25,13,5,0,3,0,0,0,3,0,0,0,0,0.44,0.28,3.8635,2.8731,0,0,1,0,0,0,1,0,0,0,0,0,0,-1
28,8,8,0,1,0,0,0,3,0,0,0,0,0.0,0.8214,3.7804,3.0,0,1,0,0,0,0,0,0,0,0,0,0,0,-1
43,8,20,0,2,0,0,0,4,0,0,0,0,0.0,0.8372,3.9721,2.5,0,1,0,0,0,0,0,0,0,0,0,0,0,-1
32,3,17,0,1,1,0,0,4,0,0,0,0,0.0,0.7812,3.8042,1.585,0,1,0,0,0,0,0,0,0,0,0,0,0,-1
39,6,20,0,3,0,0,0,5,0,0,0,0,0.0769,0.6923,3.8921,2.585,0,1,0,0,0,0,0,0,1,0,0,0,0,-1
37,15,10,0,1,0,0,0,3,0,0,0,0,0.0,0.8649,3.9183,3.1899,0,1,0,0,0,0,0,0,0,0,0,0,0,-1
75,6,42,14,2,1,1,0,8,1,0,0,1,0.0267,0.7733,4.637,2.585,0,1,0,0,0,0,0,0,0,0,0,0,0,-1
34,14,7,0,4,0,0,0,3,0,0,0,0,0.4706,0.2647,3.9032,2.5027,0,0,1,1,0,0,1,0,0,0,0,0,0,-1
85,14,48,0,3,4,0,0,4,0,0,0,0,0.2706,0.5882,4.6001,3.5216,1,0,0,0,0,0,0,0,0,0,0,0,0,-1
26,5,9,0,1,0,0,0,3,0,0,0,0,0.0,0.8077,3.8441,2.3219,0,1,0,0,0,0,0,0,0,0,0,0,0,-1
88,7,66,0,3,6,0,0,6,0,0,0,0,0.3636,0.4545,4.7527,2.8074,1,1,0,0,0,0,0,0,1,0,0,0,0,-1
46,9,14,10,1,0,2,0,4,1,0,0,1,0.1522,0.6304,4.9149,2.9477,0,1,0,0,0,0,0,0,0,0,0,0,0,-1
114,13,94,0,6,6,0,0,3,0,0,0,0,0.0877,0.7719,4.5497,2.7193,0,0,1,0,0,0,1,0,0,0,0,0,0,-1
34,3,20,0,1,0,0,0,5,0,0,0,0,0.0,0.7941,3.9957,1.585,0,1,0,0,0,0,0,0,0,1,1,0,0,-1
24,7,5,0,1,0,0,0,3,0,0,0,0,0.0,0.7917,3.8554,2.8074,0,1,0,0,0,0,0,0,0,0,0,0,0,-1
67,13,37,0,2,4,0,0,3,0,0,0,0,0.2537,0.597,4.7932,3.3927,1,1,0,0,0,0,0,0,0,0,0,0,0,-1
33,13,7,0,4,0,0,0,3,0,0,0,0,0.4545,0.2727,4.0061,2.5074,0,0,1,1,0,0,1,0,0,0,0,0,0,-1
29,5,9,0,2,0,0,0,3,0,0,0,0,0.0,0.7931,3.9952,1.9219,0,1,0,0,0,0,0,0,0,0,0,0,0,-1
23,14,2,0,3,0,0,0,3,0,0,0,0,0.4783,0.2174,3.4144,2.4677,0,0,1,0,0,0,1,0,0,0,0,0,0,-1
34,14,7,0,4,0,0,0,3,0,0,0,0,0.4706,0.2647,4.0797,2.7885,0,0,1,1,0,0,1,0,0,0,0,0,0,-1
24,13,4,0,3,0,0,0,3,0,0,0,0,0.4583,0.25,3.8554,2.8731,0,0,1,0,0,0,1,0,0,0,0,0,0,-1
40,8,20,0,1,0,0,0,4,0,0,0,0,0.0,0.85,3.9751,2.5,0,1,0,0,0,0,0,0,0,0,0,0,0,-1
27,12,2,0,3,0,0,0,3,0,0,0,0,0.5185,0.1852,3.7821,2.4591,0,0,1,1,0,0,1,0,0,0,0,0,0,-1
43,11,20,0,2,1,0,0,3,0,0,0,0,0.0465,0.7907,4.3214,2.8454,0,1,0,0,0,0,0,0,0,0,0,0,0,-1
82,13,1,42,2,5,0,0,3,1,0,0,1,0.2561,0.5854,4.8711,3.3927,1,1,0,0,0,0,0,0,0,0,0,0,0,-1
33,6,7,8,1,0,0,0,3,1,0,0,1,0.0,0.7879,4.1044,2.585,0,1,0,0,0,0,0,0,0,0,0,0,0,-1
42,7,12,0,2,0,1,0,4,0,0,0,0,0.0952,0.7143,4.5109,2.5216,1,0,0,0,0,0,0,0,0,0,0,0,0,-1
26,10,5,0,1,0,0,0,3,0,0,0,0,0.0,0.8077,3.921,3.3219,0,1,0,0,0,0,0,0,0,0,0,0,0,-1
34,14,7,0,4,0,0,0,3,0,0,0,0,0.4706,0.2647,3.8888,2.4138,0,0,1,1,0,0,1,0,0,0,0,0,0,-1
33,11,10,0,1,0,0,0,3,0,0,0,0,0.0,0.8485,4.1044,2.8454,0,1,0,0,0,0,0,0,0,0,0,0,0,-1
50,14,29,0,3,0,0,0,4,0,0,0,0,0.24,0.6,3.6033,2.6106,0,0,1,0,0,0,1,0,0,0,0,0,0,-1
34,8,14,0,1,0,0,0,4,0,0,0,0,0.1176,0.7059,4.3594,2.5,0,1,0,0,0,0,0,0,0,0,0,0,0,-1
32,15,5,0,1,0,0,0,3,0,0,0,0,0.0,0.8438,4.2028,3.2402,0,1,0,0,0,0,0,0,0,0,0,0,0,-1
34,14,7,0,4,0,0,0,3,0,0,0,0,0.4706,0.2647,3.9147,2.7885,0,0,1,1,0,0,1,0,0,0,0,0,0,-1
29,14,2,0,3,0,0,0,3,0,0,0,0,0.5517,0.1724,3.4604,2.4956,0,0,1,1,0,0,1,0,0,0,0,0,0,-1
33,5,13,0,2,0,0,0,4,0,0,0,0,0.0,0.7879,4.0747,2.3219,0,1,0,0,0,0,0,0,0,0,0,0,0,-1
26,14,0,0,1,0,0,0,2,0,0,0,0,0.0,0.8462,3.8253,3.2359,0,1,0,0,0,0,0,0,0,0,0,0,0,-1
81,13,1,42,2,4,0,0,3,1,0,0,1,0.2716,0.5802,4.9214,3.2389,1,1,0,0,0,0,0,0,0,0,0,0,0,-1
47,8,28,0,1,1,0,0,4,0,0,0,0,0.0,0.8511,4.0358,2.75,0,1,0,0,0,0,0,0,0,0,0,0,0,-1
44,10,22,0,4,0,0,0,4,0,0,0,0,0.25,0.5227,4.3514,2.4464,0,0,1,1,0,0,1,0,0,0,0,0,0,-1
26,3,9,0,2,0,0,0,3,0,0,0,0,0.0,0.7692,3.8253,1.585,0,1,0,0,0,0,0,0,0,0,0,0,0,-1
42,3,27,0,1,2,0,0,5,0,0,0,0,0.1429,0.6429,4.4133,1.585,0,1,0,0,0,0,0,0,0,0,0,0,0,-1
25,8,5,0,1,0,0,0,3,0,0,0,0,0.0,0.8,3.7337,3.0,0,1,0,0,0,0,0,0,0,0,0,0,0,-1
50,11,27,0,1,2,0,0,5,0,0,0,0,0.12,0.7,4.4522,2.3685,0,1,0,0,0,0,0,0,0,0,0,0,0,-1
30,15,2,0,3,0,0,0,3,0,0,0,0,0.5667,0.1667,3.5526,2.6892,0,0,1,1,0,0,1,0,0,0,0,0,0,-1
25,7,6,0,1,0,0,0,3,0,0,0,0,0.0,0.8,3.9435,2.8074,0,1,0,0,0,0,0,0,0,1,1,0,0,-1
38,11,15,0,1,0,0,0,4,0,0,0,0,0.0,0.8421,4.1331,2.8454,0,1,0,0,0,0,0,0,0,0,0,0,0,-1
28,13,2,0,3,0,0,0,3,0,0,0,0,0.5357,0.1786,3.7265,2.4493,0,0,1,1,0,0,1,0,0,0,0,0,0,-1
31,4,7,8,1,0,0,0,3,1,0,0,1,0.0,0.7742,3.9536,1.5,0,1,0,0,0,0,0,0,0,0,0,0,0,-1
39,3,14,10,1,0,2,0,4,1,0,0,1,0.1795,0.5641,4.4968,1.585,0,1,0,0,0,0,0,0,0,0,0,0,0,-1
30,10,8,0,1,0,0,0,3,0,0,0,0,0.2333,0.6,4.2566,3.1219,0,1,0,0,0,0,0,0,0,0,0,0,0,-1
28,13,2,0,3,0,0,0,3,0,0,0,0,0.5357,0.1786,3.5836,2.4116,0,0,1,1,0,0,1,0,0,0,0,0,0,-1
25,14,4,0,3,0,0,0,3,0,0,0,0,0.48,0.24,3.4831,2.5567,0,0,1,0,0,0,1,0,0,0,0,0,0,-1
28,5,11,0,1,0,0,0,4,0,0,0,0,0.0,0.7857,3.9502,1.9219,0,1,0,0,0,0,0,0,0,0,0,0,0,-1
23,4,0,6,1,0,0,0,2,1,0,0,1,0.0435,0.6957,4.1757,2.0,0,1,0,0,0,0,0,0,0,0,0,0,0,-1
28,13,2,0,3,0,0,0,3,0,0,0,0,0.5357,0.1786,3.655,2.8151,0,0,1,1,0,0,1,0,0,0,0,0,0,-1
45,13,20,0,3,0,0,0,5,0,0,0,0,0.0667,0.7333,4.267,3.3927,0,1,0,0,0,0,0,0,0,0,0,0,0,-1
68,13,48,0,4,1,1,0,5,0,0,0,0,0.4412,0.3824,4.4219,2.5654,0,0,1,0,0,0,1,0,0,0,0,0,0,-1
32,8,12,0,1,0,0,0,3,0,0,0,0,0.0,0.8438,3.9292,2.75,0,1,0,0,0,0,0,0,0,0,0,0,0,-1
27,6,10,0,1,0,0,0,3,0,0,0,0,0.0,0.8148,3.8101,2.2516,0,1,0,0,0,0,0,0,0,0,0,0,0,-1
34,14,7,0,4,0,0,0,3,0,0,0,0,0.4706,0.2647,3.8666,2.217,0,0,1,1,0,0,1,0,0,0,0,0,0,-1
63,11,40,0,1,4,0,0,4,0,0,0,0,0.254,0.5873,4.5918,2.6635,0,1,0,0,0,0,0,0,0,0,0,0,0,-1
30,2,8,0,3,0,0,0,3,0,0,0,0,0.0,0.7667,3.7647,1.0,2,1,0,0,0,0,0,0,0,0,0,0,0,-1
68,13,48,0,4,1,1,0,5,0,0,0,0,0.4706,0.3529,4.3682,2.5654,0,0,1,0,0,0,1,0,0,0,0,0,0,-1
51,14,14,10,1,0,2,0,4,1,0,0,1,0.1373,0.6667,4.7337,3.3249,0,1,0,0,0,0,0,0,0,0,0,0,0,-1
89,30,47,0,2,8,0,0,4,0,0,0,0,0.3146,0.5169,4.7895,3.6981,0,0,0,0,0,0,0,0,0,1,1,0,0,-1
32,7,13,0,1,0,0,0,4,0,0,0,0,0.0,0.8125,4.1167,2.8074,0,1,0,0,0,0,0,0,0,0,0,0,0,-1
29,14,2,0,3,0,0,0,3,0,0,0,0,0.5517,0.1724,3.5554,2.4138,0,0,1,1,0,0,1,0,0,0,0,0,0,-1
37,3,22,0,1,1,0,0,5,0,0,0,0,0.1622,0.6216,4.1291,1.585,0,1,0,0,0,0,0,0,0,0,0,0,0,-1
24,8,4,0,1,0,0,0,3,0,0,0,0,0.0,0.7917,4.0535,2.5,0,1,0,0,0,0,0,0,0,0,0,0,0,-1
29,14,2,0,3,0,0,0,3,0,0,0,0,0.5517,0.1724,3.7883,2.6995,0,0,1,1,0,0,1,0,0,0,0,0,0,-1
25,11,7,0,3,0,0,0,3,0,0,0,0,0.44,0.28,3.6431,2.5949,0,0,1,0,0,0,1,0,0,0,0,0,0,-1
39,7,20,0,1,0,0,0,5,0,0,0,0,0.0,0.8205,4.173,2.8074,0,1,0,0,0,0,0,0,0,1,1,0,0,-1
27,3,12,0,1,0,0,0,4,0,0,0,0,0.1481,0.6296,3.9121,1.585,0,1,0,0,0,0,0,0,0,0,0,0,0,-1
34,14,7,0,4,0,0,0,3,0,0,0,0,0.4706,0.2647,3.9957,2.8424,0,0,1,1,0,0,1,0,0,0,0,0,0,-1
32,5,15,0,1,0,0,0,4,0,0,0,0,0.0,0.8125,4.1639,2.3219,0,1,0,0,0,0,0,0,0,0,0,0,0,-1
25,3,10,0,1,0,0,0,3,0,0,0,0,0.0,0.8,3.8333,1.585,0,1,0,0,0,0,0,0,0,0,0,0,0,-1
31,6,14,0,1,0,0,0,4,0,0,0,0,0.129,0.6774,4.2847,1.9183,0,1,0,0,0,0,0,0,0,1,1,1,1,-1
31,13,5,0,3,0,0,0,3,0,0,0,0,0.4839,0.2581,3.8647,2.8731,0,0,1,1,0,0,1,0,0,0,0,0,0,-1
36,13,11,0,1,0,0,0,4,0,0,0,0,0.0,0.8333,3.8984,3.2389,0,1,0,0,0,0,0,0,0,0,0,0,0,-1
35,13,10,0,3,0,1,0,3,0,0,0,0,0.4571,0.2857,4.1072,2.8151,0,0,1,1,0,0,1,0,0,0,0,0,0,-1
35,15,7,0,4,0,0,0,3,0,0,0,0,0.4857,0.2571,4.0576,2.7396,0,0,1,1,0,0,1,0,0,0,0,0,0,-1
27,12,2,0,3,0,0,0,3,0,0,0,0,0.5185,0.1852,3.5599,2.1887,0,0,1,1,0,0,1,0,0,0,0,0,0,-1
77,12,1,42,2,5,0,0,3,1,0,0,1,0.2857,0.5455,4.8465,3.0221,1,1,0,0,0,0,0,0,0,0,0,0,0,-1
80,11,48,0,3,4,0,0,4,0,0,0,0,0.2625,0.5875,4.6751,3.2776,1,1,0,0,0,0,0,0,0,0,0,0,0,-1
28,13,8,0,4,0,0,0,3,0,0,0,0,0.3571,0.3571,3.5836,2.6032,0,0,1,0,0,0,1,0,0,0,0,0,0,-1
28,12,9,0,3,0,1,0,3,0,0,0,0,0.3214,0.3929,3.9852,2.6258,0,0,1,0,0,0,1,0,0,0,0,0,0,-1
40,5,7,16,1,0,0,0,3,1,0,0,1,0.0,0.775,4.2087,1.9219,0,1,0,0,0,0,0,0,0,0,0,0,0,-1
32,13,5,0,1,0,0,0,3,0,0,0,0,0.0312,0.8125,3.9681,3.027,0,0,0,0,0,0,0,0,1,0,0,0,0,-1
39,11,17,0,2,1,0,0,3,0,0,0,0,0.0769,0.7436,3.9898,2.8454,0,0,0,0,0,0,0,0,0,0,0,0,0,-1
32,11,9,0,1,0,0,0,3,0,0,0,0,0.0,0.8438,3.882,3.2776,0,1,0,0,0,0,0,0,0,0,0,0,0,-1
34,6,17,0,1,0,0,0,4,0,0,0,0,0.0,0.8235,3.9842,2.2516,0,1,0,0,0,0,0,0,0,0,0,0,0,-1
18,2,5,0,1,0,0,0,3,0,0,0,0,0.0,0.7222,3.6835,1.0,0,1,0,0,0,0,0,0,0,0,0,0,0,-1
34,14,13,0,3,0,0,0,4,0,0,0,0,0.3235,0.4412,4.0431,2.6106,0,0,1,0,0,0,1,0,0,0,0,0,0,-1
20,2,7,0,1,0,0,0,3,0,0,0,0,0.1,0.65,3.5464,1.0,0,1,0,0,0,0,1,0,0,1,1,0,0,-1
31,3,16,0,1,0,0,0,4,0,0,0,0,0.0,0.8065,3.8457,1.585,0,1,0,0,0,0,0,0,0,0,0,0,0,-1
37,5,20,0,1,0,0,0,4,0,0,0,0,0.0,0.8378,3.8642,2.3219,0,1,0,0,0,0,0,0,0,0,0,0,0,-1
47,8,27,0,1,2,0,0,5,0,0,0,0,0.1277,0.6809,4.3979,2.75,0,1,0,0,0,0,0,0,0,0,0,0,0,-1
30,9,9,0,1,0,0,0,3,0,0,0,0,0.0,0.8333,3.7078,2.9477,0,1,0,0,0,0,0,0,0,0,0,0,0,-1
39,6,22,0,1,1,0,0,5,0,0,0,0,0.1538,0.641,4.0191,2.585,0,1,0,0,0,0,0,0,0,0,0,0,0,-1
33,13,7,0,4,0,0,0,3,0,0,0,0,0.4545,0.2727,3.9077,2.4116,0,0,1,1,0,0,1,0,0,0,0,0,0,-1
58,10,32,0,2,0,3,0,4,0,0,0,0,0.2069,0.6034,4.4847,2.7219,0,0,0,1,0,0,0,0,0,0,0,0,0,-1
29,8,9,0,1,0,0,0,4,0,0,0,0,0.0,0.7931,3.8664,3.0,0,1,0,0,0,0,0,0,0,0,0,0,0,-1
86,24,47,0,2,4,0,0,4,0,0,0,0,0.2442,0.6279,4.8112,3.6368,0,1,0,0,0,0,0,0,0,1,1,0,0,-1
68,13,48,0,4,1,1,0,5,0,0,0,0,0.4118,0.4118,4.4384,2.5654,0,0,1,0,0,0,1,0,0,0,0,0,0,-1
40,8,20,0,2,0,0,0,5,0,0,0,0,0.025,0.775,3.9726,2.75,0,1,0,0,0,0,0,0,0,1,1,0,0,-1
36,4,20,0,1,0,0,0,5,0,0,0,0,0.0,0.8056,4.2154,2.0,0,1,0,0,0,0,0,0,0,1,1,0,0,-1
32,4,17,0,1,0,0,0,4,0,0,0,0,0.0,0.8125,3.9764,2.0,0,1,0,0,0,0,0,0,0,0,0,0,0,-1
37,9,17,0,1,0,0,0,4,0,0,0,0,0.0,0.8378,3.9856,3.1699,0,1,0,0,0,0,0,0,0,0,0,0,0,-1
25,2,12,0,1,0,0,0,4,0,0,0,0,0.16,0.6,3.7639,1.0,0,1,0,0,0,0,0,0,0,0,0,0,0,-1
40,4,7,16,1,0,0,0,3,1,0,0,1,0.0,0.8,4.1531,2.0,0,1,0,0,0,0,0,0,0,0,0,0,0,-1
29,5,13,0,1,0,0,0,4,0,0,0,0,0.0,0.7931,3.7975,2.3219,0,1,0,0,0,0,0,0,0,0,0,0,0,-1
32,12,7,0,4,0,0,0,3,0,0,0,0,0.4375,0.2812,3.9261,2.6258,0,0,1,1,0,0,1,0,0,0,0,0,0,-1
38,3,20,0,2,0,0,0,5,0,0,0,0,0.0,0.7895,4.1986,1.585,0,1,0,0,0,0,0,0,0,1,1,0,0,-1
33,13,7,0,4,0,0,0,3,0,0,0,0,0.4545,0.2727,3.9455,2.6032,0,0,1,1,0,0,1,0,0,0,0,0,0,-1
29,7,10,0,1,0,0,0,3,0,0,0,0,0.0,0.8276,4.0213,2.1281,0,1,0,0,0,0,0,0,0,0,0,0,0,-1
25,13,5,0,3,0,0,0,3,0,0,0,0,0.4,0.32,3.9435,2.8731,0,0,1,0,0,0,1,0,0,0,0,0,0,-1
52,13,32,0,3,0,1,0,4,0,0,0,0,0.2692,0.5577,3.6529,2.6612,0,0,1,0,0,0,1,0,0,0,0,0,0,-1
33,13,7,0,4,0,0,0,3,0,0,0,0,0.4545,0.2727,4.0061,2.8731,0,0,1,1,0,0,1,0,0,0,0,0,0,-1
29,14,2,0,3,0,0,0,3,0,0,0,0,0.5517,0.1724,3.6673,2.5027,0,0,1,1,0,0,1,0,0,0,0,0,0,-1
29,13,9,0,3,0,0,0,4,0,0,0,0,0.3448,0.3793,3.8833,2.6612,0,0,1,0,0,0,1,0,0,0,0,0,0,-1
33,7,14,0,1,0,0,0,3,0,0,0,0,0.0,0.8485,3.9832,2.5216,0,1,0,0,0,0,0,0,0,0,0,0,0,-1
34,14,7,0,4,0,0,0,3,0,0,0,0,0.4706,0.2647,3.962,2.4677,0,0,1,1,0,0,1,0,0,0,0,0,0,-1
33,6,16,0,1,0,0,0,4,0,0,0,0,0.0,0.8182,4.0896,2.2516,0,1,0,0,0,0,0,0,0,0,0,0,0,-1
26,9,5,0,1,0,0,0,3,0,0,0,0,0.0,0.8077,3.8441,2.9477,0,1,0,0,0,0,0,0,0,0,0,0,0,-1
33,13,7,0,4,0,0,0,3,0,0,0,0,0.4545,0.2727,3.9226,2.6612,0,0,1,1,0,0,1,0,0,0,0,0,0,-1
32,12,7,0,4,0,0,0,3,0,0,0,0,0.4375,0.2812,4.0153,2.8554,0,0,1,1,0,0,1,0,0,0,0,0,0,-1
42,9,21,0,1,0,0,0,5,0,0,0,0,0.119,0.7143,4.2204,2.6416,0,1,0,0,0,0,0,0,0,0,0,0,0,-1
40,9,20,0,1,0,0,0,4,0,0,0,0,0.0,0.85,4.0464,2.7255,0,1,0,0,0,0,0,0,0,0,0,0,0,-1
40,13,16,0,1,0,0,0,4,0,0,0,0,0.0,0.85,3.9848,3.5466,0,1,0,0,0,0,0,0,0,0,0,0,0,-1
29,12,5,0,1,0,0,0,3,0,0,0,0,0.0,0.8276,3.9094,2.8554,0,1,0,0,0,0,0,0,0,0,0,0,0,-1
26,11,1,0,1,1,0,0,3,0,0,0,0,0.0,0.7692,3.7962,3.0272,0,1,0,0,0,0,0,0,1,0,0,0,0,-1
34,14,7,0,4,0,0,0,3,0,0,0,0,0.4706,0.2647,3.7592,2.4956,0,0,1,1,0,0,1,0,0,0,0,0,0,-1
25,4,9,0,1,0,0,0,3,0,0,0,0,0.0,0.8,4.0235,2.0,0,1,0,0,0,0,0,0,0,1,1,0,0,-1
27,12,2,0,3,0,0,0,3,0,0,0,0,0.5185,0.1852,3.634,2.6887,0,0,1,1,0,0,1,0,0,0,0,0,0,-1
30,12,11,0,3,1,0,0,3,0,0,0,0,0.3333,0.4,4.1647,2.6887,0,0,1,0,0,0,1,0,0,0,0,0,0,-1
25,8,5,0,1,0,0,0,3,0,0,0,0,0.0,0.8,3.7035,2.5,0,1,0,0,0,0,0,0,0,0,0,0,0,-1
34,14,7,0,4,0,0,0,3,0,0,0,0,0.4706,0.2647,3.9032,2.5027,0,0,1,1,0,0,1,0,0,0,0,0,0,-1
33,9,12,0,1,0,0,0,4,0,0,0,0,0.0,0.8182,3.8212,2.7255,0,1,0,0,0,0,0,0,0,0,0,0,0,-1
33,13,7,0,4,0,0,0,3,0,0,0,0,0.4545,0.2727,3.6424,1.8262,0,0,1,1,0,0,1,0,0,0,0,0,0,-1
28,9,0,6,1,0,0,0,2,1,0,0,1,0.0357,0.75,4.1106,2.7255,0,1,0,0,0,0,0,0,0,0,0,0,0,-1
20,0,7,0,1,0,0,0,3,0,0,0,0,0.0,0.75,3.6464,0.0,0,1,0,0,0,0,0,0,0,0,0,0,0,-1
33,8,13,0,1,0,0,0,4,0,0,0,0,0.0,0.8182,4.0896,2.75,0,1,0,0,0,0,0,0,0,0,0,0,0,-1
82,22,47,0,2,5,0,0,4,0,0,0,0,0.2439,0.6098,4.7843,3.4817,0,1,0,0,0,0,0,0,0,1,1,0,0,-1
39,16,11,0,1,0,0,0,4,0,0,0,0,0.0,0.8462,3.9234,3.3278,0,1,0,0,0,0,0,0,0,0,0,0,0,-1
27,6,9,0,1,0,0,0,3,0,0,0,0,0.0,0.8148,3.8101,2.585,0,1,0,0,0,0,0,0,0,0,0,0,0,-1
25,5,8,0,1,0,0,0,3,0,0,0,0,0.0,0.8,3.9435,2.3219,0,1,0,0,0,0,0,0,0,0,0,0,0,-1
71,11,47,0,2,5,0,0,4,0,0,0,0,0.338,0.493,4.6511,3.4594,0,1,0,0,0,0,0,0,0,1,1,0,0,-1
34,3,19,0,1,1,0,0,5,0,0,0,0,0.0,0.7647,4.0545,1.585,0,1,0,0,0,0,0,0,0,0,0,0,0,-1
19,3,5,0,1,0,0,0,3,0,0,0,0,0.1579,0.5789,3.7871,1.585,0,1,0,0,0,0,1,0,0,0,0,0,0,-1
32,8,0,12,1,0,0,0,2,1,0,0,1,0.0312,0.7812,4.0122,2.75,0,1,0,0,0,0,1,0,0,0,0,0,0,-1
29,10,7,0,1,0,0,0,3,0,0,0,0,0.0,0.8276,3.9263,2.9219,0,1,0,0,0,0,0,0,0,0,0,1,1,-1
41,9,22,0,2,0,0,0,5,0,0,0,0,0.0732,0.7317,4.3362,3.1699,0,0,0,0,0,0,1,0,0,0,0,0,0,-1
33,13,7,0,4,0,0,0,3,0,0,0,0,0.4545,0.2727,3.859,2.4116,0,0,1,1,0,0,1,0,0,0,0,0,0,-1
68,13,48,0,4,1,1,0,5,0,0,0,0,0.3824,0.4412,4.4546,2.5654,0,0,1,0,0,0,1,0,0,0,0,0,0,-1
29,14,2,0,3,0,0,0,3,0,0,0,0,0.5517,0.1724,3.8404,3.0391,0,0,1,1,0,0,1,0,0,0,0,0,0,-1
21,3,7,0,1,0,0,0,3,0,0,0,0,0.0,0.7619,3.5945,1.585,0,1,0,0,0,0,0,0,0,0,0,0,0,-1
24,13,4,0,3,0,0,0,3,0,0,0,0,0.4167,0.2917,3.8554,2.8731,0,0,1,0,0,0,1,0,0,0,0,0,0,-1
31,8,11,0,2,0,0,0,3,0,0,0,0,0.0,0.8065,3.9102,2.4056,0,1,0,0,0,0,0,0,0,0,0,0,0,-1
41,9,20,0,1,0,0,0,4,0,0,0,0,0.0,0.8537,3.9484,2.7255,0,1,0,0,0,0,0,0,0,0,0,0,0,-1
40,7,10,0,2,0,0,0,4,0,0,0,0,0.025,0.8,4.2776,2.5216,1,0,0,0,0,0,0,0,0,0,0,0,0,-1
45,9,20,0,3,0,0,0,5,0,0,0,0,0.0,0.8,4.2144,2.5033,1,1,0,0,0,0,0,0,0,0,0,0,0,-1
38,13,18,0,4,0,0,0,4,0,0,0,0,0.2895,0.4737,4.0503,2.7193,0,0,1,0,0,0,1,0,0,0,0,0,0,-1
81,6,63,0,4,2,0,0,8,0,0,0,0,0.037,0.7778,4.483,2.585,0,1,0,0,0,0,0,0,0,0,0,0,0,-1
35,11,17,0,4,0,0,0,4,0,0,0,0,0.2571,0.4857,4.0791,2.6635,0,0,1,0,0,0,1,0,0,0,0,0,0,-1
29,13,9,0,4,0,0,0,3,0,0,0,0,0.3793,0.3448,3.9094,2.7193,0,0,1,0,0,0,1,0,0,0,0,0,0,-1
30,9,9,0,1,0,0,0,3,0,0,0,0,0.0,0.8333,3.9811,2.9477,0,1,0,0,0,0,0,0,0,0,0,0,0,-1
34,14,7,0,4,0,0,0,3,0,0,0,0,0.4706,0.2647,3.8222,2.6106,0,0,1,1,0,0,1,0,0,0,0,0,0,-1
49,13,29,0,4,0,0,0,5,0,0,0,0,0.4286,0.3673,4.4336,2.4493,0,0,1,0,0,0,1,0,0,0,0,0,0,-1
32,15,5,0,3,0,0,0,3,0,0,0,0,0.5,0.25,3.8789,2.8159,0,0,1,1,0,0,1,0,0,0,0,0,0,-1
47,2,33,0,1,3,0,0,5,0,0,0,0,0.1064,0.6809,4.3315,1.0,0,1,0,0,0,0,0,0,0,0,0,0,0,-1
28,10,6,0,1,0,0,0,3,0,0,0,0,0.0,0.8214,3.9233,3.1219,0,1,0,0,0,0,0,0,0,1,1,0,0,-1
33,14,0,6,1,0,0,0,2,1,0,0,1,0.0303,0.7879,4.4761,3.5216,0,1,0,0,0,0,0,0,0,0,0,0,0,-1
83,9,50,0,3,4,0,0,4,0,0,0,0,0.1928,0.6627,4.7267,2.9477,1,1,0,0,0,0,0,0,0,1,1,0,0,-1
41,12,17,0,4,0,0,0,4,0,0,0,0,0.3171,0.439,4.2844,2.6887,0,0,1,1,0,0,1,0,0,0,0,0,0,-1
26,14,5,0,3,0,0,0,3,0,0,0,0,0.4231,0.3077,3.5553,2.306,0,0,1,0,0,0,1,0,0,0,0,0,0,-1
36,15,9,0,1,0,0,0,3,0,0,0,0,0.0,0.8611,4.0515,3.4566,0,1,0,0,0,0,0,0,0,0,0,0,0,-1
28,13,2,0,3,0,0,0,3,0,0,0,0,0.5357,0.1786,3.7979,2.6612,0,0,1,1,0,0,1,0,0,0,0,0,0,-1
27,5,8,0,1,0,0,0,3,0,0,0,0,0.0,0.8148,3.9023,2.3219,0,1,0,0,0,0,0,0,0,0,0,0,0,-1
37,12,18,0,4,0,1,0,4,0,0,0,0,0.4595,0.2703,4.1212,2.8554,0,0,1,0,0,0,1,0,0,0,0,0,0,-1
68,13,48,0,4,1,1,0,5,0,0,0,0,0.4118,0.4118,4.352,2.5654,0,0,1,0,0,0,1,0,0,0,0,0,0,-1
29,8,9,0,1,0,0,0,3,0,0,0,0,0.0,0.8276,3.9354,2.75,0,1,0,0,0,0,0,0,0,0,0,0,0,-1
30,6,13,0,1,0,0,0,4,0,0,0,0,0.0,0.8,3.7199,1.9183,0,1,0,0,0,0,0,0,0,0,0,0,0,-1
31,10,9,0,1,0,0,0,3,0,0,0,0,0.0,0.8387,3.7442,2.6464,0,1,0,0,0,0,0,0,0,0,0,0,0,-1
21,3,6,0,1,0,0,0,3,0,0,0,0,0.0,0.7619,3.8442,1.585,0,1,0,0,0,0,0,0,0,0,0,0,0,-1
27,12,8,0,4,0,0,0,3,0,0,0,0,0.3333,0.3704,3.736,2.4591,0,0,1,0,0,0,1,0,0,0,0,0,0,-1
44,14,23,0,4,0,0,0,4,0,0,0,0,0.3182,0.4773,4.1807,2.7885,0,0,1,0,0,0,1,0,0,0,0,0,0,-1
53,7,34,0,1,1,0,0,5,0,0,0,0,0.0189,0.8302,4.261,2.5216,0,1,0,0,0,0,1,0,0,0,0,0,0,-1
39,12,20,0,4,0,0,0,5,0,0,0,0,0.2564,0.4872,4.1285,2.1258,0,0,1,0,0,0,1,0,0,0,0,0,0,-1
88,28,47,0,2,8,0,0,4,0,0,0,0,0.2614,0.5682,4.767,3.6281,0,1,0,0,0,0,0,0,0,1,1,0,0,-1
83,15,48,0,3,4,0,0,4,0,0,0,0,0.2169,0.6386,4.7272,3.6402,1,1,0,0,0,0,0,0,0,1,1,0,0,-1
26,11,2,0,3,0,0,0,3,0,0,0,0,0.5,0.1923,3.7672,2.6635,0,0,1,1,0,0,1,0,0,0,0,0,0,-1
42,10,20,0,3,0,0,0,5,0,0,0,0,0.0714,0.7143,4.3477,2.7219,0,1,0,0,0,0,0,0,0,0,0,0,0,-1
41,11,20,0,2,0,0,0,5,0,0,0,0,0.0732,0.7317,4.2203,3.0958,0,0,0,0,0,0,1,0,0,0,0,0,0,-1
32,5,16,0,1,0,0,0,4,0,0,0,0,0.0,0.8125,4.0389,2.3219,0,1,0,0,0,0,0,0,0,0,0,0,0,-1
35,15,7,0,4,0,0,0,3,0,0,0,0,0.4857,0.2571,3.8402,2.3656,0,0,1,1,0,0,1,0,0,0,0,0,0,-1
36,13,16,0,4,0,0,0,4,0,0,0,0,0.3056,0.4444,4.2601,2.6612,0,0,1,0,0,0,1,0,0,0,0,0,0,-1
88,28,47,0,2,8,0,0,4,0,0,0,0,0.1818,0.6477,4.7276,3.6281,0,1,0,0,0,0,0,0,0,1,1,0,0,-1
20,4,4,0,1,0,0,0,3,0,0,0,0,0.0,0.75,3.6842,2.0,0,1,0,0,0,0,0,0,0,0,0,0,0,-1
26,5,9,0,1,0,0,0,3,0,0,0,0,0.0,0.8077,3.7672,2.3219,0,1,0,0,0,0,0,0,0,0,0,0,0,-1
31,14,10,0,3,0,0,0,4,0,0,0,0,0.3548,0.3871,3.9378,2.4138,0,0,1,0,0,0,1,0,0,0,0,0,0,-1
26,8,0,0,2,0,0,0,2,0,0,0,0,0.0,0.8077,4.0851,3.0,1,0,0,0,0,0,0,0,0,0,0,0,0,-1
30,15,2,0,3,0,0,0,3,0,0,0,0,0.5667,0.1667,3.5526,2.3656,0,0,1,1,0,0,1,0,0,0,0,0,0,-1
31,6,13,0,1,0,0,0,4,0,0,0,0,0.0,0.8065,3.9779,2.585,0,1,0,0,0,0,0,0,0,0,0,0,0,-1
29,14,2,0,3,0,0,0,3,0,0,0,0,0.5517,0.1724,3.6075,2.4488,0,0,1,1,0,0,1,0,0,0,0,0,0,-1
29,4,14,0,1,0,0,0,4,0,0,0,0,0.0,0.7931,3.6856,2.0,0,1,0,0,0,0,0,0,0,0,0,0,0,-1
30,10,8,0,1,0,0,0,3,0,0,0,0,0.0,0.8333,3.8566,3.1219,0,1,0,0,0,0,0,0,0,0,0,0,0,-1
28,11,10,0,3,0,0,0,4,0,0,0,0,0.3571,0.3571,4.0661,2.8454,0,0,1,0,0,0,1,0,0,0,0,0,0,-1
53,13,33,0,3,0,0,0,4,0,0,0,0,0.2264,0.6226,3.8029,2.6612,0,0,1,0,0,0,1,0,0,0,0,0,0,-1
39,8,20,0,1,0,0,0,4,0,0,0,0,0.0,0.8462,4.0353,2.5,0,1,0,0,0,0,0,0,0,0,0,0,0,-1
23,11,0,0,1,0,0,0,2,0,0,0,0,0.0,0.8261,3.969,3.0958,0,1,0,0,0,0,0,0,0,0,0,0,0,-1
43,3,28,0,1,1,0,0,4,0,0,0,0,0.0,0.8372,4.1933,1.585,0,1,0,0,0,0,0,0,0,0,0,0,0,-1
29,13,9,0,3,0,0,0,4,0,0,0,0,0.3448,0.3793,3.9523,2.8151,0,0,1,0,0,0,1,0,0,0,0,0,0,-1
30,10,7,0,4,0,0,0,3,0,0,0,0,0.4,0.3,3.8981,2.4464,0,0,1,1,0,0,1,0,0,0,0,0,0,-1
48,15,21,0,1,1,0,0,5,0,0,0,0,0.1042,0.7292,4.2645,3.1396,0,1,0,0,0,0,0,0,0,0,0,0,0,-1
44,6,7,16,2,0,0,0,3,1,0,0,1,0.0,0.7727,4.2633,1.9183,0,1,0,0,0,0,0,0,0,1,1,1,1,-1
33,4,17,0,1,0,0,0,4,0,0,0,0,0.0,0.8182,4.1273,2.0,0,1,0,0,0,0,0,0,0,0,0,0,0,-1
29,14,2,0,3,0,0,0,3,0,0,0,0,0.5517,0.1724,3.5949,2.3527,0,0,1,1,0,0,1,0,0,0,0,0,0,-1
68,13,48,0,4,1,1,0,5,0,0,0,0,0.4118,0.4118,4.3667,2.5654,0,0,1,0,0,0,1,0,0,0,0,0,0,-1
69,6,51,0,2,1,0,0,9,0,0,0,0,0.029,0.7826,4.2255,2.585,0,1,0,0,0,0,0,0,0,0,0,0,0,-1
35,11,9,0,2,0,0,0,3,0,0,0,0,0.0,0.8286,4.0931,3.0958,0,1,0,0,0,0,0,0,0,0,0,0,0,-1
23,6,5,0,1,0,0,0,3,0,0,0,0,0.0,0.7826,3.8492,1.9183,0,1,0,0,0,0,0,0,0,0,0,0,0,-1
32,12,7,0,4,0,0,0,3,0,0,0,0,0.4375,0.2812,3.8042,2.4591,0,0,1,1,0,0,1,0,0,0,0,0,0,-1
25,11,7,0,3,0,0,0,3,0,0,0,0,0.4,0.32,3.8333,2.5949,0,0,1,0,0,0,1,0,0,0,0,0,0,-1
27,5,10,0,1,0,0,0,3,0,0,0,0,0.0,0.8148,3.8562,2.3219,0,1,0,0,0,0,0,0,0,0,0,0,0,-1
34,6,0,12,2,0,0,0,2,1,0,0,1,0.0,0.7941,4.1829,2.585,0,1,0,0,0,0,0,0,0,0,0,0,0,-1
29,14,2,0,3,0,0,0,3,0,0,0,0,0.5517,0.1724,3.8404,2.6995,0,0,1,1,0,0,1,0,0,0,0,0,0,-1
32,12,7,0,4,0,0,0,3,0,0,0,0,0.4375,0.2812,4.0542,2.8554,0,0,1,1,0,0,1,0,0,0,0,0,0,-1
55,17,26,0,1,1,0,0,6,0,0,0,0,0.0,0.8364,4.295,3.4548,0,1,0,0,0,0,0,0,0,0,0,0,0,-1
31,11,7,0,4,0,0,0,3,0,0,0,0,0.4194,0.2903,3.8489,2.4817,0,0,1,1,0,0,1,0,0,0,0,0,0,-1
26,6,9,0,1,0,0,0,3,0,0,0,0,0.0,0.8077,3.6322,2.2516,0,1,0,0,0,0,0,0,0,0,0,0,0,-1
29,14,2,0,3,0,0,0,3,0,0,0,0,0.5517,0.1724,3.4999,2.4138,0,0,1,1,0,0,1,0,0,0,0,0,0,-1
24,5,7,0,1,0,0,0,3,0,0,0,0,0.0,0.7917,3.9702,2.3219,0,1,0,0,0,0,0,0,0,1,1,0,0,-1
23,14,2,0,3,0,0,0,3,0,0,0,0,0.4783,0.2174,3.4686,2.5567,0,0,1,0,0,0,1,0,0,0,0,0,0,-1
25,5,8,0,1,0,0,0,3,0,0,0,0,0.0,0.8,3.3991,1.9219,0,1,0,0,0,0,0,0,0,0,0,0,0,-1
13,0,0,0,1,0,0,0,2,0,0,0,0,0.0,0.6923,3.2389,0.0,0,1,0,0,0,0,0,0,0,0,0,0,0,-1
38,8,19,0,2,0,0,0,4,0,0,0,0,0.0,0.8158,3.8199,2.5,0,1,0,0,0,0,0,0,0,0,0,0,0,-1
26,10,4,0,1,0,0,0,3,0,0,0,0,0.0,0.8077,3.9501,2.9219,0,1,0,0,0,0,0,0,0,0,0,0,0,-1
25,13,5,0,3,0,0,0,3,0,0,0,0,0.4,0.32,3.8635,2.8731,0,0,1,0,0,0,1,0,0,0,0,0,0,-1
30,15,2,0,3,0,0,0,3,0,0,0,0,0.5667,0.1667,3.6062,2.5493,0,0,1,1,0,0,1,0,0,0,0,0,0,-1
28,13,2,0,3,0,0,0,3,0,0,0,0,0.5357,0.1786,3.5836,2.5654,0,0,1,1,0,0,1,0,0,0,0,0,0,-1
23,4,0,6,1,0,0,0,2,1,0,0,1,0.0435,0.6957,4.0018,2.0,0,1,0,0,0,0,0,0,0,0,0,0,0,-1
28,8,8,0,1,0,0,0,3,0,0,0,0,0.0,0.8214,3.8249,2.75,0,1,0,0,0,0,0,0,0,0,0,0,0,-1
23,8,4,0,1,1,0,0,3,0,0,0,0,0.0,0.7391,3.969,2.75,0,1,0,0,0,0,0,0,0,0,0,0,0,-1
43,6,14,10,1,0,2,0,4,1,0,0,1,0.1628,0.6047,4.5891,2.2516,0,1,0,0,0,0,0,0,0,0,0,0,0,-1
35,15,7,0,4,0,0,0,3,0,0,0,0,0.4857,0.2571,3.8402,2.4226,0,0,1,1,0,0,1,0,0,0,0,0,0,-1
36,8,16,0,1,0,0,0,4,0,0,0,0,0.0,0.8333,3.9959,2.25,0,1,0,0,0,0,0,0,0,0,0,0,0,-1
38,13,18,0,4,0,1,0,4,0,0,0,0,0.3684,0.3684,4.2807,2.6612,0,0,1,0,0,0,1,0,0,0,0,0,0,-1
78,16,47,0,2,6,0,0,4,0,0,0,0,0.2308,0.6026,4.7368,3.4528,0,1,0,0,0,0,0,0,0,1,1,0,0,-1
38,11,15,0,1,0,0,0,4,0,0,0,0,0.0,0.8421,3.8103,2.2313,0,1,0,0,0,0,0,0,0,0,0,0,0,-1
69,5,1,42,2,4,0,0,3,1,0,0,1,0.3623,0.4638,4.7655,2.3219,1,1,0,0,0,0,0,0,0,0,0,0,0,-1
28,6,10,0,1,0,0,0,3,0,0,0,0,0.0,0.8214,3.6281,2.585,0,1,0,0,0,0,0,0,0,0,0,0,0,-1
25,11,7,0,3,0,0,0,3,0,0,0,0,0.4,0.32,3.8635,2.5949,0,0,1,0,0,0,1,0,0,0,0,0,0,-1
26,6,8,0,1,0,0,0,3,0,0,0,0,0.0385,0.7692,3.9501,2.2516,0,1,0,0,0,0,1,0,0,0,0,0,0,-1
30,7,11,0,2,0,0,0,3,0,0,0,0,0.0,0.8,4.0151,2.8074,0,1,0,0,0,0,0,0,0,0,0,0,0,-1
35,15,7,0,4,0,0,0,3,0,0,0,0,0.4857,0.2571,3.8861,2.5559,0,0,1,1,0,0,1,0,0,0,0,0,0,-1
34,6,16,0,1,0,0,0,4,0,0,0,0,0.0,0.8235,3.9764,2.585,0,1,0,0,0,0,0,0,0,0,0,0,0,-1
65,9,37,0,2,4,0,0,3,0,0,0,0,0.3077,0.5385,4.5392,3.1699,1,1,0,0,0,0,1,0,0,0,0,0,0,-1
21,4,6,0,1,0,0,0,3,0,0,0,0,0.0,0.7619,3.404,2.0,0,1,0,0,0,0,0,0,0,0,0,0,0,-1
28,3,13,0,1,0,0,0,4,0,0,0,0,0.0,0.7857,3.8518,1.585,0,1,0,0,0,0,0,0,0,0,0,0,0,-1
98,38,47,0,2,8,0,0,4,0,0,0,0,0.1735,0.6735,4.7155,3.8,0,1,0,0,0,0,0,0,0,1,1,0,0,-1
22,6,5,0,1,0,0,0,3,0,0,0,0,0.0,0.7727,3.3176,1.2516,0,1,0,0,0,0,0,0,0,0,0,0,0,-1
29,13,9,0,4,0,0,0,3,0,0,0,0,0.4483,0.2759,3.7714,2.6032,0,0,1,0,0,0,1,0,0,0,0,0,0,-1
43,12,8,0,3,0,0,0,3,0,0,0,0,0.0,0.8372,4.2778,3.0221,1,1,0,0,0,0,0,0,0,0,0,0,0,-1
34,14,7,0,4,0,0,0,3,0,0,0,0,0.4706,0.2647,4.0653,2.8963,0,0,1,1,0,0,1,0,0,0,0,0,0,-1
69,12,37,0,2,5,0,0,3,0,0,0,0,0.2609,0.5797,4.788,3.1887,1,1,0,0,0,0,0,0,0,0,0,0,0,-1
30,10,7,0,4,0,0,0,3,0,0,0,0,0.4,0.3,3.9232,2.4464,0,0,1,1,0,0,1,0,0,0,0,0,0,-1
27,12,2,0,3,0,0,0,3,0,0,0,0,0.5185,0.1852,3.5781,2.6887,0,0,1,1,0,0,1,0,0,0,0,0,0,-1
23,3,0,7,1,0,0,0,2,1,0,0,1,0.0,0.7391,3.969,1.585,0,1,0,0,0,0,0,0,0,0,0,0,0,-1
26,5,7,0,2,0,0,0,3,0,0,0,0,0.0,0.7692,3.9501,1.9219,0,1,0,0,0,0,0,0,0,0,0,0,0,-1
29,14,2,0,3,0,0,0,3,0,0,0,0,0.5517,0.1724,3.7623,2.6995,0,0,1,1,0,0,1,0,0,0,0,0,0,-1
30,13,5,0,3,0,0,0,3,0,0,0,0,0.4667,0.2667,3.7144,2.4493,0,0,1,1,0,0,1,0,0,0,0,0,0,-1
29,12,5,0,1,0,0,0,3,0,0,0,0,0.0,0.8276,3.9783,3.085,0,1,0,0,0,0,0,0,0,0,0,0,0,-1
22,3,4,0,2,0,0,0,3,0,0,0,0,0.0,0.7273,3.8797,1.585,0,1,0,0,0,0,0,0,0,0,0,0,0,-1
30,15,2,0,3,0,0,0,3,0,0,0,0,0.5667,0.1667,3.6981,2.6062,0,0,1,1,0,0,1,0,0,0,0,0,0,-1
30,15,2,0,3,0,0,0,3,0,0,0,0,0.5667,0.1667,3.8444,2.7396,0,0,1,1,0,0,1,0,0,0,0,0,0,-1
33,14,12,0,3,0,1,0,4,0,0,0,0,0.4545,0.2727,4.2336,3.0391,0,0,1,0,0,0,1,0,0,0,0,0,0,-1
28,13,2,0,3,0,0,0,3,0,0,0,0,0.5357,0.1786,3.4583,2.4116,0,0,1,1,0,0,1,0,0,0,0,0,0,-1
37,14,16,0,4,0,0,0,4,0,0,0,0,0.3243,0.4324,4.1957,2.6995,0,0,1,0,0,0,1,0,0,0,0,0,0,-1
44,13,19,0,3,0,0,0,4,0,0,0,0,0.0227,0.7955,4.4706,3.2389,0,1,0,0,0,0,0,0,0,0,0,0,0,-1
30,6,13,0,1,0,0,0,4,0,0,0,0,0.0,0.8,3.8314,2.585,0,1,0,0,0,0,0,0,0,0,0,0,0,-1
35,15,8,0,1,0,0,0,3,0,0,0,0,0.0,0.8571,3.7567,3.0062,0,1,0,0,0,0,0,0,0,0,0,0,0,-1
36,13,16,0,3,0,1,0,4,0,0,0,0,0.2778,0.4722,4.3156,2.4116,0,0,1,0,0,0,1,0,0,0,0,0,0,-1
26,4,11,0,2,0,0,0,3,0,0,0,0,0.0,0.7692,3.6424,2.0,0,1,0,0,0,0,0,0,0,0,0,0,0,-1
40,14,14,0,1,1,0,0,4,0,0,0,0,0.0,0.825,4.1939,3.3788,0,1,0,0,0,0,0,0,0,0,0,0,0,-1
41,9,21,0,1,0,0,0,5,0,0,0,0,0.122,0.7073,3.9057,2.4194,0,1,0,0,0,0,0,0,0,0,0,0,0,-1
21,4,6,0,1,0,0,0,3,0,0,0,0,0.0,0.7619,3.6538,2.0,0,1,0,0,0,0,0,0,0,1,1,0,0,-1
26,7,0,6,1,0,0,0,2,1,0,0,1,0.0385,0.7308,4.1039,2.8074,0,1,0,0,0,0,0,0,0,0,0,0,0,-1
41,5,24,0,1,0,0,0,5,0,0,0,0,0.0,0.8293,4.0435,2.3219,0,1,0,0,0,0,0,0,0,1,1,0,0,-1
32,10,10,0,1,0,0,0,3,0,0,0,0,0.0,0.8438,3.7335,2.9219,0,1,0,0,0,0,0,0,0,0,0,0,0,-1
33,13,7,0,4,0,0,0,3,0,0,0,0,0.4545,0.2727,3.7606,2.1997,0,0,1,1,0,0,1,0,0,0,0,0,0,-1
33,13,7,0,4,0,0,0,3,0,0,0,0,0.4545,0.2727,3.8849,2.4116,0,0,1,1,0,0,1,0,0,0,0,0,0,-1
35,2,21,0,1,0,0,0,5,0,0,0,0,0.1429,0.6571,4.0659,1.0,0,1,0,0,0,0,0,0,0,0,0,0,0,-1
34,0,20,0,3,0,0,0,5,0,0,0,0,0.0882,0.6471,3.9147,0.0,0,1,0,0,0,0,0,0,0,0,0,0,0,-1
34,14,7,0,4,0,0,0,3,0,0,0,0,0.4706,0.2647,3.9254,2.6106,0,0,1,1,0,0,1,0,0,0,0,0,0,-1
25,5,9,0,1,0,0,0,3,0,0,0,0,0.0,0.8,3.5289,2.3219,0,1,0,0,0,0,0,0,0,0,0,0,0,-1
26,11,2,0,3,0,0,0,3,0,0,0,0,0.5,0.1923,3.7962,2.8454,0,0,1,1,0,0,1,0,0,0,0,0,0,-1
27,6,9,0,1,0,0,0,3,0,0,0,0,0.0,0.8148,3.8842,2.585,0,1,0,0,0,0,0,0,0,0,0,0,0,-1
37,11,14,0,1,0,0,0,4,0,0,0,0,0.0,0.8378,3.9591,2.914,0,1,0,0,0,0,0,0,0,0,0,0,0,-1
32,5,14,0,1,0,0,0,4,0,0,0,0,0.0,0.8125,3.715,2.3219,0,1,0,0,0,0,0,0,0,0,0,0,0,-1
70,13,37,0,2,4,0,0,3,0,0,0,0,0.2429,0.6143,4.7291,3.1808,1,1,0,0,0,0,0,0,0,0,0,0,0,-1
29,14,2,0,3,0,0,0,3,0,0,0,0,0.5517,0.1724,3.6209,2.3527,0,0,1,1,0,0,1,0,0,0,0,0,0,-1
31,7,9,0,2,1,0,0,3,0,0,0,0,0.0,0.7742,3.9536,2.8074,0,1,0,0,0,0,0,0,0,0,0,0,0,-1
68,13,48,0,4,1,1,0,5,0,0,0,0,0.4118,0.4118,4.361,2.5654,0,0,1,0,0,0,1,0,0,0,0,0,0,-1
33,13,7,0,4,0,0,0,3,0,0,0,0,0.4545,0.2727,3.8849,2.8151,0,0,1,1,0,0,1,0,0,0,0,0,0,-1
75,17,42,0,3,0,0,0,8,0,0,0,0,0.0,0.84,4.2511,3.4548,1,1,0,0,0,0,0,0,0,0,0,0,0,-1
36,5,19,0,1,1,0,0,5,0,0,0,0,0.0,0.7778,4.0623,2.3219,0,1,0,0,0,0,0,0,0,0,0,0,0,-1
53,8,34,0,2,1,0,0,6,0,0,0,0,0.0,0.8113,4.3291,2.75,0,1,0,0,0,0,0,0,0,0,0,0,0,-1
32,12,7,0,4,0,0,0,3,0,0,0,0,0.4375,0.2812,4.0778,2.6258,0,0,1,1,0,0,1,0,0,0,0,0,0,-1
24,7,5,0,1,1,0,0,3,0,0,0,0,0.0,0.75,3.6531,2.1281,0,1,0,0,0,0,0,0,0,0,0,0,0,-1
24,13,4,0,3,0,0,0,3,0,0,0,0,0.4167,0.2917,3.8554,2.8731,0,0,1,0,0,0,1,0,0,0,0,0,0,-1
26,14,5,0,3,0,0,0,3,0,0,0,0,0.4231,0.3077,3.6322,2.306,0,0,1,0,0,0,1,0,0,0,0,0,0,-1
35,15,7,0,4,0,0,0,3,0,0,0,0,0.4857,0.2571,3.8646,2.2826,0,0,1,1,0,0,1,0,0,0,0,0,0,-1
29,8,9,0,1,0,0,0,3,0,0,0,0,0.0,0.8276,3.7714,2.75,0,1,0,0,0,0,0,0,0,0,0,0,0,-1
26,14,5,0,3,0,0,0,3,0,0,0,0,0.5,0.2308,3.7091,2.6456,0,0,1,0,0,0,1,0,0,0,0,0,0,-1
29,14,8,0,4,0,0,0,3,0,0,0,0,0.4483,0.2759,3.9523,2.8424,0,0,1,0,0,0,1,0,0,0,0,0,0,-1
36,14,12,0,3,0,1,0,3,0,0,0,0,0.3889,0.3611,4.1626,2.6106,0,0,1,1,0,0,1,0,0,0,0,0,0,-1
24,3,9,0,1,0,0,0,3,0,0,0,0,0.0,0.7917,3.6531,0.9183,0,1,0,0,0,0,0,0,0,0,0,0,0,-1
26,6,8,0,1,0,0,0,3,0,0,0,0,0.0,0.8077,3.7633,1.9183,0,1,0,0,0,0,0,0,0,1,1,0,0,-1
42,14,21,0,4,0,0,0,4,0,0,0,0,0.2857,0.5,4.2791,2.8424,0,0,1,0,0,0,1,0,0,0,0,0,0,-1
33,12,9,0,1,0,0,0,3,0,0,0,0,0.0,0.8485,3.9603,2.8554,0,1,0,0,0,0,0,0,0,0,0,0,0,-1
34,4,19,0,1,1,0,0,5,0,0,0,0,0.0,0.7647,3.9957,2.0,0,1,0,0,0,0,0,0,0,0,0,0,0,-1
41,17,12,0,1,0,0,0,4,0,0,0,0,0.0732,0.7805,4.3267,3.0516,0,1,0,0,0,0,0,0,0,0,0,0,0,-1
82,15,16,38,2,0,0,0,4,1,0,0,1,0.2317,0.6585,4.6478,2.7396,0,1,0,0,0,0,1,0,0,0,0,0,0,-1
30,15,8,0,4,0,0,0,3,0,0,0,0,0.4,0.3333,3.8729,2.8226,0,0,1,0,0,0,1,0,0,0,0,0,0,-1
32,14,6,0,3,0,0,0,3,0,0,0,0,0.5312,0.2188,3.9917,2.9852,0,0,1,1,0,0,1,0,0,0,0,0,0,-1
25,13,5,0,3,0,0,0,3,0,0,0,0,0.44,0.28,3.8635,2.8731,0,0,1,0,0,0,1,0,0,0,0,0,0,-1
33,8,13,0,1,0,0,0,4,0,0,0,0,0.0,0.8182,4.0518,2.75,0,1,0,0,0,0,0,0,0,0,0,0,0,-1
68,13,48,0,4,1,1,0,5,0,0,0,0,0.4265,0.3971,4.4373,2.5654,0,0,1,0,0,0,1,0,0,0,0,0,0,-1
66,9,37,0,2,4,0,0,3,0,0,0,0,0.3182,0.5303,4.5708,2.4194,1,1,0,0,0,0,0,0,0,0,0,0,0,-1
47,11,7,16,1,0,0,0,3,1,0,0,1,0.0,0.8085,4.289,3.0958,0,1,0,0,0,0,0,0,0,0,0,0,0,-1
44,8,7,16,1,0,0,0,3,1,0,0,1,0.0,0.8182,4.3342,2.75,0,1,0,0,0,0,0,0,0,0,0,0,0,-1
32,12,7,0,4,0,0,0,3,0,0,0,0,0.4375,0.2812,3.7028,2.3962,0,0,1,1,0,0,1,0,0,0,0,0,0,-1
47,6,30,0,1,2,0,0,5,0,0,0,0,0.1064,0.7021,4.2273,2.2516,0,1,0,0,0,0,0,0,0,0,0,0,0,-1
30,9,9,0,1,0,0,0,3,0,0,0,0,0.0,0.8333,3.8226,2.7255,0,1,0,0,0,0,0,0,0,0,0,0,0,-1
19,3,5,0,1,0,0,0,3,0,0,0,0,0.0,0.7368,3.4714,1.585,0,1,0,0,0,0,0,0,0,0,0,0,0,-1
34,14,7,0,4,0,0,0,3,0,0,0,0,0.4706,0.2647,4.0431,2.8963,0,0,1,1,0,0,1,0,0,0,0,0,0,-1
34,9,10,0,2,0,0,0,3,0,0,0,0,0.0,0.8235,4.0131,2.9477,0,1,0,0,0,0,0,0,0,0,0,0,0,-1
45,12,21,0,1,0,0,0,5,0,0,0,0,0.1111,0.7333,4.1169,3.0221,0,1,0,0,0,0,0,0,0,0,0,0,0,-1
27,13,6,0,3,0,0,0,3,0,0,0,0,0.3704,0.3704,3.8282,2.6612,0,1,1,0,0,0,1,0,0,0,0,0,0,-1
29,14,2,0,3,0,0,0,3,0,0,0,0,0.5517,0.1724,3.8573,2.8963,0,0,1,1,0,0,1,0,0,0,0,0,0,-1
51,19,21,0,1,1,0,0,5,0,0,0,0,0.098,0.7451,4.2579,3.3264,0,1,0,0,0,0,0,0,0,0,0,0,0,-1
36,15,9,0,1,0,0,0,3,0,0,0,0,0.0,0.8611,4.1416,3.5069,0,1,0,0,0,0,0,0,0,0,0,0,0,-1
36,14,15,0,5,0,0,0,3,0,0,0,0,0.3056,0.4444,4.208,2.7885,0,0,1,0,0,0,1,0,0,0,0,0,0,-1
35,12,11,0,2,0,0,0,3,0,0,0,0,0.0,0.8286,3.843,3.0221,0,1,0,0,0,0,0,0,0,0,0,0,0,-1
25,6,0,6,1,0,0,0,2,1,0,0,1,0.04,0.72,3.8937,2.2516,0,1,0,0,0,0,0,0,0,0,0,0,0,-1
62,3,37,0,2,4,0,0,3,0,0,0,0,0.3548,0.4839,4.5712,0.9183,1,1,0,0,0,0,1,0,0,0,0,0,0,-1
38,3,22,0,1,1,0,0,5,0,0,0,0,0.1579,0.6316,4.1433,1.585,0,1,0,0,0,0,0,0,1,0,0,0,0,-1
33,10,11,0,1,0,0,0,4,0,0,0,0,0.0,0.8182,3.8471,2.9219,0,1,0,0,0,0,0,0,0,0,0,0,0,-1
32,13,12,0,4,0,0,0,3,0,0,0,0,0.375,0.375,4.0306,2.8151,0,0,1,0,0,0,1,0,0,0,0,0,0,-1
45,9,9,0,2,2,0,0,3,0,0,0,0,0.0,0.8222,4.1554,2.9477,1,1,0,0,0,0,0,0,0,0,0,0,0,-1
29,14,2,0,3,0,0,0,3,0,0,0,0,0.5517,0.1724,3.6933,2.8424,0,0,1,1,0,0,1,0,0,0,0,0,0,-1
31,10,10,0,1,0,0,0,4,0,0,0,0,0.1613,0.6452,4.0266,2.3219,0,0,0,0,0,0,1,0,0,0,0,0,0,-1
34,14,7,0,4,0,0,0,3,0,0,0,0,0.4706,0.2647,3.9032,2.3527,0,0,1,1,0,0,1,0,0,0,0,0,0,-1
72,15,37,0,2,4,0,0,3,0,0,0,0,0.3611,0.5,4.6589,3.0566,1,1,0,0,0,0,0,0,0,0,0,0,0,-1
30,6,12,0,1,0,0,0,4,0,0,0,0,0.1,0.7,4.3736,1.9183,0,1,0,0,0,0,0,0,0,0,0,0,0,-1
58,14,37,0,4,0,0,0,4,0,0,0,0,0.2241,0.6207,4.604,3.182,0,0,1,0,0,0,1,0,0,0,0,0,0,-1
44,12,20,0,1,0,0,0,4,0,0,0,0,0.0,0.8636,4.0532,3.085,0,1,0,0,0,0,0,0,0,0,0,0,0,-1
35,10,0,12,1,0,0,0,2,1,0,0,1,0.0,0.8286,4.3002,3.1219,0,1,0,0,0,0,0,0,0,0,0,0,0,-1
23,7,5,0,1,0,0,0,3,0,0,0,0,0.0,0.7826,3.6753,2.5216,0,1,0,0,0,0,0,0,0,0,0,0,0,-1
43,8,7,16,1,0,0,0,3,1,0,0,1,0.0,0.814,4.2374,2.5,0,1,0,0,0,0,0,0,0,0,0,0,0,-1
44,17,7,0,2,0,0,0,3,0,0,0,0,0.0,0.8636,3.9712,3.1751,1,1,0,0,0,0,0,0,0,0,0,1,1,-1
39,13,19,0,3,1,1,0,3,0,0,0,0,0.2564,0.5128,4.49,2.8151,0,0,1,0,0,0,1,0,0,0,0,0,0,-1
34,14,7,0,4,0,0,0,3,0,0,0,0,0.4706,0.2647,3.8222,2.156,0,0,1,1,0,0,1,0,0,0,0,0,0,-1
45,6,7,16,2,0,0,0,3,1,0,0,1,0.0,0.8,4.3223,2.585,0,1,0,0,0,0,0,0,0,0,0,0,0,-1
29,14,2,0,3,0,0,0,3,0,0,0,0,0.5517,0.1724,3.8144,2.6106,0,0,1,1,0,0,1,0,0,0,0,0,0,-1
30,14,9,0,4,0,0,0,3,0,0,0,0,0.3667,0.3667,3.8566,2.5567,0,0,1,0,0,0,1,0,0,0,0,0,0,-1
25,14,4,0,3,0,0,0,3,0,0,0,0,0.44,0.28,3.5329,2.6456,0,0,1,0,0,0,1,0,0,0,0,0,0,-1
31,13,11,0,3,0,1,0,4,0,0,0,0,0.4516,0.2581,3.9747,2.8151,0,0,1,0,0,0,1,0,0,0,0,0,0,-1
35,15,7,0,4,0,0,0,3,0,0,0,0,0.4857,0.2571,3.783,2.3656,0,0,1,1,0,0,1,0,0,0,0,0,0,-1
33,13,7,0,4,0,0,0,3,0,0,0,0,0.4545,0.2727,4.0518,2.5654,0,0,1,1,0,0,1,0,0,0,0,0,0,-1
26,8,6,0,1,0,0,0,3,0,0,0,0,0.0,0.8077,4.027,2.75,0,1,0,0,0,0,0,0,0,1,1,0,0,-1
86,23,47,0,2,6,0,0,4,0,0,0,0,0.2093,0.6395,4.6998,3.6212,0,1,0,0,0,0,0,0,0,1,1,0,0,-1
25,13,5,0,3,0,0,0,3,0,0,0,0,0.44,0.28,3.9435,2.8731,0,0,1,0,0,0,1,0,0,0,0,0,0,-1
34,14,7,0,4,0,0,0,3,0,0,0,0,0.4706,0.2647,3.8444,2.5027,0,0,1,1,0,0,1,0,0,0,0,0,0,-1
31,11,8,0,1,0,0,0,3,0,0,0,0,0.0,0.8387,3.8489,2.8454,0,1,0,0,0,0,0,0,0,1,1,0,0,-1
30,8,0,7,2,1,0,0,2,1,0,0,1,0.0,0.7333,4.1396,2.75,0,1,0,0,0,0,0,0,0,0,0,0,0,-1
38,9,17,0,1,0,0,0,4,0,0,0,0,0.0,0.8421,4.0761,2.9477,0,1,0,0,0,0,0,0,0,0,0,0,0,-1
52,12,33,0,3,0,0,0,4,0,0,0,0,0.2115,0.6346,3.7863,2.8554,0,0,1,0,0,0,1,0,0,0,0,0,0,-1
31,13,4,0,1,0,0,0,3,0,0,0,0,0.0,0.8387,3.889,3.027,0,0,0,0,0,0,0,0,1,0,0,0,0,-1
42,6,18,0,2,0,0,0,4,0,0,0,0,0.0476,0.7857,4.08,1.9183,1,1,0,0,0,0,0,0,0,1,1,1,0,-1
29,9,7,0,1,0,0,0,3,0,0,0,0,0.0,0.8276,3.8833,2.6416,0,1,0,0,0,0,0,0,0,0,0,0,0,-1
28,13,2,0,3,0,0,0,3,0,0,0,0,0.5357,0.1786,3.7265,2.6612,0,0,1,1,0,0,1,0,0,0,0,0,0,-1
25,4,7,0,2,0,0,0,3,0,0,0,0,0.0,0.76,3.9737,2.0,0,1,0,0,0,0,0,0,0,0,0,0,0,-1
32,12,7,0,4,0,0,0,3,0,0,0,0,0.4375,0.2812,3.9292,2.8554,0,0,1,1,0,0,1,0,0,0,0,0,0,-1
43,7,7,16,1,0,0,0,3,1,0,0,1,0.0,0.814,4.284,2.8074,0,1,0,0,0,0,0,0,0,0,0,0,0,-1
29,14,2,0,3,0,0,0,3,0,0,0,0,0.5517,0.1724,3.5294,2.217,0,0,1,1,0,0,1,0,0,0,0,0,0,-1
34,9,13,0,1,0,0,0,4,0,0,0,0,0.0,0.8235,3.9591,2.7255,0,1,0,0,0,0,0,0,0,0,0,0,0,-1
38,14,17,0,4,0,0,0,4,0,0,0,0,0.3158,0.4474,4.3135,2.8424,0,0,1,0,0,0,1,0,0,0,0,0,0,-1
27,12,2,0,3,0,0,0,3,0,0,0,0,0.5185,0.1852,3.708,2.6258,0,0,1,1,0,0,1,0,0,0,0,0,0,-1
29,9,5,0,2,0,0,0,3,0,0,0,0,0.0,0.7931,4.0213,2.5033,0,1,0,0,0,0,0,0,0,0,0,0,0,-1
71,15,37,0,2,4,0,0,3,0,0,0,0,0.2817,0.5775,4.7301,3.2729,1,1,0,0,0,0,0,0,0,0,0,0,0,-1
27,12,2,0,3,0,0,0,3,0,0,0,0,0.5185,0.1852,3.8282,2.6258,0,0,1,1,0,0,1,0,0,0,0,0,0,-1
28,13,2,0,3,0,0,0,3,0,0,0,0,0.5357,0.1786,3.7979,2.4493,0,0,1,1,0,0,1,0,0,0,0,0,0,-1
30,13,5,0,3,0,0,0,3,0,0,0,0,0.4667,0.2667,3.8566,2.5654,0,0,1,1,0,0,1,0,0,0,0,0,0,-1
32,12,7,0,4,0,0,0,3,0,0,0,0,0.4375,0.2812,3.8042,2.4591,0,0,1,1,0,0,1,0,0,0,0,0,0,-1
31,11,7,0,4,0,0,0,3,0,0,0,0,0.4194,0.2903,3.8732,2.4131,0,0,1,1,0,0,1,0,0,0,0,0,0,-1
55,9,34,0,1,1,0,0,5,0,0,0,0,0.0,0.8545,4.1615,2.9477,0,1,0,0,0,0,0,0,0,0,0,0,0,-1
29,14,2,0,3,0,0,0,3,0,0,0,0,0.5517,0.1724,3.6209,2.4956,0,0,1,1,0,0,1,0,0,0,0,0,0,-1
26,11,2,0,3,0,0,0,3,0,0,0,0,0.5,0.1923,3.7672,2.6635,0,0,1,1,0,0,1,0,0,0,0,0,0,-1
33,13,7,0,4,0,0,0,3,0,0,0,0,0.4545,0.2727,4.0896,2.6612,0,0,1,1,0,0,1,0,0,0,0,0,0,-1
31,11,7,0,4,0,0,0,3,0,0,0,0,0.4194,0.2903,3.8489,2.4817,0,0,1,1,0,0,1,0,0,0,0,0,0,-1
27,7,0,7,1,0,0,0,2,1,0,0,1,0.0,0.7778,4.1623,2.5216,0,1,0,0,0,0,0,0,0,0,0,0,0,-1
52,6,34,0,1,1,0,0,5,0,0,0,0,0.0,0.8462,4.1641,1.7925,0,1,0,0,0,0,0,0,0,0,0,0,0,-1
27,6,9,0,1,0,0,0,3,0,0,0,0,0.0,0.8148,3.708,2.2516,0,1,0,0,0,0,0,0,0,0,0,0,0,-1
30,7,11,0,1,0,0,0,4,0,0,0,0,0.0,0.8,4.0817,2.5216,0,1,0,0,0,0,0,0,0,0,0,0,0,-1
33,8,0,12,1,0,0,0,2,1,0,0,1,0.0,0.8182,4.1879,2.75,0,1,0,0,0,0,0,0,0,0,0,0,0,-1
31,11,8,0,1,0,0,0,3,0,0,0,0,0.0,0.8387,3.8647,3.2776,0,1,0,0,0,0,0,0,0,0,0,0,0,-1
27,10,5,0,1,0,0,0,3,0,0,0,0,0.0,0.8148,3.4858,2.7219,0,1,0,0,0,0,0,0,0,0,0,0,0,-1
29,14,2,0,3,0,0,0,3,0,0,0,0,0.5517,0.1724,3.7883,2.7885,0,0,1,1,0,0,1,0,0,0,0,0,0,-1
61,7,37,0,2,4,0,0,3,0,0,0,0,0.3934,0.4426,4.8572,2.8074,1,1,0,0,0,0,0,0,0,0,0,0,0,-1
41,12,14,0,3,0,0,0,4,0,0,0,0,0.0488,0.7561,4.1988,3.085,1,0,0,0,0,0,0,0,0,0,0,0,0,-1
29,14,2,0,3,0,0,0,3,0,0,0,0,0.5517,0.1724,3.8404,2.6106,0,0,1,1,0,0,1,0,0,0,0,0,0,-1
53,11,30,0,1,3,0,0,5,0,0,0,0,0.0943,0.717,4.462,2.8454,0,1,0,0,0,0,0,0,0,0,0,0,0,-1
50,11,27,0,1,2,0,0,5,0,0,0,0,0.12,0.7,4.3031,2.6635,0,1,0,0,0,0,0,0,0,0,0,0,0,-1
55,13,35,0,4,0,0,0,5,0,0,0,0,0.2,0.6182,4.4153,2.8151,0,0,1,0,0,0,1,0,0,0,0,0,0,-1
44,7,26,0,1,1,0,0,6,0,0,0,0,0.0,0.7955,4.2067,2.1281,0,1,0,0,0,0,0,0,0,0,0,0,0,-1
25,14,4,0,3,0,0,0,3,0,0,0,0,0.44,0.28,3.8333,2.8424,0,0,1,0,0,0,1,0,0,0,0,0,0,-1
36,8,16,0,1,0,1,0,4,0,0,0,0,0.0,0.8056,4.0651,2.4056,0,0,0,0,0,0,0,0,0,0,0,0,0,-1
30,12,6,0,1,0,0,0,3,0,0,0,0,0.0,0.8333,3.8566,2.6258,0,1,0,0,0,0,0,0,0,1,1,0,0,-1
46,6,28,0,1,1,0,0,4,0,0,0,0,0.0,0.8478,4.2028,2.585,0,1,0,0,0,0,0,0,0,0,0,0,0,-1
25,6,0,7,1,0,0,0,2,1,0,0,1,0.0,0.76,4.0537,2.2516,0,1,0,0,0,0,0,0,0,0,0,0,0,-1
27,3,12,0,1,0,0,0,3,0,0,0,0,0.0,0.8148,3.8842,1.585,0,1,0,0,0,0,0,0,0,0,0,0,0,-1
42,7,20,0,4,0,0,0,5,0,0,0,0,0.0714,0.6905,4.2165,2.5216,0,1,0,0,0,0,0,0,0,0,0,0,0,-1
35,10,13,0,1,0,0,0,4,0,0,0,0,0.0,0.8286,4.0716,2.7219,0,1,0,0,0,0,0,0,0,0,0,0,0,-1
27,12,8,0,4,0,0,0,3,0,0,0,0,0.3333,0.3704,3.8101,2.6887,0,0,1,0,0,0,1,0,0,0,0,0,0,-1
29,14,2,0,3,0,0,0,3,0,0,0,0,0.5517,0.1724,3.6504,2.4956,0,0,1,1,0,0,1,0,0,0,0,0,0,-1
30,14,9,0,3,0,0,0,4,0,0,0,0,0.3667,0.3667,4.1232,2.8424,0,0,1,0,0,0,1,0,0,0,0,0,0,-1
69,13,49,0,4,1,1,0,6,0,0,0,0,0.4783,0.3333,4.26,2.5654,0,0,1,0,0,0,1,0,0,0,0,0,0,-1
28,13,2,0,3,0,0,0,3,0,0,0,0,0.5357,0.1786,3.6995,2.7193,0,0,1,1,0,0,1,0,0,0,0,0,0,-1
33,4,14,0,2,0,0,0,4,0,0,0,0,0.0,0.7879,3.87,1.5,0,1,0,0,0,0,0,0,0,0,0,0,0,-1
33,6,15,0,1,0,0,0,4,0,0,0,0,0.0,0.8182,3.8014,2.585,0,1,0,0,0,0,0,0,0,0,0,0,0,-1
34,14,7,0,4,0,0,0,3,0,0,0,0,0.4706,0.2647,3.9398,2.6995,0,0,1,1,0,0,1,0,0,0,0,0,0,-1
33,13,7,0,4,0,0,0,3,0,0,0,0,0.4545,0.2727,3.9196,2.7193,0,0,1,1,0,0,1,0,0,0,0,0,0,-1
82,13,1,42,2,5,0,0,3,1,0,0,1,0.2683,0.5732,4.9067,3.3927,1,1,0,0,0,0,0,0,0,0,0,0,0,-1
29,6,12,0,1,0,0,0,3,0,0,0,0,0.0,0.8276,3.8799,1.9183,0,1,0,0,0,0,0,0,0,1,1,1,1,-1
36,14,10,0,3,0,1,0,3,0,0,0,0,0.5,0.25,4.107,2.6456,0,0,1,1,0,0,1,0,0,0,0,0,0,-1
36,8,2,13,1,0,0,0,3,1,0,0,1,0.0,0.7778,3.9154,2.4056,0,1,0,0,0,0,0,0,0,0,0,0,0,-1
30,14,9,0,3,0,0,0,4,0,0,0,0,0.4333,0.3,3.9232,2.6456,0,0,1,0,0,0,1,0,0,0,0,0,0,-1
36,12,8,0,3,0,0,0,3,0,0,0,0,0.0,0.8056,3.9302,3.0221,1,1,0,0,0,0,0,0,0,0,0,0,0,-1
34,13,9,0,1,0,0,0,3,0,0,0,0,0.0882,0.7647,3.9764,3.1808,0,1,0,0,0,0,1,0,0,0,0,0,0,-1
28,7,9,0,1,0,0,0,4,0,0,0,0,0.0,0.7857,3.7804,2.8074,0,1,0,0,0,0,0,0,0,0,0,0,0,-1
32,12,7,0,4,0,0,0,3,0,0,0,0,0.4375,0.2812,4.0542,2.8554,0,0,1,1,0,0,1,0,0,0,0,0,0,-1
27,3,10,0,1,0,0,0,3,0,0,0,0,0.0,0.8148,3.736,1.585,0,1,0,0,0,0,0,0,0,0,0,0,0,-1
88,28,47,0,2,8,0,0,4,0,0,0,0,0.2045,0.625,4.6713,3.6281,0,1,0,0,0,0,0,0,0,1,1,0,0,-1
59,15,32,0,3,0,0,0,5,0,0,0,0,0.3898,0.4407,4.6344,2.7396,0,0,1,1,0,0,1,0,0,0,0,0,0,-1
32,10,11,0,1,0,0,0,4,0,0,0,0,0.0,0.8125,3.8903,2.7219,0,1,0,0,0,0,0,0,0,0,0,0,0,-1
39,9,15,0,2,0,0,0,4,0,0,0,0,0.0,0.8205,4.1185,2.9477,0,1,0,0,0,0,0,0,0,0,0,0,0,-1
31,11,7,0,4,0,0,0,3,0,0,0,0,0.4194,0.2903,3.8976,2.4131,0,0,1,1,0,0,1,0,0,0,0,0,0,-1
31,13,6,0,1,0,0,0,3,0,0,0,0,0.0,0.8387,3.8245,2.8151,0,1,0,0,0,0,0,0,0,0,0,0,0,-1
24,13,4,0,3,0,0,0,3,0,0,0,0,0.4167,0.2917,3.8554,2.8731,0,0,1,0,0,0,1,0,0,0,0,0,0,-1
28,13,2,0,3,0,0,0,3,0,0,0,0,0.5357,0.1786,3.4817,2.7193,0,0,1,1,0,0,1,0,0,0,0,0,0,-1
25,13,5,0,4,0,0,0,3,0,0,0,0,0.4,0.28,3.7337,2.8731,0,0,1,0,0,0,1,0,0,0,0,0,0,-1
38,6,20,0,2,0,0,0,5,0,0,0,0,0.0263,0.7632,3.9431,2.2516,0,1,0,0,0,0,0,0,0,1,1,0,0,-1
78,14,37,0,2,5,0,0,3,0,0,0,0,0.2821,0.5769,4.7282,3.5216,1,1,0,0,0,0,0,0,0,0,0,0,0,-1
27,10,5,0,1,0,0,0,3,0,0,0,0,0.0,0.8148,3.708,2.9219,0,1,0,0,0,0,0,0,0,0,0,0,0,-1
44,16,14,0,2,0,0,0,4,0,0,0,0,0.0909,0.75,4.6241,3.5778,0,1,0,0,0,0,0,0,0,0,0,0,0,-1
36,13,16,0,4,0,0,0,4,0,0,0,0,0.3611,0.3889,4.0724,2.6612,0,0,1,0,0,0,1,0,0,0,0,0,0,-1
39,3,7,16,1,0,0,0,3,1,0,0,1,0.0,0.7692,4.2017,1.585,0,1,0,0,0,0,0,0,0,0,0,0,0,-1
36,5,19,0,1,1,0,0,5,0,0,0,0,0.0278,0.75,4.0833,2.3219,0,1,0,0,0,0,1,0,0,0,0,0,0,-1
39,10,17,0,1,0,0,0,4,0,0,0,0,0.0,0.8462,4.0066,2.7219,0,1,0,0,0,0,0,0,0,0,0,0,0,-1
33,13,7,0,4,0,0,0,3,0,0,0,0,0.4545,0.2727,3.9912,2.8731,0,0,1,1,0,0,1,0,0,0,0,0,0,-1
27,12,2,0,3,0,0,0,3,0,0,0,0,0.5185,0.1852,3.6801,2.6887,0,0,1,1,0,0,1,0,0,0,0,0,0,-1
39,14,13,0,1,0,0,0,4,0,0,0,0,0.0,0.8462,4.0285,3.5216,0,1,0,0,0,0,0,0,0,0,0,0,0,-1
23,13,3,0,3,0,0,0,3,0,0,0,0,0.4348,0.2609,3.7294,2.8151,0,0,1,0,0,0,1,0,0,0,0,0,0,-1
32,13,12,0,4,0,0,0,3,0,0,0,0,0.3125,0.4375,4.2264,2.8731,0,0,1,0,0,0,1,0,0,0,0,0,0,-1
32,12,7,0,4,0,0,0,3,0,0,0,0,0.4375,0.2812,3.9056,2.6887,0,0,1,1,0,0,1,0,0,0,0,0,0,-1
39,3,7,16,1,0,0,0,3,1,0,0,1,0.0,0.7949,4.0866,1.585,0,1,0,0,0,0,0,0,0,0,0,0,0,-1
46,6,28,0,1,1,0,0,4,0,0,0,0,0.0,0.8478,4.1727,2.2516,0,1,0,0,0,0,0,0,0,0,0,0,0,-1
36,13,11,0,1,0,0,0,4,0,0,0,0,0.0,0.8333,3.9376,3.3927,0,1,0,0,0,0,0,0,0,0,0,0,0,-1
38,14,12,0,1,0,0,0,4,0,0,0,0,0.1053,0.7368,4.241,3.5216,0,1,0,0,0,0,0,0,0,0,0,0,0,-1
34,14,7,0,4,0,0,0,3,0,0,0,0,0.4706,0.2647,3.8666,2.5567,0,0,1,1,0,0,1,0,0,0,0,0,0,-1
44,14,23,0,4,0,0,0,4,0,0,0,0,0.2955,0.5,4.1807,2.7885,0,0,1,0,0,0,1,0,0,0,0,0,0,-1
31,6,0,12,1,0,0,0,2,1,0,0,1,0.0,0.8065,4.236,1.9183,0,1,0,0,0,0,0,0,0,0,0,0,0,-1
30,9,10,0,1,0,0,0,3,0,0,0,0,0.0,0.8333,3.7396,2.5033,0,1,0,0,0,0,0,0,0,0,0,0,0,-1
22,2,8,0,1,0,0,0,3,0,0,0,0,0.0,0.7727,3.6635,1.0,0,1,0,0,0,0,0,0,0,0,0,0,0,-1
39,7,20,0,3,0,0,0,5,0,0,0,0,0.0769,0.6923,4.1217,2.8074,0,1,0,0,0,0,0,0,0,0,0,0,0,-1
39,2,14,10,1,0,2,0,4,1,0,0,1,0.1795,0.5641,4.67,1.0,0,1,0,0,0,0,0,0,0,0,0,0,0,-1
31,11,8,0,1,0,0,0,3,0,0,0,0,0.0,0.8387,3.9378,2.914,0,1,0,0,0,0,0,0,0,0,0,0,0,-1
33,13,7,0,4,0,0,0,3,0,0,0,0,0.4545,0.2727,3.9424,2.4116,0,0,1,1,0,0,1,0,0,0,0,0,0,-1
51,6,33,0,2,3,0,0,7,0,0,0,0,0.0588,0.6863,4.4436,2.585,0,1,0,0,0,0,0,0,0,0,0,0,0,-1
26,14,5,0,3,0,0,0,3,0,0,0,0,0.4231,0.3077,3.6322,2.306,0,0,1,0,0,0,1,0,0,0,0,0,0,-1
21,5,5,0,1,0,0,0,3,0,0,0,0,0.0,0.7619,3.4992,1.9219,0,1,0,0,0,0,0,0,0,0,0,0,0,-1
77,17,42,0,2,4,0,0,4,0,0,0,0,0.2338,0.6234,4.7132,3.4548,0,1,0,0,0,0,0,0,0,0,0,0,0,-1
29,3,14,0,1,0,0,0,4,0,0,0,0,0.0,0.7931,3.9354,1.585,0,1,0,0,0,0,0,0,0,0,0,0,0,-1
28,13,2,0,3,0,0,0,3,0,0,0,0,0.5357,0.1786,3.5122,2.6612,0,0,1,1,0,0,1,0,0,0,0,0,0,-1
29,8,9,0,1,0,0,0,3,0,0,0,0,0.0,0.8276,3.7589,2.75,0,1,0,0,0,0,0,0,0,0,0,0,0,-1
25,4,9,0,1,0,0,0,3,0,0,0,0,0.0,0.8,3.6235,2.0,0,1,0,0,0,0,0,0,0,0,0,0,0,-1
27,9,6,0,1,0,0,0,3,0,0,0,0,0.0,0.8148,3.8562,2.9477,0,1,0,0,0,0,0,0,0,0,0,0,0,-1
27,12,2,0,3,0,0,0,3,0,0,0,0,0.5185,0.1852,3.708,2.6887,0,0,1,1,0,0,1,0,0,0,0,0,0,-1
33,13,7,0,4,0,0,0,3,0,0,0,0,0.4545,0.2727,3.9077,2.7193,0,0,1,1,0,0,1,0,0,0,0,0,0,-1
29,2,15,0,1,0,0,0,4,0,0,0,0,0.0,0.7931,4.0733,1.0,0,1,0,0,0,0,0,0,0,0,0,0,0,-1
27,10,5,0,1,0,0,0,3,0,0,0,0,0.0,0.8148,3.7784,2.9219,0,1,0,0,0,0,0,0,0,0,0,0,0,-1
33,13,7,0,4,0,0,0,3,0,0,0,0,0.4545,0.2727,4.0289,2.4493,0,0,1,1,0,0,1,0,0,0,0,0,0,-1
34,14,7,0,4,0,0,0,3,0,0,0,0,0.4706,0.2647,4.0179,2.6385,0,0,1,1,0,0,1,0,0,0,0,0,0,-1
29,14,2,0,3,0,0,0,3,0,0,0,0,0.5517,0.1724,3.8313,2.8424,0,0,1,1,0,0,1,0,0,0,0,0,0,-1
53,8,33,0,1,3,0,0,5,0,0,0,0,0.0943,0.717,4.4639,3.0,0,1,0,0,0,0,0,0,0,0,0,0,0,-1
32,5,15,0,1,0,0,0,4,0,0,0,0,0.0,0.8125,4.2028,2.3219,0,1,0,0,0,0,0,0,0,0,0,0,0,-1
39,9,20,0,2,0,0,0,5,0,0,0,0,0.0513,0.7436,4.1923,3.1699,0,0,0,0,0,0,1,0,0,0,0,0,0,-1
26,9,5,0,1,0,0,0,3,0,0,0,0,0.0,0.8077,3.6903,2.7255,0,1,0,0,0,0,0,0,0,0,0,0,0,-1
28,13,2,0,3,0,0,0,3,0,0,0,0,0.5357,0.1786,3.7979,2.6612,0,0,1,1,0,0,1,0,0,0,0,0,0,-1
27,6,10,0,1,0,0,0,3,0,0,0,0,0.0,0.8148,3.8282,2.2516,0,1,0,0,0,0,0,0,0,0,0,0,0,-1
28,11,5,0,1,0,0,0,3,0,0,0,0,0.0,0.8214,3.7979,3.0958,0,1,0,0,0,0,0,0,0,0,0,0,0,-1
21,3,6,0,1,0,0,0,3,0,0,0,0,0.0,0.7619,3.6178,1.585,0,1,0,0,0,0,0,0,0,0,0,0,0,-1
29,13,9,0,3,0,0,0,3,0,0,0,0,0.3448,0.4138,3.8833,2.6612,0,0,1,0,0,0,1,0,0,0,0,0,0,-1
28,13,2,0,3,0,0,0,3,0,0,0,0,0.5357,0.1786,3.6995,2.4116,0,0,1,1,0,0,1,0,0,0,0,0,0,-1
24,12,5,0,3,0,0,0,3,0,0,0,0,0.375,0.3333,3.7406,2.6258,0,0,1,0,0,0,1,0,0,0,0,0,0,-1
33,5,2,13,1,0,0,0,3,1,0,0,1,0.0,0.7576,4.1014,2.3219,0,1,0,0,0,0,0,0,0,0,0,0,0,-1
29,9,8,0,1,0,0,0,3,0,0,0,0,0.0,0.8276,4.0213,2.7255,0,1,0,0,0,0,0,0,0,0,0,0,0,-1
17,2,0,0,2,0,0,0,2,0,0,0,0,0.0,0.7059,3.6169,1.0,0,1,0,0,0,0,0,0,0,0,0,0,0,-1
21,4,5,0,1,0,0,0,3,0,0,0,0,0.0,0.7619,3.7849,2.0,0,1,0,0,0,0,0,0,0,0,0,0,0,-1
29,13,9,0,4,0,0,0,4,0,0,0,0,0.3793,0.3103,3.9354,2.8151,0,0,1,0,0,0,1,0,0,0,0,0,0,-1
46,7,27,0,1,2,0,0,5,0,0,0,0,0.1304,0.6739,4.4992,2.8074,0,1,0,0,0,0,0,0,0,0,0,0,0,-1
54,9,33,0,1,3,0,0,5,0,0,0,0,0.0926,0.7222,4.4032,2.9477,0,1,0,0,0,0,0,0,0,0,0,0,0,-1
23,11,0,0,1,0,0,0,2,0,0,0,0,0.0,0.8261,3.9362,2.8454,0,1,0,0,0,0,0,0,0,0,0,0,0,-1
77,11,1,42,2,4,0,0,3,1,0,0,1,0.3377,0.5065,4.8215,3.0958,1,1,0,0,0,0,0,0,0,0,0,0,0,-1
42,13,22,0,4,0,0,0,4,0,0,0,0,0.2381,0.5476,4.1839,2.5654,0,0,1,0,0,0,1,0,0,0,0,0,0,-1
33,13,7,0,4,0,0,0,3,0,0,0,0,0.4545,0.2727,3.9424,2.4416,0,0,1,1,0,0,1,0,0,0,0,0,0,-1
53,7,34,0,1,1,0,0,5,0,0,0,0,0.0,0.8491,4.2066,1.8424,0,1,0,0,0,0,0,0,0,0,0,0,0,-1
33,13,7,0,4,0,0,0,3,0,0,0,0,0.4545,0.2727,4.0289,2.5074,0,0,1,1,0,0,1,0,0,0,0,0,0,-1
34,17,5,0,1,0,0,0,3,0,0,0,0,0.0,0.8529,3.7382,3.1019,0,1,0,0,0,0,0,0,0,0,0,0,0,-1
23,4,0,7,1,0,0,0,2,1,0,0,1,0.0,0.7391,4.0888,1.5,0,1,0,0,0,0,0,0,0,0,0,0,0,-1
39,5,22,0,1,1,0,0,5,0,0,0,0,0.1538,0.641,4.3311,2.3219,0,1,0,0,0,0,0,0,0,0,0,0,0,-1
38,13,13,0,1,0,0,0,4,0,0,0,0,0.0,0.8421,3.9682,3.1808,0,1,0,0,0,0,0,0,0,0,0,0,0,-1
25,11,7,0,3,0,0,0,3,0,0,0,0,0.48,0.24,3.7533,2.5949,0,0,1,0,0,0,1,0,0,0,0,0,0,-1
43,14,17,0,1,0,0,0,4,0,0,0,0,0.0,0.8605,4.0765,3.3249,0,1,0,0,0,0,0,0,0,0,0,0,0,-1
31,7,13,0,1,0,0,0,4,0,0,0,0,0.0,0.8065,4.051,2.5216,0,1,0,0,0,0,0,0,0,0,0,0,0,-1
34,3,20,0,2,0,0,0,5,0,0,0,0,0.0294,0.7353,3.9957,1.585,0,1,0,0,0,0,0,0,0,1,1,0,0,-1
31,13,6,0,1,0,0,0,3,0,0,0,0,0.0,0.8387,3.9536,3.3927,0,1,0,0,0,0,0,0,0,0,0,0,0,-1
32,12,7,0,4,0,0,0,3,0,0,0,0,0.4375,0.2812,4.0153,2.8554,0,0,1,1,0,0,1,0,0,0,0,0,0,-1
23,3,8,0,1,0,0,0,3,0,0,0,0,0.0,0.7826,3.3816,1.585,0,1,0,0,0,0,0,0,0,0,0,0,0,-1
36,8,16,0,1,0,0,0,4,0,0,0,0,0.0,0.8333,3.9749,2.1556,0,1,0,0,0,0,0,0,0,0,0,0,0,-1
41,12,17,0,1,0,0,0,4,0,0,0,0,0.0,0.8537,3.9644,2.7516,0,1,0,0,0,0,0,0,0,0,0,0,0,-1
39,5,19,0,2,1,0,0,5,0,0,0,0,0.0,0.7692,4.1604,2.3219,0,1,0,0,0,0,0,0,0,0,0,0,0,-1
69,9,47,0,2,4,0,0,4,0,0,0,0,0.3623,0.4783,4.7043,2.9477,0,1,0,0,0,0,0,0,0,1,1,0,0,-1
41,16,13,0,1,0,0,0,4,0,0,0,0,0.0,0.8537,4.0644,3.0778,0,1,0,0,0,0,0,0,0,0,0,0,0,-1
28,13,2,0,3,0,0,0,3,0,0,0,0,0.5357,0.1786,3.6995,2.6612,0,0,1,1,0,0,1,0,0,0,0,0,0,-1
60,6,37,0,2,4,0,0,3,0,0,0,0,0.3833,0.45,4.7232,2.585,1,1,0,0,0,0,0,0,0,0,0,0,0,-1
28,11,5,0,1,0,0,0,3,0,0,0,0,0.0,0.8214,3.8154,2.6635,0,1,0,0,0,0,0,0,0,0,0,0,0,-1
30,3,15,0,1,0,0,0,4,0,0,0,0,0.0,0.8,4.1069,1.585,0,1,0,0,0,0,0,0,0,0,0,0,0,-1
30,15,2,0,3,0,0,0,3,0,0,0,0,0.5667,0.1667,3.8729,2.8729,0,0,1,1,0,0,1,0,0,0,0,0,0,-1
29,13,9,0,3,0,0,0,4,0,0,0,0,0.3448,0.3793,4.0044,2.8731,0,0,1,0,0,0,1,0,0,0,0,0,0,-1
32,14,6,0,1,0,0,0,3,0,0,0,0,0.0,0.8438,3.8903,3.3788,0,1,0,0,0,0,0,0,0,0,0,0,0,-1
32,10,11,0,1,0,0,0,4,0,0,0,0,0.0,0.8125,3.8636,2.9219,0,1,0,0,0,0,0,0,0,0,0,0,0,-1
29,10,7,0,1,0,0,0,3,0,0,0,0,0.0,0.8276,4.0213,2.7219,0,1,0,0,0,0,0,0,0,0,0,0,0,-1
35,6,12,0,2,0,0,0,3,0,0,0,0,0.0,0.8286,3.9217,2.2516,1,1,0,0,0,0,0,0,0,0,0,0,0,-1
50,4,34,0,1,1,0,0,5,0,0,0,0,0.0,0.84,4.1571,2.0,0,1,0,0,0,0,0,0,0,0,0,0,0,-1
29,14,2,0,3,0,0,0,3,0,0,0,0,0.5517,0.1724,3.6899,2.5567,0,0,1,1,0,0,1,0,0,0,0,0,0,-1
24,6,6,0,1,0,0,0,3,0,0,0,0,0.0,0.7917,4.1368,2.2516,0,1,0,0,0,0,0,0,0,1,1,0,0,-1
27,7,8,0,1,0,0,0,3,0,0,0,0,0.0,0.8148,3.8101,2.8074,0,1,0,0,0,0,0,0,0,0,0,0,0,-1
35,3,17,0,2,0,0,0,4,0,0,0,0,0.0,0.8,4.1719,1.585,0,1,0,0,0,0,0,0,0,0,0,0,0,-1
35,12,11,0,1,0,0,0,4,0,0,0,0,0.0,0.8286,3.8973,3.1887,0,1,0,0,0,0,0,0,0,0,0,0,0,-1
26,11,2,0,3,0,0,0,3,0,0,0,0,0.5,0.1923,3.5364,2.1181,0,0,1,1,0,0,1,0,0,0,0,0,0,-1
32,0,14,0,1,0,0,0,4,0,0,0,0,0.0,0.8125,3.8125,0.0,0,1,0,0,0,0,0,0,0,0,0,0,0,-1
37,17,8,0,1,0,0,0,3,0,0,0,0,0.0,0.8649,3.8925,3.4548,0,1,0,0,0,0,0,0,0,1,1,0,0,-1
32,12,7,0,4,0,0,0,3,0,0,0,0,0.4375,0.2812,3.8278,2.2925,0,0,1,1,0,0,1,0,0,0,0,0,0,-1
32,9,11,0,2,1,0,0,3,0,0,0,0,0.0,0.7812,4.1639,3.1699,0,1,0,0,0,0,0,0,0,0,0,0,0,-1
36,9,12,0,3,0,0,0,4,0,0,0,0,0.0,0.7778,3.9613,2.9477,1,1,0,0,0,0,0,0,0,0,0,0,0,-1
68,13,48,0,4,1,1,0,5,0,0,0,0,0.4412,0.3824,4.352,2.5654,0,0,1,0,0,0,1,0,0,0,0,0,0,-1
83,21,47,0,2,7,0,0,4,0,0,0,0,0.2169,0.6145,4.6307,3.6538,0,1,0,0,0,0,0,0,0,1,1,0,0,-1
68,11,37,0,2,4,0,0,3,0,0,0,0,0.2647,0.5882,4.5617,2.8454,1,1,0,0,0,0,0,0,0,0,0,0,0,-1
31,11,7,0,4,0,0,0,3,0,0,0,0,0.4194,0.2903,3.9134,2.6635,0,0,1,1,0,0,1,0,0,0,0,0,0,-1
34,14,7,0,4,0,0,0,3,0,0,0,0,0.4706,0.2647,4.1385,2.6456,0,0,1,1,0,0,1,0,0,0,0,0,0,-1
26,8,6,0,1,0,0,0,3,0,0,0,0,0.0,0.8077,3.6574,2.5,0,1,0,0,0,0,0,0,0,1,1,0,0,-1
80,14,49,0,3,4,0,0,4,0,0,0,0,0.2,0.65,4.7758,3.3788,1,1,0,0,0,0,0,0,0,0,0,0,0,-1
40,12,21,0,4,0,0,0,4,0,0,0,0,0.225,0.55,4.2342,2.5221,0,0,1,0,0,0,1,0,0,0,0,0,0,-1
33,7,14,0,1,0,0,0,4,0,0,0,0,0.1515,0.6667,4.5367,2.5216,0,1,0,0,0,0,0,0,0,0,0,0,0,-1
46,5,30,0,1,2,0,0,5,0,0,0,0,0.1087,0.6957,4.2162,1.9219,0,1,0,0,0,0,0,0,0,0,0,0,0,-1
80,11,1,42,2,5,0,0,3,1,0,0,1,0.325,0.5125,4.8197,3.2776,1,1,0,0,0,0,0,0,0,0,0,0,0,-1
34,14,7,0,4,0,0,0,3,0,0,0,0,0.4706,0.2647,3.7856,2.7534,0,0,1,1,0,0,1,0,0,0,0,0,0,-1
42,13,22,0,4,0,0,0,4,0,0,0,0,0.3095,0.4762,4.2791,2.8731,0,0,1,0,0,0,1,0,0,0,0,0,0,-1
34,15,7,0,1,0,0,0,3,0,0,0,0,0.0,0.8529,4.0575,3.3232,0,1,0,0,0,0,0,0,0,1,1,0,0,-1
33,13,7,0,4,0,0,0,3,0,0,0,0,0.4545,0.2727,3.859,2.4416,0,0,1,1,0,0,1,0,0,0,0,0,0,-1
35,15,7,0,4,0,0,0,3,0,0,0,0,0.4857,0.2571,3.8757,2.7899,0,0,1,1,0,0,1,0,0,0,0,0,0,-1
23,0,6,0,2,0,0,0,3,0,0,0,0,0.0,0.7391,3.882,0.0,0,1,0,0,0,0,0,0,0,1,1,0,0,-1
35,14,14,0,5,0,1,0,3,0,0,0,0,0.4286,0.2857,4.0903,2.7534,0,0,1,0,0,0,1,0,0,0,0,0,0,-1
29,14,2,0,3,0,0,0,3,0,0,0,0,0.5517,0.1724,3.6899,2.2988,0,0,1,1,0,0,1,0,0,0,0,0,0,-1
27,12,2,0,3,0,0,0,3,0,0,0,0,0.5185,0.1852,3.6801,2.4591,0,0,1,1,0,0,1,0,0,0,0,0,0,-1
29,14,2,0,3,0,0,0,3,0,0,0,0,0.5517,0.1724,3.8573,2.8424,0,0,1,1,0,0,1,0,0,0,0,0,0,-1
45,3,28,0,2,1,0,0,4,0,0,0,0,0.0,0.8222,4.1359,1.585,0,1,0,0,0,0,0,0,0,0,0,0,0,-1
25,4,0,6,2,0,0,0,2,1,0,0,1,0.04,0.68,4.1337,2.0,0,1,0,0,0,0,0,0,0,0,0,0,0,-1
31,12,7,0,1,0,0,0,3,0,0,0,0,0.0,0.8387,3.889,3.085,0,1,0,0,0,0,0,0,0,1,1,0,0,-1
27,14,6,0,4,0,0,0,3,0,0,0,0,0.4074,0.2963,3.764,2.6106,0,0,1,0,0,0,1,0,0,0,0,0,0,-1
35,11,12,0,1,0,0,0,4,0,0,0,0,0.1143,0.7143,4.2262,3.4594,0,1,0,0,0,0,0,0,0,0,0,0,0,-1
31,6,14,0,1,0,0,0,4,0,0,0,0,0.0,0.8065,3.5758,1.9183,0,1,0,0,0,0,0,0,0,1,1,1,1,-1
32,12,8,0,1,0,0,0,3,0,0,0,0,0.0,0.8438,3.5695,2.6887,0,1,0,0,0,0,0,0,0,0,0,0,0,-1
38,5,21,0,1,0,0,0,5,0,0,0,0,0.1316,0.6842,4.001,2.3219,0,1,0,0,0,0,0,0,0,0,0,0,0,-1
40,15,13,0,1,0,0,0,4,0,0,0,0,0.0,0.85,3.7751,2.4729,0,1,0,0,0,0,0,0,0,0,0,0,0,-1
23,3,9,0,1,0,0,0,3,0,0,0,0,0.0,0.7826,3.6097,1.585,0,1,0,0,0,0,0,0,0,0,0,0,0,-1
34,14,7,0,4,0,0,0,3,0,0,0,0,0.4706,0.2647,3.8781,2.3527,0,0,1,1,0,0,1,0,0,0,0,0,0,-1
29,14,8,0,4,0,0,0,3,0,0,0,0,0.3793,0.3448,3.9094,2.7534,0,0,1,0,0,0,1,0,0,0,0,0,0,-1
44,14,23,0,5,0,0,0,4,0,0,0,0,0.25,0.5227,4.235,2.5567,0,0,1,0,0,0,1,0,0,0,0,0,0,-1
28,10,7,0,1,0,0,0,3,0,0,0,0,0.0,0.8214,3.7674,2.5219,0,1,0,0,0,0,0,0,0,0,0,0,0,-1
48,3,33,0,1,3,0,0,5,0,0,0,0,0.1042,0.6875,4.3061,1.585,0,1,0,0,0,0,0,0,0,0,0,0,0,-1
41,8,21,0,1,1,0,0,4,0,0,0,0,0.0,0.8293,4.1595,2.75,0,1,0,0,0,0,0,0,0,0,0,0,0,-1
90,30,47,0,2,8,0,0,4,0,0,0,0,0.2,0.6333,4.7072,3.9647,0,1,0,0,0,0,0,0,0,1,1,0,0,-1
40,8,20,0,3,0,0,0,5,0,0,0,0,0.075,0.7,4.0037,2.75,0,1,0,0,0,0,0,0,0,0,0,0,0,-1
25,13,5,0,3,0,0,0,3,0,0,0,0,0.4,0.32,3.9435,2.8731,0,0,1,0,0,0,1,0,0,0,0,0,0,-1
31,10,9,0,1,0,0,0,3,0,0,0,0,0.0,0.8387,3.889,2.9219,0,1,0,0,0,0,0,0,0,0,0,0,0,-1
27,10,5,0,1,0,0,0,3,0,0,0,0,0.0,0.8148,3.708,2.7219,0,1,0,0,0,0,0,0,0,0,0,0,0,-1
30,6,9,0,2,0,0,0,4,0,0,0,0,0.0,0.7667,3.9069,2.585,0,1,0,0,0,0,0,0,0,0,0,0,0,-1
21,6,4,0,1,0,0,0,3,0,0,0,0,0.0,0.7619,3.6538,1.7925,0,1,0,0,0,0,0,0,0,0,0,0,0,-1
51,6,33,0,1,3,0,0,5,0,0,0,0,0.098,0.7059,4.4669,2.2516,0,1,0,0,0,0,0,0,0,0,0,0,0,-1
34,14,7,0,4,0,0,0,3,0,0,0,0,0.4706,0.2647,3.8192,2.217,0,0,1,1,0,0,1,0,0,0,0,0,0,-1
34,14,7,0,4,0,0,0,3,0,0,0,0,0.4706,0.2647,3.6637,2.2988,0,0,1,1,0,0,1,0,0,0,0,0,0,-1
26,14,5,0,3,0,0,0,3,0,0,0,0,0.4615,0.2692,3.5074,2.306,0,0,1,0,0,0,1,0,0,0,0,0,0,-1
27,12,2,0,3,0,0,0,3,0,0,0,0,0.5185,0.1852,3.5599,2.5221,0,0,1,1,0,0,1,0,0,0,0,0,0,-1
26,14,5,0,3,0,0,0,3,0,0,0,0,0.4231,0.3077,3.9501,3.0391,0,0,1,0,0,0,1,0,0,0,0,0,0,-1
33,8,13,0,1,0,0,0,4,0,0,0,0,0.0,0.8182,3.8014,2.5,0,1,0,0,0,0,0,0,0,0,0,0,0,-1
31,7,12,0,1,0,0,0,4,0,0,0,0,0.129,0.6774,4.309,2.5216,0,1,0,0,0,0,0,0,0,0,0,0,0,-1
23,7,5,0,1,0,0,0,3,0,0,0,0,0.0,0.7826,3.5014,2.5216,0,1,0,0,0,0,0,0,0,0,0,0,0,-1
44,8,7,16,1,0,0,0,3,1,0,0,1,0.0227,0.7727,4.2484,2.75,0,1,0,0,0,0,1,0,0,0,0,0,0,-1
34,8,14,0,1,0,0,0,4,0,0,0,0,0.0,0.8235,3.7382,2.4056,0,1,0,0,0,0,0,0,0,0,0,0,0,-1
38,11,15,0,1,0,0,0,4,0,0,0,0,0.0,0.8421,3.9225,3.2776,0,1,0,0,0,0,0,0,0,0,0,0,0,-1
26,3,8,0,2,0,0,0,3,0,0,0,0,0.0,0.7692,4.027,1.585,0,1,0,0,0,0,0,0,0,0,0,0,0,-1
21,6,4,0,1,0,0,0,3,0,0,0,0,0.0,0.7619,3.8802,2.2516,0,1,0,0,0,0,0,0,0,0,0,0,0,-1
26,5,9,0,1,0,0,0,3,0,0,0,0,0.0,0.8077,3.5514,1.9219,0,1,0,0,0,0,0,0,0,0,0,0,0,-1
28,13,2,0,3,0,0,0,3,0,0,0,0,0.5357,0.1786,3.5297,2.4416,0,0,1,1,0,0,1,0,0,0,0,0,0,-1
36,13,11,0,1,0,0,0,4,0,0,0,0,0.0,0.8333,3.6626,3.027,0,1,0,0,0,0,0,0,0,0,0,0,0,-1
31,14,10,0,3,0,0,0,4,0,0,0,0,0.3871,0.3548,3.9747,2.4956,0,0,1,0,0,0,1,0,0,0,0,0,0,-1
34,14,7,0,4,0,0,0,3,0,0,0,0,0.4706,0.2647,3.962,2.4138,0,0,1,1,0,0,1,0,0,0,0,0,0,-1
36,8,0,12,2,0,0,0,2,1,0,0,1,0.0,0.8056,4.281,2.75,0,1,0,0,0,0,0,0,0,0,0,0,0,-1
34,14,7,0,4,0,0,0,3,0,0,0,0,0.4706,0.2647,3.9591,2.7534,0,0,1,1,0,0,1,0,0,0,0,0,0,-1
26,10,5,0,1,1,0,0,3,0,0,0,0,0.0,0.7692,3.9501,2.8464,0,0,0,0,0,0,0,0,1,0,0,0,0,-1
34,6,17,0,1,1,0,0,4,0,0,0,0,0.0,0.7941,3.7382,2.2516,0,1,0,0,0,0,0,0,0,0,0,0,0,-1
31,5,14,0,1,0,0,0,4,0,0,0,0,0.129,0.6774,4.2847,1.9219,0,1,0,0,0,0,0,0,0,0,0,0,0,-1
38,14,17,0,4,0,0,0,4,0,0,0,0,0.3158,0.4474,4.2608,2.6456,0,0,1,0,0,0,1,0,0,0,0,0,0,-1
37,12,18,0,4,0,1,0,4,0,0,0,0,0.4595,0.2703,3.9591,2.8554,0,0,1,0,0,0,1,0,0,0,0,0,0,-1
29,14,2,0,3,0,0,0,3,0,0,0,0,0.5517,0.1724,3.7194,2.6456,0,0,1,1,0,0,1,0,0,0,0,0,0,-1
68,6,50,0,2,0,0,0,9,0,0,0,0,0.0588,0.7647,4.5314,2.585,0,1,0,0,0,0,0,0,0,1,1,0,0,-1
76,12,37,0,2,5,0,0,3,0,0,0,0,0.2632,0.5921,4.8629,3.4183,1,1,0,0,0,0,0,0,0,0,0,0,0,-1
26,10,5,0,1,1,0,0,3,0,0,0,0,0.0385,0.7308,4.0749,2.8464,0,0,0,0,0,0,0,0,1,0,0,0,0,-1
23,5,6,0,1,0,0,0,3,0,0,0,0,0.0,0.7826,3.882,1.9219,0,1,0,0,0,0,0,0,0,0,0,0,0,-1
98,38,47,0,2,8,0,0,4,0,0,0,0,0.2755,0.5714,4.7623,3.7474,0,1,0,0,0,0,0,0,0,1,1,0,0,-1
29,10,7,0,1,0,0,0,3,0,0,0,0,0.0,0.8276,3.9783,2.9219,0,1,0,0,0,0,0,0,0,0,0,0,0,-1
90,31,47,0,2,8,0,0,4,0,0,0,0,0.2556,0.5778,4.6945,3.5231,0,0,0,0,0,0,0,0,0,1,1,0,0,-1
27,12,2,0,3,0,0,0,3,0,0,0,0,0.5185,0.1852,3.634,2.6258,0,0,1,1,0,0,1,0,0,0,0,0,0,-1
22,2,8,0,1,0,0,0,3,0,0,0,0,0.0,0.7727,3.9706,1.0,0,1,0,0,0,0,0,0,0,0,0,0,0,-1
27,6,9,0,1,0,0,0,3,0,0,0,0,0.0,0.8148,3.838,2.585,0,1,0,0,0,0,0,0,0,0,0,0,0,-1
28,13,2,0,3,0,0,0,3,0,0,0,0,0.5357,0.1786,3.8424,2.6612,0,0,1,1,0,0,1,0,0,0,0,0,0,-1
75,4,55,0,4,2,3,0,5,0,0,0,0,0.2267,0.5733,4.8936,2.0,1,1,0,0,0,0,0,0,0,0,0,0,0,-1
29,14,2,0,3,0,0,0,3,0,0,0,0,0.5517,0.1724,3.7194,2.6456,0,0,1,1,0,0,1,0,0,0,0,0,0,-1
28,14,7,0,4,0,0,0,3,0,0,0,0,0.3929,0.3214,3.7979,2.6456,0,0,1,0,0,0,1,0,0,0,0,0,0,-1
22,3,4,0,2,0,0,0,3,0,0,0,0,0.0,0.7273,3.7888,1.585,0,1,0,0,0,0,0,0,0,0,0,0,0,-1
29,4,14,0,1,0,0,0,4,0,0,0,0,0.0,0.7931,3.7194,2.0,0,1,0,0,0,0,0,0,0,0,0,0,0,-1
29,14,2,0,3,0,0,0,3,0,0,0,0,0.5517,0.1724,3.5076,2.217,0,0,1,1,0,0,1,0,0,0,0,0,0,-1
25,14,4,0,3,0,0,0,3,0,0,0,0,0.48,0.24,3.4031,2.306,0,0,1,0,0,0,1,0,0,0,0,0,0,-1
35,11,12,0,1,0,0,0,4,0,0,0,0,0.0857,0.7429,4.3864,2.914,0,1,0,0,0,0,0,0,0,0,0,0,0,-1
41,5,7,16,1,0,0,0,3,1,0,0,1,0.0,0.7805,4.3387,2.3219,0,1,0,0,0,0,0,0,0,0,0,0,0,-1
28,5,8,0,2,0,0,0,3,0,0,0,0,0.0,0.7857,3.8424,2.3219,0,1,0,0,0,0,0,0,0,0,0,0,0,-1
28,4,9,0,2,0,0,0,3,0,0,0,0,0.0,0.7857,3.6995,1.5,0,1,0,0,0,0,0,0,0,0,0,0,0,-1
24,4,8,0,1,0,0,0,3,0,0,0,0,0.0,0.7917,3.8239,2.0,0,1,0,0,0,0,0,0,0,0,0,0,0,-1
33,4,7,10,1,0,0,0,3,1,0,0,1,0.0,0.7879,4.0289,2.0,0,1,0,0,0,0,0,0,0,0,0,0,0,-1
43,11,20,0,1,0,0,0,4,0,0,0,0,0.0,0.8605,4.1705,3.2776,0,1,0,0,0,0,0,0,0,0,0,0,0,-1
47,10,14,10,1,0,2,0,4,1,0,0,1,0.1489,0.6383,4.714,2.7219,0,1,0,0,0,0,0,0,0,0,0,0,0,-1
35,6,17,0,1,0,0,0,4,0,0,0,0,0.0,0.8286,4.036,2.2516,0,1,0,0,0,0,0,0,0,0,0,0,0,-1
35,19,5,0,1,2,0,0,3,0,0,0,0,0.0,0.8,4.229,3.6819,0,1,0,0,0,0,0,0,0,0,0,0,0,-1
32,13,7,0,1,0,0,0,3,0,0,0,0,0.0,0.8438,4.0931,3.2389,0,1,0,0,0,0,0,0,0,0,0,0,0,-1
25,13,5,0,3,0,0,0,3,0,0,0,0,0.44,0.28,3.9435,2.8731,0,0,1,0,0,0,1,0,0,0,0,0,0,-1
21,4,5,0,1,0,0,0,3,0,0,0,0,0.0,0.7619,3.749,2.0,0,1,0,0,0,0,0,0,0,0,0,0,0,-1
34,14,7,0,4,0,0,0,3,0,0,0,0,0.4706,0.2647,3.9369,2.6106,0,0,1,1,0,0,1,0,0,0,0,0,0,-1
35,11,10,0,2,0,0,0,3,0,0,0,0,0.0,0.8286,4.1287,3.0958,0,1,0,0,0,0,0,0,0,0,0,0,0,-1
43,13,23,0,4,0,1,0,4,0,0,0,0,0.2791,0.4884,4.3855,2.6612,0,0,1,0,0,0,1,0,0,0,0,0,0,-1
51,21,18,0,1,2,0,0,5,0,0,0,0,0.1176,0.7059,4.2039,3.3321,0,1,0,0,0,0,0,0,0,0,0,0,0,-1
40,13,20,0,4,0,1,0,3,0,0,0,0,0.25,0.525,4.3087,2.6032,0,0,1,0,0,0,1,0,0,0,0,0,0,-1
26,12,2,0,3,0,0,0,3,0,0,0,0,0.5,0.1923,3.7672,2.8554,0,0,1,1,0,0,1,0,0,0,0,0,0,-1
22,0,8,0,1,0,0,0,3,0,0,0,0,0.0,0.7727,3.8454,0.0,0,1,0,0,0,0,0,0,0,1,1,0,0,-1
30,2,16,0,1,0,0,0,4,0,0,0,0,0.0,0.8,3.7899,1.0,0,1,0,0,0,0,0,0,0,0,0,0,0,-1
87,28,47,0,2,8,0,0,4,0,0,0,0,0.2299,0.5977,4.717,3.6281,0,0,0,0,0,0,0,0,0,1,1,0,0,-1
44,4,7,16,2,0,0,0,3,1,0,0,1,0.0,0.7955,4.3542,1.5,0,1,0,0,0,0,0,0,0,0,0,0,0,-1
29,5,12,0,1,0,0,0,4,0,0,0,0,0.1379,0.6552,4.0044,1.9219,0,1,0,0,0,0,0,0,0,0,0,0,0,-1
22,5,5,0,1,0,0,0,3,0,0,0,0,0.0,0.7727,3.7888,2.3219,0,1,0,0,0,0,0,0,0,0,0,0,0,-1
24,13,4,0,3,0,0,0,3,0,0,0,0,0.4167,0.2917,3.8554,2.8731,0,0,1,0,0,0,1,0,0,0,0,0,0,-1
55,19,24,0,1,2,0,0,4,0,0,0,0,0.0727,0.7818,4.308,3.7216,0,1,0,0,0,0,0,0,0,0,0,0,0,-1
25,11,7,0,3,0,0,0,3,0,0,0,0,0.44,0.28,3.7035,2.5949,0,0,1,0,0,0,1,0,0,0,0,0,0,-1
31,14,10,0,3,0,0,0,4,0,0,0,0,0.4194,0.3226,3.9503,2.4956,0,0,1,0,0,0,1,0,0,0,0,0,0,-1
21,4,6,0,1,0,0,0,3,0,0,0,0,0.0,0.7619,3.4633,2.0,0,1,0,0,0,0,0,0,0,0,0,0,0,-1
20,2,7,0,1,0,0,0,3,0,0,0,0,0.0,0.75,3.6842,1.0,0,1,0,0,0,0,0,0,0,0,0,0,0,-1
32,12,7,0,4,0,0,0,3,0,0,0,0,0.4375,0.2812,3.9025,2.3962,0,0,1,1,0,0,1,0,0,0,0,0,0,-1
37,5,20,0,1,0,0,0,5,0,0,0,0,0.0,0.8108,4.1114,2.3219,0,1,0,0,0,0,0,0,0,1,1,0,0,-1
45,9,7,16,1,0,0,0,3,1,0,0,1,0.0,0.8222,4.2779,2.7255,0,1,0,0,0,0,0,0,0,0,0,0,0,-1
24,13,4,0,3,0,0,0,3,0,0,0,0,0.4167,0.2917,3.7406,2.8731,0,0,1,0,0,0,1,0,0,0,0,0,0,-1
29,12,5,0,1,0,0,0,3,0,0,0,0,0.0,0.8276,4.0473,3.085,0,1,0,0,0,0,0,0,0,0,0,0,0,-1
33,12,9,0,1,0,0,0,3,0,0,0,0,0.0,0.8485,3.9802,2.7516,0,1,0,0,0,0,0,0,0,0,0,0,0,-1
35,7,5,0,2,0,0,0,3,0,0,0,0,0.0571,0.7714,4.229,2.1281,1,0,0,0,0,0,0,0,0,0,0,0,0,-1
30,15,2,0,3,0,0,0,3,0,0,0,0,0.5667,0.1667,3.8314,2.6062,0,0,1,1,0,0,1,0,0,0,0,0,0,-1
88,29,47,0,2,8,0,0,4,0,0,0,0,0.1818,0.6477,4.6381,3.7194,0,0,0,0,0,0,0,0,0,1,1,0,0,-1
28,6,11,0,1,0,0,0,4,0,0,0,0,0.0,0.7857,3.8518,2.2516,0,1,0,0,0,0,0,0,0,0,0,0,0,-1
33,13,7,0,4,0,0,0,3,0,0,0,0,0.4545,0.2727,3.7594,2.2878,0,0,1,1,0,0,1,0,0,0,0,0,0,-1
24,8,4,0,1,0,0,0,3,0,0,0,0,0.0,0.7917,4.0535,2.5,0,1,0,0,0,0,0,0,0,0,0,0,0,-1
83,21,47,0,2,5,0,0,4,0,0,0,0,0.2289,0.6265,4.652,3.5585,0,1,0,0,0,0,0,0,0,1,1,0,0,-1
34,14,7,0,4,0,0,0,3,0,0,0,0,0.4706,0.2647,3.962,2.4138,0,0,1,1,0,0,1,0,0,0,0,0,0,-1
24,4,9,0,1,1,0,0,3,0,0,0,0,0.0,0.75,3.8554,1.5,0,1,0,0,0,0,0,0,0,0,0,0,0,-1
25,7,6,0,1,0,0,0,3,0,0,0,0,0.0,0.8,3.8333,2.1281,0,1,0,0,0,0,0,0,0,0,0,0,0,-1
87,28,47,0,2,8,0,0,4,0,0,0,0,0.2644,0.5632,4.7683,3.6281,0,0,0,0,0,0,0,0,0,1,1,0,0,-1
99,39,47,0,2,8,0,0,4,0,0,0,0,0.1919,0.6566,4.6884,3.871,0,1,0,0,0,0,0,0,0,1,1,0,0,-1
27,3,10,0,2,0,0,0,3,0,0,0,0,0.0,0.7778,3.8562,1.585,0,1,0,0,0,0,0,0,0,0,0,0,0,-1
35,7,2,13,1,0,0,0,3,1,0,0,1,0.0,0.7714,4.1147,2.5216,0,1,0,0,0,0,0,0,0,0,0,0,0,-1
35,14,10,0,1,0,0,0,3,0,0,0,0,0.0,0.8571,3.8973,3.2359,0,1,0,0,0,0,0,0,0,0,0,0,0,-1
31,11,8,0,1,0,0,0,3,0,0,0,0,0.0,0.8387,3.9134,3.2776,0,1,0,0,0,0,0,0,0,0,0,0,0,-1
26,11,2,0,3,0,0,0,3,0,0,0,0,0.5,0.1923,3.6322,2.8454,0,0,1,1,0,0,1,0,0,0,0,0,0,-1
37,9,18,0,2,0,0,0,4,0,0,0,0,0.027,0.7838,4.2834,3.1699,0,0,0,0,0,0,1,0,0,0,0,0,0,-1
33,4,17,0,1,1,0,0,4,0,0,0,0,0.0,0.7879,3.862,2.0,0,1,0,0,0,0,0,0,0,0,0,0,0,-1
30,11,0,6,1,0,0,0,2,1,0,0,1,0.0333,0.7667,4.2566,3.0958,0,1,0,0,0,0,0,0,0,0,0,0,0,-1
31,14,10,0,3,0,0,0,4,0,0,0,0,0.3548,0.3871,3.9621,2.6106,0,0,1,0,0,0,1,0,0,0,0,0,0,-1
28,6,10,0,1,0,0,0,3,0,0,0,0,0.0,0.8214,3.9408,1.9183,0,1,0,0,0,0,0,0,0,0,0,0,0,-1
26,10,5,0,1,1,0,0,3,0,0,0,0,0.0385,0.7308,4.0749,2.8464,0,0,0,0,0,0,0,0,1,0,0,0,0,-1
32,12,7,0,4,0,0,0,3,0,0,0,0,0.4375,0.2812,4.0542,2.8554,0,0,1,1,0,0,1,0,0,0,0,0,0,-1
18,0,5,0,1,0,0,0,3,0,0,0,0,0.0,0.7222,3.2391,0.0,0,1,0,0,0,0,0,0,0,0,0,0,0,-1
42,9,22,0,1,0,1,0,4,0,0,0,0,0.0,0.8333,4.2704,2.9477,0,1,0,0,0,0,0,0,0,0,0,0,0,-1
27,3,12,0,1,0,0,0,4,0,0,0,0,0.0,0.7778,3.708,1.585,0,1,0,0,0,0,0,0,0,0,0,0,0,-1
148,18,66,48,3,0,5,0,6,3,2,0,1,0.3108,0.5473,5.2241,3.4613,1,1,0,0,0,0,0,0,0,0,0,1,1,-1
34,8,14,0,1,0,0,0,4,0,0,0,0,0.0,0.8235,3.962,3.0,0,1,0,0,0,0,0,0,0,0,0,0,0,-1
30,14,9,0,4,0,0,0,3,0,0,0,0,0.4333,0.3,3.8981,2.7534,0,0,1,0,0,0,1,0,0,0,0,0,0,-1
22,6,4,0,1,0,0,0,3,0,0,0,0,0.0,0.7727,3.6635,2.2516,0,1,0,0,0,0,0,0,0,1,1,1,0,-1
30,10,0,7,1,0,0,0,2,1,0,0,1,0.0,0.8,4.1899,3.1219,0,1,0,0,0,0,0,0,0,0,0,0,0,-1
82,22,47,0,2,5,0,0,4,0,0,0,0,0.3049,0.5488,4.8056,3.4817,0,1,0,0,0,0,0,0,0,1,1,0,0,-1
49,13,29,0,4,0,0,0,5,0,0,0,0,0.4286,0.3673,4.5152,2.4493,0,0,1,0,0,0,1,0,0,0,0,0,0,-1
25,6,0,6,1,0,0,0,2,1,0,0,1,0.04,0.72,4.1639,2.2516,0,1,0,0,0,0,0,0,0,0,0,0,0,-1
30,7,12,0,1,0,0,0,4,0,0,0,0,0.1,0.7,4.1899,2.5216,0,1,0,0,0,0,0,0,0,0,0,0,0,-1
29,14,2,0,3,0,0,0,3,0,0,0,0,0.5517,0.1724,3.6244,2.6106,0,0,1,1,0,0,1,0,0,0,0,0,0,-1
33,10,11,0,1,0,0,0,4,0,0,0,0,0.0,0.8182,3.9226,2.9219,0,1,0,0,0,0,0,0,0,0,0,0,0,-1
25,13,5,0,3,0,0,0,3,0,0,0,0,0.4,0.32,3.9435,2.8731,0,0,1,0,0,0,1,0,0,0,0,0,0,-1
55,14,34,0,5,0,0,0,4,0,0,0,0,0.2,0.6182,4.1815,2.3599,0,0,1,0,0,0,1,0,0,0,0,0,0,-1
29,3,9,0,2,0,0,0,3,0,0,0,0,0.0,0.7931,4.0213,1.585,1,1,0,0,0,0,0,0,0,0,0,0,0,-1
38,6,20,0,1,0,0,0,5,0,0,0,0,0.0,0.8158,4.1787,2.2516,0,1,0,0,0,0,0,0,0,1,1,0,0,-1
26,8,6,0,1,0,0,0,3,0,0,0,0,0.0,0.8077,3.4885,2.4056,0,1,0,0,0,0,0,0,0,0,0,0,0,-1
70,11,37,0,2,4,0,0,3,0,0,0,0,0.2857,0.5714,4.7127,3.0272,1,1,0,0,0,0,0,0,0,0,0,0,0,-1
89,29,47,0,2,8,0,0,4,0,0,0,0,0.2472,0.5843,4.7663,3.7194,0,1,0,0,0,0,0,0,0,1,1,0,0,-1
29,5,12,0,1,0,0,0,3,0,0,0,0,0.0,0.8276,3.8404,1.5219,0,1,0,0,0,0,0,0,0,0,0,0,0,-1
27,12,7,0,3,0,1,0,3,0,0,0,0,0.4815,0.2222,3.708,2.5221,0,1,1,0,0,0,1,0,0,0,0,0,0,-1
36,8,16,0,1,0,2,0,4,0,0,0,0,0.1111,0.6667,4.1835,2.4056,0,0,0,0,0,0,0,0,0,0,0,0,0,-1
24,13,4,0,3,0,0,0,3,0,0,0,0,0.4167,0.2917,3.7721,2.8731,0,0,1,0,0,0,1,0,0,0,0,0,0,-1
31,6,13,0,1,0,0,0,4,0,0,0,0,0.0,0.8065,4.0266,1.7925,0,1,0,0,0,0,0,0,0,0,0,0,0,-1
30,14,9,0,4,0,0,0,3,0,0,0,0,0.3667,0.3667,3.9647,2.8424,0,0,1,0,0,0,1,0,0,0,0,0,0,-1
28,13,2,0,3,0,0,0,3,0,0,0,0,0.5357,0.1786,3.8249,2.5654,0,0,1,1,0,0,1,0,0,0,0,0,0,-1
23,5,6,0,1,0,0,0,3,0,0,0,0,0.0,0.7826,3.7623,1.9219,0,1,0,0,0,0,0,0,0,0,0,0,0,-1
27,12,2,0,3,0,0,0,3,0,0,0,0,0.5185,0.1852,3.5781,2.4591,0,0,1,1,0,0,1,0,0,0,0,0,0,-1
33,5,7,8,1,0,0,0,3,1,0,0,1,0.0,0.7879,4.165,1.9219,0,1,0,0,0,0,0,0,0,0,0,0,0,-1
62,7,37,0,2,4,0,0,3,0,0,0,0,0.3387,0.5,4.6675,2.5216,1,1,0,0,0,0,0,0,0,0,0,0,0,-1
78,12,48,0,3,4,0,0,4,0,0,0,0,0.2308,0.6154,4.7475,3.0221,1,1,0,0,0,0,0,0,0,1,1,0,0,-1
32,11,9,0,1,0,0,0,3,0,0,0,0,0.0,0.8438,3.9178,2.8454,0,1,0,0,0,0,0,0,0,0,0,0,0,-1
34,6,17,0,1,1,0,0,4,0,0,0,0,0.0,0.7941,3.9032,1.9183,0,1,0,0,0,0,0,0,0,1,1,1,1,-1
29,8,9,0,1,0,0,0,3,0,0,0,0,0.0,0.8276,4.0642,3.0,0,1,0,0,0,0,0,0,0,0,0,0,0,-1
44,9,11,0,2,0,0,0,4,0,0,0,0,0.2045,0.6364,4.1896,2.7255,1,0,0,0,0,0,0,0,0,0,0,0,0,-1
22,6,5,0,1,0,0,0,3,0,0,0,0,0.0,0.7727,3.6292,2.2516,0,1,0,0,0,0,0,0,0,1,1,1,1,-1
26,6,8,0,1,0,0,0,3,0,0,0,0,0.0,0.8077,3.921,2.585,0,1,0,0,0,0,0,0,0,0,0,0,0,-1
34,11,11,0,1,0,0,0,4,0,0,0,0,0.0,0.8235,3.8192,2.5949,0,1,0,0,0,0,0,0,0,0,0,0,0,-1
33,13,7,0,4,0,0,0,3,0,0,0,0,0.4545,0.2727,3.8243,2.4116,0,0,1,1,0,0,1,0,0,0,0,0,0,-1
32,12,7,0,4,0,0,0,3,0,0,0,0,0.4375,0.2812,4.0389,2.6887,0,0,1,1,0,0,1,0,0,0,0,0,0,-1
28,13,2,0,3,0,0,0,3,0,0,0,0,0.5357,0.1786,3.7265,2.9689,0,0,1,1,0,0,1,0,0,0,0,0,0,-1
29,4,14,0,1,0,0,0,3,0,0,0,0,0.0,0.8276,3.9094,2.0,0,1,0,0,0,0,0,0,0,0,0,0,0,-1
28,13,2,0,3,0,0,0,3,0,0,0,0,0.5357,0.1786,3.7265,2.8151,0,0,1,1,0,0,1,0,0,0,0,0,0,-1
27,8,0,6,1,1,0,0,2,1,0,0,1,0.037,0.7037,4.1623,3.0,0,1,0,0,0,0,0,0,0,0,0,0,0,-1
33,13,7,0,4,0,0,0,3,0,0,0,0,0.4545,0.2727,3.9226,2.6612,0,0,1,1,0,0,1,0,0,0,0,0,0,-1
32,12,7,0,4,0,0,0,3,0,0,0,0,0.4375,0.2812,3.8667,2.1258,0,0,1,1,0,0,1,0,0,0,0,0,0,-1
34,9,0,12,1,0,0,0,2,1,0,0,1,0.0,0.8235,4.1019,2.9477,0,1,0,0,0,0,0,0,0,0,0,0,0,-1
36,5,20,0,1,0,0,0,5,0,0,0,0,0.0,0.8056,4.0277,2.3219,0,1,0,0,0,0,0,0,0,1,1,0,0,-1
31,12,12,0,4,0,1,0,3,0,0,0,0,0.4194,0.2903,4.0911,2.6887,0,0,1,0,0,0,1,0,0,0,0,0,0,-1
29,14,2,0,3,0,0,0,3,0,0,0,0,0.5517,0.1724,3.9523,3.0391,0,0,1,1,0,0,1,0,0,0,0,0,0,-1
22,10,0,0,1,0,0,0,2,0,0,0,0,0.0,0.8182,3.7322,2.9219,0,1,0,0,0,0,0,0,0,0,0,0,0,-1
35,4,7,8,1,0,0,0,3,1,0,0,1,0.0,0.8,4.1287,2.0,0,1,0,0,0,0,0,0,0,1,1,0,0,-1
31,4,13,0,2,0,0,0,4,0,0,0,0,0.0,0.7742,4.0023,1.5,0,1,0,0,0,0,0,0,0,0,0,0,0,-1
89,27,47,0,2,6,0,0,4,0,0,0,0,0.2472,0.6067,4.6721,3.504,0,1,0,0,0,0,0,0,0,1,1,0,0,-1
36,8,16,0,1,0,0,0,4,0,0,0,0,0.0,0.8333,4.0169,2.75,0,1,0,0,0,0,0,0,0,0,0,0,0,-1
25,1,11,0,1,0,0,0,4,0,0,0,0,0.0,0.76,3.4635,0.0,0,1,0,0,0,0,0,0,0,0,0,0,0,-1
28,13,2,0,3,0,0,0,3,0,0,0,0,0.5357,0.1786,3.4817,2.1997,0,0,1,1,0,0,1,0,0,0,0,0,0,-1
39,4,7,16,1,0,0,0,3,1,0,0,1,0.0,0.7692,4.2336,2.0,0,1,0,0,0,0,0,0,0,0,0,0,0,-1
27,15,0,0,1,0,0,0,2,0,0,0,0,0.0,0.8519,3.634,3.0062,0,1,0,0,0,0,0,0,0,0,0,0,0,-1
44,8,7,16,1,0,0,0,3,1,0,0,1,0.0,0.7955,4.3565,3.0,0,1,0,0,0,0,0,0,0,0,0,0,0,-1
44,14,23,0,4,0,0,0,4,0,0,0,0,0.2955,0.5,4.2888,2.7885,0,0,1,0,0,0,1,0,0,0,0,0,0,-1
33,13,7,0,4,0,0,0,3,0,0,0,0,0.4545,0.2727,4.0667,2.6612,0,0,1,1,0,0,1,0,0,0,0,0,0,-1
43,9,22,0,1,0,1,0,4,0,0,0,0,0.0,0.8372,4.2398,2.5033,0,1,0,0,0,0,0,0,0,0,0,0,0,-1
24,3,9,0,1,0,0,0,4,0,0,0,0,0.0,0.75,3.8868,1.585,0,1,0,0,0,0,0,0,0,0,0,0,0,-1
31,14,10,0,3,0,0,0,4,0,0,0,0,0.3871,0.3548,3.9747,2.4956,0,0,1,0,0,0,1,0,0,0,0,0,0,-1
28,3,11,0,2,0,0,0,4,0,0,0,0,0.0,0.75,3.6784,1.585,0,1,0,0,0,0,0,0,0,0,0,0,0,-1
26,11,2,0,3,0,0,0,3,0,0,0,0,0.5,0.1923,3.6133,2.6635,0,0,1,1,0,0,1,0,0,0,0,0,0,-1
34,14,7,0,4,0,0,0,3,0,0,0,0,0.4706,0.2647,3.8888,2.6106,0,0,1,1,0,0,1,0,0,0,0,0,0,-1
34,14,7,0,4,0,0,0,3,0,0,0,0,0.4706,0.2647,3.7016,2.4677,0,0,1,1,0,0,1,0,0,0,0,0,0,-1
27,5,8,0,2,0,0,0,3,0,0,0,0,0.0,0.7778,3.8562,1.9219,0,1,0,0,0,0,0,0,0,0,0,0,0,-1
33,8,0,12,1,0,0,0,2,1,0,0,1,0.0,0.8182,4.1124,2.4056,0,1,0,0,0,0,0,0,0,0,0,0,0,-1
28,13,2,0,3,0,0,0,3,0,0,0,0,0.5357,0.1786,3.4992,2.4493,0,0,1,1,0,0,1,0,0,0,0,0,0,-1
35,9,14,0,1,0,0,0,4,0,0,0,0,0.0,0.8286,3.9433,2.7255,0,1,0,0,0,0,0,0,0,0,0,0,0,-1
27,7,8,0,1,0,0,0,3,0,0,0,0,0.0,0.8148,3.8282,2.8074,0,1,0,0,0,0,0,0,0,0,0,0,0,-1
26,14,5,0,3,0,0,0,3,0,0,0,0,0.4615,0.2692,3.921,3.0391,0,0,1,0,0,0,1,0,0,0,0,0,0,-1
28,13,2,0,3,0,0,0,3,0,0,0,0,0.5357,0.1786,3.5567,2.6612,0,0,1,1,0,0,1,0,0,0,0,0,0,-1
29,14,2,0,3,0,0,0,3,0,0,0,0,0.5517,0.1724,3.6504,2.4677,0,0,1,1,0,0,1,0,0,0,0,0,0,-1
36,9,15,0,1,0,0,0,4,0,0,0,0,0.0,0.8333,4.3848,3.1699,0,1,0,0,0,0,0,0,0,0,0,0,0,-1
41,9,20,0,2,0,0,0,5,0,0,0,0,0.0488,0.7561,4.1595,2.9477,0,1,0,0,0,0,1,0,0,1,1,0,0,-1
28,13,2,0,3,0,0,0,3,0,0,0,0,0.5357,0.1786,3.6281,2.6612,0,0,1,1,0,0,1,0,0,0,0,0,0,-1
24,12,5,0,3,0,0,0,3,0,0,0,0,0.4167,0.2917,3.8239,2.6258,0,0,1,0,0,0,1,0,0,0,0,0,0,-1
29,14,2,0,3,0,0,0,3,0,0,0,0,0.5517,0.1724,3.7194,2.7885,0,0,1,1,0,0,1,0,0,0,0,0,0,-1
24,13,4,0,3,0,0,0,3,0,0,0,0,0.4167,0.2917,3.6887,2.8731,0,0,1,0,0,0,1,0,0,0,0,0,0,-1
28,13,2,0,3,0,0,0,3,0,0,0,0,0.5357,0.1786,3.6456,2.6612,0,0,1,1,0,0,1,0,0,0,0,0,0,-1
52,16,24,0,1,0,0,0,5,0,0,0,0,0.0,0.8654,4.2198,3.3278,0,1,0,0,0,0,0,0,0,1,1,0,0,-1
28,13,2,0,3,0,0,0,3,0,0,0,0,0.5357,0.1786,3.655,2.4116,0,0,1,1,0,0,1,0,0,0,0,0,0,-1
27,12,2,0,3,0,0,0,3,0,0,0,0,0.5185,0.1852,3.8562,2.8554,0,0,1,1,0,0,1,0,0,0,0,0,0,-1
145,12,126,0,6,7,2,0,3,2,1,0,0,0.0966,0.7517,5.1838,2.8554,0,0,1,0,0,0,1,0,0,0,0,0,0,-1
22,5,5,0,1,0,0,0,3,0,0,0,0,0.0,0.7727,3.6069,1.9219,0,1,0,0,0,0,0,0,0,0,0,0,0,-1
29,8,9,0,1,0,0,0,3,0,0,0,0,0.0,0.8276,3.8833,2.75,0,1,0,0,0,0,0,0,0,0,0,0,0,-1
41,13,21,0,4,0,0,0,4,0,0,0,0,0.2683,0.5122,4.3635,2.8151,0,0,1,0,0,0,1,0,0,0,0,0,0,-1
23,3,8,0,1,0,0,0,3,0,0,0,0,0.0,0.7826,3.7623,1.585,0,1,0,0,0,0,0,0,0,0,0,0,0,-1
26,8,6,0,1,0,0,0,3,0,0,0,0,0.0,0.8077,3.8731,2.75,0,1,0,0,0,0,0,0,0,0,0,0,0,-1
32,7,0,12,1,0,0,0,2,1,0,0,1,0.0,0.8125,4.0625,2.5216,0,1,0,0,0,0,0,0,0,0,0,0,0,-1
26,6,8,0,1,0,0,0,3,0,0,0,0,0.0,0.8077,3.7633,2.2516,0,1,0,0,0,0,0,0,0,0,0,0,0,-1
26,5,7,0,2,0,0,0,3,0,0,0,0,0.0,0.7692,3.7193,2.3219,0,1,0,0,0,0,0,0,0,0,0,0,0,-1
29,4,11,0,2,0,0,0,4,0,0,0,0,0.0,0.7586,3.7159,2.0,0,1,0,0,0,0,0,0,0,0,0,0,0,-1
33,13,7,0,4,0,0,0,3,0,0,0,0,0.4545,0.2727,3.8849,2.4493,0,0,1,1,0,0,1,0,0,0,0,0,0,-1
47,11,24,0,1,2,0,0,4,0,0,0,0,0.0851,0.7447,4.1934,2.914,0,1,0,0,0,0,0,0,0,0,0,0,0,-1
27,12,2,0,3,0,0,0,3,0,0,0,0,0.5185,0.1852,3.6619,2.3962,0,0,1,1,0,0,1,0,0,0,0,0,0,-1
33,13,7,0,4,0,0,0,3,0,0,0,0,0.4545,0.2727,3.7606,2.2878,0,0,1,1,0,0,1,0,0,0,0,0,0,-1
29,14,2,0,3,0,0,0,3,0,0,0,0,0.5517,0.1724,3.8573,2.8424,0,0,1,1,0,0,1,0,0,0,0,0,0,-1
25,5,9,0,1,0,0,0,3,0,0,0,0,0.0,0.8,3.7835,2.3219,0,1,0,0,0,0,0,0,0,0,0,0,0,-1
35,18,5,0,1,1,0,0,3,0,0,0,0,0.0857,0.7429,3.9469,3.5724,0,1,0,0,0,0,1,0,0,0,0,0,0,-1
26,14,5,0,3,0,0,0,3,0,0,0,0,0.4231,0.3077,3.8441,2.8424,0,0,1,0,0,0,1,0,0,0,0,0,0,-1
54,8,34,0,1,1,0,0,5,0,0,0,0,0.0,0.8519,4.1809,2.1556,0,1,0,0,0,0,0,0,0,0,0,0,0,-1
30,14,9,0,3,0,1,0,3,0,0,0,0,0.3667,0.3667,3.8696,2.7534,0,0,1,0,0,0,1,0,0,0,0,0,0,-1
64,10,37,0,2,4,0,0,3,0,0,0,0,0.3125,0.5312,4.5992,3.1219,1,1,0,0,0,0,0,0,0,0,0,0,0,-1
44,11,20,0,3,0,0,0,5,0,0,0,0,0.0682,0.7273,4.1247,3.4594,0,1,0,0,0,0,0,0,0,0,0,0,0,-1
30,14,9,0,4,0,0,0,3,0,0,0,0,0.3667,0.3667,4.0314,2.7885,0,0,1,0,0,0,1,0,0,0,0,0,0,-1
34,14,7,0,4,0,0,0,3,0,0,0,0,0.4706,0.2647,3.9842,2.7534,0,0,1,1,0,0,1,0,0,0,0,0,0,-1
41,9,20,0,1,0,0,0,5,0,0,0,0,0.0,0.8293,4.2387,2.9477,0,1,0,0,0,0,0,0,0,1,1,0,0,-1
33,13,7,0,4,0,0,0,3,0,0,0,0,0.4545,0.2727,4.0061,2.6612,0,0,1,1,0,0,1,0,0,0,0,0,0,-1
36,4,20,0,1,0,0,0,4,0,0,0,0,0.1111,0.7222,4.0934,1.5,0,1,0,0,0,0,1,0,0,0,0,0,0,-1
35,3,21,0,1,1,0,0,4,0,0,0,0,0.0,0.8,3.9544,1.585,0,1,0,0,0,0,0,0,0,0,0,0,0,-1
32,12,7,0,4,0,0,0,3,0,0,0,0,0.4375,0.2812,3.9681,2.6258,0,0,1,1,0,0,1,0,0,0,0,0,0,-1
30,13,10,0,3,0,0,0,4,0,0,0,0,0.4,0.3333,3.9899,2.7193,0,0,1,0,0,0,1,0,0,0,0,0,0,-1
22,3,8,0,1,0,0,0,3,0,0,0,0,0.0,0.7727,3.7201,1.585,0,1,0,0,0,0,0,0,0,0,0,0,0,-1
32,11,9,0,1,0,0,0,3,0,0,0,0,0.0,0.8438,3.715,2.914,0,1,0,0,0,0,0,0,0,0,0,0,0,-1
34,9,13,0,1,0,0,0,4,0,0,0,0,0.0294,0.7941,3.9032,2.9477,0,1,0,0,0,0,1,0,0,0,0,0,0,-1
39,2,22,0,2,0,1,0,4,0,0,0,0,0.0,0.7949,4.221,1.0,0,1,0,0,0,0,0,0,0,0,0,0,0,-1
27,11,5,0,1,1,0,0,3,0,0,0,0,0.0,0.7778,3.9582,3.0958,0,1,0,0,0,0,0,0,0,0,0,0,0,-1
40,3,14,0,2,0,0,0,4,0,0,0,0,0.125,0.7,4.7219,1.585,1,1,0,0,0,0,0,0,0,0,0,0,0,-1
37,13,12,0,1,0,0,0,4,0,0,0,0,0.1081,0.7297,4.2701,3.1808,0,1,0,0,0,0,0,0,0,0,0,0,0,-1
41,0,24,0,1,0,0,0,5,0,0,0,0,0.0,0.8293,3.8251,0.0,0,1,0,0,0,0,0,0,0,1,1,0,0,-1
34,15,8,0,1,0,0,0,3,0,0,0,0,0.0588,0.7941,3.9987,3.1899,0,0,0,0,0,0,0,0,0,0,0,0,0,-1
44,16,7,8,1,0,0,0,3,1,0,0,1,0.0,0.8409,4.2313,3.2028,0,1,0,0,0,0,0,0,0,0,0,0,0,-1
30,15,2,0,3,0,0,0,3,0,0,0,0,0.5667,0.1667,3.7811,3.0062,0,0,1,1,0,0,1,0,0,0,0,0,0,-1
38,13,10,0,2,0,0,0,3,0,0,0,0,0.0,0.8421,4.0702,3.1808,0,1,0,0,0,0,0,0,0,0,0,0,0,-1
33,13,7,0,4,0,0,0,3,0,0,0,0,0.4545,0.2727,3.9306,2.7193,0,0,1,1,0,0,1,0,0,0,0,0,0,-1
21,3,6,0,1,0,0,0,3,0,0,0,0,0.0,0.7619,3.6538,1.585,0,1,0,0,0,0,0,0,0,0,0,0,0,-1
27,7,8,0,1,0,0,0,3,0,0,0,0,0.037,0.7778,3.7262,2.8074,0,1,0,0,0,0,1,0,0,0,0,0,0,-1
36,10,14,0,1,0,0,0,4,0,0,0,0,0.0,0.8333,3.8502,2.5219,0,1,0,0,0,0,0,0,0,0,0,0,0,-1
40,18,4,0,1,0,0,0,3,0,0,0,0,0.0,0.875,4.0562,3.4613,0,1,0,0,0,0,0,0,0,0,0,0,0,-1
33,13,7,0,4,0,0,0,3,0,0,0,0,0.4545,0.2727,4.0061,2.8731,0,0,1,1,0,0,1,0,0,0,0,0,0,-1
71,14,37,0,2,4,0,0,3,0,0,0,0,0.2535,0.6056,4.568,3.3249,1,1,0,0,0,0,0,0,0,0,0,0,0,-1
33,12,9,0,1,0,0,0,3,0,0,0,0,0.0,0.8485,3.5169,2.3554,0,1,0,0,0,0,0,0,0,0,0,0,0,-1
34,14,7,0,4,0,0,0,3,0,0,0,0,0.4706,0.2647,3.9003,2.7534,0,0,1,1,0,0,1,0,0,0,0,0,0,-1
29,14,2,0,3,0,0,0,3,0,0,0,0,0.5517,0.1724,3.5125,2.4138,0,0,1,1,0,0,1,0,0,0,0,0,0,-1
41,7,0,21,1,1,0,0,2,2,1,0,1,0.0,0.7805,4.369,2.5216,0,1,0,0,0,0,0,0,0,0,0,0,0,-1
41,9,20,0,1,0,0,0,4,0,0,0,0,0.0,0.8537,3.9251,2.5033,0,1,0,0,0,0,0,0,0,0,0,0,0,-1
31,14,10,0,4,0,0,0,3,0,0,0,0,0.3548,0.3871,4.0668,2.8963,0,0,1,0,0,0,1,0,0,0,0,0,0,-1
36,8,2,13,1,0,0,0,3,1,0,0,1,0.0,0.7778,4.1179,3.0,0,1,0,0,0,0,0,0,0,0,0,0,0,-1
33,8,14,0,1,0,0,0,4,0,0,0,0,0.0,0.8182,3.7377,3.0,0,1,0,0,0,0,0,0,0,0,0,0,0,-1
32,8,9,0,3,0,0,0,3,0,0,0,0,0.125,0.6562,4.2181,2.5,1,0,0,0,0,0,1,0,1,0,0,0,0,-1
23,5,6,0,1,0,0,0,3,0,0,0,0,0.0,0.7826,3.7951,2.3219,0,1,0,0,0,0,0,0,0,0,0,0,0,-1
24,13,4,0,3,0,0,0,3,0,0,0,0,0.4167,0.2917,3.8554,2.8731,0,0,1,0,0,0,1,0,0,0,0,0,0,-1
34,9,14,0,1,0,0,0,4,0,0,0,0,0.1176,0.7059,4.3594,2.7255,0,1,0,0,0,0,0,0,0,0,0,0,0,-1
40,9,19,0,1,0,0,0,4,0,0,0,0,0.0,0.85,4.0751,2.7255,0,1,0,0,0,0,0,0,0,0,0,0,0,-1
24,13,4,0,3,0,0,0,3,0,0,0,0,0.4583,0.25,3.7721,2.8731,0,0,1,0,0,0,1,0,0,0,0,0,0,-1
42,10,20,0,2,0,0,0,5,0,0,0,0,0.0238,0.7857,4.1072,2.9219,0,1,0,0,0,0,0,0,0,1,1,0,0,-1
40,6,2,13,2,0,0,0,3,1,0,0,1,0.0,0.775,4.2964,2.585,1,1,0,0,0,0,0,0,0,0,0,0,0,-1
29,14,2,0,3,0,0,0,3,0,0,0,0,0.5517,0.1724,3.6673,2.6456,0,0,1,1,0,0,1,0,0,0,0,0,0,-1
69,14,37,0,2,4,0,0,3,0,0,0,0,0.2754,0.5797,4.5079,3.0391,1,1,0,0,0,0,0,0,0,0,0,0,0,-1
31,7,12,0,1,0,0,0,4,0,0,0,0,0.1613,0.6452,4.1557,2.5216,0,1,0,0,0,0,1,0,0,0,0,0,0,-1
73,8,1,42,2,4,0,0,3,1,0,0,1,0.3288,0.5068,4.9447,2.75,1,1,0,0,0,0,0,0,0,0,0,0,0,-1
33,13,7,0,4,0,0,0,3,0,0,0,0,0.4545,0.2727,3.87,2.6032,0,0,1,1,0,0,1,0,0,0,0,0,0,-1
29,11,6,0,1,1,0,0,3,0,0,0,0,0.0,0.7931,4.1163,3.2776,0,1,0,0,0,0,0,0,0,0,0,0,0,-1
35,14,11,0,3,0,1,0,3,0,0,0,0,0.4286,0.3143,4.036,2.6106,0,0,1,1,0,0,1,0,0,0,0,0,0,-1
33,13,7,0,4,0,0,0,3,0,0,0,0,0.4545,0.2727,3.9683,2.3535,0,0,1,1,0,0,1,0,0,0,0,0,0,-1
51,12,27,0,1,2,0,0,5,0,0,0,0,0.1176,0.7059,4.4276,3.085,0,1,0,0,0,0,0,0,0,0,0,0,0,-1
25,12,6,0,3,0,0,0,3,0,0,0,0,0.44,0.28,3.6431,2.6887,0,0,1,0,0,0,1,0,0,0,0,0,0,-1
29,13,5,0,1,0,0,0,3,0,0,0,0,0.0,0.8276,3.8144,3.027,0,1,0,0,0,0,0,0,0,0,0,0,0,-1
30,8,10,0,1,0,0,0,3,0,0,0,0,0.0,0.8333,4.0981,3.0,0,1,0,0,0,0,0,0,0,0,0,0,0,-1
143,10,52,52,5,5,0,0,7,2,1,1,1,0.1678,0.6713,4.9961,2.9219,1,1,0,0,0,0,0,0,0,0,0,1,1,-1
24,6,6,0,1,0,0,0,3,0,0,0,0,0.0,0.7917,3.7406,2.585,0,1,0,0,0,0,0,0,0,0,0,0,0,-1
30,12,6,0,1,0,0,0,3,0,0,0,0,0.0,0.8333,3.9811,3.2516,0,1,0,0,0,0,0,0,0,1,1,0,0,-1
29,14,2,0,3,0,0,0,3,0,0,0,0,0.5517,0.1724,3.6075,2.5567,0,0,1,1,0,0,1,0,0,0,0,0,0,-1
28,9,7,0,1,0,0,0,3,0,0,0,0,0.0,0.8214,3.9677,3.1699,0,1,0,0,0,0,0,0,0,0,0,0,0,-1
22,3,8,0,1,0,0,0,3,0,0,0,0,0.0,0.7727,4.0615,1.585,0,1,0,0,0,0,0,0,0,0,0,0,0,-1
37,11,19,0,4,0,0,0,4,0,0,0,0,0.2703,0.4865,4.3782,3.0272,0,0,1,0,0,0,1,0,0,0,0,0,0,-1
26,2,5,0,3,0,0,0,3,0,0,0,0,0.0385,0.6923,4.1039,1.0,2,0,0,0,0,0,0,0,0,0,0,0,0,-1
34,13,14,0,5,2,0,0,3,0,0,0,0,0.3529,0.3235,4.231,3.027,0,0,1,0,0,0,1,0,0,0,0,0,0,-1
29,8,9,0,1,0,0,0,3,0,0,0,0,0.0,0.8276,3.8144,2.5,0,1,0,0,0,0,0,0,0,0,0,0,0,-1
29,14,2,0,3,0,0,0,3,0,0,0,0,0.5517,0.1724,3.6764,2.6456,0,0,1,1,0,0,1,0,0,0,0,0,0,-1
30,15,2,0,3,0,0,0,3,0,0,0,0,0.5667,0.1667,3.7232,2.6062,0,0,1,1,0,0,1,0,0,0,0,0,0,-1
24,13,4,0,3,0,0,0,3,0,0,0,0,0.4167,0.2917,3.7721,2.8731,0,0,1,0,0,0,1,0,0,0,0,0,0,-1
28,8,8,0,1,0,0,0,3,0,0,0,0,0.0,0.8214,3.9677,2.75,0,1,0,0,0,0,0,0,0,0,0,0,0,-1
25,5,8,0,1,0,0,0,3,0,0,0,0,0.0,0.8,3.6431,2.3219,0,1,0,0,0,0,0,0,0,0,0,0,0,-1
30,9,9,0,2,0,0,0,3,0,0,0,0,0.1333,0.6667,4.1232,2.9477,0,1,0,0,0,0,0,0,0,0,0,0,0,-1
29,12,5,0,1,0,0,0,3,0,0,0,0,0.0,0.8276,3.7454,2.7516,0,1,0,0,0,0,0,0,0,0,0,0,0,-1
36,9,15,0,1,0,0,0,4,0,0,0,0,0.0,0.8333,3.5759,2.7255,0,1,0,0,0,0,0,0,0,0,0,0,0,-1
28,13,2,0,3,0,0,0,3,0,0,0,0,0.5357,0.1786,3.655,2.8151,0,0,1,1,0,0,1,0,0,0,0,0,0,-1
29,14,2,0,3,0,0,0,3,0,0,0,0,0.5517,0.1724,3.7883,3.0391,0,0,1,1,0,0,1,0,0,0,0,0,0,-1
32,6,14,0,1,1,0,0,4,0,0,0,0,0.1562,0.625,4.5389,2.585,0,1,0,0,0,0,0,0,0,0,0,0,0,-1
29,8,9,0,1,0,0,0,3,0,0,0,0,0.0,0.8276,4.1163,2.75,0,1,0,0,0,0,0,0,0,0,0,0,0,-1
34,14,7,0,4,0,0,0,3,0,0,0,0,0.4706,0.2647,3.9032,2.5567,0,0,1,1,0,0,1,0,0,0,0,0,0,-1
24,13,4,0,3,0,0,0,3,0,0,0,0,0.5,0.2083,3.7721,2.8731,0,0,1,0,0,0,1,0,0,0,0,0,0,-1
32,7,7,0,2,0,1,0,3,0,0,0,0,0.1562,0.625,4.4764,2.5216,1,0,0,0,0,0,0,0,0,0,0,0,0,-1
39,3,7,16,1,0,0,0,3,1,0,0,1,0.0,0.7692,4.3168,1.585,0,1,0,0,0,0,0,0,0,0,0,0,0,-1
33,13,7,0,4,0,0,0,3,0,0,0,0,0.4545,0.2727,4.0289,2.8731,0,0,1,1,0,0,1,0,0,0,0,0,0,-1
30,7,5,0,2,0,0,0,3,0,0,0,0,0.1333,0.6667,4.4151,2.5216,1,0,0,0,0,0,0,0,0,0,0,0,0,-1
36,12,9,0,2,0,0,0,4,0,0,0,0,0.0556,0.75,4.0588,3.085,1,0,0,0,0,0,0,0,0,0,0,0,0,-1
37,11,14,0,1,0,0,0,4,0,0,0,0,0.1351,0.7027,4.4455,3.0958,0,1,0,0,0,0,0,0,0,0,0,0,0,-1
41,3,26,0,1,1,0,0,6,0,0,0,0,0.0,0.7805,4.2107,1.585,0,1,0,0,0,0,0,0,0,0,0,0,0,-1
33,7,14,0,1,0,0,0,4,0,0,0,0,0.0,0.8182,4.1124,2.8074,0,1,0,0,0,0,0,0,0,0,0,0,0,-1
28,13,2,0,3,0,0,0,3,0,0,0,0,0.5357,0.1786,3.8424,2.6612,0,0,1,1,0,0,1,0,0,0,0,0,0,-1
33,13,7,0,4,0,0,0,3,0,0,0,0,0.4545,0.2727,3.9683,2.6032,0,0,1,1,0,0,1,0,0,0,0,0,0,-1
34,14,7,0,4,0,0,0,3,0,0,0,0,0.4706,0.2647,3.8888,2.6995,0,0,1,1,0,0,1,0,0,0,0,0,0,-1
70,5,1,42,2,4,0,0,3,1,0,0,1,0.3286,0.5,4.7999,2.3219,1,1,0,0,0,0,0,0,0,0,0,0,0,-1
64,12,45,0,4,0,0,0,4,0,0,0,0,0.1719,0.6875,4.3974,2.8554,0,0,1,0,0,0,1,0,0,0,0,0,0,-1
34,14,7,0,4,0,0,0,3,0,0,0,0,0.4706,0.2647,3.9032,2.4138,0,0,1,1,0,0,1,0,0,0,0,0,0,-1
37,13,12,0,4,0,1,0,3,0,0,0,0,0.4054,0.3243,4.0441,2.7193,0,0,1,1,0,0,1,0,0,0,0,0,0,-1
51,11,33,0,4,0,3,0,4,0,0,0,0,0.1569,0.6078,4.364,2.8454,0,0,1,0,0,0,1,0,0,0,0,0,0,-1
29,14,2,0,3,0,0,0,3,0,0,0,0,0.5517,0.1724,3.7454,2.8424,0,0,1,1,0,0,1,0,0,0,0,0,0,-1
33,13,7,0,4,0,0,0,3,0,0,0,0,0.4545,0.2727,4.0289,2.6032,0,0,1,1,0,0,1,0,0,0,0,0,0,-1
39,3,7,16,1,0,0,0,3,1,0,0,1,0.0,0.7692,4.2849,1.585,0,1,0,0,0,0,0,0,0,0,0,0,0,-1
44,8,7,16,1,0,0,0,3,1,0,0,1,0.0,0.8182,4.209,2.75,0,1,0,0,0,0,0,0,0,0,0,0,0,-1
49,4,30,0,1,2,0,0,5,0,0,0,0,0.102,0.7143,4.4661,2.0,0,1,0,0,0,0,0,0,0,0,0,0,0,-1
35,15,7,0,4,0,0,0,3,0,0,0,0,0.4857,0.2571,3.8402,2.2323,0,0,1,1,0,0,1,0,0,0,0,0,0,-1
30,7,8,0,2,0,0,0,3,0,0,0,0,0.0,0.8,3.8817,2.8074,0,1,0,0,0,0,0,0,0,0,0,0,0,-1
51,10,17,0,2,1,0,0,4,0,0,0,0,0.0,0.8431,4.1011,3.1219,1,1,0,0,0,0,0,0,0,0,0,0,0,-1
27,12,2,0,3,0,0,0,3,0,0,0,0,0.5185,0.1852,3.736,2.4591,0,0,1,1,0,0,1,0,0,0,0,0,0,-1
29,12,5,0,1,1,0,0,3,0,0,0,0,0.0,0.7931,3.7883,3.085,0,1,0,0,0,0,0,0,0,0,0,0,0,-1
32,2,19,0,1,1,0,0,5,0,0,0,0,0.0,0.75,3.7508,1.0,0,1,0,0,0,0,0,0,0,0,0,0,0,-1
33,13,7,0,4,0,0,0,3,0,0,0,0,0.4545,0.2727,3.9077,2.6612,0,0,1,1,0,0,1,0,0,0,0,0,0,-1
39,8,19,0,1,1,0,0,5,0,0,0,0,0.0,0.7949,4.0898,2.75,0,1,0,0,0,0,0,0,0,0,0,0,0,-1
24,14,3,0,3,0,0,0,3,0,0,0,0,0.4583,0.25,3.6887,2.7534,0,0,1,0,0,0,1,0,0,0,0,0,0,-1
34,14,7,0,4,0,0,0,3,0,0,0,0,0.4706,0.2647,4.0797,3.0391,0,0,1,1,0,0,1,0,0,0,0,0,0,-1
29,14,2,0,3,0,0,0,3,0,0,0,0,0.5517,0.1724,3.7025,2.8424,0,0,1,1,0,0,1,0,0,0,0,0,0,-1
32,4,16,0,1,0,0,0,4,0,0,0,0,0.0,0.8125,4.1403,2.0,0,1,0,0,0,0,0,0,0,0,0,0,0,-1
33,8,14,0,1,0,0,0,3,0,0,0,0,0.0,0.8485,3.9455,2.75,0,1,0,0,0,0,0,0,0,0,0,0,0,-1
33,13,7,0,4,0,0,0,3,0,0,0,0,0.4545,0.2727,3.9424,2.8151,0,0,1,1,0,0,1,0,0,0,0,0,0,-1
30,13,6,0,1,0,0,0,3,0,0,0,0,0.0,0.8333,3.8151,3.0851,0,1,0,0,0,0,0,0,0,0,0,0,0,-1
27,9,6,0,1,0,0,0,3,0,0,0,0,0.0,0.8148,3.9303,2.9477,0,1,0,0,0,0,0,0,0,0,0,0,0,-1
39,6,21,0,1,1,0,0,4,0,0,0,0,0.0769,0.7436,4.2655,2.585,0,1,0,0,0,0,1,0,0,0,0,0,0,-1
34,6,16,0,1,0,0,0,4,0,0,0,0,0.0,0.8235,3.716,2.585,0,1,0,0,0,0,0,0,0,0,0,0,0,-1
30,10,9,0,1,0,0,0,3,0,0,0,0,0.0,0.8333,3.9647,3.1219,0,1,0,0,0,0,0,0,0,0,0,0,0,-1
24,5,5,0,2,0,0,0,3,0,0,0,0,0.0,0.75,3.7202,1.9219,0,1,0,0,0,0,0,0,0,0,0,0,0,-1
26,14,5,0,3,0,0,0,3,0,0,0,0,0.4615,0.2692,3.8151,2.7885,0,0,1,0,0,0,1,0,0,0,0,0,0,-1
26,5,9,0,1,0,0,0,3,0,0,0,0,0.0,0.8077,4.1039,2.3219,0,1,0,0,0,0,0,0,0,0,0,0,0,-1
42,9,21,0,1,0,0,0,5,0,0,0,0,0.119,0.7143,4.2025,2.7255,0,1,0,0,0,0,0,0,0,0,0,0,0,-1
24,13,4,0,3,0,0,0,3,0,0,0,0,0.4167,0.2917,3.8554,2.8731,0,0,1,0,0,0,1,0,0,0,0,0,0,-1
43,14,22,0,4,0,0,0,4,0,0,0,0,0.3256,0.4651,4.2222,2.8424,0,0,1,0,0,0,1,0,0,0,0,0,0,-1
29,14,2,0,3,0,0,0,3,0,0,0,0,0.5517,0.1724,3.9094,2.8963,0,0,1,1,0,0,1,0,0,0,0,0,0,-1
32,4,0,12,2,0,0,0,2,1,0,0,1,0.0,0.7812,4.1403,1.5,0,1,0,0,0,0,0,0,0,0,0,0,0,-1
32,12,7,0,4,0,0,0,3,0,0,0,0,0.4375,0.2812,3.9139,2.1887,0,0,1,1,0,0,1,0,0,0,0,0,0,-1
22,3,0,7,1,0,0,0,2,1,0,0,1,0.0,0.7273,3.9706,1.585,0,1,0,0,0,0,0,0,0,0,0,0,0,-1
33,13,7,0,4,0,0,0,3,0,0,0,0,0.4545,0.2727,3.859,2.4493,0,0,1,1,0,0,1,0,0,0,0,0,0,-1
26,11,2,0,3,0,0,0,3,0,0,0,0,0.5,0.1923,3.7962,2.2999,0,0,1,1,0,0,1,0,0,0,0,0,0,-1
72,8,1,42,2,4,0,0,3,1,0,0,1,0.2639,0.5694,4.7721,2.75,1,1,0,0,0,0,0,0,0,0,0,0,0,-1
42,5,14,10,1,0,2,0,4,1,0,0,1,0.2381,0.5238,4.6717,2.3219,0,1,0,0,0,0,1,0,0,0,0,0,0,-1
69,12,37,0,2,4,0,0,3,0,0,0,0,0.2609,0.5942,4.7945,3.085,1,1,0,0,0,0,0,0,0,0,0,0,0,-1
29,14,2,0,3,0,0,0,3,0,0,0,0,0.5517,0.1724,3.7454,2.5567,0,0,1,1,0,0,1,0,0,0,0,0,0,-1
28,13,2,0,3,0,0,0,3,0,0,0,0,0.5357,0.1786,3.7265,2.6032,0,0,1,1,0,0,1,0,0,0,0,0,0,-1
69,9,47,0,2,4,0,0,4,0,0,0,0,0.2899,0.5507,4.7205,2.9477,0,1,0,0,0,0,0,0,0,1,1,0,0,-1
65,9,37,0,2,4,0,0,3,0,0,0,0,0.2154,0.6308,4.7279,2.7255,1,1,0,0,0,0,0,0,0,0,0,0,0,-1
26,4,8,0,2,0,0,0,3,0,0,0,0,0.0,0.7692,3.6424,2.0,0,1,0,0,0,0,0,0,0,1,1,0,0,-1
29,14,2,0,3,0,0,0,3,0,0,0,0,0.5517,0.1724,3.7454,2.6106,0,0,1,1,0,0,1,0,0,0,0,0,0,-1
30,9,9,0,1,0,0,0,3,0,0,0,0,0.0,0.8333,3.8314,2.7255,0,1,0,0,0,0,0,0,0,0,0,0,0,-1
25,6,5,0,1,0,0,0,3,0,0,0,0,0.0,0.8,3.8937,2.2516,0,1,0,0,0,0,0,0,0,0,0,0,0,-1
34,14,7,0,4,0,0,0,3,0,0,0,0,0.4706,0.2647,3.9032,2.6995,0,0,1,1,0,0,1,0,0,0,0,0,0,-1
29,14,2,0,3,0,0,0,3,0,0,0,0,0.5517,0.1724,3.7454,2.9852,0,0,1,1,0,0,1,0,0,0,0,0,0,-1
23,3,6,0,2,0,0,0,3,0,0,0,0,0.0,0.7391,3.7294,1.585,0,1,0,0,0,0,0,0,0,0,0,0,0,-1
28,3,0,12,1,0,0,0,2,1,0,0,1,0.0,0.7857,4.182,1.585,0,1,0,0,0,0,0,0,0,0,0,0,0,-1
29,14,2,0,3,0,0,0,3,0,0,0,0,0.5517,0.1724,3.5554,2.0742,0,0,1,1,0,0,1,0,0,0,0,0,0,-1
28,10,6,0,1,0,0,0,3,0,0,0,0,0.0,0.8214,3.7534,2.9219,0,1,0,0,0,0,0,0,0,1,1,0,0,-1
28,13,2,0,3,0,0,0,3,0,0,0,0,0.5357,0.1786,3.4992,2.2955,0,0,1,1,0,0,1,0,0,0,0,0,0,-1
23,5,6,0,1,0,0,0,3,0,0,0,0,0.0,0.7826,3.6425,2.3219,0,1,0,0,0,0,0,0,0,0,0,0,0,-1
25,11,7,0,3,0,0,0,3,0,0,0,0,0.48,0.24,3.9133,2.5949,0,0,1,0,0,0,1,0,0,0,0,0,0,-1
27,4,9,0,2,0,0,0,4,0,0,0,0,0.0,0.7407,3.764,2.0,0,1,0,0,0,0,0,0,0,0,0,0,0,-1
50,5,34,0,1,1,0,0,5,0,0,0,0,0.0,0.84,4.2142,2.3219,0,1,0,0,0,0,0,0,0,0,0,0,0,-1
26,7,5,0,2,0,0,0,3,0,0,0,0,0.0,0.7692,3.7381,2.8074,0,1,0,0,0,0,0,0,0,0,0,0,0,-1
30,4,14,0,1,0,0,0,4,0,0,0,0,0.0,0.8,3.8151,1.5,0,1,0,0,0,0,0,0,0,0,0,0,0,-1
24,13,4,0,3,0,0,0,3,0,0,0,0,0.5,0.2083,3.7406,2.8731,0,0,1,0,0,0,1,0,0,0,0,0,0,-1
44,8,7,16,1,0,0,0,3,1,0,0,1,0.0,0.7955,4.203,1.75,0,1,0,0,0,0,0,0,0,0,0,0,0,-1
24,4,8,0,1,0,0,0,3,0,0,0,0,0.0,0.7917,3.5739,2.0,0,1,0,0,0,0,0,0,0,1,1,0,0,-1
26,6,9,0,1,0,0,0,3,0,0,0,0,0.0385,0.7692,3.6903,2.585,0,1,0,0,0,0,1,0,0,0,0,0,0,-1
24,13,4,0,3,0,0,0,3,0,0,0,0,0.4167,0.2917,3.7721,2.8731,0,0,1,0,0,0,1,0,0,0,0,0,0,-1
22,4,6,0,1,0,0,0,3,0,0,0,0,0.0,0.7727,3.6635,2.0,0,1,0,0,0,0,0,0,0,0,0,0,0,-1
35,9,15,0,2,0,1,0,3,0,0,0,0,0.1714,0.6286,4.436,2.6416,0,0,0,0,0,0,0,0,0,0,0,0,0,-1
23,3,8,0,1,0,0,0,3,0,0,0,0,0.0,0.7826,3.6425,0.9183,0,1,0,0,0,0,0,0,0,0,0,0,0,-1
41,6,19,0,2,0,0,0,4,0,0,0,0,0.0976,0.7073,4.1107,2.585,0,0,0,1,0,0,0,0,0,0,0,0,0,-1
38,18,8,0,1,0,0,0,3,0,0,0,0,0.0,0.8684,4.0208,3.3502,0,1,0,0,0,0,0,0,0,1,1,0,0,-1
36,8,16,0,1,0,0,0,4,0,0,0,0,0.0,0.8333,3.9613,2.75,0,1,0,0,0,0,0,0,0,0,0,0,0,-1
21,3,6,0,1,0,0,0,3,0,0,0,0,0.0,0.7619,3.6538,1.585,0,1,0,0,0,0,0,0,0,0,0,0,0,-1
26,6,8,0,1,0,0,0,3,0,0,0,0,0.0,0.8077,3.9791,2.2516,0,1,0,0,0,0,0,0,0,0,0,0,0,-1
30,15,2,0,3,0,0,0,3,0,0,0,0,0.5667,0.1667,3.6729,2.6826,0,0,1,1,0,0,1,0,0,0,0,0,0,-1
25,3,11,0,2,0,0,0,3,0,0,0,0,0.0,0.76,3.9133,0.9183,0,1,0,0,0,0,0,0,0,0,0,0,0,-1
37,12,0,12,1,1,0,0,2,1,0,0,1,0.027,0.7838,4.4119,3.4183,0,1,0,0,0,0,1,0,0,0,0,0,0,-1
21,5,5,0,1,0,0,0,3,0,0,0,0,0.0952,0.6667,3.7849,1.9219,0,1,0,0,0,0,1,0,0,0,0,0,0,-1
53,11,30,0,1,2,0,0,5,0,0,0,0,0.0943,0.7358,4.3622,2.914,0,1,0,0,0,0,0,0,0,0,0,0,0,-1
83,14,1,42,2,5,0,0,3,1,0,0,1,0.2771,0.5663,4.8694,3.3788,1,1,0,0,0,0,0,0,0,0,0,0,0,-1
40,13,15,0,1,0,0,0,4,0,0,0,0,0.075,0.775,4.1562,3.1808,0,1,0,0,0,0,1,0,0,0,0,0,0,-1
30,15,2,0,3,0,0,0,3,0,0,0,0,0.5667,0.1667,3.6859,2.5493,0,0,1,1,0,0,1,0,0,0,0,0,0,-1
25,8,5,0,1,0,0,0,3,0,0,0,0,0.0,0.8,4.0537,2.75,0,1,0,0,0,0,0,0,0,0,0,0,0,-1
24,13,4,0,3,0,0,0,3,0,0,0,0,0.4167,0.2917,3.8554,2.8731,0,0,1,0,0,0,1,0,0,0,0,0,0,-1
32,9,11,0,1,0,0,0,4,0,0,0,0,0.0,0.8125,3.715,3.1699,0,1,0,0,0,0,0,0,0,0,0,0,0,-1
25,14,4,0,3,0,0,0,3,0,0,0,0,0.44,0.28,3.9435,3.0391,0,0,1,0,0,0,1,0,0,0,0,0,0,-1
28,13,2,0,3,0,0,0,3,0,0,0,0,0.5357,0.1786,3.6281,2.6032,0,0,1,1,0,0,1,0,0,0,0,0,0,-1
32,7,13,0,1,0,0,0,4,0,0,0,0,0.0312,0.7812,4.0778,2.8074,0,1,0,0,0,0,0,0,0,0,0,0,0,-1
31,12,12,0,4,0,0,0,3,0,0,0,0,0.3226,0.4194,4.0668,2.6887,0,0,1,0,0,0,1,0,0,0,0,0,0,-1
34,8,14,0,1,0,0,0,4,0,0,0,0,0.0,0.8235,4.0209,2.75,0,1,0,0,0,0,0,0,0,0,0,0,0,-1
48,6,30,0,1,2,0,0,5,0,0,0,0,0.1042,0.7083,4.4605,2.585,0,1,0,0,0,0,0,0,0,0,0,0,0,-1
25,4,9,0,1,0,0,0,3,0,0,0,0,0.0,0.8,3.8137,2.0,0,1,0,0,0,0,0,0,0,0,0,0,0,-1
27,12,2,0,3,0,0,0,3,0,0,0,0,0.5185,0.1852,3.7542,2.8554,0,0,1,1,0,0,1,0,0,0,0,0,0,-1
39,9,15,0,1,0,0,0,4,0,0,0,0,0.0,0.8462,3.9359,2.9477,0,1,0,0,0,0,0,0,1,0,0,0,0,-1
42,13,22,0,4,0,0,0,4,0,0,0,0,0.2381,0.5476,4.1839,2.5654,0,0,1,0,0,0,1,0,0,0,0,0,0,-1
33,13,7,0,4,0,0,0,3,0,0,0,0,0.4545,0.2727,4.0896,2.9689,0,0,1,1,0,0,1,0,0,0,0,0,0,-1
29,9,8,0,1,0,0,0,3,0,0,0,0,0.0,0.8276,4.0213,2.6416,0,1,0,0,0,0,0,0,0,0,0,0,0,-1
33,14,12,0,3,0,1,0,4,0,0,0,0,0.4545,0.2727,4.1014,2.7885,0,0,1,0,0,0,1,0,0,0,0,0,0,-1
31,13,6,0,3,0,0,0,3,0,0,0,0,0.5161,0.2258,4.0181,2.8731,0,0,1,1,0,0,1,0,0,0,0,0,0,-1
39,13,14,0,4,0,1,0,3,0,0,0,0,0.3846,0.359,4.2311,2.7193,0,0,1,1,0,0,1,0,0,0,0,0,0,-1
27,11,4,0,1,0,0,0,3,0,0,0,0,0.0,0.8148,3.7542,2.914,0,1,0,0,0,0,0,0,0,0,0,0,0,-1
28,8,0,7,1,0,0,0,2,1,0,0,1,0.0,0.7857,4.182,2.75,0,1,0,0,0,0,0,0,0,0,0,0,0,-1
35,14,14,0,5,0,0,0,4,0,0,0,0,0.3143,0.4,3.99,2.6456,0,0,1,0,0,0,1,0,0,0,0,0,0,-1
29,14,2,0,3,0,0,0,3,0,0,0,0,0.5517,0.1724,3.7454,2.7534,0,0,1,1,0,0,1,0,0,0,0,0,0,-1
31,13,4,0,1,0,0,0,3,0,0,0,0,0.0,0.8387,3.7357,3.027,0,0,0,0,0,0,0,0,1,0,0,0,0,-1
36,15,9,0,1,0,0,0,3,0,0,0,0,0.0,0.8611,4.2317,3.6402,0,1,0,0,0,0,0,0,0,0,0,0,0,-1
29,14,2,0,3,0,0,0,3,0,0,0,0,0.5517,0.1724,3.6209,2.4677,0,0,1,1,0,0,1,0,0,0,0,0,0,-1
32,10,10,0,1,0,0,0,3,0,0,0,0,0.0,0.8438,4.0778,2.9219,0,1,0,0,0,0,0,0,0,0,0,0,0,-1
25,11,7,0,3,0,0,0,3,0,0,0,0,0.48,0.24,3.8333,2.5949,0,0,1,0,0,0,1,0,0,0,0,0,0,-1
86,12,49,0,3,4,0,0,4,0,0,0,0,0.2093,0.6512,4.8333,3.4183,1,1,0,0,0,0,1,0,0,0,0,0,0,-1
29,14,2,0,3,0,0,0,3,0,0,0,0,0.5517,0.1724,3.7714,2.8963,0,0,1,1,0,0,1,0,0,0,0,0,0,-1
32,15,5,0,1,0,0,0,3,0,0,0,0,0.0,0.8438,3.9292,3.3232,0,1,0,0,0,0,0,0,0,0,0,0,0,-1
48,12,24,0,1,0,0,0,5,0,0,0,0,0.0,0.8542,4.1552,3.2516,0,1,0,0,0,0,0,0,0,1,1,0,0,-1
24,7,5,0,1,0,0,0,3,0,0,0,0,0.0,0.7917,3.7406,2.5216,0,1,0,0,0,0,0,0,0,0,0,0,0,-1
22,13,2,0,3,0,0,0,3,0,0,0,0,0.4545,0.2273,3.6635,2.8731,0,0,1,0,0,0,1,0,0,0,0,0,0,-1
28,13,2,0,3,0,0,0,3,0,0,0,0,0.5357,0.1786,3.6106,2.7193,0,0,1,1,0,0,1,0,0,0,0,0,0,-1
29,5,12,0,1,0,0,0,4,0,0,0,0,0.1724,0.6207,4.0044,2.3219,0,1,0,0,0,0,1,0,0,0,0,0,0,-1
68,13,48,0,4,1,1,0,5,0,0,0,0,0.4412,0.3824,4.3262,2.5654,0,0,1,0,0,0,1,0,0,0,0,0,0,-1
42,7,24,0,1,2,0,0,4,0,0,0,0,0.0952,0.7143,4.2204,2.5216,0,1,0,0,0,0,0,0,0,0,0,0,0,-1
27,10,5,0,1,0,0,0,3,0,0,0,0,0.0,0.8148,3.9862,3.1219,0,1,0,0,0,0,0,0,0,0,0,0,0,-1
25,14,4,0,3,0,0,0,3,0,0,0,0,0.44,0.28,3.4529,2.306,0,0,1,0,0,0,1,0,0,0,0,0,0,-1
28,13,2,0,3,0,0,0,3,0,0,0,0,0.5357,0.1786,3.8693,2.7193,0,0,1,1,0,0,1,0,0,0,0,0,0,-1
47,11,7,16,1,0,0,0,3,1,0,0,1,0.0,0.8298,4.1899,2.8454,0,1,0,0,0,0,0,0,0,0,0,0,0,-1
26,5,9,0,1,0,0,0,3,0,0,0,0,0.0,0.8077,3.9689,2.3219,0,1,0,0,0,0,0,0,0,0,0,0,0,-1
53,0,34,0,1,1,0,0,5,0,0,0,0,0.0,0.8491,4.2444,0.0,0,1,0,0,0,0,0,0,0,0,0,0,0,-1
50,16,0,21,1,0,0,0,2,2,1,0,1,0.0,0.84,4.4786,3.4528,0,1,0,0,0,0,0,0,0,0,0,0,0,-1
34,14,7,0,4,0,0,0,3,0,0,0,0,0.4706,0.2647,3.7856,2.3249,0,0,1,1,0,0,1,0,0,0,0,0,0,-1
31,4,15,0,1,0,0,0,4,0,0,0,0,0.0,0.8065,3.5421,2.0,0,1,0,0,0,0,0,0,0,0,0,0,0,-1
39,18,9,0,1,1,0,0,3,0,0,0,0,0.0513,0.7949,4.2143,3.8366,0,1,0,0,0,0,1,0,0,0,0,0,0,-1
26,11,2,0,3,0,0,0,3,0,0,0,0,0.5,0.1923,3.6424,2.6635,0,0,1,1,0,0,1,0,0,0,0,0,0,-1
30,15,2,0,3,0,0,0,3,0,0,0,0,0.5667,0.1667,3.6696,2.3899,0,0,1,1,0,0,1,0,0,0,0,0,0,-1
38,13,18,0,4,0,0,0,4,0,0,0,0,0.2895,0.4737,4.0606,2.2878,0,0,1,0,0,0,1,0,0,0,0,0,0,-1
27,12,2,0,3,0,0,0,3,0,0,0,0,0.5185,0.1852,3.6521,2.6887,0,0,1,1,0,0,1,0,0,0,0,0,0,-1
32,13,7,0,4,0,0,0,3,0,0,0,0,0.4375,0.2812,3.9261,2.5654,0,0,1,1,0,0,1,0,0,0,0,0,0,-1
27,12,2,0,3,0,0,0,3,0,0,0,0,0.5185,0.1852,3.8562,2.8554,0,0,1,1,0,0,1,0,0,0,0,0,0,-1
28,13,2,0,3,0,0,0,3,0,0,0,0,0.5357,0.1786,3.8693,2.6612,0,0,1,1,0,0,1,0,0,0,0,0,0,-1
26,11,2,0,3,0,0,0,3,0,0,0,0,0.5,0.1923,3.7672,2.6635,0,0,1,1,0,0,1,0,0,0,0,0,0,-1
36,8,14,0,1,0,0,0,3,0,0,0,0,0.0,0.8611,4.1388,2.75,0,1,0,0,0,0,0,0,0,0,0,0,0,-1
33,13,7,0,4,0,0,0,3,0,0,0,0,0.4545,0.2727,4.0061,2.6612,0,0,1,1,0,0,1,0,0,0,0,0,0,-1
33,15,11,0,4,0,0,0,3,0,0,0,0,0.4242,0.3333,4.1273,3.0062,0,0,1,0,0,0,1,0,0,0,0,0,0,-1
28,13,2,0,3,0,0,0,3,0,0,0,0,0.5357,0.1786,3.6995,2.6612,0,0,1,1,0,0,1,0,0,0,0,0,0,-1
41,5,7,16,1,0,0,0,3,1,0,0,1,0.0732,0.7317,4.3755,2.3219,0,1,0,0,0,0,1,0,0,0,0,0,0,-1
28,7,9,0,1,0,0,0,4,0,0,0,0,0.0,0.7857,3.8074,2.1281,0,1,0,0,0,0,0,0,0,0,0,0,0,-1
53,13,28,0,1,1,0,0,4,0,0,0,0,0.0,0.8679,4.2375,3.3927,0,1,0,0,0,0,0,0,0,0,0,0,0,-1
24,4,6,0,2,0,0,0,3,0,0,0,0,0.0,0.75,3.8035,2.0,0,1,0,0,0,0,0,0,0,0,0,0,0,-1
34,14,7,0,4,0,0,0,3,0,0,0,0,0.4706,0.2647,3.8078,2.6995,0,0,1,1,0,0,1,0,0,0,0,0,0,-1
34,12,10,0,1,0,0,0,3,0,0,0,0,0.0,0.8529,4.1385,3.2516,0,1,0,0,0,0,0,0,0,0,0,1,1,-1
34,14,7,0,4,0,0,0,3,0,0,0,0,0.4706,0.2647,3.8666,2.6456,0,0,1,1,0,0,1,0,0,0,0,0,0,-1
29,14,2,0,3,0,0,0,3,0,0,0,0,0.5517,0.1724,3.8313,2.8424,0,0,1,1,0,0,1,0,0,0,0,0,0,-1
33,13,7,0,4,0,0,0,3,0,0,0,0,0.4545,0.2727,3.8849,2.6612,0,0,1,1,0,0,1,0,0,0,0,0,0,-1
25,11,7,0,3,0,0,0,3,0,0,0,0,0.44,0.28,3.8333,2.5949,0,0,1,0,0,0,1,0,0,0,0,0,0,-1
44,8,24,0,1,0,0,0,5,0,0,0,0,0.0,0.8409,4.179,2.5,0,1,0,0,0,0,0,0,0,0,0,0,0,-1
22,3,7,0,1,0,0,0,3,0,0,0,0,0.0,0.7727,3.6635,1.585,0,1,0,0,0,0,0,0,0,0,0,0,0,-1
28,13,2,0,3,0,0,0,3,0,0,0,0,0.5357,0.1786,3.7709,2.6612,0,0,1,1,0,0,1,0,0,0,0,0,0,-1
39,16,11,0,1,1,0,0,4,0,0,0,0,0.0,0.8205,4.0966,2.9056,0,1,0,0,0,0,0,0,0,0,0,0,0,-1
27,5,10,0,1,0,0,0,3,0,0,0,0,0.0,0.8148,3.9121,2.3219,0,1,0,0,0,0,0,0,0,0,0,0,0,-1
28,3,0,12,1,0,0,0,2,1,0,0,1,0.0,0.7857,3.9233,1.585,0,1,0,0,0,0,0,0,0,0,0,0,0,-1
36,4,20,0,1,0,0,0,4,0,0,0,0,0.0,0.8333,3.9749,1.5,0,1,0,0,0,0,0,0,0,0,0,0,0,-1
28,3,14,0,1,0,0,0,4,0,0,0,0,0.0,0.7857,3.709,1.585,0,1,0,0,0,0,0,0,0,0,0,0,0,-1
37,13,17,0,3,0,1,0,4,0,0,0,0,0.2703,0.4865,4.4119,3.027,0,0,1,0,0,0,1,0,0,0,0,0,0,-1
35,10,13,0,1,0,0,0,4,0,0,0,0,0.0,0.8286,3.8973,2.9219,0,1,0,0,0,0,0,0,0,0,0,0,0,-1
34,11,11,0,2,0,0,0,3,0,0,0,0,0.0,0.8235,3.7748,2.8454,0,1,0,0,0,0,0,0,0,0,0,0,0,-1
25,11,7,0,3,0,0,0,3,0,0,0,0,0.4,0.32,3.8333,2.5949,0,0,1,0,0,0,1,0,0,0,0,0,0,-1
34,14,7,0,4,0,0,0,3,0,0,0,0,0.4706,0.2647,3.8222,2.5027,0,0,1,1,0,0,1,0,0,0,0,0,0,-1
29,4,14,0,1,0,0,0,4,0,0,0,0,0.1379,0.6552,4.0044,2.0,0,1,0,0,0,0,0,0,0,0,0,0,0,-1
31,14,10,0,3,0,0,0,4,0,0,0,0,0.4194,0.3226,4.0023,2.6106,0,0,1,0,0,0,1,0,0,0,0,0,0,-1
68,13,48,0,4,1,1,0,5,0,0,0,0,0.4412,0.3824,4.3169,2.5654,0,0,1,0,0,0,1,0,0,0,0,0,0,-1
28,0,15,0,1,0,0,0,4,0,0,0,0,0.0,0.7857,4.0661,0.0,0,1,0,0,0,0,0,0,0,0,0,0,0,-1
39,10,9,0,2,0,0,0,3,0,0,0,0,0.0,0.8462,3.904,2.9219,1,1,0,0,0,0,0,0,0,0,0,1,1,-1
22,5,5,0,1,0,0,0,3,0,0,0,0,0.0,0.7727,3.8797,2.3219,0,1,0,0,0,0,0,0,0,0,0,0,0,-1
28,13,2,0,3,0,0,0,3,0,0,0,0,0.5357,0.1786,3.655,2.7193,0,0,1,1,0,0,1,0,0,0,0,0,0,-1
32,12,7,0,4,0,0,0,3,0,0,0,0,0.4375,0.2812,3.8903,2.6258,0,0,1,1,0,0,1,0,0,0,0,0,0,-1
33,13,7,0,4,0,0,0,3,0,0,0,0,0.4545,0.2727,3.8849,2.8151,0,0,1,1,0,0,1,0,0,0,0,0,0,-1
29,14,2,0,3,0,0,0,3,0,0,0,0,0.5517,0.1724,3.6899,2.7534,0,0,1,1,0,0,1,0,0,0,0,0,0,-1
31,11,7,0,4,0,0,0,3,0,0,0,0,0.4194,0.2903,3.9621,2.2999,0,0,1,1,0,0,1,0,0,0,0,0,0,-1
30,15,2,0,3,0,0,0,3,0,0,0,0,0.5667,0.1667,3.6981,2.5232,0,0,1,1,0,0,1,0,0,0,0,0,0,-1
20,0,7,0,1,0,0,0,3,0,0,0,0,0.0,0.75,3.6842,0.0,0,1,0,0,0,0,0,0,0,0,0,0,0,-1
26,7,8,0,1,0,0,0,3,0,0,0,0,0.0,0.8077,3.9022,2.5216,0,1,0,0,0,0,0,0,0,0,0,0,0,-1
50,10,28,0,1,1,0,0,4,0,0,0,0,0.0,0.86,4.1689,2.9219,0,1,0,0,0,0,0,0,0,0,0,0,0,-1
20,2,7,0,1,0,0,0,3,0,0,0,0,0.0,0.75,3.5087,1.0,0,1,0,0,0,0,0,0,0,0,0,0,0,-1
34,11,11,0,2,0,0,0,3,0,0,0,0,0.0,0.8235,4.0209,3.2776,0,1,0,0,0,0,0,0,0,0,0,0,0,-1
68,13,48,0,4,1,1,0,5,0,0,0,0,0.3971,0.4265,4.3559,2.5654,0,0,1,0,0,0,1,0,0,0,0,0,0,-1
37,13,17,0,4,0,0,0,4,0,0,0,0,0.2703,0.4865,4.3782,2.8151,0,0,1,0,0,0,1,0,0,0,0,0,0,-1
24,12,0,0,1,0,0,0,2,0,0,0,0,0.0,0.8333,4.0221,3.0221,0,1,0,0,0,0,0,0,0,0,0,0,0,-1
29,14,2,0,3,0,0,0,3,0,0,0,0,0.5517,0.1724,3.5259,2.156,0,0,1,1,0,0,1,0,0,0,0,0,0,-1
24,5,0,6,1,0,0,0,2,1,0,0,1,0.0417,0.7083,4.2202,2.3219,0,1,0,0,0,0,0,0,0,0,0,0,0,-1
32,10,11,0,1,0,0,0,4,0,0,0,0,0.1562,0.6562,3.9261,2.3219,0,0,0,0,0,0,1,0,0,0,0,0,0,-1
26,5,5,0,2,0,0,0,3,0,0,0,0,0.0385,0.7308,3.8731,1.9219,1,0,0,0,0,0,0,0,1,0,0,0,0,-1
41,23,6,0,1,0,0,0,3,0,0,0,0,0.0,0.878,3.8693,3.3445,0,1,0,0,0,0,0,0,0,0,0,0,0,-1
68,13,48,0,4,1,1,0,5,0,0,0,0,0.3824,0.4412,4.4435,2.5654,0,0,1,0,0,0,1,0,0,0,0,0,0,-1
25,8,5,0,1,0,0,0,3,0,0,0,0,0.0,0.8,3.8635,3.0,0,1,0,0,0,0,0,0,0,0,0,0,0,-1
33,13,7,0,4,0,0,0,3,0,0,0,0,0.4545,0.2727,3.9683,2.6612,0,0,1,1,0,0,1,0,0,0,0,0,0,-1
25,14,4,0,3,0,0,0,3,0,0,0,0,0.48,0.24,3.7231,2.7885,0,0,1,0,0,0,1,0,0,0,0,0,0,-1
34,14,7,0,4,0,0,0,3,0,0,0,0,0.4706,0.2647,3.9842,2.6106,0,0,1,1,0,0,1,0,0,0,0,0,0,-1
27,7,2,0,2,0,0,0,3,0,0,0,0,0.037,0.7407,4.1343,2.5216,1,0,0,0,0,0,0,0,0,0,0,0,0,-1
28,13,2,0,3,0,0,0,3,0,0,0,0,0.5357,0.1786,3.7265,2.8151,0,0,1,1,0,0,1,0,0,0,0,0,0,-1
28,9,8,0,1,1,0,0,3,0,0,0,0,0.0,0.7857,4.182,2.7255,0,1,0,0,0,0,0,0,0,0,0,0,0,-1
35,15,7,0,4,0,0,0,3,0,0,0,0,0.4857,0.2571,3.9789,2.8226,0,0,1,1,0,0,1,0,0,0,0,0,0,-1
26,14,5,0,3,0,0,0,4,0,0,0,0,0.5,0.1923,3.4266,2.5567,0,0,1,0,0,0,1,0,0,0,0,0,0,-1
34,12,10,0,1,0,0,0,3,0,0,0,0,0.0,0.8529,3.8,3.085,0,1,0,0,0,0,0,0,0,0,0,0,0,-1
32,12,8,0,1,0,0,0,3,0,0,0,0,0.0,0.8438,3.9056,3.085,0,1,0,0,0,0,0,0,0,0,0,0,0,-1
26,11,2,0,3,0,0,0,3,0,0,0,0,0.5,0.1923,3.6903,2.6635,0,0,1,1,0,0,1,0,0,0,0,0,0,-1
34,14,7,0,4,0,0,0,3,0,0,0,0,0.4706,0.2647,3.8444,2.3527,0,0,1,1,0,0,1,0,0,0,0,0,0,-1
45,3,27,0,2,2,0,0,5,0,0,0,0,0.1333,0.6444,4.3726,0.9183,0,1,0,0,0,0,0,0,0,0,0,0,0,-1
33,9,0,12,1,0,0,0,2,1,0,0,1,0.0,0.8182,4.165,2.7255,0,1,0,0,0,0,0,0,0,0,0,0,0,-1
38,17,9,0,2,0,0,0,3,0,0,0,0,0.0263,0.8158,4.0106,3.0575,0,1,0,0,0,0,0,0,0,0,0,0,0,-1
82,6,64,0,2,1,1,0,9,0,0,0,0,0.0366,0.7927,4.4602,2.585,0,1,0,0,0,0,0,0,0,0,0,0,0,-1
33,8,0,12,1,0,0,0,2,1,0,0,1,0.0,0.8182,4.0637,2.75,0,1,0,0,0,0,0,0,0,0,0,0,0,-1
28,13,8,0,4,0,0,0,3,0,0,0,0,0.4286,0.2857,3.8963,2.8731,0,0,1,0,0,0,1,0,0,0,0,0,0,-1
25,6,0,6,1,0,0,0,2,1,0,0,1,0.04,0.72,4.0235,2.2516,0,1,0,0,0,0,0,0,0,0,0,0,0,-1
29,14,2,0,3,0,0,0,3,0,0,0,0,0.5517,0.1724,3.6899,2.7534,0,0,1,1,0,0,1,0,0,0,0,0,0,-1
27,12,7,0,3,0,0,0,3,0,0,0,0,0.4074,0.3333,4.0784,2.7925,0,1,1,0,0,0,1,0,0,0,0,0,0,-1
39,4,7,16,1,0,0,0,3,1,0,0,1,0.0,0.7949,4.0285,2.0,0,1,0,0,0,0,0,0,0,0,0,0,0,-1
83,14,1,42,2,5,0,0,3,1,0,0,1,0.241,0.6024,4.8733,3.5216,1,1,0,0,0,0,0,0,0,0,0,0,0,-1
31,13,11,0,4,0,0,0,3,0,0,0,0,0.3548,0.3871,4.1313,2.8731,0,0,1,0,0,0,1,0,0,0,0,0,0,-1
27,12,2,0,3,0,0,0,3,0,0,0,0,0.5185,0.1852,3.8562,2.6887,0,0,1,1,0,0,1,0,0,0,0,0,0,-1
47,13,22,0,1,0,1,0,4,0,0,0,0,0.0,0.8511,4.1391,2.6235,0,1,0,0,0,0,0,0,0,0,0,0,0,-1
27,12,2,0,3,0,0,0,3,0,0,0,0,0.5185,0.1852,3.8842,2.8554,0,0,1,1,0,0,1,0,0,0,0,0,0,-1
50,5,33,0,1,3,0,0,5,0,0,0,0,0.1,0.7,4.3991,1.9219,0,1,0,0,0,0,0,0,0,0,0,0,0,-1
33,13,13,0,4,0,0,0,3,0,0,0,0,0.3333,0.4242,4.2942,2.8731,0,0,1,0,0,0,1,0,0,0,0,0,0,-1
49,13,29,0,4,0,0,0,5,0,0,0,0,0.449,0.3469,4.2783,2.4493,0,0,1,0,0,0,1,0,0,0,0,0,0,-1
46,10,24,0,1,0,0,0,5,0,0,0,0,0.0,0.8478,4.2326,3.3219,0,1,0,0,0,0,0,0,0,1,1,0,0,-1
75,6,57,0,2,0,1,0,9,0,0,0,0,0.0533,0.7733,4.6199,2.585,0,1,0,0,0,0,0,0,0,1,1,0,0,-1
40,4,14,10,1,0,2,0,4,1,0,0,1,0.175,0.575,4.6031,2.0,0,1,0,0,0,0,0,0,0,0,0,0,0,-1
25,7,7,0,1,0,0,0,3,0,0,0,0,0.0,0.8,3.9435,2.5216,0,1,0,0,0,0,0,0,0,0,0,0,0,-1
38,3,7,16,1,0,0,0,3,1,0,0,1,0.0263,0.7632,4.0606,1.585,0,1,0,0,0,0,1,0,0,0,0,0,0,-1
23,6,5,0,1,0,0,0,3,0,0,0,0,0.0,0.7826,3.6753,2.2516,0,1,0,0,0,0,0,0,0,0,0,0,0,-1
36,2,0,21,1,0,0,0,2,2,1,0,1,0.0,0.7778,4.2947,1.0,0,1,0,0,0,0,0,0,0,0,0,0,0,-1
87,28,47,0,2,8,0,0,4,0,0,0,0,0.2529,0.5747,4.7142,3.6281,0,0,0,0,0,0,0,0,0,1,1,0,0,-1
40,7,22,0,1,1,0,0,5,0,0,0,0,0.15,0.65,4.2226,2.5216,0,1,0,0,0,0,0,0,0,0,0,0,0,-1
38,3,24,0,1,0,0,0,5,0,0,0,0,0.0263,0.7895,3.913,0.9183,0,1,0,0,0,0,1,0,0,0,0,0,0,-1
38,15,12,0,1,0,0,0,4,0,0,0,0,0.0789,0.7632,4.3462,3.2729,0,1,0,0,0,0,0,0,0,0,0,0,0,-1
50,6,33,0,1,3,0,0,5,0,0,0,0,0.1,0.7,4.4693,2.585,0,1,0,0,0,0,0,0,0,0,0,0,0,-1
70,16,37,0,2,4,0,0,3,0,0,0,0,0.3,0.5571,4.672,3.5,1,1,0,0,0,0,0,0,0,0,0,0,0,-1
33,2,19,0,1,0,0,0,4,0,0,0,0,0.0,0.8182,4.1273,0.0,0,1,0,0,0,0,0,0,0,0,0,0,0,-1
22,3,7,0,1,0,0,0,3,0,0,0,0,0.0,0.7727,3.7888,1.585,0,1,0,0,0,0,0,0,0,0,0,0,0,-1
26,11,2,0,3,0,0,0,3,0,0,0,0,0.5,0.1923,3.7672,2.4131,0,0,1,1,0,0,1,0,0,0,0,0,0,-1
30,15,2,0,3,0,0,0,3,0,0,0,0,0.5667,0.1667,3.6729,2.4226,0,0,1,1,0,0,1,0,0,0,0,0,0,-1
27,12,2,0,3,0,0,0,3,0,0,0,0,0.5185,0.1852,3.5599,2.3554,0,0,1,1,0,0,1,0,0,0,0,0,0,-1
32,12,7,0,4,0,0,0,3,0,0,0,0,0.4375,0.2812,3.8903,2.6258,0,0,1,1,0,0,1,0,0,0,0,0,0,-1
23,5,4,0,2,0,0,0,3,0,0,0,0,0.0,0.7391,3.7623,1.9219,0,1,0,0,0,0,0,0,0,0,0,0,0,-1
30,11,0,6,1,1,0,0,2,1,0,0,1,0.0333,0.7333,4.1899,3.0958,0,1,0,0,0,0,0,0,0,0,0,0,0,-1
29,14,2,0,3,0,0,0,3,0,0,0,0,0.5517,0.1724,3.8144,2.8963,0,0,1,1,0,0,1,0,0,0,0,0,0,-1
71,16,37,0,2,4,0,0,3,0,0,0,0,0.2958,0.5634,4.6316,3.125,1,1,0,0,0,0,0,0,0,0,0,0,0,-1
23,0,5,0,2,0,0,0,3,0,0,0,0,0.0,0.7391,3.6753,0.0,0,1,0,0,0,0,0,0,0,0,0,0,0,-1
25,13,5,0,3,0,0,0,3,0,0,0,0,0.44,0.28,3.8333,2.8731,0,0,1,0,0,0,1,0,0,0,0,0,0,-1
40,12,21,0,4,0,0,0,4,0,0,0,0,0.25,0.525,3.9342,2.6258,0,0,1,0,0,0,1,0,0,0,0,0,0,-1
27,9,6,0,1,0,0,0,3,0,0,0,0,0.0,0.8148,3.6521,2.7255,0,1,0,0,0,0,0,0,0,0,0,0,0,-1
34,7,16,0,1,0,0,0,4,0,0,0,0,0.0,0.8235,3.9032,2.5216,0,1,0,0,0,0,0,0,0,0,0,0,0,-1
37,18,0,6,1,0,0,0,2,1,0,0,1,0.027,0.8108,4.1549,3.4613,0,1,0,0,0,0,0,0,0,0,0,0,0,-1
33,14,4,0,2,0,0,0,3,0,0,0,0,0.0,0.8182,4.1879,3.2359,0,1,0,0,0,0,0,0,0,0,0,0,0,-1
24,7,5,0,1,0,0,0,3,0,0,0,0,0.0,0.7917,3.8554,2.8074,0,1,0,0,0,0,0,0,0,0,0,0,0,-1
70,11,37,0,2,4,0,0,3,0,0,0,0,0.2429,0.6143,4.7343,2.7322,1,1,0,0,0,0,0,0,0,0,0,0,0,-1
28,13,2,0,3,0,0,0,3,0,0,0,0,0.5357,0.1786,3.6726,2.5074,0,0,1,1,0,0,1,0,0,0,0,0,0,-1
30,14,9,0,3,0,0,0,4,0,0,0,0,0.3667,0.3667,4.0151,2.6106,0,0,1,0,0,0,1,0,0,0,0,0,0,-1
24,8,4,0,1,0,0,0,3,0,0,0,0,0.0,0.7917,3.8554,2.75,0,1,0,0,0,0,0,0,0,0,0,0,0,-1
22,4,7,0,1,0,0,0,3,0,0,0,0,0.0,0.7727,3.8797,2.0,0,1,0,0,0,0,0,0,0,1,1,0,0,-1
86,21,1,42,2,5,0,0,3,1,0,0,1,0.2674,0.5814,4.7413,3.3321,1,1,0,0,0,0,0,0,0,0,0,0,0,-1
43,14,22,0,4,0,0,0,4,0,0,0,0,0.3256,0.4651,4.3679,2.8424,0,0,1,0,0,0,1,0,0,0,0,0,0,-1
45,0,28,0,1,1,0,0,4,0,0,0,0,0.0,0.8444,3.9885,0.0,0,1,0,0,0,0,0,0,0,0,0,0,0,-1
33,13,7,0,4,0,0,0,3,0,0,0,0,0.4545,0.2727,3.8849,2.1416,0,0,1,1,0,0,1,0,0,0,0,0,0,-1
45,13,20,0,1,0,0,0,5,0,0,0,0,0.0,0.8444,4.1722,3.2389,0,1,0,0,0,0,0,0,0,1,1,0,0,-1
34,14,7,0,4,0,0,0,3,0,0,0,0,0.4706,0.2647,3.9032,2.7885,0,0,1,1,0,0,1,0,0,0,0,0,0,-1
45,4,30,0,1,2,0,0,5,0,0,0,0,0.1111,0.6889,4.4534,2.0,0,1,0,0,0,0,0,0,0,0,0,0,0,-1
66,9,37,0,2,4,0,0,3,0,0,0,0,0.3182,0.5303,4.5858,2.4194,1,1,0,0,0,0,0,0,0,0,0,0,0,-1
19,4,4,0,1,0,0,0,3,0,0,0,0,0.0,0.7368,3.7871,2.0,0,1,0,0,0,0,0,0,0,0,0,0,0,-1
29,14,2,0,3,0,0,0,3,0,0,0,0,0.5517,0.1724,3.8144,2.5567,0,0,1,1,0,0,1,0,0,0,0,0,0,-1
35,7,5,0,2,0,0,0,3,0,0,0,0,0.0,0.8286,4.1859,2.5216,1,0,0,0,0,0,0,0,0,0,0,0,0,-1
62,5,37,0,2,4,0,0,3,0,0,0,0,0.4194,0.4194,4.5484,1.9219,1,1,0,0,0,0,1,0,0,0,0,0,0,-1
34,14,7,0,4,0,0,0,3,0,0,0,0,0.4706,0.2647,4.0064,2.8963,0,0,1,1,0,0,1,0,0,0,0,0,0,-1
26,11,2,0,3,0,0,0,3,0,0,0,0,0.5,0.1923,3.7672,2.6635,0,0,1,1,0,0,1,0,0,0,0,0,0,-1
87,27,47,0,2,8,0,0,4,0,0,0,0,0.2184,0.6092,4.7121,3.7179,0,1,0,0,0,0,0,0,0,1,1,0,0,-1
29,9,8,0,1,0,0,0,3,0,0,0,0,0.0,0.8276,3.8573,2.281,0,1,0,0,0,0,0,0,0,0,0,0,0,-1
25,13,5,0,3,0,0,0,3,0,0,0,0,0.4,0.32,3.9435,2.8731,0,0,1,0,0,0,1,0,0,0,0,0,0,-1
34,9,0,12,1,0,0,0,2,1,0,0,1,0.0,0.8235,4.1241,2.5033,0,1,0,0,0,0,0,0,0,0,0,0,0,-1
44,7,14,10,1,0,2,0,4,1,0,0,1,0.1591,0.6136,4.7605,2.5216,0,1,0,0,0,0,0,0,0,0,0,0,0,-1
34,14,7,0,4,0,0,0,3,0,0,0,0,0.4706,0.2647,3.9032,2.5567,0,0,1,1,0,0,1,0,0,0,0,0,0,-1
40,8,14,0,2,0,0,0,4,0,0,0,0,0.0,0.825,4.0842,2.75,1,1,0,0,0,0,0,0,0,0,0,0,0,-1
59,6,41,0,1,5,0,0,4,0,0,0,0,0.2881,0.5254,4.486,1.9183,0,1,0,0,0,0,0,0,0,0,0,0,0,-1
35,13,15,0,5,2,0,0,3,0,0,0,0,0.2857,0.4,4.3189,3.027,0,0,1,0,0,0,1,0,0,0,0,0,0,-1
37,5,20,0,3,0,0,0,5,0,0,0,0,0.0811,0.6757,4.0981,1.9219,0,1,0,0,0,0,0,0,0,0,0,0,0,-1
38,11,15,0,1,1,0,0,4,0,0,0,0,0.0,0.8158,3.85,3.2776,0,1,0,0,0,0,0,0,0,0,0,0,0,-1
28,4,12,0,1,0,0,0,4,0,0,0,0,0.1429,0.6429,4.0931,2.0,0,1,0,0,0,0,0,0,0,0,0,0,0,-1
33,5,16,0,1,0,0,0,4,0,0,0,0,0.0303,0.7879,4.0518,2.3219,0,1,0,0,0,0,1,0,0,0,0,0,0,-1
33,13,7,0,4,0,0,0,3,0,0,0,0,0.4545,0.2727,4.0289,2.8151,0,0,1,1,0,0,1,0,0,0,0,0,0,-1
42,12,23,0,5,0,0,0,4,0,0,0,0,0.2143,0.5476,4.3001,2.7925,0,0,1,0,0,0,1,0,0,0,0,0,0,-1
32,12,7,0,4,0,0,0,3,0,0,0,0,0.4375,0.2812,4.1014,2.6887,0,0,1,1,0,0,1,0,0,0,0,0,0,-1
31,3,16,0,1,0,0,0,4,0,0,0,0,0.0,0.8065,3.9219,1.585,0,1,0,0,0,0,0,0,0,0,0,0,0,-1
27,12,2,0,3,0,0,0,3,0,0,0,0,0.5185,0.1852,3.634,2.4591,0,0,1,1,0,0,1,0,0,0,0,0,0,-1
28,6,8,0,2,0,0,0,3,0,0,0,0,0.0,0.7857,3.8693,2.585,0,1,0,0,0,0,0,0,0,0,0,0,0,-1
38,4,22,0,1,0,1,0,4,0,0,0,0,0.0,0.8158,4.1556,2.0,0,1,0,0,0,0,0,0,0,0,0,0,0,-1
42,7,7,16,1,0,0,0,3,1,0,0,1,0.0,0.8095,4.2345,2.8074,0,1,0,0,0,0,0,0,0,0,0,0,0,-1
24,13,4,0,3,0,0,0,3,0,0,0,0,0.4583,0.25,3.7406,2.8731,0,0,1,0,0,0,1,0,0,0,0,0,0,-1
30,15,2,0,3,0,0,0,3,0,0,0,0,0.5667,0.1667,3.7111,2.3656,0,0,1,1,0,0,1,0,0,0,0,0,0,-1
33,13,7,0,4,0,0,0,3,0,0,0,0,0.4545,0.2727,3.8818,2.4116,0,0,1,1,0,0,1,0,0,0,0,0,0,-1
33,13,7,0,4,0,0,0,3,0,0,0,0,0.4545,0.2727,4.0061,2.8151,0,0,1,1,0,0,1,0,0,0,0,0,0,-1
29,6,11,0,1,0,0,0,4,0,0,0,0,0.0,0.7931,3.673,2.2516,0,1,0,0,0,0,0,0,0,0,0,0,0,-1
24,5,7,0,1,0,0,0,3,0,0,0,0,0.0,0.7917,4.0535,2.3219,0,1,0,0,0,0,0,0,0,0,0,0,0,-1
47,9,26,0,1,1,0,0,6,0,0,0,0,0.0,0.8085,4.331,2.9477,0,1,0,0,0,0,0,0,0,0,0,0,0,-1
32,12,7,0,4,0,0,0,3,0,0,0,0,0.4375,0.2812,3.7028,2.3554,0,0,1,1,0,0,1,0,0,0,0,0,0,-1
30,8,10,0,1,0,0,0,3,0,0,0,0,0.0,0.8333,3.8314,3.0,0,1,0,0,0,0,0,0,0,0,0,0,0,-1
34,14,7,0,4,0,0,0,3,0,0,0,0,0.4706,0.2647,3.9032,2.4956,0,0,1,1,0,0,1,0,0,0,0,0,0,-1
25,11,7,0,3,0,0,0,3,0,0,0,0,0.4,0.32,3.9133,2.5949,0,0,1,0,0,0,1,0,0,0,0,0,0,-1
30,13,5,0,1,0,0,0,3,0,0,0,0,0.0,0.8333,4.2817,3.3927,0,1,0,0,0,0,0,0,0,0,0,0,0,-1
35,18,6,0,1,2,0,0,3,0,0,0,0,0.0,0.8,3.9684,3.281,0,1,0,0,0,0,0,0,0,1,1,0,0,-1
35,10,13,0,1,0,0,0,4,0,0,0,0,0.0,0.8286,3.9789,3.1219,0,1,0,0,0,0,0,0,0,0,0,0,0,-1
62,8,37,0,2,4,0,0,3,0,0,0,0,0.2742,0.5645,4.6998,2.5,1,1,0,0,0,0,0,0,0,0,0,0,0,-1
29,14,2,0,3,0,0,0,3,0,0,0,0,0.5517,0.1724,3.6244,2.3527,0,0,1,1,0,0,1,0,0,0,0,0,0,-1
37,17,8,0,1,2,0,0,3,0,0,0,0,0.0,0.8108,3.9927,3.3372,0,1,0,0,0,0,0,0,0,1,1,0,0,-1
45,14,24,0,4,0,1,0,4,0,0,0,0,0.4,0.3778,4.3559,2.8424,0,0,1,0,0,0,1,0,0,0,0,0,0,-1
30,5,0,12,1,0,0,0,2,1,0,0,1,0.0,0.8,4.0817,2.3219,0,1,0,0,0,0,0,0,0,0,0,0,0,-1
30,15,2,0,3,0,0,0,3,0,0,0,0,0.5667,0.1667,3.6729,2.6566,0,0,1,1,0,0,1,0,0,0,0,0,0,-1
30,13,10,0,3,0,0,0,4,0,0,0,0,0.3667,0.3667,4.1232,2.8151,0,0,1,0,0,0,1,0,0,0,0,0,0,-1
41,14,20,0,4,0,0,0,4,0,0,0,0,0.2683,0.5122,4.2356,2.6106,0,0,1,0,0,0,1,0,0,0,0,0,0,-1
61,16,33,0,1,3,0,0,5,0,0,0,0,0.082,0.7541,4.4578,3.5778,0,1,0,0,0,0,0,0,0,0,0,0,0,-1
91,32,47,0,2,8,0,0,4,0,0,0,0,0.2418,0.5934,4.6873,3.6289,0,0,0,0,0,0,0,0,0,1,1,0,0,-1
33,13,7,0,4,0,0,0,3,0,0,0,0,0.4545,0.2727,4.0061,2.5074,0,0,1,1,0,0,1,0,0,0,0,0,0,-1
29,14,8,0,3,0,0,0,3,0,0,0,0,0.4138,0.3448,4.0642,2.7885,0,0,1,0,0,0,1,0,0,0,0,0,0,-1
35,12,11,0,1,0,0,0,4,0,0,0,0,0.0,0.8286,3.7859,3.2516,0,1,0,0,0,0,0,0,0,0,0,0,0,-1
24,6,6,0,1,0,0,0,3,0,0,0,0,0.0,0.7917,3.8239,2.2516,0,1,0,0,0,0,0,0,0,0,0,0,0,-1
43,15,16,0,2,0,0,0,4,0,0,0,0,0.0233,0.814,4.3328,3.4566,0,1,0,0,0,0,1,0,0,0,0,0,0,-1
22,4,7,0,1,0,0,0,3,0,0,0,0,0.0,0.7727,3.6292,1.5,0,1,0,0,0,0,0,0,0,0,0,0,0,-1
31,5,11,0,2,0,0,0,4,0,0,0,0,0.0,0.7742,3.87,2.3219,0,1,0,0,0,0,0,0,0,0,0,0,0,-1
39,5,22,0,1,1,0,0,5,0,0,0,0,0.2051,0.5897,4.2091,2.3219,0,1,0,0,0,0,1,0,0,0,0,0,0,-1
34,14,7,0,4,0,0,0,3,0,0,0,0,0.4706,0.2647,4.0797,2.8424,0,0,1,1,0,0,1,0,0,0,0,0,0,-1
34,12,10,0,3,0,1,0,3,0,0,0,0,0.3824,0.3529,3.9987,2.4591,0,0,1,1,0,0,1,0,0,0,0,0,0,-1
37,5,20,0,3,0,0,0,5,0,0,0,0,0.0811,0.6757,4.0104,2.3219,0,1,0,0,0,0,0,0,0,0,0,0,0,-1
41,13,16,0,4,0,0,0,4,0,0,0,0,0.3415,0.4146,4.1316,2.5074,0,0,1,1,0,0,1,0,0,0,0,0,0,-1
26,8,6,0,1,0,0,0,3,0,0,0,0,0.0,0.8077,3.7193,2.75,0,1,0,0,0,0,0,0,0,0,0,0,0,-1
32,12,8,0,4,0,0,0,3,0,0,0,0,0.4062,0.3125,3.8042,2.6887,0,0,1,1,0,0,1,0,0,0,0,0,0,-1
37,5,20,0,1,0,0,0,4,0,0,0,0,0.0,0.8378,3.9156,1.9219,0,1,0,0,0,0,0,0,0,0,0,0,0,-1
26,4,10,0,1,0,0,0,3,0,0,0,0,0.0,0.8077,3.8441,0.8113,0,1,0,0,0,0,0,0,0,0,0,0,0,-1
29,9,8,0,1,0,0,0,3,0,0,0,0,0.0,0.8276,3.9094,2.6416,0,1,0,0,0,0,0,0,0,0,0,0,0,-1
38,2,14,10,1,0,2,0,4,1,0,0,1,0.1842,0.5526,4.5439,1.0,0,1,0,0,0,0,0,0,0,0,0,0,0,-1
49,13,29,0,4,0,0,0,5,0,0,0,0,0.4898,0.3061,4.1967,2.4493,0,0,1,0,0,0,1,0,0,0,0,0,0,-1
50,16,22,0,1,1,1,0,4,0,0,0,0,0.0,0.84,4.3493,3.25,0,1,0,0,0,0,0,0,0,0,0,0,0,-1
49,10,28,0,2,0,0,0,5,0,0,0,0,0.0204,0.8163,4.2903,2.7219,0,1,0,0,0,0,1,0,0,0,0,0,0,-1
35,3,20,0,3,0,0,0,5,0,0,0,0,0.0857,0.6571,3.9329,1.585,0,1,0,0,0,0,0,0,0,0,0,0,0,-1
27,12,2,0,3,0,0,0,3,0,0,0,0,0.5185,0.1852,3.6764,2.5221,0,0,1,1,0,0,1,0,0,0,0,0,0,-1
34,3,19,0,1,0,0,0,4,0,0,0,0,0.0,0.8235,4.1751,1.585,0,1,0,0,0,0,0,0,0,0,0,0,0,-1
28,13,2,0,3,0,0,0,3,0,0,0,0,0.5357,0.1786,3.8693,2.8731,0,0,1,1,0,0,1,0,0,0,0,0,0,-1
34,14,13,0,4,0,0,0,3,0,0,0,0,0.3529,0.4118,4.1385,3.0391,0,0,1,0,0,0,1,0,0,0,0,0,0,-1
45,3,30,0,1,2,0,0,5,0,0,0,0,0.1111,0.6889,4.3754,1.585,0,1,0,0,0,0,0,0,0,0,0,0,0,-1
75,6,42,14,2,1,1,0,9,1,0,0,1,0.0,0.7867,4.7113,2.585,0,1,0,0,0,0,0,0,0,0,0,0,0,-1
38,14,12,0,1,0,0,0,4,0,0,0,0,0.0,0.8421,3.9656,3.3249,0,1,0,0,0,0,0,0,0,0,0,0,0,-1
67,10,37,0,2,4,0,0,3,0,0,0,0,0.3134,0.5373,4.8304,2.5219,1,1,0,0,0,0,0,0,0,0,0,0,0,-1
32,12,7,0,4,0,0,0,3,0,0,0,0,0.4375,0.2812,3.9292,2.6887,0,0,1,1,0,0,1,0,0,0,0,0,0,-1
44,14,23,0,4,0,1,0,4,0,0,0,0,0.3409,0.4318,4.2239,2.7885,0,0,1,0,0,0,1,0,0,0,0,0,0,-1
49,13,29,0,4,0,0,0,5,0,0,0,0,0.4082,0.3878,4.5306,2.4493,0,0,1,0,0,0,1,0,0,0,0,0,0,-1
21,6,4,0,1,0,0,0,3,0,0,0,0,0.0,0.7619,3.4866,1.9183,0,1,0,0,0,0,0,0,0,0,0,0,0,-1
32,12,7,0,4,0,0,0,3,0,0,0,0,0.4375,0.2812,3.9139,2.6887,0,0,1,1,0,0,1,0,0,0,0,0,0,-1
25,2,7,0,2,0,0,0,3,0,0,0,0,0.0,0.76,4.0537,0.0,1,1,0,0,0,0,0,0,0,0,0,0,0,-1
32,12,7,0,4,0,0,0,3,0,0,0,0,0.4375,0.2812,3.9056,2.6258,0,0,1,1,0,0,1,0,0,0,0,0,0,-1
35,15,7,0,4,0,0,0,3,0,0,0,0,0.4857,0.2571,4.0116,2.6826,0,0,1,1,0,0,1,0,0,0,0,0,0,-1
126,7,54,48,5,2,0,0,6,3,2,0,1,0.1667,0.6746,5.1587,2.5216,1,1,0,0,0,0,0,0,0,0,0,1,0,-1
18,6,0,0,1,0,0,0,2,0,0,0,0,0.0,0.7778,3.6144,2.585,0,1,0,0,0,0,0,0,0,0,0,0,0,-1
34,2,21,0,1,0,0,0,5,0,0,0,0,0.1471,0.6471,3.8925,1.0,0,1,0,0,0,0,0,0,0,0,0,0,0,-1
20,3,5,0,1,0,0,0,3,0,0,0,0,0.15,0.6,3.6842,1.585,0,1,0,0,0,0,1,0,0,0,0,0,0,-1
38,5,13,0,3,0,1,0,3,0,0,0,0,0.0526,0.7368,4.3462,2.3219,2,0,0,0,0,0,0,0,0,0,0,0,0,-1
26,9,5,0,1,0,0,0,3,0,0,0,0,0.0,0.8077,4.056,3.1699,0,1,0,0,0,0,0,0,0,0,0,0,0,-1
33,13,7,0,4,0,0,0,3,0,0,0,0,0.4545,0.2727,3.87,2.6612,0,0,1,1,0,0,1,0,0,0,0,0,0,-1
68,12,37,0,2,4,0,0,3,0,0,0,0,0.3088,0.5441,4.6866,3.085,1,1,0,0,0,0,0,0,0,0,0,0,0,-1
28,7,9,0,1,0,0,0,4,0,0,0,0,0.0,0.7857,3.8518,2.5216,0,1,0,0,0,0,0,0,0,0,0,0,0,-1
26,11,2,0,3,0,0,0,3,0,0,0,0,0.5,0.1923,3.5553,2.2313,0,0,1,1,0,0,1,0,0,0,0,0,0,-1
40,12,16,0,1,0,0,0,4,0,0,0,0,0.025,0.825,3.9276,3.0221,0,1,0,0,0,0,1,0,0,0,0,0,0,-1
36,12,12,0,1,0,0,0,4,0,0,0,0,0.1111,0.7222,4.2499,3.4183,0,1,0,0,0,0,0,0,0,0,0,0,0,-1
29,14,2,0,3,0,0,0,3,0,0,0,0,0.5517,0.1724,3.8144,2.7534,0,0,1,1,0,0,1,0,0,0,0,0,0,-1
34,14,7,0,4,0,0,0,3,0,0,0,0,0.4706,0.2647,3.8222,2.217,0,0,1,1,0,0,1,0,0,0,0,0,0,-1
31,12,0,6,1,0,0,0,2,1,0,0,1,0.0323,0.7742,4.0826,3.085,0,1,0,0,0,0,0,0,0,0,0,0,0,-1
35,4,19,0,1,0,0,0,4,0,0,0,0,0.0,0.8286,4.229,2.0,0,1,0,0,0,0,0,0,0,0,0,0,0,-1
25,5,8,0,1,0,0,0,3,0,0,0,0,0.0,0.8,3.7533,2.3219,0,1,0,0,0,0,0,0,0,0,0,0,0,-1
28,13,2,0,3,0,0,0,3,0,0,0,0,0.5357,0.1786,3.6726,2.6612,0,0,1,1,0,0,1,0,0,0,0,0,0,-1
28,13,2,0,3,0,0,0,3,0,0,0,0,0.5357,0.1786,3.8424,2.7193,0,0,1,1,0,0,1,0,0,0,0,0,0,-1
52,15,14,10,1,1,2,0,4,1,0,0,1,0.1346,0.6538,4.9261,3.6402,0,1,0,0,0,0,0,0,0,0,0,0,0,-1
38,13,18,0,4,0,0,0,4,0,0,0,0,0.2895,0.4737,4.0079,2.2878,0,0,1,0,0,0,1,0,0,0,0,0,0,-1
32,7,13,0,1,0,0,0,4,0,0,0,0,0.0,0.8125,3.9886,2.1281,0,1,0,0,0,0,0,0,0,0,0,0,0,-1
74,9,1,42,2,4,0,0,3,1,0,0,1,0.3649,0.473,4.7843,2.5033,1,1,0,0,0,0,0,0,0,0,0,0,0,-1
34,14,7,0,4,0,0,0,3,0,0,0,0,0.4706,0.2647,3.962,2.5027,0,0,1,1,0,0,1,0,0,0,0,0,0,-1
28,13,2,0,3,0,0,0,3,0,0,0,0,0.5357,0.1786,3.6281,2.5654,0,0,1,1,0,0,1,0,0,0,0,0,0,-1
34,11,11,0,1,0,0,0,4,0,0,0,0,0.0,0.8235,3.962,3.0958,0,1,0,0,0,0,0,0,0,0,0,0,0,-1
39,3,24,0,1,2,0,0,4,0,0,0,0,0.1026,0.6923,4.0234,1.585,0,1,0,0,0,0,0,0,0,0,0,0,0,-1
43,14,22,0,4,0,0,0,4,0,0,0,0,0.3256,0.4651,4.3679,2.8424,0,0,1,0,0,0,1,0,0,0,0,0,0,-1
64,8,37,0,2,4,0,0,3,0,0,0,0,0.4219,0.4219,4.6751,2.75,1,1,0,0,0,0,1,0,0,0,0,0,0,-1
34,14,7,0,4,0,0,0,3,0,0,0,0,0.4706,0.2647,4.0797,2.8424,0,0,1,1,0,0,1,0,0,0,0,0,0,-1
84,16,48,0,3,4,0,0,4,0,0,0,0,0.2143,0.6429,4.6516,3.4528,1,1,0,0,0,0,0,0,0,1,1,0,0,-1
42,14,16,0,4,0,0,0,4,0,0,0,0,0.3571,0.4048,4.0464,2.5567,0,0,1,1,0,0,1,0,0,0,0,0,0,-1
68,13,16,0,3,3,0,0,4,0,0,0,0,0.0294,0.8088,4.5852,3.3927,1,0,0,0,0,0,0,0,0,0,0,0,0,-1
30,7,11,0,1,0,0,0,4,0,0,0,0,0.0,0.8,3.8817,2.5216,0,1,0,0,0,0,0,0,0,0,0,0,0,-1
38,2,24,0,1,0,0,0,5,0,0,0,0,0.0,0.8158,4.0606,1.0,0,1,0,0,0,0,0,0,0,1,1,0,0,-1
28,5,8,0,2,0,0,0,3,0,0,0,0,0.0,0.7857,3.5836,2.3219,0,1,0,0,0,0,0,0,0,0,0,0,0,-1
27,12,2,0,3,0,0,0,3,0,0,0,0,0.5185,0.1852,3.634,2.4591,0,0,1,1,0,0,1,0,0,0,0,0,0,-1
58,22,7,16,1,4,0,0,3,1,0,0,1,0.0,0.7931,4.3976,3.5503,0,1,0,0,0,0,0,0,0,0,0,0,0,-1
49,12,14,10,1,1,2,0,4,1,0,0,1,0.1429,0.6327,4.793,3.085,0,1,0,0,0,0,0,0,0,0,0,0,0,-1
28,13,2,0,3,0,0,0,3,0,0,0,0,0.5357,0.1786,3.4852,2.2878,0,0,1,1,0,0,1,0,0,0,0,0,0,-1
33,5,16,0,1,0,0,0,4,0,0,0,0,0.0,0.8182,3.9424,2.3219,0,1,0,0,0,0,0,0,0,0,0,0,0,-1
26,7,8,0,1,0,0,0,3,0,0,0,0,0.0385,0.7692,3.921,2.5216,0,1,0,0,0,0,1,0,0,0,0,0,0,-1
33,10,12,0,1,0,0,0,3,0,0,0,0,0.0,0.8485,3.8738,3.1219,0,1,0,0,0,0,0,0,0,0,0,0,0,-1
34,14,7,0,4,0,0,0,3,0,0,0,0,0.4706,0.2647,3.8529,2.067,0,0,1,1,0,0,1,0,0,0,0,0,0,-1
42,10,20,0,1,0,0,0,4,0,0,0,0,0.0714,0.7857,4.0707,2.6464,0,1,0,0,0,0,1,0,0,0,0,0,0,-1
34,12,10,0,1,0,0,0,3,0,0,0,0,0.0,0.8529,3.8222,3.1887,0,1,0,0,0,0,0,0,0,0,0,0,0,-1
40,15,13,0,4,0,0,0,3,0,0,0,0,0.425,0.35,4.2964,2.6892,0,0,1,1,0,0,1,0,0,0,0,0,0,-1
71,13,47,0,2,4,0,0,4,0,0,0,0,0.2254,0.6197,4.4701,3.2389,0,1,0,0,0,0,0,0,0,1,1,0,0,-1
35,13,10,0,1,0,0,0,3,0,0,0,0,0.0,0.8571,4.1503,3.3927,0,1,0,0,0,0,0,0,0,0,0,0,0,-1
41,6,7,16,1,0,0,0,3,1,0,0,1,0.0,0.8049,4.0251,2.585,0,1,0,0,0,0,0,0,0,0,0,0,0,-1
33,13,7,0,4,0,0,0,3,0,0,0,0,0.4545,0.2727,3.8849,2.6612,0,0,1,1,0,0,1,0,0,0,0,0,0,-1
35,13,15,0,5,2,0,0,3,0,0,0,0,0.3429,0.3429,4.2046,2.8731,0,0,1,0,0,0,1,0,0,0,0,0,0,-1
37,8,17,0,1,1,0,0,4,0,0,0,0,0.0,0.8108,3.7942,2.75,0,1,0,0,0,0,0,0,0,0,0,0,0,-1
32,7,10,0,2,0,0,0,3,0,0,0,0,0.0,0.8125,4.0153,2.8074,0,1,0,0,0,0,0,0,0,0,0,0,0,-1
22,5,5,0,1,0,0,0,3,0,0,0,0,0.0,0.7727,3.6635,2.3219,0,1,0,0,0,0,0,0,0,0,0,0,0,-1
41,4,26,0,1,1,0,0,6,0,0,0,0,0.0,0.7805,4.3267,2.0,0,1,0,0,0,0,0,0,0,0,0,0,0,-1
33,13,13,0,3,0,1,0,3,0,0,0,0,0.3939,0.3636,4.3697,2.8151,0,0,1,0,0,0,1,0,0,0,0,0,0,-1
49,21,15,0,2,0,0,0,4,0,0,0,0,0.0,0.8571,4.0254,3.3273,0,1,0,0,0,0,0,0,0,0,0,0,0,-1
44,24,8,0,1,3,0,0,3,0,0,0,0,0.0,0.8182,4.1575,3.6887,0,1,0,0,0,0,0,0,0,0,0,0,0,-1
45,5,28,0,1,1,0,0,4,0,0,0,0,0.0,0.8444,4.111,2.3219,0,1,0,0,0,0,0,0,0,0,0,0,0,-1
34,10,12,0,1,0,0,0,4,0,0,0,0,0.1176,0.7059,4.1607,2.9219,0,1,0,0,0,0,0,0,0,0,0,0,0,-1
29,14,2,0,3,0,0,0,3,0,0,0,0,0.5517,0.1724,3.8833,2.7534,0,0,1,1,0,0,1,0,0,0,0,0,0,-1
29,14,2,0,3,0,0,0,3,0,0,0,0,0.5517,0.1724,3.8144,2.8963,0,0,1,1,0,0,1,0,0,0,0,0,0,-1
33,13,7,0,4,0,0,0,3,0,0,0,0,0.4545,0.2727,4.0896,2.7193,0,0,1,1,0,0,1,0,0,0,0,0,0,-1
43,14,22,0,4,0,0,0,4,0,0,0,0,0.2558,0.5349,4.1178,2.5567,0,0,1,0,0,0,1,0,0,0,0,0,0,-1
21,4,5,0,1,0,0,0,3,0,0,0,0,0.0,0.7619,3.5226,1.5,0,1,0,0,0,0,0,0,0,0,0,0,0,-1
35,5,15,0,2,0,0,0,4,0,0,0,0,0.0,0.8,3.7719,2.3219,0,1,0,0,0,0,0,0,0,0,0,0,0,-1
33,13,8,0,1,0,0,0,3,0,0,0,0,0.0,0.8485,4.1421,3.3927,0,1,0,0,0,0,0,0,0,0,0,0,0,-1
29,14,2,0,3,0,0,0,3,0,0,0,0,0.5517,0.1724,3.5949,2.3527,0,0,1,1,0,0,1,0,0,0,0,0,0,-1
37,9,2,13,1,0,0,0,3,1,0,0,1,0.0,0.7838,3.9927,2.9477,0,1,0,0,0,0,0,0,0,0,0,0,0,-1
57,15,34,0,5,0,0,0,4,0,0,0,0,0.2105,0.614,4.3024,2.6062,0,1,1,0,0,0,1,0,0,0,0,0,0,-1
35,4,19,0,1,0,0,0,4,0,0,0,0,0.0,0.8286,4.0931,1.5,0,1,0,0,0,0,0,0,0,0,0,0,0,-1
27,3,13,0,1,0,0,0,4,0,0,0,0,0.0,0.7778,3.866,1.585,0,1,0,0,0,0,0,0,0,0,0,0,0,-1
71,14,37,0,2,4,0,0,3,0,0,0,0,0.338,0.5211,4.6562,3.182,1,1,0,0,0,0,0,0,0,0,0,0,0,-1
33,13,7,0,4,0,0,0,3,0,0,0,0,0.4545,0.2727,3.9455,2.4493,0,0,1,1,0,0,1,0,0,0,0,0,0,-1
37,5,20,0,1,0,0,0,4,0,0,0,0,0.0,0.8378,4.0104,2.3219,0,1,0,0,0,0,0,0,0,0,0,0,0,-1
41,6,1,10,2,0,0,0,3,1,0,0,1,0.0244,0.7805,4.2666,2.2516,1,1,0,0,0,0,0,0,0,0,0,0,0,-1
23,6,5,0,1,0,0,0,3,0,0,0,0,0.0,0.7826,3.6753,2.2516,0,1,0,0,0,0,0,0,0,0,0,0,0,-1
25,6,7,0,1,0,0,0,3,0,0,0,0,0.0,0.8,3.8333,2.585,0,1,0,0,0,0,0,0,0,0,0,0,0,-1
24,13,4,0,3,0,0,0,3,0,0,0,0,0.4167,0.2917,3.8554,2.8731,0,0,1,0,0,0,1,0,0,0,0,0,0,-1
34,14,7,0,4,0,0,0,3,0,0,0,0,0.4706,0.2647,3.7856,2.2988,0,0,1,1,0,0,1,0,0,0,0,0,0,-1
91,29,47,0,2,7,0,0,4,0,0,0,0,0.2308,0.6154,4.7297,3.7025,0,1,0,0,0,0,0,0,0,1,1,0,0,-1
30,15,2,0,3,0,0,0,3,0,0,0,0,0.5667,0.1667,3.6193,2.6892,0,0,1,1,0,0,1,0,0,0,0,0,0,-1
27,9,6,0,1,0,0,0,3,0,0,0,0,0.0,0.8148,3.8282,2.4194,0,1,0,0,0,0,0,0,0,0,0,0,0,-1
38,12,14,0,1,1,0,0,4,0,0,0,0,0.0,0.8158,3.9354,2.9183,0,1,0,0,0,0,0,0,0,0,0,0,0,-1
29,5,10,0,2,0,0,0,3,0,0,0,0,0.0,0.7931,3.8573,2.3219,0,1,0,0,0,0,0,0,0,0,0,0,0,-1
66,10,37,0,2,4,0,0,3,0,0,0,0,0.2424,0.6061,4.6464,3.3219,1,1,0,0,0,0,1,0,0,0,0,0,0,-1
19,3,4,0,1,0,0,0,3,0,0,0,0,0.0,0.7368,3.3919,0.9183,0,1,0,0,0,0,0,0,0,0,0,0,0,-1
29,14,2,0,3,0,0,0,3,0,0,0,0,0.5517,0.1724,3.7194,2.4956,0,0,1,1,0,0,1,0,0,0,0,0,0,-1
28,13,2,0,3,0,0,0,3,0,0,0,0,0.5357,0.1786,3.5531,2.4116,0,0,1,1,0,0,1,0,0,0,0,0,0,-1
29,8,9,0,1,0,0,0,3,0,0,0,0,0.0345,0.7931,3.9228,3.0,0,1,0,0,0,0,1,0,0,0,0,0,0,-1
22,5,5,0,1,0,0,0,3,0,0,0,0,0.0,0.7727,3.8454,1.9219,0,1,0,0,0,0,0,0,0,0,0,0,0,-1
47,12,21,0,3,0,0,0,4,0,0,0,0,0.0,0.8298,4.0197,3.085,1,1,0,0,0,0,0,0,0,0,0,0,0,-1
26,6,8,0,1,0,0,0,3,0,0,0,0,0.0385,0.7692,3.7672,2.2516,0,1,0,0,0,0,1,0,0,0,0,0,0,-1
33,12,9,0,1,0,0,0,3,0,0,0,0,0.0,0.8485,3.8997,3.085,0,1,0,0,0,0,0,0,0,0,0,0,0,-1
33,7,14,0,1,0,0,0,4,0,0,0,0,0.1515,0.6667,4.3549,2.5216,0,1,0,0,0,0,0,0,0,0,0,0,0,-1
33,13,7,0,4,0,0,0,3,0,0,0,0,0.4545,0.2727,4.0518,2.5654,0,0,1,1,0,0,1,0,0,0,0,0,0,-1
32,7,0,12,1,0,0,0,2,1,0,0,1,0.0,0.8125,4.0389,1.8424,0,1,0,0,0,0,0,0,0,0,0,0,0,-1
29,8,9,0,1,1,0,0,3,0,0,0,0,0.0,0.7931,4.0382,3.0,0,1,0,0,0,0,0,0,0,0,0,0,0,-1
29,14,2,0,3,0,0,0,3,0,0,0,0,0.5517,0.1724,3.6209,2.3527,0,0,1,1,0,0,1,0,0,0,0,0,0,-1
32,3,17,0,1,1,0,0,4,0,0,0,0,0.0,0.7812,3.9292,1.585,0,1,0,0,0,0,0,0,0,0,0,0,0,-1
28,13,2,0,3,0,0,0,3,0,0,0,0,0.5357,0.1786,3.5567,2.2878,0,0,1,1,0,0,1,0,0,0,0,0,0,-1
20,8,0,0,1,0,0,0,2,0,0,0,0,0.0,0.8,3.8219,2.5,0,1,0,0,0,0,0,0,0,0,0,0,0,-1
55,16,27,0,1,2,0,0,5,0,0,0,0,0.1091,0.7273,4.4245,3.2806,0,1,0,0,0,0,0,0,0,0,0,0,0,-1
28,13,2,0,3,0,0,0,3,0,0,0,0,0.5357,0.1786,3.6281,2.6032,0,0,1,1,0,0,1,0,0,0,0,0,0,-1
40,16,12,0,1,0,0,0,4,0,0,0,0,0.0,0.85,4.0562,3.375,0,1,0,0,0,0,0,0,0,0,0,0,0,-1
47,11,14,10,1,0,2,0,4,1,0,0,1,0.1489,0.6383,4.7726,3.2776,0,1,0,0,0,0,0,0,0,0,0,0,0,-1
28,13,2,0,3,0,0,0,3,0,0,0,0,0.5357,0.1786,3.5567,2.5074,0,0,1,1,0,0,1,0,0,0,0,0,0,-1
33,13,7,0,4,0,0,0,3,0,0,0,0,0.4545,0.2727,3.8014,2.0759,0,0,1,1,0,0,1,0,0,0,0,0,0,-1
30,15,2,0,3,0,0,0,3,0,0,0,0,0.5667,0.1667,3.7144,2.2389,0,0,1,1,0,0,1,0,0,0,0,0,0,-1
44,12,17,0,2,0,0,0,4,0,0,0,0,0.0,0.8409,4.0898,3.2516,0,1,0,0,0,0,0,0,0,0,0,0,0,-1
93,24,1,42,2,4,0,0,3,1,0,0,1,0.2043,0.6667,4.6935,3.8035,1,1,0,0,0,0,0,0,0,0,0,0,0,-1
28,13,2,0,3,0,0,0,3,0,0,0,0,0.5357,0.1786,3.655,2.6032,0,0,1,1,0,0,1,0,0,0,0,0,0,-1
23,3,8,0,1,0,0,0,3,0,0,0,0,0.0,0.7826,3.7951,1.585,0,1,0,0,0,0,0,0,0,0,0,0,0,-1
28,13,2,0,3,0,0,0,3,0,0,0,0,0.5357,0.1786,3.4408,2.2374,0,0,1,1,0,0,1,0,0,0,0,0,0,-1
28,13,2,0,3,0,0,0,3,0,0,0,0,0.5357,0.1786,3.5391,2.6612,0,0,1,1,0,0,1,0,0,0,0,0,0,-1
34,14,7,0,4,0,0,0,3,0,0,0,0,0.4706,0.2647,3.9369,2.5567,0,0,1,1,0,0,1,0,0,0,0,0,0,-1
31,14,5,0,3,0,0,0,3,0,0,0,0,0.4839,0.2581,3.8858,2.8424,0,0,1,1,0,0,1,0,0,0,0,0,0,-1
24,4,9,0,1,0,0,0,3,0,0,0,0,0.0,0.7917,3.6368,2.0,0,1,0,0,0,0,0,0,0,0,0,0,0,-1
28,14,7,0,3,0,1,0,3,0,0,0,0,0.5357,0.1786,3.7709,2.8424,0,0,1,0,0,0,1,0,0,0,0,0,0,-1
32,12,7,0,4,0,0,0,3,0,0,0,0,0.4375,0.2812,3.9056,2.6258,0,0,1,1,0,0,1,0,0,0,0,0,0,-1
24,13,4,0,3,0,0,0,3,0,0,0,0,0.4167,0.2917,3.7721,2.8731,0,0,1,0,0,0,1,0,0,0,0,0,0,-1
22,3,4,0,2,0,0,0,3,0,0,0,0,0.0,0.7273,3.7888,1.585,0,1,0,0,0,0,0,0,0,0,0,0,0,-1
26,7,7,0,1,0,0,0,3,0,0,0,0,0.0,0.8077,3.6424,2.2359,0,1,0,0,0,0,0,0,0,1,1,0,0,-1
34,11,11,0,1,0,0,0,4,0,0,0,0,0.0,0.8235,3.8192,2.4817,0,1,0,0,0,0,0,0,0,0,0,0,0,-1
30,8,10,0,1,0,0,0,3,0,0,0,0,0.0,0.8333,3.7899,2.4056,0,1,0,0,0,0,0,0,0,0,0,0,0,-1
29,14,2,0,3,0,0,0,3,0,0,0,0,0.5517,0.1724,3.5076,2.217,0,0,1,1,0,0,1,0,0,0,0,0,0,-1
36,10,15,0,2,0,0,0,4,0,0,0,0,0.1111,0.6944,3.9823,2.3219,0,0,0,0,0,0,1,0,0,0,0,0,0,-1
28,5,11,0,2,0,0,0,3,0,0,0,0,0.0,0.7857,4.0122,2.3219,0,1,0,0,0,0,0,0,0,0,0,0,0,-1
30,15,2,0,3,0,0,0,3,0,0,0,0,0.5667,0.1667,3.5232,2.1465,0,0,1,1,0,0,1,0,0,0,0,0,0,-1
43,7,7,16,1,0,0,0,3,1,0,0,1,0.0,0.814,4.2488,2.8074,0,1,0,0,0,0,0,0,0,0,0,0,0,-1
37,11,14,0,1,0,0,0,3,0,0,0,0,0.0,0.8649,3.9591,2.8454,0,1,0,0,0,0,0,0,0,0,0,0,0,-1
20,2,7,0,1,0,0,0,3,0,0,0,0,0.0,0.75,3.3087,1.0,0,1,0,0,0,0,0,0,0,1,1,0,0,-1
32,6,14,0,1,0,0,0,4,0,0,0,0,0.1562,0.6562,4.3514,2.2516,0,1,0,0,0,0,0,0,0,0,0,0,0,-1
32,11,9,0,1,1,0,0,3,0,0,0,0,0.0,0.8125,3.9292,3.0958,0,1,0,0,0,0,0,0,0,0,0,0,0,-1
41,8,7,10,2,0,0,0,3,1,0,0,1,0.0,0.8049,4.1899,2.75,1,1,0,0,0,0,0,0,0,0,0,0,0,-1
33,12,14,0,3,0,0,0,4,0,0,0,0,0.303,0.4545,4.2108,2.4591,0,0,1,0,0,0,1,0,0,0,0,0,0,-1
53,7,34,0,1,1,0,0,5,0,0,0,0,0.0,0.8491,4.2016,2.2359,0,1,0,0,0,0,0,0,0,0,0,0,0,-1
27,3,10,0,2,0,0,0,3,0,0,0,0,0.0,0.7778,4.0043,1.585,0,1,0,0,0,0,0,0,0,0,0,0,0,-1
30,10,9,0,1,0,0,0,3,0,0,0,0,0.0,0.8333,3.8444,3.1219,0,1,0,0,0,0,0,0,0,0,0,0,0,-1
26,14,5,0,3,0,0,0,3,0,0,0,0,0.5385,0.1923,3.7193,2.8963,0,0,1,0,0,0,1,0,0,0,0,0,0,-1
42,2,28,0,1,1,0,0,4,0,0,0,0,0.0,0.8333,4.1299,1.0,0,1,0,0,0,0,0,0,0,0,0,0,0,-1
28,13,2,0,3,0,0,0,3,0,0,0,0,0.5357,0.1786,3.7265,2.4116,0,0,1,1,0,0,1,0,0,0,0,0,0,-1
25,13,5,0,3,0,0,0,3,0,0,0,0,0.4,0.32,3.9435,2.8731,0,0,1,0,0,0,1,0,0,0,0,0,0,-1
82,22,42,0,2,4,0,0,4,0,0,0,0,0.2195,0.6463,4.8056,3.6635,0,1,0,0,0,0,0,0,0,0,0,0,0,-1
24,7,5,0,1,0,0,0,3,0,0,0,0,0.0,0.7917,3.8868,2.8074,0,1,0,0,0,0,0,0,0,0,0,0,0,-1
30,10,0,7,1,0,0,0,2,1,0,0,1,0.0,0.8,3.9647,2.9219,0,1,0,0,0,0,0,0,0,0,0,0,0,-1
19,2,5,0,1,0,0,0,3,0,0,0,0,0.0,0.7368,3.3661,1.0,0,1,0,0,0,0,0,0,0,0,0,0,0,-1
100,40,47,0,2,7,0,0,4,0,0,0,0,0.23,0.63,4.8631,3.9276,0,1,0,0,0,0,0,0,0,1,1,0,0,-1
22,8,0,0,2,0,0,0,2,0,0,0,0,0.0,0.7727,3.914,2.75,0,1,0,0,0,0,0,0,0,0,0,0,0,-1
36,4,20,0,1,0,0,0,5,0,0,0,0,0.0,0.8056,4.1734,1.5,0,1,0,0,0,0,0,0,0,1,1,0,0,-1
32,15,10,0,4,0,0,0,3,0,0,0,0,0.375,0.375,4.1403,3.0062,0,0,1,0,0,0,1,0,0,0,0,0,0,-1
27,12,2,0,3,0,0,0,3,0,0,0,0,0.5185,0.1852,3.8562,2.8554,0,0,1,1,0,0,1,0,0,0,0,0,0,-1
29,12,5,0,1,0,0,0,3,0,0,0,0,0.0,0.8276,3.9523,2.8554,0,1,0,0,0,0,0,0,0,0,0,0,0,-1
34,14,7,0,4,0,0,0,3,0,0,0,0,0.4706,0.2647,3.8666,2.6106,0,0,1,1,0,0,1,0,0,0,0,0,0,-1
87,25,47,0,2,4,0,0,4,0,0,0,0,0.2874,0.5862,4.7358,3.4937,0,1,0,0,0,0,0,0,0,1,1,0,0,-1
32,6,11,0,2,0,0,0,4,0,0,0,0,0.0,0.7812,3.9497,2.585,0,1,0,0,0,0,0,0,0,0,0,0,0,-1
49,13,29,0,4,0,0,0,5,0,0,0,0,0.4286,0.3673,4.4162,2.4493,0,0,1,0,0,0,1,0,0,0,0,0,0,-1
39,9,7,10,1,0,0,0,3,1,0,0,1,0.0,0.8205,4.163,2.7255,0,1,0,0,0,0,0,0,0,0,0,0,0,-1
41,5,16,0,4,0,0,0,4,0,0,0,0,0.0732,0.7073,4.3267,2.3219,2,0,0,0,0,0,0,0,0,0,0,0,0,-1
22,6,5,0,1,0,0,0,3,0,0,0,0,0.0,0.7727,3.7888,2.2516,0,1,0,0,0,0,0,0,0,0,0,0,0,-1
40,6,20,0,3,0,0,0,5,0,0,0,0,0.025,0.75,4.2062,1.7925,0,1,0,0,0,0,0,0,0,1,1,0,0,-1
30,3,9,0,2,0,0,0,3,0,0,0,0,0.0,0.8,3.9232,1.585,0,1,0,0,0,0,0,0,0,0,0,0,0,-1
34,14,7,0,4,0,0,0,3,0,0,0,0,0.4706,0.2647,4.0545,2.4956,0,0,1,1,0,0,1,0,0,0,0,0,0,-1
23,6,5,0,1,0,0,0,3,0,0,0,0,0.0,0.7826,3.9362,1.9183,0,1,0,0,0,0,0,0,0,0,0,0,0,-1
36,16,8,0,1,0,0,0,3,0,0,0,0,0.0,0.8611,3.9194,3.2028,0,1,0,0,0,0,0,0,0,0,0,0,0,-1
36,8,16,0,1,0,0,0,4,0,0,0,0,0.0,0.8333,4.107,2.75,0,1,0,0,0,0,0,0,0,0,0,0,0,-1
34,14,7,0,4,0,0,0,3,0,0,0,0,0.4706,0.2647,3.797,2.4138,0,0,1,1,0,0,1,0,0,0,0,0,0,-1
50,16,0,21,1,0,0,0,2,2,1,0,1,0.0,0.84,4.4137,3.2028,0,1,0,0,0,0,0,0,0,0,0,0,0,-1
27,7,6,0,1,0,0,0,3,0,0,0,0,0.0,0.8148,3.8562,2.8074,0,1,0,0,0,0,0,0,0,0,0,0,0,-1
36,7,17,0,1,0,0,0,4,0,0,0,0,0.0,0.8333,4.1598,2.5216,0,1,0,0,0,0,0,0,0,0,0,0,0,-1
41,7,0,21,1,0,0,0,2,2,1,0,1,0.0,0.8049,4.3178,2.8074,0,1,0,0,0,0,0,0,0,0,0,0,0,-1
26,3,11,0,2,0,0,0,3,0,0,0,0,0.0,0.7692,3.9501,1.585,0,1,0,0,0,0,0,0,0,0,0,0,0,-1
21,3,6,0,1,0,0,0,3,0,0,0,0,0.0,0.7619,3.7849,1.585,0,1,0,0,0,0,0,0,0,0,0,0,0,-1
21,0,6,0,1,0,0,0,3,0,0,0,0,0.0,0.7619,3.749,0.0,0,1,0,0,0,0,0,0,0,0,0,0,0,-1
36,16,8,0,1,1,0,0,3,0,0,0,0,0.0,0.8333,4.2181,3.3278,0,1,0,0,0,0,0,0,0,0,0,0,0,-1
33,13,7,0,4,0,0,0,3,0,0,0,0,0.4545,0.2727,4.0061,2.5074,0,0,1,1,0,0,1,0,0,0,0,0,0,-1
25,7,6,0,1,0,0,0,3,0,0,0,0,0.0,0.8,3.7835,2.5216,0,1,0,0,0,0,0,0,0,0,0,0,0,-1
25,2,12,0,1,0,0,0,3,0,0,0,0,0.0,0.8,3.4791,1.0,0,1,0,0,0,0,0,0,0,0,0,0,0,-1
25,12,6,0,3,0,0,0,3,0,0,0,0,0.44,0.28,3.6431,2.6887,0,0,1,0,0,0,1,0,0,0,0,0,0,-1
30,15,2,0,3,0,0,0,3,0,0,0,0,0.5667,0.1667,3.8062,2.7396,0,0,1,1,0,0,1,0,0,0,0,0,0,-1
34,3,20,0,1,0,0,0,5,0,0,0,0,0.0,0.7941,4.0323,1.585,0,1,0,0,0,0,0,0,0,1,1,0,0,-1
35,15,7,0,4,0,0,0,3,0,0,0,0,0.4857,0.2571,3.9433,2.2566,0,0,1,1,0,0,1,0,0,0,0,0,0,-1
87,25,47,0,2,6,0,0,4,0,0,0,0,0.2874,0.5632,4.8174,3.8137,0,1,0,0,0,0,0,0,0,1,1,0,0,-1
22,3,6,0,1,0,0,0,3,0,0,0,0,0.0,0.7727,3.2656,1.585,0,1,0,0,0,0,0,0,0,0,0,0,0,-1
48,8,28,0,2,0,0,0,5,0,0,0,0,0.0208,0.8125,4.3198,3.0,0,1,0,0,0,0,0,0,0,0,0,0,0,-1
28,13,2,0,3,0,0,0,3,0,0,0,0,0.5357,0.1786,3.5297,2.6612,0,0,1,1,0,0,1,0,0,0,0,0,0,-1
27,12,2,0,3,0,0,0,3,0,0,0,0,0.5185,0.1852,3.736,2.6258,0,0,1,1,0,0,1,0,0,0,0,0,0,-1
33,13,13,0,3,0,0,0,4,0,0,0,0,0.3333,0.4242,4.2108,2.8731,0,0,1,0,0,0,1,0,0,0,0,0,0,-1
28,14,7,0,4,0,0,0,3,0,0,0,0,0.3929,0.3214,3.7265,2.5027,0,0,1,0,0,0,1,0,0,0,0,0,0,-1
29,3,15,0,1,0,0,0,4,0,0,0,0,0.0,0.7931,4.0473,1.585,0,1,0,0,0,0,0,0,0,0,0,0,0,-1
38,19,7,0,1,1,0,0,3,0,0,0,0,0.0,0.8421,4.0761,3.6421,0,1,0,0,0,0,0,0,0,0,0,0,0,-1
48,2,10,0,3,0,0,0,4,0,0,0,0,0.0,0.8333,4.054,1.0,1,1,0,0,0,0,0,0,0,0,0,0,0,-1
92,30,47,0,2,8,0,0,4,0,0,0,0,0.2174,0.6196,4.7321,3.7736,0,1,0,0,0,0,0,0,0,1,1,0,0,-1
29,6,11,0,1,0,0,0,4,0,0,0,0,0.0,0.7931,3.7025,2.2516,0,1,0,0,0,0,0,0,0,0,0,0,0,-1
28,13,2,0,3,0,0,0,3,0,0,0,0,0.5357,0.1786,3.669,2.2878,0,0,1,1,0,0,1,0,0,0,0,0,0,-1
31,12,7,0,1,0,0,0,3,0,0,0,0,0.0,0.8387,4.0181,3.2516,0,1,0,0,0,0,0,0,0,0,0,0,0,-1
43,6,26,0,1,1,0,0,6,0,0,0,0,0.0,0.7907,4.2336,1.9183,0,1,0,0,0,0,0,0,0,1,1,1,1,-1
29,12,6,0,1,1,0,0,3,0,0,0,0,0.0,0.7931,4.0213,3.0221,0,1,0,0,0,0,0,0,0,0,0,0,0,-1
31,5,14,0,1,0,0,0,4,0,0,0,0,0.0,0.8065,3.8976,2.3219,0,1,0,0,0,0,0,0,0,0,0,0,0,-1
25,13,5,0,4,0,0,0,3,0,0,0,0,0.4,0.28,3.6537,2.7193,0,0,1,0,0,0,1,0,0,0,0,0,0,-1
70,13,37,0,2,4,0,0,3,0,0,0,0,0.2857,0.5714,4.411,2.7193,1,1,0,0,0,0,0,0,0,0,0,0,0,-1
33,14,12,0,4,0,0,0,3,0,0,0,0,0.3333,0.4242,4.0896,2.6106,0,0,1,0,0,0,1,0,0,0,0,0,0,-1
26,6,0,7,1,0,0,0,2,1,0,0,1,0.0,0.7692,4.1329,2.585,0,1,0,0,0,0,0,0,0,0,0,0,0,-1
29,14,2,0,3,0,0,0,3,0,0,0,0,0.5517,0.1724,3.5949,2.2988,0,0,1,1,0,0,1,0,0,0,0,0,0,-1
34,14,7,0,4,0,0,0,3,0,0,0,0,0.4706,0.2647,3.9254,2.8424,0,0,1,1,0,0,1,0,0,0,0,0,0,-1
91,32,47,0,2,8,0,0,4,0,0,0,0,0.2637,0.5714,4.7537,3.6289,0,0,0,0,0,0,0,0,0,1,1,0,0,-1
29,7,10,0,1,0,0,0,3,0,0,0,0,0.0,0.8276,3.8278,2.1281,0,1,0,0,0,0,0,0,0,0,0,0,0,-1
35,8,15,0,1,0,0,0,4,0,0,0,0,0.0,0.8286,3.8646,3.0,0,1,0,0,0,0,0,0,0,0,0,0,0,-1
38,15,16,0,4,0,0,0,4,0,0,0,0,0.3158,0.4474,4.2807,3.0062,0,0,1,0,0,0,1,0,0,0,0,0,0,-1
80,11,1,42,2,5,0,0,3,1,0,0,1,0.3125,0.525,4.7205,3.4594,1,1,0,0,0,0,0,0,0,0,0,0,0,-1
32,13,0,6,1,0,0,0,2,1,0,0,1,0.0312,0.7812,4.3903,3.2389,0,1,0,0,0,0,0,0,0,0,0,0,0,-1
38,11,0,12,2,0,0,0,2,1,0,0,1,0.0,0.8158,4.0632,2.6635,0,1,0,0,0,0,0,0,0,0,0,0,0,-1
30,6,13,0,1,0,0,0,4,0,0,0,0,0.0,0.8,3.9736,2.2516,0,1,0,0,0,0,0,0,0,0,0,0,0,-1
31,12,7,0,1,0,0,0,3,0,0,0,0,0.0,0.8387,3.889,2.8554,0,1,0,0,0,0,0,0,0,0,0,0,0,-1
32,14,11,0,3,0,0,0,3,0,0,0,0,0.3438,0.4375,4.0306,2.5567,0,0,1,0,0,0,1,0,0,0,0,0,0,-1
28,13,2,0,3,0,0,0,3,0,0,0,0,0.5357,0.1786,3.5976,2.5654,0,0,1,1,0,0,1,0,0,0,0,0,0,-1
34,14,7,0,4,0,0,0,3,0,0,0,0,0.4706,0.2647,3.7004,2.0202,0,0,1,1,0,0,1,0,0,0,0,0,0,-1
25,9,4,0,1,0,0,0,3,0,0,0,0,0.0,0.8,3.7337,3.1699,0,1,0,0,0,0,0,0,0,0,0,0,0,-1
25,13,5,0,3,0,0,0,3,0,0,0,0,0.44,0.28,3.8333,2.8731,0,0,1,0,0,0,1,0,0,0,0,0,0,-1
31,12,0,6,1,0,0,0,2,1,0,0,1,0.0323,0.7742,4.1069,2.8554,0,1,0,0,0,0,0,0,0,0,0,0,0,-1
27,7,8,0,1,0,0,0,3,0,0,0,0,0.0,0.8148,3.764,2.5216,0,1,0,0,0,0,0,0,0,0,0,0,0,-1
29,14,2,0,3,0,0,0,3,0,0,0,0,0.5517,0.1724,3.9783,3.0391,0,0,1,1,0,0,1,0,0,0,0,0,0,-1
28,13,2,0,3,0,0,0,3,0,0,0,0,0.5357,0.1786,3.7709,2.6032,0,0,1,1,0,0,1,0,0,0,0,0,0,-1
28,13,2,0,3,0,0,0,3,0,0,0,0,0.5357,0.1786,3.6281,2.4493,0,0,1,1,0,0,1,0,0,0,0,0,0,-1
50,4,34,0,1,1,0,0,5,0,0,0,0,0.0,0.84,4.2215,2.0,0,1,0,0,0,0,0,0,0,0,0,0,0,-1
